 {"msgId": "4c16cd9b-703a-4903-aff1-717b01982e1a", "verb": "GET", "path": "/devices/list", "origin": "backend", "result": {"code": "SUCCESS", "what": ""}, "payload": {"@type": "type.googleapis.com/logi.protocol.devices.Device.Info.List", "deviceInfos": [{"id": "dev00000000", "pid": 49278, "firmwareName": "", "isSubdevice": false, "state": "ACTIVE", "onboardMode": false, "individualMode": false, "resourcesAvailable": true, "connectionType": "USB", "hasWirelessInterface": false, "deviceType": "MOUSE", "deviceFamily": "", "deviceModel": "g402", "deviceBaseModel": "g402", "displayName": "G402", "extendedDisplayName": "G402 Hyperion Fury", "slotPrefix": "g402", "thumbnail": "pipeline://core/thumbnails/g402.png", "stringPackage": "", "deviceExt": 0, "deviceUnitId": "0", "deviceSignature": "MOUSE.g402.0.0", "givenName": "", "capabilities": {"lightingSupport": {"deviceCategory": "MOUSE_MONO_ZONAL", "typeMap": {"ZONE_BRANDING": "LOGO"}, "zones": [{"zoneType": "ZONE_BRANDING", "supportedEffects": [{"id": "OFF", "syncable": false, "fixedIntensity": false, "signature": false, "inactivityOnly": false}, {"id": "FIXED", "syncable": false, "fixedIntensity": false, "signature": false, "inactivityOnly": false}, {"id": "BREATHING", "syncable": false, "fixedIntensity": true, "signature": false, "inactivityOnly": false}], "onboardCluster": "CLUSTER_DEFAULT"}], "isMonochrome": true, "color": {"tag": "", "hex": "#00a5ff"}, "isPerKey": false, "hideStartupEffect": false, "shutdownEffect": false, "brightnessLevels": [], "powerSavingEffect": false, "lowBatteryEffect": false, "brightnessPercentage": false, "gamma": false, "firmwareOnly": true, "offRamp": false, "activeDimming": false, "hasPositionalEffect": false, "hasPastelPalette": false, "hasRingLeds": false}, "sleepTimer": false, "mstateSupport": {"count": 1, "timeOut": 0}, "fnInversion": false, "presentSplashScreen": false, "customizableColor": false, "wirelessReportRate": false, "dpiInfoOverride": {"range": {"min": 300, "max": 4000, "steps": 50, "maxLevels": 0}}, "dpiTableOverride": {"levels": [400, 800, 1600, 3200], "defaultDpi": 1600, "shiftDpi": 400, "activeDpi": 1600}, "hybridEngine": true, "advancedSleepTimer": false, "angleSnapping": false, "excludeGShift": false, "hostRemovalSupport": false, "headphoneJack": false, "hostInfos": false, "gkeyLayout": "INVALID_GKEY_LAYOUT", "hasBatteryStatus": false, "powerOffTimer": false, "requiresBackupForDfu": false, "unifiedBattery": false, "dpiLighting": true, "nonInteractive": false, "chargepadCompatible": false, "individuality": false, "defaultSlotFormat": "INVALID_FORMAT", "fnToggle": false}, "activeInterfaces": [{"type": "DEVIO", "id": "046d_c07e", "pid": 49278, "modelId": 0, "extendedModel": 0, "serialNumber": "0", "path": "IOService:/AppleARMPE/arm-io@10F00000/AppleT810xIO/apcie@90000000/AppleT8103PCIe/pci-bridge1@1/IOPP/pcie-xhci@0/AppleEmbeddedUSBXHCIFL1100@02000000/pcie-xhci-hs-port1@02100000/USBHub3p-2[A]@02100000/AppleUSB20Hub@02100000/AppleUSB20HubPort@02140000/USBHub3p-2[0-3]@02140000/AppleUSB20Hub@02140000/AppleUSB20HubPort@02142000/Gaming Mouse G402@02142000/IOUSBHostInterface@1/AppleUserUSBHostHIDDevice", "containerId": "0x2142000", "deviceType": "MOUSE", "deviceName": "G402 Hyperion Fury FPS Gaming Mouse", "keyboardLayout": "INVALID_LAYOUT", "firmwareVersion": "90.3.20", "firmwareName": "", "firmwareRevision": 0, "hardwareRevision": 0, "unitId": "0", "connectionType": "USB", "hasOnboardMode": true}], "slots": {"g402_g7_m1": {"id": "g402_g7_m1", "attribute": "MACRO_PLAYBACK", "disabled": false}, "g402_g5_m1": {"id": "g402_g5_m1", "attribute": "MACRO_PLAYBACK", "disabled": false}, "g402_mouse_settings": {"id": "g402_mouse_settings", "attribute": "MOUSE_SETTINGS", "disabled": false}, "g402_g2_m1_shifted": {"id": "g402_g2_m1_shifted", "attribute": "MACRO_PLAYBACK", "disabled": false}, "g402_g8_m1_shifted": {"id": "g402_g8_m1_shifted", "attribute": "MACRO_PLAYBACK", "disabled": false}, "g402_g3_m1_shifted": {"id": "g402_g3_m1_shifted", "attribute": "MACRO_PLAYBACK", "disabled": false}, "g402_g6_m1_shifted": {"id": "g402_g6_m1_shifted", "attribute": "MACRO_PLAYBACK", "disabled": false}, "g402_g8_m1": {"id": "g402_g8_m1", "attribute": "MACRO_PLAYBACK", "disabled": false}, "g402_g4_m1_shifted": {"id": "g402_g4_m1_shifted", "attribute": "MACRO_PLAYBACK", "disabled": false}, "g402_g4_m1": {"id": "g402_g4_m1", "attribute": "MACRO_PLAYBACK", "disabled": false}, "g402_g1_m1_shifted": {"id": "g402_g1_m1_shifted", "attribute": "MACRO_PLAYBACK", "disabled": false}, "g402_g7_m1_shifted": {"id": "g402_g7_m1_shifted", "attribute": "MACRO_PLAYBACK", "disabled": false}, "g402_g6_m1": {"id": "g402_g6_m1", "attribute": "MACRO_PLAYBACK", "disabled": false}, "g402_g1_m1": {"id": "g402_g1_m1", "attribute": "MACRO_PLAYBACK", "disabled": false}, "g402_g5_m1_shifted": {"id": "g402_g5_m1_shifted", "attribute": "MACRO_PLAYBACK", "disabled": false}, "g402_lighting_setting_firmware": {"id": "g402_lighting_setting_firmware", "attribute": "FIRMWARE_LIGHTING_SETTINGS", "disabled": false}, "g402_g3_m1": {"id": "g402_g3_m1", "attribute": "MACRO_PLAYBACK", "disabled": false}, "g402_g2_m1": {"id": "g402_g2_m1", "attribute": "MACRO_PLAYBACK", "disabled": false}}}, {"id": "dev00000001", "pid": 2697, "firmwareName": "U130", "isSubdevice": false, "state": "ACTIVE", "onboardMode": false, "individualMode": false, "resourcesAvailable": true, "connectionType": "USB", "hasWirelessInterface": false, "deviceType": "HEADSET", "deviceFamily": "", "deviceModel": "g633s", "deviceBaseModel": "g635", "displayName": "G633s", "extendedDisplayName": "G633s Wired 7.1 LIGHTSYNC Gaming Headset", "slotPrefix": "g635", "thumbnail": "pipeline://core/thumbnails/g633s.png", "stringPackage": "", "deviceExt": 1, "deviceUnitId": "4294967295", "deviceSignature": "HEADSET.g635.1.4294967295", "givenName": "", "capabilities": {"audio": {"dtsSupported": false, "dolbySupported": false, "denoiserSupported": true, "onboardEqSupported": false, "onboardProEqSupported": false, "dtsHx2eSupported": true, "proEqSupported": false, "blueVoiceSupported": false, "hardwareNoiseReductionSupported": false, "blueVoice2Supported": false, "hidMic": true, "devioVolumeFeatures": false}, "lightingSupport": {"deviceCategory": "HEADSET_RGB_ZONAL", "typeMap": {"ZONE_PRIMARY": "PRIMARY", "ZONE_BRANDING": "LOGO"}, "zones": [{"zoneType": "ZONE_PRIMARY", "supportedEffects": [{"id": "OFF", "syncable": true, "fixedIntensity": false, "signature": false, "inactivityOnly": false}, {"id": "FIXED", "syncable": true, "fixedIntensity": false, "signature": false, "inactivityOnly": false}, {"id": "CYCLE", "syncable": true, "fixedIntensity": false, "signature": false, "inactivityOnly": false}, {"id": "BREATHING", "syncable": true, "fixedIntensity": false, "signature": false, "inactivityOnly": false}], "onboardCluster": "CLUSTER_DEFAULT"}, {"zoneType": "ZONE_BRANDING", "supportedEffects": [{"id": "OFF", "syncable": true, "fixedIntensity": false, "signature": false, "inactivityOnly": false}, {"id": "FIXED", "syncable": true, "fixedIntensity": false, "signature": false, "inactivityOnly": false}, {"id": "CYCLE", "syncable": true, "fixedIntensity": false, "signature": false, "inactivityOnly": false}, {"id": "BREATHING", "syncable": true, "fixedIntensity": false, "signature": false, "inactivityOnly": false}], "onboardCluster": "CLUSTER_DEFAULT"}], "isMonochrome": false, "isPerKey": false, "persistence": {"zoneEffects": true, "perKeyFixed": false}, "hideStartupEffect": false, "shutdownEffect": false, "brightnessLevels": [], "powerSavingEffect": false, "lowBatteryEffect": false, "brightnessPercentage": false, "gamma": true, "firmwareOnly": false, "offRamp": false, "activeDimming": false, "hasPositionalEffect": false, "hasPastelPalette": false, "hasRingLeds": false}, "sleepTimer": false, "mstateSupport": {"count": 1, "timeOut": 0}, "fnInversion": false, "presentSplashScreen": false, "customizableColor": false, "wirelessReportRate": false, "hybridEngine": false, "advancedSleepTimer": false, "angleSnapping": false, "excludeGShift": true, "hostRemovalSupport": false, "headphoneJack": false, "hostInfos": false, "gkeyLayout": "INVALID_GKEY_LAYOUT", "hasBatteryStatus": true, "powerOffTimer": false, "requiresBackupForDfu": false, "notificationSupport": {}, "unifiedBattery": false, "dpiLighting": false, "nonInteractive": false, "chargepadCompatible": false, "individuality": false, "defaultSlotFormat": "INVALID_FORMAT", "fnToggle": false}, "activeInterfaces": [{"type": "DEVIO", "id": "046d_0a89", "pid": 2697, "modelId": 0, "extendedModel": 1, "serialNumber": "4294967295", "path": "IOService:/AppleARMPE/arm-io@10F00000/AppleT810xIO/apcie@90000000/AppleT8103PCIe/pci-bridge1@1/IOPP/pcie-xhci@0/AppleEmbeddedUSBXHCIFL1100@02000000/pcie-xhci-hs-port2@02200000/USB2.0 HUB@02200000/AppleUSB20Hub@02200000/AppleUSB20HubPort@02220000/G633s Gaming Headset@02220000/IOUSBHostInterface@3/AppleUserUSBHostHIDDevice", "containerId": "0x2220000", "deviceType": "HEADSET", "deviceName": "G633s Gaming Headset", "keyboardLayout": "INVALID_LAYOUT", "firmwareVersion": "130.0.7", "firmwareName": "U130", "firmwareRevision": 0, "hardwareRevision": 0, "unitId": "4294967295", "connectionType": "USB", "hasOnboardMode": false}, {"type": "HIDIO", "id": "HID_046d_0a89_000b0001", "pid": 2697, "modelId": 0, "extendedModel": 0, "serialNumber": "", "path": "IOService:/AppleARMPE/arm-io@10F00000/AppleT810xIO/apcie@90000000/AppleT8103PCIe/pci-bridge1@1/IOPP/pcie-xhci@0/AppleEmbeddedUSBXHCIFL1100@02000000/pcie-xhci-hs-port2@02200000/USB2.0 HUB@02200000/AppleUSB20Hub@02200000/AppleUSB20HubPort@02220000/G633s Gaming Headset@02220000/IOUSBHostInterface@3/AppleUserUSBHostHIDDevice", "containerId": "0x2220000", "deviceType": "INVALID_TYPE", "deviceName": "", "keyboardLayout": "INVALID_LAYOUT", "firmwareVersion": "", "firmwareName": "", "firmwareRevision": 0, "hardwareRevision": 0, "unitId": "", "connectionType": "USB", "hasOnboardMode": false}, {"type": "AUDIO", "id": "", "pid": 0, "modelId": 0, "extendedModel": 0, "serialNumber": "", "path": "", "containerId": "0x2220000", "deviceType": "INVALID_TYPE", "deviceName": "", "keyboardLayout": "INVALID_LAYOUT", "firmwareVersion": "", "firmwareName": "", "firmwareRevision": 0, "hardwareRevision": 0, "unitId": "", "connectionType": "VIRTUAL", "hasOnboardMode": false}], "slots": {"g635_g2_m1": {"id": "g635_g2_m1", "attribute": "MACRO_PLAYBACK", "disabled": false}, "g635_g1_m1": {"id": "g635_g1_m1", "attribute": "MACRO_PLAYBACK", "disabled": false}, "g635_acoustics": {"id": "g635_acoustics", "attribute": "ACOUSTICS", "disabled": false}, "g635_g3_m1_shifted": {"id": "g635_g3_m1_shifted", "attribute": "MACRO_PLAYBACK", "disabled": false}, "g635_g3_m1": {"id": "g635_g3_m1", "attribute": "MACRO_PLAYBACK", "disabled": false}, "g635_g2_m1_shifted": {"id": "g635_g2_m1_shifted", "attribute": "MACRO_PLAYBACK", "disabled": false}, "g635_lighting_setting_firmware": {"id": "g635_lighting_setting_firmware", "attribute": "FIRMWARE_LIGHTING_SETTINGS", "disabled": false}, "g635_g1_m1_shifted": {"id": "g635_g1_m1_shifted", "attribute": "MACRO_PLAYBACK", "disabled": false}}}]}}