 {"msgId": "b77d8473-7d2f-4a90-b0cb-82f8170a5cd5", "verb": "GET", "path": "/devices/list", "origin": "backend", "result": {"code": "SUCCESS", "what": ""}, "payload": {"@type": "type.googleapis.com/logi.protocol.devices.Device.Info.List", "deviceInfos": [{"id": "dev00000000", "pid": 2767, "firmwareName": "BOT00", "isSubdevice": false, "state": "ACTIVE", "onboardMode": false, "individualMode": false, "resourcesAvailable": true, "connectionType": "USB", "hasWirelessInterface": false, "displayConnectionType": "USB", "deviceType": "MICROPHONE", "deviceFamily": "", "deviceModel": "yeti_nano", "deviceBaseModel": "yeti_nano", "displayName": "Yeti Nano", "extendedDisplayName": "Yeti Nano", "slotPrefix": "yeti-nano", "thumbnail": "pipeline://core/thumbnails/yeti_nano.png", "stringPackage": "", "deviceExt": 0, "deviceUnitId": "973099776", "deviceSignature": "MICROPHONE.yeti_nano.0.973099776", "givenName": "", "capabilities": {"audio": {"dtsSupported": false, "dolbySupported": false, "denoiserSupported": false, "onboardEqSupported": false, "onboardProEqSupported": false, "dtsHx2eSupported": true, "proEqSupported": false, "blueVoiceSupported": false, "hardwareNoiseReductionSupported": false, "blueVoice2Supported": true, "hidMic": false, "devioVolumeFeatures": false, "centurionEqSupported": false, "lightspeedAuxSupported": false}, "sleepTimer": false, "mstateSupport": {"count": 1, "timeOut": 0}, "fnInversion": false, "presentSplashScreen": false, "customizableColor": false, "wirelessReportRate": false, "hybridEngine": false, "advancedSleepTimer": false, "angleSnapping": false, "excludeGShift": false, "hostRemovalSupport": false, "microphoneSupport": {"supportedPolarPatterns": [{"id": "POLAR_PATTERN_OMNI"}, {"id": "POLAR_PATTERN_CARDIOID"}], "supportedMicrophoneModes": [{"id": "MICROPHONE_GAIN"}, {"id": "HEADPHONE_LEVEL"}]}, "headphoneJack": true, "hostInfos": false, "gkeyLayout": "INVALID_GKEY_LAYOUT", "hasBatteryStatus": false, "powerOffTimer": false, "requiresBackupForDfu": false, "unifiedBattery": false, "dpiLighting": false, "nonInteractive": false, "chargepadCompatible": false, "individuality": false, "defaultSlotFormat": "INVALID_FORMAT", "fnToggle": false}, "activeInterfaces": [{"type": "DEVIO", "id": "046d_0acf", "pid": 2767, "modelId": 0, "extendedModel": 0, "serialNumber": "973099776", "path": "usb\\vid_046d&pid_0acf&mi_03\\8&15096630&0&0003", "containerId": "63969b10-8505-5916-91ea-b734ceafc55e", "deviceType": "MICROPHONE", "deviceName": "Yeti Nano", "keyboardLayout": "INVALID_LAYOUT", "firmwareVersion": "12.16.1216", "firmwareName": "BOT00", "firmwareRevision": 1, "hardwareRevision": 0, "unitId": "973099776", "connectionType": "USB", "hasOnboardMode": false}, {"type": "HIDIO", "id": "HID_046d_0acf_ffff0001", "pid": 2767, "modelId": 0, "extendedModel": 0, "serialNumber": "", "path": "\\\\?\\HID#VID_046D&PID_0ACF&MI_03&COL05#9&236D9FEF&0&0004#{4D1E55B2-F16F-11CF-88CB-001111000030}", "containerId": "63969b10-8505-5916-91ea-b734ceafc55e", "deviceType": "MICROPHONE", "deviceName": "Yeti Nano", "keyboardLayout": "INVALID_LAYOUT", "firmwareVersion": "", "firmwareName": "", "firmwareRevision": 0, "hardwareRevision": 0, "unitId": "", "connectionType": "USB", "hasOnboardMode": false}, {"type": "AUDIO", "id": "", "pid": 0, "modelId": 0, "extendedModel": 0, "serialNumber": "", "path": "", "containerId": "63969b10-8505-5916-91ea-b734ceafc55e", "deviceType": "INVALID_TYPE", "deviceName": "", "keyboardLayout": "INVALID_LAYOUT", "firmwareVersion": "", "firmwareName": "", "firmwareRevision": 0, "hardwareRevision": 0, "unitId": "", "connectionType": "VIRTUAL", "hasOnboardMode": false}], "slots": {"yeti-nano_acoustics": {"id": "yeti-nano_acoustics", "attribute": "ACOUSTICS", "disabled": false, "defaultCard": "799d82b7-2fe0-443e-8e62-2a4dd4c5b0ec"}, "yeti-nano_audio_effects_settings": {"id": "yeti-nano_audio_effects_settings", "attribute": "AUDIO_EFFECTS_SETTINGS", "disabled": false, "defaultCard": "5689cedd-0fbf-4db4-8493-83321918d9b8"}, "yeti-nano_equalizer": {"id": "yeti-nano_equalizer", "attribute": "EQUALIZER", "disabled": false, "defaultCard": "05525ad1-71a4-45c4-aafa-d56ad1429f32"}, "yeti-nano_microphone_settings": {"id": "yeti-nano_microphone_settings", "attribute": "MICROPHONE_SETTINGS", "disabled": false, "defaultCard": "50ce8cce-9d79-4bab-be94-c0a05cdb5987"}, "yeti-nano_blue_voice_2_settings": {"id": "yeti-nano_blue_voice_2_settings", "attribute": "BLUE_VOICE_2_SETTINGS", "disabled": false, "defaultCard": "8e4b47ee-f30a-4edb-8b95-27e0328ea67a"}}}, {"id": "dev00000001", "pid": 49302, "firmwareName": "MPM28", "isSubdevice": false, "state": "ACTIVE", "onboardMode": false, "individualMode": false, "resourcesAvailable": true, "connectionType": "USB", "hasWirelessInterface": false, "displayConnectionType": "USB", "deviceType": "MOUSE", "deviceFamily": "", "deviceModel": "g705", "deviceBaseModel": "g705", "displayName": "G705", "extendedDisplayName": "G705 Garnet", "slotPrefix": "g705", "thumbnail": "pipeline://core/thumbnails/4da092d7-4d4d-4662-8e3d-775bf64abdb9", "stringPackage": "c69d172e-a23c-421b-a5f0-d7f18c8d127c/strings", "deviceExt": 0, "deviceUnitId": "1359341590", "deviceSignature": "MOUSE.g705.0.1359341590", "givenName": "", "capabilities": {"lightingSupport": {"deviceCategory": "MOUSE_RGB_PER_KEY", "typeMap": {"ZONE_PRIMARY": "PRIMARY", "ZONE_ALL": "ALL", "PERKEY_COSMETIC": ""}, "zones": [{"zoneType": "ZONE_PRIMARY", "supportedEffects": [{"id": "OFF", "syncable": true, "fixedIntensity": false, "signature": false, "inactivityOnly": false}, {"id": "FIXED", "syncable": true, "fixedIntensity": false, "signature": false, "inactivityOnly": false}, {"id": "BREATHING", "syncable": true, "fixedIntensity": false, "signature": false, "inactivityOnly": false}, {"id": "COLOR_CYCLE_S", "syncable": true, "fixedIntensity": false, "signature": false, "inactivityOnly": false}], "onboardCluster": "CLUSTER_ONE"}, {"zoneType": "ZONE_ALL", "supportedEffects": [{"id": "COLORWAVE_S", "syncable": false, "fixedIntensity": false, "signature": false, "inactivityOnly": false}, {"id": "SMOOTH_STAR", "syncable": true, "fixedIntensity": false, "signature": true, "inactivityOnly": false}, {"id": "SMOOTH_WAVE", "syncable": true, "fixedIntensity": false, "signature": true, "inactivityOnly": true}, {"id": "CUSTOM", "syncable": false, "fixedIntensity": false, "signature": false, "inactivityOnly": false}], "onboardCluster": "CLUSTER_DEFAULT"}], "isMonochrome": false, "isPerKey": false, "persistence": {"zoneEffects": false, "perKeyFixed": false, "customEffects": {"slots": 1, "entityOffset": 3}}, "hideStartupEffect": false, "shutdownEffect": true, "brightnessLevels": [], "powerSavingEffect": true, "lowBatteryEffect": false, "brightnessPercentage": false, "gamma": false, "firmwareOnly": false, "offRamp": false, "activeDimming": false, "signatureLighting": {"signatureColorOne": {"tag": "", "hex": "#FE8385"}, "signatureColorTwo": {"tag": "", "hex": "#CBE8CE"}, "signatureColorOnePreview": {"tag": "", "hex": "#FF8DAA"}, "signatureColorTwoPreview": {"tag": "", "hex": "#8BE4E9"}, "allowCustomColors": false}, "hasPositionalEffect": true, "hasPastelPalette": true, "hasRingLeds": false, "hasMasterSwitch": false, "needKeepAliveSignal": false}, "sleepTimer": false, "mstateSupport": {"count": 1, "timeOut": 0}, "fnInversion": false, "presentSplashScreen": true, "customizableColor": false, "wirelessReportRate": false, "dpiIndicatorLed": {"zoneType": "PRIMARY", "steps": {"1": {"tag": "", "hex": "#FFFFFF"}, "4": {"tag": "", "hex": "#FFFF14"}, "2": {"tag": "", "hex": "#FF6400"}, "5": {"tag": "", "hex": "#DC14FF"}, "3": {"tag": "", "hex": "#28FFDC"}}}, "dpiTableOverride": {"levels": [800, 1600, 3200], "defaultDpi": 800, "shiftDpi": 800, "activeDpi": 800}, "hybridEngine": false, "advancedSleepTimer": false, "angleSnapping": false, "excludeGShift": false, "hostRemovalSupport": false, "headphoneJack": false, "hostInfos": false, "gkeyLayout": "INVALID_GKEY_LAYOUT", "hasBatteryStatus": true, "powerOffTimer": false, "requiresBackupForDfu": false, "unifiedBattery": true, "dpiLighting": false, "nonInteractive": false, "receiverPairing": {"receiverType": "LS2", "receiverPid": 0, "pairingAction": "ACTION_LONG_PRESS_CONNECTIVITY", "hasForcePairing": true}, "chargepadCompatible": false, "individuality": false, "defaultSlotFormat": "INVALID_FORMAT", "fnToggle": false}, "activeInterfaces": [{"type": "DEVIO", "id": "046d_c096", "pid": 49302, "modelId": 0, "extendedModel": 1, "serialNumber": "1359341590", "path": "usb\\vid_046d&pid_c096&mi_02\\8&31d761aa&0&0002", "containerId": "6ebf5b7a-3105-5c13-b0f6-753aad9cf2e7", "deviceType": "MOUSE", "deviceName": "G705 LIGHTSPEED Wireless RGB Gaming Mouse", "keyboardLayout": "INVALID_LAYOUT", "firmwareVersion": "28.0.12", "firmwareName": "MPM28", "firmwareRevision": 0, "hardwareRevision": 0, "unitId": "1359341590", "connectionType": "USB", "hasOnboardMode": true}], "slots": {"g705_mouse_settings": {"id": "g705_mouse_settings", "attribute": "MOUSE_SETTINGS", "disabled": false, "defaultCard": "9b85425b-8c71-4b15-808c-1204c0960000"}, "g705_g1_m1_shifted": {"id": "g705_g1_m1_shifted", "attribute": "MACRO_PLAYBACK", "disabled": false, "defaultCard": "0f82f693-5b78-4cf5-867e-090700000000"}, "g705_g2_m1": {"id": "g705_g2_m1", "attribute": "MACRO_PLAYBACK", "disabled": false, "defaultCard": "0f82f693-5b78-4cf5-867e-020200000000"}, "g705_g4_m1_shifted": {"id": "g705_g4_m1_shifted", "attribute": "MACRO_PLAYBACK", "disabled": false, "defaultCard": "0f82f693-5b78-4cf5-867e-090700000000"}, "g705_g5_m1": {"id": "g705_g5_m1", "attribute": "MACRO_PLAYBACK", "disabled": false, "defaultCard": "0f82f693-5b78-4cf5-867e-020500000000"}, "g705_g3_m1_shifted": {"id": "g705_g3_m1_shifted", "attribute": "MACRO_PLAYBACK", "disabled": false, "defaultCard": "0f82f693-5b78-4cf5-867e-090700000000"}, "g705_g2_m1_shifted": {"id": "g705_g2_m1_shifted", "attribute": "MACRO_PLAYBACK", "disabled": false, "defaultCard": "0f82f693-5b78-4cf5-867e-090700000000"}, "g705_lighting_setting_firmware": {"id": "g705_lighting_setting_firmware", "attribute": "FIRMWARE_LIGHTING_SETTINGS", "disabled": false, "defaultCard": "9b85425b-8c71-4b15-808c-1206c0960000"}, "g705_g3_m1": {"id": "g705_g3_m1", "attribute": "MACRO_PLAYBACK", "disabled": false, "defaultCard": "0f82f693-5b78-4cf5-867e-020300000000"}, "g705_g5_m1_shifted": {"id": "g705_g5_m1_shifted", "attribute": "MACRO_PLAYBACK", "disabled": false, "defaultCard": "0f82f693-5b78-4cf5-867e-090700000000"}, "g705_g4_m1": {"id": "g705_g4_m1", "attribute": "MACRO_PLAYBACK", "disabled": false, "defaultCard": "0f82f693-5b78-4cf5-867e-020400000000"}, "g705_g6_m1": {"id": "g705_g6_m1", "attribute": "MACRO_PLAYBACK", "disabled": false, "defaultCard": "0f82f693-5b78-4cf5-867e-040400000000"}, "g705_g6_m1_shifted": {"id": "g705_g6_m1_shifted", "attribute": "MACRO_PLAYBACK", "disabled": false, "defaultCard": "0f82f693-5b78-4cf5-867e-090700000000"}, "g705_g1_m1": {"id": "g705_g1_m1", "attribute": "MACRO_PLAYBACK", "disabled": false, "defaultCard": "0f82f693-5b78-4cf5-867e-020100000000"}}}]}}