 {"msgId": "991af481-1415-42a9-9873-9719b4a52646", "verb": "GET", "path": "/devices/list", "origin": "backend", "result": {"code": "SUCCESS", "what": ""}, "payload": {"@type": "type.googleapis.com/logi.protocol.devices.Device.Info.List", "deviceInfos": [{"id": "dev00000000", "pid": 49983, "firmwareName": "U131", "isSubdevice": false, "state": "ACTIVE", "onboardMode": false, "individualMode": false, "resourcesAvailable": true, "connectionType": "USB", "hasWirelessInterface": false, "displayConnectionType": "USB", "deviceType": "KEYBOARD", "deviceFamily": "", "deviceModel": "g815", "deviceBaseModel": "g815", "displayName": "G815", "extendedDisplayName": "G815 RGB Mechanical Gaming Keyboard", "slotPrefix": "g815", "thumbnail": "pipeline://core/thumbnails/g815.png", "stringPackage": "", "deviceExt": 0, "deviceUnitId": "892880646", "deviceSignature": "KEYBOARD.g815.0.892880646", "givenName": "", "capabilities": {"lightingSupport": {"deviceCategory": "KEYBOARD_RGB_PER_KEY", "typeMap": {"PERKEY_INDICATOR": "KEYBOARD_OTHER", "PERKEY_KEYBOARD": "HID_KEYBOARD", "ZONE_BRANDING": "LOGO", "PERKEY_CONSUMER": "HID_CONSUMER", "PERKEY_BRANDING": "LOGO", "ZONE_PRIMARY": "PRIMARY", "PERKEY_GKEY": "G_KEY"}, "zones": [{"zoneType": "ZONE_PRIMARY", "supportedEffects": [{"id": "OFF", "syncable": true, "fixedIntensity": false, "signature": false, "inactivityOnly": false}, {"id": "FIXED", "syncable": true, "fixedIntensity": false, "signature": false, "inactivityOnly": false}, {"id": "CYCLE", "syncable": true, "fixedIntensity": false, "signature": false, "inactivityOnly": false}, {"id": "COLORWAVE", "syncable": false, "fixedIntensity": false, "signature": false, "inactivityOnly": false}, {"id": "BREATHING", "syncable": true, "fixedIntensity": false, "signature": false, "inactivityOnly": false}, {"id": "RIPPLE", "syncable": false, "fixedIntensity": false, "signature": false, "inactivityOnly": false}, {"id": "CUSTOM", "syncable": false, "fixedIntensity": true, "signature": false, "inactivityOnly": false}], "onboardCluster": "CLUSTER_DEFAULT"}, {"zoneType": "ZONE_BRANDING", "supportedEffects": [{"id": "OFF", "syncable": true, "fixedIntensity": false, "signature": false, "inactivityOnly": false}, {"id": "FIXED", "syncable": true, "fixedIntensity": false, "signature": false, "inactivityOnly": false}, {"id": "CYCLE", "syncable": true, "fixedIntensity": false, "signature": false, "inactivityOnly": false}, {"id": "BREATHING", "syncable": true, "fixedIntensity": false, "signature": false, "inactivityOnly": false}], "onboardCluster": "CLUSTER_DEFAULT"}], "isMonochrome": false, "isPerKey": true, "persistence": {"zoneEffects": false, "perKeyFixed": false, "customEffects": {"slots": 2, "entityOffset": 3}}, "hideStartupEffect": true, "shutdownEffect": false, "brightnessLevels": [], "powerSavingEffect": false, "lowBatteryEffect": false, "brightnessPercentage": true, "gamma": false, "firmwareOnly": false, "offRamp": false, "activeDimming": false, "hasPositionalEffect": false, "hasPastelPalette": false, "hasRingLeds": false, "hasMasterSwitch": false, "needKeepAliveSignal": false}, "sleepTimer": false, "mstateSupport": {"count": 3, "timeOut": 0}, "fnInversion": false, "presentSplashScreen": false, "customizableColor": false, "wirelessReportRate": false, "hybridEngine": false, "advancedSleepTimer": false, "angleSnapping": false, "excludeGShift": false, "hostRemovalSupport": false, "headphoneJack": false, "hostInfos": false, "gkeyLayout": "GKEY_LEFT_COLUMN_5", "hasBatteryStatus": false, "powerOffTimer": false, "requiresBackupForDfu": false, "unifiedBattery": false, "dpiLighting": false, "nonInteractive": false, "chargepadCompatible": false, "individuality": false, "defaultSlotFormat": "INVALID_FORMAT", "fnToggle": false}, "activeInterfaces": [{"type": "DEVIO", "id": "046d_c33f", "pid": 49983, "modelId": 0, "extendedModel": 1, "serialNumber": "892880646", "path": "usb\\vid_046d&pid_c33f&mi_01\\6&39a036fe&0&0001", "containerId": "a9925f80-f878-54a5-be1c-8e3fde018b86", "deviceType": "KEYBOARD", "deviceName": "G815 RGB MECHANICAL GAMING KEYBOARD", "keyboardLayout": "US", "firmwareVersion": "131.2.18", "firmwareName": "U131", "firmwareRevision": 2, "hardwareRevision": 0, "unitId": "892880646", "connectionType": "USB", "hasOnboardMode": true}], "slots": {"g815_g1_m2": {"id": "g815_g1_m2", "attribute": "MACRO_PLAYBACK", "disabled": false}, "g815_g5_m3_shifted": {"id": "g815_g5_m3_shifted", "attribute": "MACRO_PLAYBACK", "disabled": false}, "g815_g5_m2": {"id": "g815_g5_m2", "attribute": "MACRO_PLAYBACK", "disabled": false}, "g815_g3_m1_shifted": {"id": "g815_g3_m1_shifted", "attribute": "MACRO_PLAYBACK", "disabled": false}, "g815_disable_keys": {"id": "g815_disable_keys", "attribute": "DISABLE_KEY_SETTINGS", "disabled": false}, "g815_g4_m3_shifted": {"id": "g815_g4_m3_shifted", "attribute": "MACRO_PLAYBACK", "disabled": false}, "g815_g4_m1": {"id": "g815_g4_m1", "attribute": "MACRO_PLAYBACK", "disabled": false}, "g815_g1_m1_shifted": {"id": "g815_g1_m1_shifted", "attribute": "MACRO_PLAYBACK", "disabled": false}, "g815_g4_m2_shifted": {"id": "g815_g4_m2_shifted", "attribute": "MACRO_PLAYBACK", "disabled": false}, "g815_g1_m1": {"id": "g815_g1_m1", "attribute": "MACRO_PLAYBACK", "disabled": false}, "g815_g1_m2_shifted": {"id": "g815_g1_m2_shifted", "attribute": "MACRO_PLAYBACK", "disabled": false}, "g815_g2_m3_shifted": {"id": "g815_g2_m3_shifted", "attribute": "MACRO_PLAYBACK", "disabled": false}, "g815_g2_m2": {"id": "g815_g2_m2", "attribute": "MACRO_PLAYBACK", "disabled": false}, "g815_g4_m2": {"id": "g815_g4_m2", "attribute": "MACRO_PLAYBACK", "disabled": false}, "g815_g3_m3_shifted": {"id": "g815_g3_m3_shifted", "attribute": "MACRO_PLAYBACK", "disabled": false}, "g815_g3_m3": {"id": "g815_g3_m3", "attribute": "MACRO_PLAYBACK", "disabled": false}, "g815_g4_m3": {"id": "g815_g4_m3", "attribute": "MACRO_PLAYBACK", "disabled": false}, "g815_g5_m1": {"id": "g815_g5_m1", "attribute": "MACRO_PLAYBACK", "disabled": false}, "g815_g3_m2": {"id": "g815_g3_m2", "attribute": "MACRO_PLAYBACK", "disabled": false}, "g815_g1_m3": {"id": "g815_g1_m3", "attribute": "MACRO_PLAYBACK", "disabled": false}, "g815_g2_m3": {"id": "g815_g2_m3", "attribute": "MACRO_PLAYBACK", "disabled": false}, "g815_g2_m1": {"id": "g815_g2_m1", "attribute": "MACRO_PLAYBACK", "disabled": false}, "g815_g4_m1_shifted": {"id": "g815_g4_m1_shifted", "attribute": "MACRO_PLAYBACK", "disabled": false}, "g815_g3_m2_shifted": {"id": "g815_g3_m2_shifted", "attribute": "MACRO_PLAYBACK", "disabled": false}, "g815_g2_m1_shifted": {"id": "g815_g2_m1_shifted", "attribute": "MACRO_PLAYBACK", "disabled": false}, "g815_g1_m3_shifted": {"id": "g815_g1_m3_shifted", "attribute": "MACRO_PLAYBACK", "disabled": false}, "g815_g2_m2_shifted": {"id": "g815_g2_m2_shifted", "attribute": "MACRO_PLAYBACK", "disabled": false}, "g815_g5_m2_shifted": {"id": "g815_g5_m2_shifted", "attribute": "MACRO_PLAYBACK", "disabled": false}, "g815_g5_m1_shifted": {"id": "g815_g5_m1_shifted", "attribute": "MACRO_PLAYBACK", "disabled": false}, "g815_g5_m3": {"id": "g815_g5_m3", "attribute": "MACRO_PLAYBACK", "disabled": false}, "g815_lighting_setting_firmware": {"id": "g815_lighting_setting_firmware", "attribute": "FIRMWARE_LIGHTING_SETTINGS", "disabled": false}, "g815_g3_m1": {"id": "g815_g3_m1", "attribute": "MACRO_PLAYBACK", "disabled": false}}}]}}