 {"msgId": "0cb86f28-1493-4ef3-a47e-22faa0a30115", "verb": "GET", "path": "/devices/list", "origin": "backend", "result": {"code": "SUCCESS", "what": ""}, "payload": {"@type": "type.googleapis.com/logi.protocol.devices.Device.Info.List", "deviceInfos": [{"id": "dev00000000", "pid": 2735, "state": "REQUIRES_UPDATE", "onboardMode": false, "individualMode": false, "resourcesAvailable": true, "connectionType": "USB", "hasWirelessInterface": false, "deviceType": "MICROPHONE", "deviceFamily": "", "deviceModel": "yeti_x", "displayName": "Yeti X", "extendedDisplayName": "Yeti X", "slotPrefix": "yetix", "thumbnail": "pipeline://core/thumbnails/yetix.png", "deviceExt": 0, "deviceUnitId": "1409303296", "deviceSignature": "MICROPHONE.yeti_x.0.1409303296", "givenName": "", "capabilities": {"audio": {"dtsSupported": false, "dolbySupported": false, "denoiserSupported": false, "onboardEqSupported": false, "onboardProEqSupported": false, "dtsHx2eSupported": true, "proEqSupported": false, "blueVoiceSupported": false, "hardwareNoiseReductionSupported": false, "blueVoice2Supported": true, "hidMic": false, "devioVolumeFeatures": true}, "lightingSupport": {"deviceCategory": "MICROPHONE_RGB_ZONAL", "typeMap": {"ZONE_BRANDING": "LOGO", "ZONE_RIGHT_SIDE": "RIGHT_SIDE", "ZONE_PRIMARY": "PRIMARY", "ZONE_SEVEN": "ZONAL_SEVEN", "ZONE_FOUR": "ZONAL_FOUR", "ZONE_SIX": "ZONAL_SIX", "ZONE_THREE": "ZONAL_THREE", "ZONE_COMBINED": "COMBINED", "ZONE_LEFT_SIDE": "LEFT_SIDE", "ZONE_ONE": "ZONAL_ONE", "ZONE_TWO": "ZONAL_TWO", "ZONE_FIVE": "ZONAL_FIVE"}, "zones": [{"zoneType": "ZONE_PRIMARY", "supportedEffects": [{"id": "FIXED", "syncable": false, "fixedIntensity": false, "signature": false, "inactivityOnly": false}, {"id": "BREATHING", "syncable": false, "fixedIntensity": false, "signature": false, "inactivityOnly": false}], "defaultColor": {"rgba": {"red": 0, "green": 1, "blue": 0, "alpha": 1}, "tag": ""}, "onboardCluster": "CLUSTER_DEFAULT"}, {"zoneType": "ZONE_BRANDING", "supportedEffects": [{"id": "FIXED", "syncable": false, "fixedIntensity": false, "signature": false, "inactivityOnly": false}, {"id": "BREATHING", "syncable": false, "fixedIntensity": false, "signature": false, "inactivityOnly": false}], "defaultColor": {"rgba": {"red": 1, "green": 0, "blue": 0, "alpha": 1}, "tag": ""}, "onboardCluster": "CLUSTER_DEFAULT"}, {"zoneType": "ZONE_LEFT_SIDE", "supportedEffects": [{"id": "FIXED", "syncable": false, "fixedIntensity": false, "signature": false, "inactivityOnly": false}], "defaultColor": {"rgba": {"red": 0, "green": 0, "blue": 1, "alpha": 1}, "tag": ""}, "onboardCluster": "CLUSTER_DEFAULT"}, {"zoneType": "ZONE_RIGHT_SIDE", "supportedEffects": [{"id": "FIXED", "syncable": false, "fixedIntensity": false, "signature": false, "inactivityOnly": false}, {"id": "BREATHING", "syncable": false, "fixedIntensity": false, "signature": false, "inactivityOnly": false}], "defaultColor": {"rgba": {"red": 1, "green": 1, "blue": 1, "alpha": 1}, "tag": ""}, "onboardCluster": "CLUSTER_DEFAULT"}, {"zoneType": "ZONE_COMBINED", "supportedEffects": [{"id": "FIXED", "syncable": false, "fixedIntensity": false, "signature": false, "inactivityOnly": false}, {"id": "BREATHING", "syncable": false, "fixedIntensity": false, "signature": false, "inactivityOnly": false}], "defaultColor": {"rgba": {"red": 1, "green": 0, "blue": 1, "alpha": 1}, "tag": ""}, "onboardCluster": "CLUSTER_DEFAULT"}, {"zoneType": "ZONE_ONE", "supportedEffects": [{"id": "FIXED", "syncable": false, "fixedIntensity": false, "signature": false, "inactivityOnly": false}, {"id": "BREATHING", "syncable": false, "fixedIntensity": false, "signature": false, "inactivityOnly": false}], "defaultColor": {"rgba": {"red": 1, "green": 1, "blue": 1, "alpha": 1}, "tag": ""}, "onboardCluster": "CLUSTER_DEFAULT"}, {"zoneType": "ZONE_TWO", "supportedEffects": [{"id": "FIXED", "syncable": false, "fixedIntensity": false, "signature": false, "inactivityOnly": false}, {"id": "BREATHING", "syncable": false, "fixedIntensity": false, "signature": false, "inactivityOnly": false}], "defaultColor": {"rgba": {"red": 1, "green": 1, "blue": 1, "alpha": 1}, "tag": ""}, "onboardCluster": "CLUSTER_DEFAULT"}, {"zoneType": "ZONE_THREE", "supportedEffects": [{"id": "FIXED", "syncable": false, "fixedIntensity": false, "signature": false, "inactivityOnly": false}, {"id": "BREATHING", "syncable": false, "fixedIntensity": false, "signature": false, "inactivityOnly": false}], "defaultColor": {"rgba": {"red": 1, "green": 1, "blue": 1, "alpha": 1}, "tag": ""}, "onboardCluster": "CLUSTER_DEFAULT"}, {"zoneType": "ZONE_FOUR", "supportedEffects": [{"id": "FIXED", "syncable": false, "fixedIntensity": false, "signature": false, "inactivityOnly": false}, {"id": "BREATHING", "syncable": false, "fixedIntensity": false, "signature": false, "inactivityOnly": false}], "defaultColor": {"rgba": {"red": 1, "green": 1, "blue": 1, "alpha": 1}, "tag": ""}, "onboardCluster": "CLUSTER_DEFAULT"}, {"zoneType": "ZONE_FIVE", "supportedEffects": [{"id": "FIXED", "syncable": false, "fixedIntensity": false, "signature": false, "inactivityOnly": false}], "defaultColor": {"rgba": {"red": 0, "green": 1, "blue": 0, "alpha": 1}, "tag": ""}, "onboardCluster": "CLUSTER_DEFAULT"}, {"zoneType": "ZONE_SIX", "supportedEffects": [{"id": "FIXED", "syncable": false, "fixedIntensity": false, "signature": false, "inactivityOnly": false}], "defaultColor": {"rgba": {"red": 1, "green": 1, "blue": 0, "alpha": 1}, "tag": ""}, "onboardCluster": "CLUSTER_DEFAULT"}, {"zoneType": "ZONE_SEVEN", "supportedEffects": [{"id": "FIXED", "syncable": false, "fixedIntensity": false, "signature": false, "inactivityOnly": false}], "defaultColor": {"rgba": {"red": 1, "green": 0, "blue": 0, "alpha": 1}, "tag": ""}, "onboardCluster": "CLUSTER_DEFAULT"}], "isMonochrome": false, "isPerKey": false, "hideStartupEffect": true, "shutdownEffect": false, "brightnessLevels": [], "powerSavingEffect": false, "lowBatteryEffect": false, "brightnessPercentage": false, "gamma": false, "firmwareOnly": true, "offRamp": false, "activeDimming": false, "hasPositionalEffect": false}, "sleepTimer": false, "mstateSupport": {"count": 1, "timeOut": 0}, "fnInversion": false, "presentSplashScreen": false, "customizableColor": false, "wirelessReportRate": false, "hybridEngine": false, "advancedSleepTimer": false, "angleSnapping": false, "excludeGShift": false, "hostRemovalSupport": false, "microphoneSupport": {"supportedPolarPatterns": [{"id": "POLAR_PATTERN_STEREO"}, {"id": "POLAR_PATTERN_OMNI"}, {"id": "POLAR_PATTERN_CARDIOID"}, {"id": "POLAR_PATTERN_BIDIRECTIONAL"}], "supportedMicrophoneModes": [{"id": "MICROPHONE_GAIN"}, {"id": "HEADPHONE_LEVEL"}, {"id": "BLEND"}]}, "headphoneJack": true, "hostInfos": false, "gkeyLayout": "INVALID_GKEY_LAYOUT", "hasBatteryStatus": false, "powerOffTimer": false, "requiresBackupForDfu": false, "unifiedBattery": false, "dpiLighting": false, "nonInteractive": false, "chargepadCompatible": false, "individuality": false}, "activeInterfaces": [], "slots": {}}, {"id": "dev00000001", "pid": 43776, "state": "REQUIRES_UPDATE", "onboardMode": false, "individualMode": false, "resourcesAvailable": true, "connectionType": "USB", "hasWirelessInterface": true, "deviceType": "MOUSE", "deviceFamily": "", "deviceModel": "pro_x_wireless_mouse", "displayName": "PRO X SUPERLIGHT", "extendedDisplayName": "PRO X SUPERLIGHT Wireless Mouse", "slotPrefix": "proxwirelessmouse", "thumbnail": "pipeline://core/thumbnails/pro_x_wireless_mouse.png", "deviceExt": 0, "deviceUnitId": "2357942611", "deviceSignature": "MOUSE.pro_x_wireless_mouse.0.2357942611", "givenName": "", "capabilities": {"sleepTimer": false, "mstateSupport": {"count": 1, "timeOut": 0}, "fnInversion": false, "presentSplashScreen": false, "customizableColor": false, "wirelessReportRate": false, "dpiIndicatorLed": {"zoneType": "PRIMARY", "steps": {"4": {"tag": "", "hex": "#FF0293"}, "5": {"tag": "", "hex": "#8D40FF"}, "1": {"tag": "", "hex": "#FFFF00"}, "2": {"tag": "", "hex": "#FFFFFF"}, "3": {"tag": "", "hex": "#FF9900"}}}, "hybridEngine": false, "advancedSleepTimer": false, "angleSnapping": false, "excludeGShift": false, "hostRemovalSupport": false, "headphoneJack": false, "hostInfos": false, "gkeyLayout": "INVALID_GKEY_LAYOUT", "hasBatteryStatus": true, "powerOffTimer": false, "requiresBackupForDfu": false, "unifiedBattery": true, "dpiLighting": false, "nonInteractive": false, "receiverPairing": {"receiverType": "LS2", "receiverPid": 0, "pairingAction": "ACTION_POWER_CYCLE", "hasForcePairing": true}, "chargepadCompatible": true, "individuality": false}, "activeInterfaces": [], "slots": {}}, {"id": "dev00000002", "pid": 49295, "state": "ACTIVE", "onboardMode": false, "individualMode": false, "resourcesAvailable": true, "connectionType": "USB", "hasWirelessInterface": false, "deviceType": "MOUSE", "deviceFamily": "", "deviceModel": "g403_hero", "displayName": "G403 HERO", "extendedDisplayName": "G403 HERO Gaming Mouse", "slotPrefix": "g403hero", "thumbnail": "pipeline://core/thumbnails/g403_wired.png", "deviceExt": 0, "deviceUnitId": "859391751", "deviceSignature": "MOUSE.g403_hero.0.859391751", "givenName": "", "capabilities": {"lightingSupport": {"deviceCategory": "MOUSE_RGB_ZONAL", "typeMap": {"ZONE_PRIMARY": "PRIMARY", "ZONE_BRANDING": "LOGO"}, "zones": [{"zoneType": "ZONE_PRIMARY", "supportedEffects": [{"id": "OFF", "syncable": true, "fixedIntensity": false, "signature": false, "inactivityOnly": false}, {"id": "FIXED", "syncable": true, "fixedIntensity": false, "signature": false, "inactivityOnly": false}, {"id": "CYCLE", "syncable": true, "fixedIntensity": false, "signature": false, "inactivityOnly": false}, {"id": "BREATHING", "syncable": true, "fixedIntensity": false, "signature": false, "inactivityOnly": false}], "onboardCluster": "CLUSTER_DEFAULT"}, {"zoneType": "ZONE_BRANDING", "supportedEffects": [{"id": "OFF", "syncable": true, "fixedIntensity": false, "signature": false, "inactivityOnly": false}, {"id": "FIXED", "syncable": true, "fixedIntensity": false, "signature": false, "inactivityOnly": false}, {"id": "CYCLE", "syncable": true, "fixedIntensity": false, "signature": false, "inactivityOnly": false}, {"id": "BREATHING", "syncable": true, "fixedIntensity": false, "signature": false, "inactivityOnly": false}], "onboardCluster": "CLUSTER_DEFAULT"}], "isMonochrome": false, "isPerKey": false, "hideStartupEffect": false, "shutdownEffect": false, "brightnessLevels": [], "powerSavingEffect": false, "lowBatteryEffect": false, "brightnessPercentage": false, "gamma": false, "firmwareOnly": false, "offRamp": false, "activeDimming": false, "hasPositionalEffect": false}, "sleepTimer": false, "mstateSupport": {"count": 1, "timeOut": 0}, "fnInversion": false, "presentSplashScreen": false, "customizableColor": false, "wirelessReportRate": false, "hybridEngine": false, "advancedSleepTimer": false, "angleSnapping": false, "excludeGShift": false, "hostRemovalSupport": false, "headphoneJack": false, "hostInfos": false, "gkeyLayout": "INVALID_GKEY_LAYOUT", "hasBatteryStatus": false, "powerOffTimer": false, "requiresBackupForDfu": true, "unifiedBattery": false, "dpiLighting": false, "nonInteractive": false, "chargepadCompatible": false, "individuality": false}, "activeInterfaces": [{"type": "DEVIO", "id": "046d_c08f", "pid": 49295, "modelId": 0, "extendedModel": 0, "serialNumber": "859391751", "path": "usb\\vid_046d&pid_c08f&mi_01\\6&1b359d01&0&0001", "containerId": "9a6818a2-f720-50a5-9023-5b2512b46110", "deviceType": "MOUSE", "deviceName": "G403 HERO Gaming Mouse", "keyboardLayout": "INVALID_LAYOUT", "firmwareVersion": "145.1.7", "unitId": "859391751", "connectionType": "USB", "hasOnboardMode": true}], "slots": {"g403hero_g6_m1": {"id": "g403hero_g6_m1", "attribute": "MACRO_PLAYBACK", "disabled": false}, "g403hero_g2_m1": {"id": "g403hero_g2_m1", "attribute": "MACRO_PLAYBACK", "disabled": false}, "g403hero_g4_m1_shifted": {"id": "g403hero_g4_m1_shifted", "attribute": "MACRO_PLAYBACK", "disabled": false}, "g403hero_g1_m1_shifted": {"id": "g403hero_g1_m1_shifted", "attribute": "MACRO_PLAYBACK", "disabled": false}, "g403hero_mouse_settings": {"id": "g403hero_mouse_settings", "attribute": "MOUSE_SETTINGS", "disabled": false}, "g403hero_g4_m1": {"id": "g403hero_g4_m1", "attribute": "MACRO_PLAYBACK", "disabled": false}, "g403hero_g3_m1": {"id": "g403hero_g3_m1", "attribute": "MACRO_PLAYBACK", "disabled": false}, "g403hero_g1_m1": {"id": "g403hero_g1_m1", "attribute": "MACRO_PLAYBACK", "disabled": false}, "g403hero_g6_m1_shifted": {"id": "g403hero_g6_m1_shifted", "attribute": "MACRO_PLAYBACK", "disabled": false}, "g403hero_g3_m1_shifted": {"id": "g403hero_g3_m1_shifted", "attribute": "MACRO_PLAYBACK", "disabled": false}, "g403hero_lighting_setting_firmware": {"id": "g403hero_lighting_setting_firmware", "attribute": "FIRMWARE_LIGHTING_SETTINGS", "disabled": false}, "g403hero_g5_m1": {"id": "g403hero_g5_m1", "attribute": "MACRO_PLAYBACK", "disabled": false}, "g403hero_g5_m1_shifted": {"id": "g403hero_g5_m1_shifted", "attribute": "MACRO_PLAYBACK", "disabled": false}, "g403hero_g2_m1_shifted": {"id": "g403hero_g2_m1_shifted", "attribute": "MACRO_PLAYBACK", "disabled": false}}}, {"id": "dev00000003", "pid": 49297, "state": "ACTIVE", "onboardMode": false, "individualMode": false, "resourcesAvailable": true, "connectionType": "USB", "hasWirelessInterface": true, "deviceType": "MOUSE", "deviceFamily": "", "deviceModel": "g903_hero", "displayName": "G903 LIGHTSPEED", "extendedDisplayName": "G903 LIGHTSPEED Wireless Gaming Mouse", "slotPrefix": "g903hero", "thumbnail": "pipeline://core/thumbnails/g900.png", "deviceExt": 0, "deviceUnitId": "1186132651", "deviceSignature": "MOUSE.g903_hero.0.1186132651", "givenName": "", "capabilities": {"lightingSupport": {"deviceCategory": "MOUSE_RGB_ZONAL", "typeMap": {"ZONE_PRIMARY": "PRIMARY", "ZONE_BRANDING": "LOGO"}, "zones": [{"zoneType": "ZONE_PRIMARY", "supportedEffects": [{"id": "OFF", "syncable": true, "fixedIntensity": false, "signature": false, "inactivityOnly": false}, {"id": "FIXED", "syncable": true, "fixedIntensity": false, "signature": false, "inactivityOnly": false}, {"id": "CYCLE", "syncable": true, "fixedIntensity": false, "signature": false, "inactivityOnly": false}, {"id": "BREATHING", "syncable": true, "fixedIntensity": false, "signature": false, "inactivityOnly": false}], "onboardCluster": "CLUSTER_DEFAULT"}, {"zoneType": "ZONE_BRANDING", "supportedEffects": [{"id": "OFF", "syncable": true, "fixedIntensity": false, "signature": false, "inactivityOnly": false}, {"id": "FIXED", "syncable": true, "fixedIntensity": false, "signature": false, "inactivityOnly": false}, {"id": "CYCLE", "syncable": true, "fixedIntensity": false, "signature": false, "inactivityOnly": false}, {"id": "BREATHING", "syncable": true, "fixedIntensity": false, "signature": false, "inactivityOnly": false}], "onboardCluster": "CLUSTER_DEFAULT"}], "isMonochrome": false, "isPerKey": false, "hideStartupEffect": false, "shutdownEffect": false, "brightnessLevels": [], "powerSavingEffect": true, "lowBatteryEffect": true, "brightnessPercentage": false, "gamma": false, "firmwareOnly": false, "offRamp": false, "activeDimming": false, "hasPositionalEffect": false}, "sleepTimer": false, "mstateSupport": {"count": 1, "timeOut": 0}, "maskableZones": {"zones": [{"id": "left_side", "slotIds": ["g903hero_g4_m1", "g903hero_g4_m1_shifted", "g903hero_g5_m1", "g903hero_g5_m1_shifted"], "displayIconKey": "mouse_2_buttons_left_icon", "renderIconKey": "cover_image_left", "enabled": false}, {"id": "right_side", "slotIds": ["g903hero_g6_m1", "g903hero_g6_m1_shifted", "g903hero_g7_m1", "g903hero_g7_m1_shifted"], "displayIconKey": "mouse_2_buttons_right_icon", "renderIconKey": "cover_image_right", "enabled": false}]}, "fnInversion": false, "presentSplashScreen": false, "customizableColor": false, "wirelessReportRate": false, "hybridEngine": false, "advancedSleepTimer": false, "angleSnapping": false, "excludeGShift": false, "onboardCycleId": {"value": 11}, "hostRemovalSupport": false, "headphoneJack": false, "hostInfos": false, "gkeyLayout": "INVALID_GKEY_LAYOUT", "hasBatteryStatus": true, "powerOffTimer": false, "requiresBackupForDfu": false, "unifiedBattery": false, "dpiLighting": true, "nonInteractive": false, "receiverPairing": {"receiverType": "LS1", "receiverPid": 0, "pairingAction": "ACTION_POWER_CYCLE", "hasForcePairing": false}, "chargepadCompatible": true, "individuality": false}, "activeInterfaces": [{"type": "DEVIO", "id": "046d_c091", "pid": 49297, "modelId": 0, "extendedModel": 0, "serialNumber": "1186132651", "path": "usb\\vid_046d&pid_c091&mi_02\\6&3adb91f&0&0002", "containerId": "e76843d2-e2c0-53d3-9281-8a2de5a75684", "deviceType": "MOUSE", "deviceName": "G903 LIGHTSPEED Wireless Gaming Mouse w/ HERO", "keyboardLayout": "INVALID_LAYOUT", "firmwareVersion": "23.1.13", "unitId": "1186132651", "connectionType": "USB", "hasOnboardMode": true}], "slots": {"g903hero_g9_m1_shifted": {"id": "g903hero_g9_m1_shifted", "attribute": "MACRO_PLAYBACK", "disabled": false}, "g903hero_g6_m1": {"id": "g903hero_g6_m1", "attribute": "MACRO_PLAYBACK", "disabled": false}, "g903hero_mouse_settings": {"id": "g903hero_mouse_settings", "attribute": "MOUSE_SETTINGS", "disabled": false}, "g903hero_g11_m1_shifted": {"id": "g903hero_g11_m1_shifted", "attribute": "MACRO_PLAYBACK", "disabled": false}, "g903hero_g1_m1_shifted": {"id": "g903hero_g1_m1_shifted", "attribute": "MACRO_PLAYBACK", "disabled": false}, "g903hero_lighting_setting_firmware": {"id": "g903hero_lighting_setting_firmware", "attribute": "FIRMWARE_LIGHTING_SETTINGS", "disabled": false}, "g903hero_g12_m1_shifted": {"id": "g903hero_g12_m1_shifted", "attribute": "MACRO_PLAYBACK", "disabled": false}, "g903hero_g5_m1_shifted": {"id": "g903hero_g5_m1_shifted", "attribute": "MACRO_PLAYBACK", "disabled": false}, "g903hero_g7_m1_shifted": {"id": "g903hero_g7_m1_shifted", "attribute": "MACRO_PLAYBACK", "disabled": false}, "g903hero_g4_m1_shifted": {"id": "g903hero_g4_m1_shifted", "attribute": "MACRO_PLAYBACK", "disabled": false}, "g903hero_g8_m1": {"id": "g903hero_g8_m1", "attribute": "MACRO_PLAYBACK", "disabled": false}, "g903hero_g7_m1": {"id": "g903hero_g7_m1", "attribute": "MACRO_PLAYBACK", "disabled": false}, "g903hero_g9_m1": {"id": "g903hero_g9_m1", "attribute": "MACRO_PLAYBACK", "disabled": false}, "g903hero_g1_m1": {"id": "g903hero_g1_m1", "attribute": "MACRO_PLAYBACK", "disabled": false}, "g903hero_g2_m1": {"id": "g903hero_g2_m1", "attribute": "MACRO_PLAYBACK", "disabled": false}, "g903hero_g10_m1_shifted": {"id": "g903hero_g10_m1_shifted", "attribute": "MACRO_PLAYBACK", "disabled": false}, "g903hero_g3_m1_shifted": {"id": "g903hero_g3_m1_shifted", "attribute": "MACRO_PLAYBACK", "disabled": false}, "g903hero_g2_m1_shifted": {"id": "g903hero_g2_m1_shifted", "attribute": "MACRO_PLAYBACK", "disabled": false}, "g903hero_g10_m1": {"id": "g903hero_g10_m1", "attribute": "MACRO_PLAYBACK", "disabled": false}, "g903hero_g12_m1": {"id": "g903hero_g12_m1", "attribute": "MACRO_PLAYBACK", "disabled": false}, "g903hero_g11_m1": {"id": "g903hero_g11_m1", "attribute": "MACRO_PLAYBACK", "disabled": false}, "g903hero_g6_m1_shifted": {"id": "g903hero_g6_m1_shifted", "attribute": "MACRO_PLAYBACK", "disabled": false}, "g903hero_g4_m1": {"id": "g903hero_g4_m1", "attribute": "MACRO_PLAYBACK", "disabled": false}, "g903hero_g3_m1": {"id": "g903hero_g3_m1", "attribute": "MACRO_PLAYBACK", "disabled": false}, "g903hero_g8_m1_shifted": {"id": "g903hero_g8_m1_shifted", "attribute": "MACRO_PLAYBACK", "disabled": false}, "g903hero_g5_m1": {"id": "g903hero_g5_m1", "attribute": "MACRO_PLAYBACK", "disabled": false}}}, {"id": "dev00000004", "pid": 16479, "state": "ACTIVE", "onboardMode": false, "individualMode": false, "resourcesAvailable": true, "connectionType": "WIRELESS", "hasWirelessInterface": true, "deviceType": "CHARGE_PAD", "deviceFamily": "", "deviceModel": "powerplay", "displayName": "POWERPLAY", "extendedDisplayName": "POWERPLAY Wireless Charging System", "slotPrefix": "powerplay", "thumbnail": "pipeline://core/thumbnails/powerplay.png", "deviceExt": 0, "deviceUnitId": "825247489", "deviceSignature": "CHARGE_PAD.powerplay.0.825247489", "givenName": "", "capabilities": {"lightingSupport": {"deviceCategory": "MOUSEPAD_RGB_ZONAL", "typeMap": {"ZONE_BRANDING": "LOGO"}, "zones": [{"zoneType": "ZONE_BRANDING", "supportedEffects": [{"id": "OFF", "syncable": true, "fixedIntensity": false, "signature": false, "inactivityOnly": false}, {"id": "FIXED", "syncable": true, "fixedIntensity": false, "signature": false, "inactivityOnly": false}, {"id": "CYCLE", "syncable": true, "fixedIntensity": false, "signature": false, "inactivityOnly": false}, {"id": "BREATHING", "syncable": true, "fixedIntensity": false, "signature": false, "inactivityOnly": false}], "onboardCluster": "CLUSTER_DEFAULT"}], "isMonochrome": false, "isPerKey": false, "hideStartupEffect": false, "shutdownEffect": false, "brightnessLevels": [], "powerSavingEffect": false, "lowBatteryEffect": false, "brightnessPercentage": false, "gamma": false, "firmwareOnly": false, "offRamp": false, "activeDimming": false, "hasPositionalEffect": false}, "sleepTimer": false, "mstateSupport": {"count": 1, "timeOut": 0}, "fnInversion": false, "presentSplashScreen": false, "customizableColor": false, "wirelessReportRate": false, "hybridEngine": false, "advancedSleepTimer": false, "angleSnapping": false, "excludeGShift": false, "hostRemovalSupport": false, "headphoneJack": false, "hostInfos": false, "gkeyLayout": "INVALID_GKEY_LAYOUT", "hasBatteryStatus": false, "powerOffTimer": false, "requiresBackupForDfu": false, "unifiedBattery": false, "dpiLighting": false, "nonInteractive": false, "chargepadCompatible": false, "individuality": false}, "activeInterfaces": [{"type": "DEVIO", "id": "046d_405f", "pid": 16479, "modelId": 0, "extendedModel": 0, "serialNumber": "825247489", "path": "usb\\vid_046d&pid_c53a&mi_02\\8&9961625&1&0002:6", "containerId": "", "deviceType": "CHARGE_PAD", "deviceName": "Candy companion chip", "keyboardLayout": "INVALID_LAYOUT", "firmwareVersion": "7.1.11", "unitId": "825247489", "connectionType": "WIRELESS", "hasOnboardMode": false}, {"type": "HIDIO", "id": "HID_046d_c53a_ff000001", "pid": 50490, "modelId": 0, "extendedModel": 0, "serialNumber": "", "path": "\\\\?\\HID#VID_046D&PID_C53A&MI_02&COL01#9&1F335058&0&0000#{4D1E55B2-F16F-11CF-88CB-001111000030}", "containerId": "e4feb25d-6ec2-11ec-a9ae-2cea7f042504", "deviceType": "INVALID_TYPE", "deviceName": "", "keyboardLayout": "INVALID_LAYOUT", "firmwareVersion": "", "unitId": "", "connectionType": "USB", "hasOnboardMode": false}], "slots": {"powerplay_lighting_setting_firmware": {"id": "powerplay_lighting_setting_firmware", "attribute": "FIRMWARE_LIGHTING_SETTINGS", "disabled": false}}}]}}