 {"msgId": "0024e95e-74cf-4b29-9da3-030170ecb963", "verb": "GET", "path": "/devices/list", "origin": "backend", "result": {"code": "SUCCESS", "what": ""}, "payload": {"@type": "type.googleapis.com/logi.protocol.devices.Device.Info.List", "deviceInfos": [{"id": "dev00000000", "pid": 2769, "firmwareName": "U1216", "isSubdevice": false, "state": "ACTIVE", "onboardMode": false, "individualMode": false, "resourcesAvailable": true, "connectionType": "USB", "hasWirelessInterface": false, "deviceType": "MICROPHONE", "deviceFamily": "", "deviceModel": "yeti_x_evantra", "deviceBaseModel": "yeti_x_evantra", "displayName": "Yeti X", "extendedDisplayName": "Yeti X", "slotPrefix": "yetix", "thumbnail": "pipeline://core/thumbnails/yetix.png", "stringPackage": "", "deviceExt": 0, "deviceUnitId": "1191204096", "deviceSignature": "MICROPHONE.yeti_x_evantra.0.1191204096", "givenName": "", "capabilities": {"audio": {"dtsSupported": false, "dolbySupported": false, "denoiserSupported": false, "onboardEqSupported": false, "onboardProEqSupported": false, "dtsHx2eSupported": true, "proEqSupported": false, "blueVoiceSupported": false, "hardwareNoiseReductionSupported": false, "blueVoice2Supported": true, "hidMic": false, "devioVolumeFeatures": true}, "lightingSupport": {"deviceCategory": "MICROPHONE_RGB_ZONAL", "typeMap": {"ZONE_PRIMARY": "PRIMARY", "ZONE_ONE": "ZONAL_ONE", "ZONE_THREE": "ZONAL_THREE", "ZONE_SIX": "ZONAL_SIX", "ZONE_BRANDING": "LOGO", "ZONE_LEFT_SIDE": "LEFT_SIDE", "ZONE_FOUR": "ZONAL_FOUR", "ZONE_TWO": "ZONAL_TWO", "ZONE_SEVEN": "ZONAL_SEVEN", "ZONE_RIGHT_SIDE": "RIGHT_SIDE", "ZONE_FIVE": "ZONAL_FIVE", "ZONE_COMBINED": "COMBINED"}, "zones": [{"zoneType": "ZONE_PRIMARY", "supportedEffects": [{"id": "FIXED", "syncable": false, "fixedIntensity": false, "signature": false, "inactivityOnly": false}, {"id": "BREATHING", "syncable": false, "fixedIntensity": false, "signature": false, "inactivityOnly": false}], "defaultColor": {"rgba": {"red": 0, "green": 1, "blue": 0, "alpha": 1}, "tag": ""}, "onboardCluster": "CLUSTER_DEFAULT"}, {"zoneType": "ZONE_BRANDING", "supportedEffects": [{"id": "FIXED", "syncable": false, "fixedIntensity": false, "signature": false, "inactivityOnly": false}, {"id": "BREATHING", "syncable": false, "fixedIntensity": false, "signature": false, "inactivityOnly": false}], "defaultColor": {"rgba": {"red": 1, "green": 0, "blue": 0, "alpha": 1}, "tag": ""}, "onboardCluster": "CLUSTER_DEFAULT"}, {"zoneType": "ZONE_LEFT_SIDE", "supportedEffects": [{"id": "FIXED", "syncable": false, "fixedIntensity": false, "signature": false, "inactivityOnly": false}], "defaultColor": {"rgba": {"red": 0, "green": 0, "blue": 1, "alpha": 1}, "tag": ""}, "onboardCluster": "CLUSTER_DEFAULT"}, {"zoneType": "ZONE_RIGHT_SIDE", "supportedEffects": [{"id": "FIXED", "syncable": false, "fixedIntensity": false, "signature": false, "inactivityOnly": false}, {"id": "BREATHING", "syncable": false, "fixedIntensity": false, "signature": false, "inactivityOnly": false}], "defaultColor": {"rgba": {"red": 1, "green": 1, "blue": 1, "alpha": 1}, "tag": ""}, "onboardCluster": "CLUSTER_DEFAULT"}, {"zoneType": "ZONE_COMBINED", "supportedEffects": [{"id": "FIXED", "syncable": false, "fixedIntensity": false, "signature": false, "inactivityOnly": false}, {"id": "BREATHING", "syncable": false, "fixedIntensity": false, "signature": false, "inactivityOnly": false}], "defaultColor": {"rgba": {"red": 1, "green": 0, "blue": 1, "alpha": 1}, "tag": ""}, "onboardCluster": "CLUSTER_DEFAULT"}, {"zoneType": "ZONE_ONE", "supportedEffects": [{"id": "FIXED", "syncable": false, "fixedIntensity": false, "signature": false, "inactivityOnly": false}, {"id": "BREATHING", "syncable": false, "fixedIntensity": false, "signature": false, "inactivityOnly": false}], "defaultColor": {"rgba": {"red": 1, "green": 1, "blue": 1, "alpha": 1}, "tag": ""}, "onboardCluster": "CLUSTER_DEFAULT"}, {"zoneType": "ZONE_TWO", "supportedEffects": [{"id": "FIXED", "syncable": false, "fixedIntensity": false, "signature": false, "inactivityOnly": false}, {"id": "BREATHING", "syncable": false, "fixedIntensity": false, "signature": false, "inactivityOnly": false}], "defaultColor": {"rgba": {"red": 1, "green": 1, "blue": 1, "alpha": 1}, "tag": ""}, "onboardCluster": "CLUSTER_DEFAULT"}, {"zoneType": "ZONE_THREE", "supportedEffects": [{"id": "FIXED", "syncable": false, "fixedIntensity": false, "signature": false, "inactivityOnly": false}, {"id": "BREATHING", "syncable": false, "fixedIntensity": false, "signature": false, "inactivityOnly": false}], "defaultColor": {"rgba": {"red": 1, "green": 1, "blue": 1, "alpha": 1}, "tag": ""}, "onboardCluster": "CLUSTER_DEFAULT"}, {"zoneType": "ZONE_FOUR", "supportedEffects": [{"id": "FIXED", "syncable": false, "fixedIntensity": false, "signature": false, "inactivityOnly": false}, {"id": "BREATHING", "syncable": false, "fixedIntensity": false, "signature": false, "inactivityOnly": false}], "defaultColor": {"rgba": {"red": 1, "green": 1, "blue": 1, "alpha": 1}, "tag": ""}, "onboardCluster": "CLUSTER_DEFAULT"}, {"zoneType": "ZONE_FIVE", "supportedEffects": [{"id": "FIXED", "syncable": false, "fixedIntensity": false, "signature": false, "inactivityOnly": false}], "defaultColor": {"rgba": {"red": 0, "green": 1, "blue": 0, "alpha": 1}, "tag": ""}, "onboardCluster": "CLUSTER_DEFAULT"}, {"zoneType": "ZONE_SIX", "supportedEffects": [{"id": "FIXED", "syncable": false, "fixedIntensity": false, "signature": false, "inactivityOnly": false}], "defaultColor": {"rgba": {"red": 1, "green": 1, "blue": 0, "alpha": 1}, "tag": ""}, "onboardCluster": "CLUSTER_DEFAULT"}, {"zoneType": "ZONE_SEVEN", "supportedEffects": [{"id": "FIXED", "syncable": false, "fixedIntensity": false, "signature": false, "inactivityOnly": false}], "defaultColor": {"rgba": {"red": 1, "green": 0, "blue": 0, "alpha": 1}, "tag": ""}, "onboardCluster": "CLUSTER_DEFAULT"}], "isMonochrome": false, "isPerKey": false, "hideStartupEffect": true, "shutdownEffect": false, "brightnessLevels": [], "powerSavingEffect": false, "lowBatteryEffect": false, "brightnessPercentage": false, "gamma": false, "firmwareOnly": true, "offRamp": false, "activeDimming": false, "hasPositionalEffect": false}, "sleepTimer": false, "mstateSupport": {"count": 1, "timeOut": 0}, "fnInversion": false, "presentSplashScreen": false, "customizableColor": false, "wirelessReportRate": false, "hybridEngine": false, "advancedSleepTimer": false, "angleSnapping": false, "excludeGShift": false, "hostRemovalSupport": false, "microphoneSupport": {"supportedPolarPatterns": [{"id": "POLAR_PATTERN_STEREO"}, {"id": "POLAR_PATTERN_OMNI"}, {"id": "POLAR_PATTERN_CARDIOID"}, {"id": "POLAR_PATTERN_BIDIRECTIONAL"}], "supportedMicrophoneModes": [{"id": "MICROPHONE_GAIN"}, {"id": "HEADPHONE_LEVEL"}, {"id": "BLEND"}]}, "headphoneJack": true, "hostInfos": false, "gkeyLayout": "INVALID_GKEY_LAYOUT", "hasBatteryStatus": false, "powerOffTimer": false, "requiresBackupForDfu": false, "unifiedBattery": false, "dpiLighting": false, "nonInteractive": false, "chargepadCompatible": false, "individuality": false, "defaultSlotFormat": "INVALID_FORMAT"}, "activeInterfaces": [{"type": "DEVIO", "id": "046d_0ad1", "pid": 2769, "modelId": 0, "extendedModel": 0, "serialNumber": "1191204096", "path": "usb\\vid_046d&pid_0ad1&mi_03\\9&1b5b88cf&0&0003", "containerId": "32ffc2db-bb57-5c2b-80fe-e958a45b4fce", "deviceType": "MICROPHONE", "deviceName": "Yeti X", "keyboardLayout": "INVALID_LAYOUT", "firmwareVersion": "12.16.1216", "unitId": "1191204096", "firmwareName": "U1216", "connectionType": "USB", "hasOnboardMode": false}, {"type": "HIDIO", "id": "HID_046d_0ad1_ffff0001", "pid": 2769, "modelId": 0, "extendedModel": 0, "serialNumber": "", "path": "\\\\?\\HID#VID_046D&PID_0AD1&MI_03&COL04#A&33D053&0&0003#{4D1E55B2-F16F-11CF-88CB-001111000030}", "containerId": "32ffc2db-bb57-5c2b-80fe-e958a45b4fce", "deviceType": "MICROPHONE", "deviceName": "Yeti X", "keyboardLayout": "INVALID_LAYOUT", "firmwareVersion": "", "unitId": "", "firmwareName": "", "connectionType": "USB", "hasOnboardMode": false}, {"type": "AUDIO", "id": "", "pid": 0, "modelId": 0, "extendedModel": 0, "serialNumber": "", "path": "", "containerId": "32ffc2db-bb57-5c2b-80fe-e958a45b4fce", "deviceType": "INVALID_TYPE", "deviceName": "", "keyboardLayout": "INVALID_LAYOUT", "firmwareVersion": "", "unitId": "", "firmwareName": "", "connectionType": "VIRTUAL", "hasOnboardMode": false}], "slots": {"yetix_equalizer": {"id": "yetix_equalizer", "attribute": "EQUALIZER", "disabled": false}, "yetix_acoustics": {"id": "yetix_acoustics", "attribute": "ACOUSTICS", "disabled": false}, "yetix_blue_voice_2_settings": {"id": "yetix_blue_voice_2_settings", "attribute": "BLUE_VOICE_2_SETTINGS", "disabled": false}, "yetix_lighting_setting_firmware": {"id": "yetix_lighting_setting_firmware", "attribute": "FIRMWARE_LIGHTING_SETTINGS", "disabled": false}, "yetix_microphone_settings": {"id": "yetix_microphone_settings", "attribute": "MICROPHONE_SETTINGS", "disabled": false}}}]}}