 {"msgId": "228cffd3-27be-40ec-b6db-7ca142a37690", "verb": "GET", "path": "/devices/list", "origin": "backend", "result": {"code": "SUCCESS", "what": ""}, "payload": {"@type": "type.googleapis.com/logi.protocol.devices.Device.Info.List", "deviceInfos": [{"id": "dev00000000", "pid": 2727, "firmwareName": "U171", "isSubdevice": false, "state": "ACTIVE", "onboardMode": false, "individualMode": false, "resourcesAvailable": true, "connectionType": "USB", "hasWirelessInterface": false, "displayConnectionType": "USB", "deviceType": "HEADSET", "deviceFamily": "", "deviceModel": "pro_gaming_headset", "deviceBaseModel": "pro_gaming_headset", "displayName": "PRO", "extendedDisplayName": "Pro Gaming Headset", "slotPrefix": "proheadset", "thumbnail": "pipeline://core/thumbnails/pro_headset.png", "stringPackage": "", "deviceExt": 0, "deviceUnitId": "4294967295", "deviceSignature": "HEADSET.pro_gaming_headset.0.4294967295", "givenName": "", "capabilities": {"audio": {"dtsSupported": false, "dolbySupported": false, "denoiserSupported": true, "onboardEqSupported": false, "onboardProEqSupported": true, "dtsHx2eSupported": false, "proEqSupported": true, "blueVoiceSupported": false, "hardwareNoiseReductionSupported": true, "blueVoice2Supported": false, "hidMic": false, "devioVolumeFeatures": false, "centurionEqSupported": false, "lightspeedAuxSupported": false}, "sleepTimer": false, "mstateSupport": {"count": 1, "timeOut": 0}, "fnInversion": false, "presentSplashScreen": false, "customizableColor": false, "wirelessReportRate": false, "hybridEngine": false, "advancedSleepTimer": false, "angleSnapping": false, "excludeGShift": false, "hostRemovalSupport": false, "headphoneJack": false, "hostInfos": false, "gkeyLayout": "INVALID_GKEY_LAYOUT", "hasBatteryStatus": false, "powerOffTimer": false, "requiresBackupForDfu": false, "unifiedBattery": false, "dpiLighting": false, "nonInteractive": false, "chargepadCompatible": false, "individuality": false, "defaultSlotFormat": "INVALID_FORMAT", "fnToggle": false}, "activeInterfaces": [{"type": "DEVIO", "id": "046d_0aa7", "pid": 2727, "modelId": 0, "extendedModel": 255, "serialNumber": "4294967295", "path": "\\\\?\\hid#vid_046d&pid_0aa7&mi_03&col04#9&78bdcfe&0&0003#{4d1e55b2-f16f-11cf-88cb-001111000030}", "containerId": "37163cfc-3ad8-5ad9-8234-a8b8fb75587e", "deviceType": "HEADSET", "deviceName": "PRO", "keyboardLayout": "INVALID_LAYOUT", "firmwareVersion": "171.0.1", "firmwareName": "U171", "firmwareRevision": 0, "hardwareRevision": 0, "unitId": "4294967295", "connectionType": "USB", "hasOnboardMode": false}, {"type": "AUDIO", "id": "", "pid": 0, "modelId": 0, "extendedModel": 0, "serialNumber": "", "path": "", "containerId": "37163cfc-3ad8-5ad9-8234-a8b8fb75587e", "deviceType": "INVALID_TYPE", "deviceName": "", "keyboardLayout": "INVALID_LAYOUT", "firmwareVersion": "", "firmwareName": "", "firmwareRevision": 0, "hardwareRevision": 0, "unitId": "", "connectionType": "VIRTUAL", "hasOnboardMode": false}], "slots": {"proheadset_acoustics": {"id": "proheadset_acoustics", "attribute": "ACOUSTICS", "disabled": false, "defaultCard": "9b85425b-8c71-4b15-808c-12020aa70000"}, "proheadset_pro_equalizer": {"id": "proheadset_pro_equalizer", "attribute": "PRO_EQUALIZER", "disabled": false, "defaultCard": "0487742c-a435-4379-95d6-f0b52fe4e0f8"}}}, {"id": "dev00000001", "pid": 0, "firmwareName": "", "isSubdevice": false, "state": "ABSENT", "onboardMode": false, "individualMode": false, "resourcesAvailable": true, "connectionType": "INVALID_CONNECTION", "hasWirelessInterface": false, "displayConnectionType": "INVALID_DISPLAY_CONNECTION", "deviceType": "CAMERA", "deviceFamily": "", "deviceModel": "c922", "deviceBaseModel": "c922", "displayName": "C922", "extendedDisplayName": "C922 HD Pro Webcam", "slotPrefix": "c922", "thumbnail": "pipeline://core/thumbnails/c922.png", "stringPackage": "", "deviceExt": 0, "deviceUnitId": "", "deviceSignature": "", "givenName": "", "capabilities": {"sleepTimer": false, "mstateSupport": {"count": 1, "timeOut": 0}, "fnInversion": false, "presentSplashScreen": false, "customizableColor": false, "wirelessReportRate": false, "hybridEngine": false, "advancedSleepTimer": false, "angleSnapping": false, "excludeGShift": false, "hostRemovalSupport": false, "headphoneJack": false, "hostInfos": false, "gkeyLayout": "INVALID_GKEY_LAYOUT", "hasBatteryStatus": false, "powerOffTimer": false, "requiresBackupForDfu": false, "unifiedBattery": false, "dpiLighting": false, "nonInteractive": false, "chargepadCompatible": false, "individuality": false, "defaultSlotFormat": "INVALID_FORMAT", "fnToggle": false}, "activeInterfaces": [], "slots": {}}, {"id": "dev00000002", "pid": 2776, "firmwareName": "", "isSubdevice": false, "state": "ACTIVE", "onboardMode": false, "individualMode": false, "resourcesAvailable": true, "connectionType": "USB", "hasWirelessInterface": false, "displayConnectionType": "LIGHTSPEED", "deviceType": "HEADSET", "deviceFamily": "", "deviceModel": "g735", "deviceBaseModel": "g735", "displayName": "G735", "extendedDisplayName": "G735 Wireless Gaming Headset", "slotPrefix": "g735", "thumbnail": "pipeline://core/thumbnails/g735.png", "stringPackage": "", "deviceExt": 0, "deviceUnitId": "IAm", "deviceSignature": "HEADSET.g735.0.IAm", "givenName": "", "capabilities": {"audio": {"dtsSupported": false, "dolbySupported": false, "denoiserSupported": false, "onboardEqSupported": false, "onboardProEqSupported": false, "dtsHx2eSupported": true, "proEqSupported": false, "blueVoiceSupported": false, "hardwareNoiseReductionSupported": false, "blueVoice2Supported": true, "hidMic": false, "devioVolumeFeatures": false, "centurionEqSupported": true, "lightspeedAuxSupported": true}, "lightingSupport": {"deviceCategory": "HEADSET_RGB_PER_KEY", "typeMap": {"ZONE_ALL": "ALL", "ZONE_TOP": "PRIMARY", "ZONE_BOTTOM": "LOGO", "PERKEY_COSMETIC": ""}, "zones": [{"zoneType": "ZONE_TOP", "supportedEffects": [{"id": "OFF", "syncable": true, "fixedIntensity": false, "signature": false, "inactivityOnly": false}, {"id": "FIXED", "syncable": true, "fixedIntensity": false, "signature": false, "inactivityOnly": false}, {"id": "COLOR_CYCLE_S", "syncable": true, "fixedIntensity": false, "signature": false, "inactivityOnly": false}, {"id": "BREATHING", "syncable": true, "fixedIntensity": false, "signature": false, "inactivityOnly": false}], "onboardCluster": "CLUSTER_DEFAULT"}, {"zoneType": "ZONE_BOTTOM", "supportedEffects": [{"id": "OFF", "syncable": true, "fixedIntensity": false, "signature": false, "inactivityOnly": false}, {"id": "FIXED", "syncable": true, "fixedIntensity": false, "signature": false, "inactivityOnly": false}, {"id": "COLOR_CYCLE_S", "syncable": true, "fixedIntensity": false, "signature": false, "inactivityOnly": false}, {"id": "BREATHING", "syncable": true, "fixedIntensity": false, "signature": false, "inactivityOnly": false}], "onboardCluster": "CLUSTER_DEFAULT"}, {"zoneType": "ZONE_ALL", "supportedEffects": [{"id": "COLORWAVE_S", "syncable": false, "fixedIntensity": false, "signature": false, "inactivityOnly": false}, {"id": "SMOOTH_STAR", "syncable": true, "fixedIntensity": false, "signature": true, "inactivityOnly": false}, {"id": "SMOOTH_WAVE", "syncable": true, "fixedIntensity": false, "signature": true, "inactivityOnly": true}, {"id": "CUSTOM", "syncable": false, "fixedIntensity": false, "signature": false, "inactivityOnly": false}], "onboardCluster": "CLUSTER_DEFAULT"}], "isMonochrome": false, "isPerKey": true, "persistence": {"zoneEffects": false, "perKeyFixed": false, "customEffects": {"slots": 1, "entityOffset": 0}}, "hideStartupEffect": false, "shutdownEffect": true, "brightnessLevels": [], "powerSavingEffect": true, "lowBatteryEffect": false, "brightnessPercentage": false, "gamma": true, "firmwareOnly": false, "offRamp": false, "activeDimming": false, "signatureLighting": {"signatureColorOne": {"tag": "", "hex": "#FE8385"}, "signatureColorTwo": {"tag": "", "hex": "#CBE8CE"}, "signatureColorOnePreview": {"tag": "", "hex": "#FF8DAA"}, "signatureColorTwoPreview": {"tag": "", "hex": "#8BE4E9"}, "allowCustomColors": false}, "hasPositionalEffect": true, "hasPastelPalette": true, "hasRingLeds": false, "hasMasterSwitch": true, "needKeepAliveSignal": true}, "sleepTimer": false, "mstateSupport": {"count": 1, "timeOut": 0}, "fnInversion": false, "presentSplashScreen": true, "customizableColor": false, "wirelessReportRate": false, "hybridEngine": false, "advancedSleepTimer": false, "angleSnapping": false, "excludeGShift": false, "hostRemovalSupport": false, "headphoneJack": false, "hostInfos": false, "gkeyLayout": "INVALID_GKEY_LAYOUT", "hasBatteryStatus": true, "powerOffTimer": true, "requiresBackupForDfu": false, "unifiedBattery": true, "dpiLighting": false, "nonInteractive": false, "chargepadCompatible": false, "individuality": false, "defaultSlotFormat": "INVALID_FORMAT", "fnToggle": false}, "activeInterfaces": [{"type": "DEVIO", "id": "046d_0ad8", "pid": 2776, "modelId": 0, "extendedModel": 0, "serialNumber": "IAm", "path": "usb\\vid_046d&pid_0ad8&mi_00\\8&2cb5d6e&0&0000", "containerId": "b80244a0-2266-11ed-9e95-8cec4ba35cd2", "deviceType": "INVALID_TYPE", "deviceName": "G735 Gaming Headset", "keyboardLayout": "INVALID_LAYOUT", "firmwareVersion": "1.0.9", "firmwareName": "", "firmwareRevision": 0, "hardwareRevision": 0, "unitId": "IAm", "connectionType": "USB", "hasOnboardMode": true}, {"type": "AUDIO", "id": "", "pid": 0, "modelId": 0, "extendedModel": 0, "serialNumber": "", "path": "", "containerId": "b80244a0-2266-11ed-9e95-8cec4ba35cd2", "deviceType": "INVALID_TYPE", "deviceName": "", "keyboardLayout": "INVALID_LAYOUT", "firmwareVersion": "", "firmwareName": "", "firmwareRevision": 0, "hardwareRevision": 0, "unitId": "", "connectionType": "VIRTUAL", "hasOnboardMode": false}], "slots": {"g735_lighting_setting_firmware": {"id": "g735_lighting_setting_firmware", "attribute": "FIRMWARE_LIGHTING_SETTINGS", "disabled": false, "defaultCard": "ba7aa32d-8b6d-4edd-829d-5a560e262295"}, "g735_audio_effects_settings": {"id": "g735_audio_effects_settings", "attribute": "AUDIO_EFFECTS_SETTINGS", "disabled": false, "defaultCard": "4199A846-775A-4DF8-9C13-1CB900CF92DA"}, "g735_microphone_settings": {"id": "g735_microphone_settings", "attribute": "MICROPHONE_SETTINGS", "disabled": false, "defaultCard": "A5F67DDD-74E6-4CF6-8D0F-54E651B76513"}, "g735_centurion_volume": {"id": "g735_centurion_volume", "attribute": "CENTURION_VOLUME", "disabled": false, "defaultCard": "9b85425b-8c71-4b15-808c-12180ad80000"}, "g735_acoustics": {"id": "g735_acoustics", "attribute": "ACOUSTICS", "disabled": false, "defaultCard": "9b85425b-8c71-4b15-808c-12020ad80000"}, "g735_blue_voice_2_settings": {"id": "g735_blue_voice_2_settings", "attribute": "BLUE_VOICE_2_SETTINGS", "disabled": false, "defaultCard": "b670433a-ac68-40f5-ab6c-e62f72f7d96b"}, "g735_centurion_equalizer": {"id": "g735_centurion_equalizer", "attribute": "CENTURION_EQUALIZER", "disabled": false, "defaultCard": "123e0346-e78a-43e0-b81c-55d24f267f5c"}}}]}}