 {"msgId": "2e71e808-4643-4c49-828a-4862bcdbb40e", "verb": "GET", "path": "/devices/list", "origin": "backend", "result": {"code": "SUCCESS", "what": ""}, "payload": {"@type": "type.googleapis.com/logi.protocol.devices.Device.Info.List", "deviceInfos": [{"id": "dev00000000", "pid": 2746, "state": "ACTIVE", "onboardMode": false, "individualMode": false, "resourcesAvailable": true, "connectionType": "USB", "hasWirelessInterface": false, "deviceType": "HEADSET", "deviceFamily": "", "deviceModel": "pro_71_gaming_wireless_headset", "deviceBaseModel": "pro_71_gaming_wireless_headset", "displayName": "PRO X WIRELESS", "extendedDisplayName": "PRO X Wireless Gaming Headset", "slotPrefix": "proxwirelessheadset", "thumbnail": "pipeline://core/thumbnails/pro_headset.png", "deviceExt": 0, "deviceUnitId": "4294967295", "deviceSignature": "HEADSET.pro_71_gaming_wireless_headset.0.4294967295", "givenName": "", "capabilities": {"audio": {"dtsSupported": false, "dolbySupported": false, "denoiserSupported": true, "onboardEqSupported": false, "onboardProEqSupported": false, "dtsHx2eSupported": true, "proEqSupported": false, "blueVoiceSupported": true, "hardwareNoiseReductionSupported": false, "blueVoice2Supported": false, "hidMic": false, "devioVolumeFeatures": false}, "sleepTimer": false, "mstateSupport": {"count": 1, "timeOut": 0}, "fnInversion": false, "presentSplashScreen": false, "customizableColor": false, "wirelessReportRate": false, "hybridEngine": false, "advancedSleepTimer": false, "angleSnapping": false, "excludeGShift": false, "hostRemovalSupport": false, "headphoneJack": false, "hostInfos": false, "gkeyLayout": "INVALID_GKEY_LAYOUT", "hasBatteryStatus": true, "powerOffTimer": true, "requiresBackupForDfu": false, "unifiedBattery": false, "dpiLighting": false, "nonInteractive": false, "chargepadCompatible": false, "individuality": false}, "activeInterfaces": [{"type": "DEVIO", "id": "046d_0aba", "pid": 2746, "modelId": 0, "extendedModel": 0, "serialNumber": "4294967295", "path": "\\\\?\\hid#vid_046d&pid_0aba&mi_03&col02#9&485c8fa&0&0001#{4d1e55b2-f16f-11cf-88cb-001111000030}", "containerId": "16d6b190-e483-11eb-81b3-b0a460b8e880", "deviceType": "HEADSET", "deviceName": "PRO X Wireless Gaming Headset", "keyboardLayout": "INVALID_LAYOUT", "firmwareVersion": "112.1.203", "unitId": "4294967295", "firmwarePrefix": "U112", "connectionType": "USB", "hasOnboardMode": false}, {"type": "AUDIO", "id": "", "pid": 0, "modelId": 0, "extendedModel": 0, "serialNumber": "", "path": "", "containerId": "16d6b190-e483-11eb-81b3-b0a460b8e880", "deviceType": "INVALID_TYPE", "deviceName": "", "keyboardLayout": "INVALID_LAYOUT", "firmwareVersion": "", "unitId": "", "firmwarePrefix": "", "connectionType": "VIRTUAL", "hasOnboardMode": false}], "slots": {"proxwirelessheadset_rtx_denoiser_settings": {"id": "proxwirelessheadset_rtx_denoiser_settings", "attribute": "RTX_DENOISER_SETTINGS", "disabled": false}, "proxwirelessheadset_microphone_settings": {"id": "proxwirelessheadset_microphone_settings", "attribute": "MICROPHONE_SETTINGS", "disabled": false}, "proxwirelessheadset_blue_voice_settings": {"id": "proxwirelessheadset_blue_voice_settings", "attribute": "BLUE_VOICE_SETTINGS", "disabled": false}, "proxwirelessheadset_acoustics": {"id": "proxwirelessheadset_acoustics", "attribute": "ACOUSTICS", "disabled": false}, "proxwirelessheadset_equalizer": {"id": "proxwirelessheadset_equalizer", "attribute": "EQUALIZER", "disabled": false}}}]}}