 {"msgId": "21d152af-7388-4a5a-9a2c-bb18bf219cd9", "verb": "GET", "path": "/devices/list", "origin": "backend", "result": {"code": "SUCCESS", "what": ""}, "payload": {"@type": "type.googleapis.com/logi.protocol.devices.Device.Info.List", "deviceInfos": [{"id": "dev00000000", "pid": 2767, "firmwareName": "BOT00", "isSubdevice": false, "state": "ACTIVE", "onboardMode": false, "individualMode": false, "resourcesAvailable": true, "connectionType": "USB", "hasWirelessInterface": false, "displayConnectionType": "USB", "deviceType": "MICROPHONE", "deviceFamily": "", "deviceModel": "yeti_nano", "deviceBaseModel": "yeti_nano", "displayName": "Yeti Nano", "extendedDisplayName": "Yeti Nano", "slotPrefix": "yeti-nano", "thumbnail": "pipeline://core/thumbnails/yeti_nano.png", "stringPackage": "", "deviceExt": 0, "deviceUnitId": "973099776", "deviceSignature": "MICROPHONE.yeti_nano.0.973099776", "givenName": "", "capabilities": {"audio": {"dtsSupported": false, "dolbySupported": false, "denoiserSupported": false, "onboardEqSupported": false, "onboardProEqSupported": false, "dtsHx2eSupported": true, "proEqSupported": false, "blueVoiceSupported": false, "hardwareNoiseReductionSupported": false, "blueVoice2Supported": true, "hidMic": false, "devioVolumeFeatures": false, "centurionEqSupported": false, "lightspeedAuxSupported": false}, "sleepTimer": false, "mstateSupport": {"count": 1, "timeOut": 0}, "fnInversion": false, "presentSplashScreen": false, "customizableColor": false, "wirelessReportRate": false, "hybridEngine": false, "advancedSleepTimer": false, "angleSnapping": false, "excludeGShift": false, "hostRemovalSupport": false, "microphoneSupport": {"supportedPolarPatterns": [{"id": "POLAR_PATTERN_OMNI"}, {"id": "POLAR_PATTERN_CARDIOID"}], "supportedMicrophoneModes": [{"id": "MICROPHONE_GAIN"}, {"id": "HEADPHONE_LEVEL"}]}, "headphoneJack": true, "hostInfos": false, "gkeyLayout": "INVALID_GKEY_LAYOUT", "hasBatteryStatus": false, "powerOffTimer": false, "requiresBackupForDfu": false, "unifiedBattery": false, "dpiLighting": false, "nonInteractive": false, "chargepadCompatible": false, "individuality": false, "defaultSlotFormat": "INVALID_FORMAT", "fnToggle": false}, "activeInterfaces": [{"type": "DEVIO", "id": "046d_0acf", "pid": 2767, "modelId": 0, "extendedModel": 0, "serialNumber": "973099776", "path": "usb\\vid_046d&pid_0acf&mi_03\\8&15096630&0&0003", "containerId": "63969b10-8505-5916-91ea-b734ceafc55e", "deviceType": "MICROPHONE", "deviceName": "Yeti Nano", "keyboardLayout": "INVALID_LAYOUT", "firmwareVersion": "12.16.1216", "firmwareName": "BOT00", "firmwareRevision": 1, "hardwareRevision": 0, "unitId": "973099776", "connectionType": "USB", "hasOnboardMode": false}, {"type": "HIDIO", "id": "HID_046d_0acf_ffff0001", "pid": 2767, "modelId": 0, "extendedModel": 0, "serialNumber": "", "path": "\\\\?\\HID#VID_046D&PID_0ACF&MI_03&COL05#9&236D9FEF&0&0004#{4D1E55B2-F16F-11CF-88CB-001111000030}", "containerId": "63969b10-8505-5916-91ea-b734ceafc55e", "deviceType": "MICROPHONE", "deviceName": "Yeti Nano", "keyboardLayout": "INVALID_LAYOUT", "firmwareVersion": "", "firmwareName": "", "firmwareRevision": 0, "hardwareRevision": 0, "unitId": "", "connectionType": "USB", "hasOnboardMode": false}, {"type": "AUDIO", "id": "", "pid": 0, "modelId": 0, "extendedModel": 0, "serialNumber": "", "path": "", "containerId": "63969b10-8505-5916-91ea-b734ceafc55e", "deviceType": "INVALID_TYPE", "deviceName": "", "keyboardLayout": "INVALID_LAYOUT", "firmwareVersion": "", "firmwareName": "", "firmwareRevision": 0, "hardwareRevision": 0, "unitId": "", "connectionType": "VIRTUAL", "hasOnboardMode": false}], "slots": {"yeti-nano_blue_voice_2_settings": {"id": "yeti-nano_blue_voice_2_settings", "attribute": "BLUE_VOICE_2_SETTINGS", "disabled": false}, "yeti-nano_acoustics": {"id": "yeti-nano_acoustics", "attribute": "ACOUSTICS", "disabled": false}, "yeti-nano_microphone_settings": {"id": "yeti-nano_microphone_settings", "attribute": "MICROPHONE_SETTINGS", "disabled": false}, "yeti-nano_equalizer": {"id": "yeti-nano_equalizer", "attribute": "EQUALIZER", "disabled": false}}}, {"id": "dev00000001", "pid": 49774, "firmwareName": "U139", "isSubdevice": false, "state": "ACTIVE", "onboardMode": false, "individualMode": false, "resourcesAvailable": true, "connectionType": "USB", "hasWirelessInterface": false, "displayConnectionType": "USB", "deviceType": "STEERING_WHEEL", "deviceFamily": "", "deviceModel": "g923_xbox", "deviceBaseModel": "g923_xbox", "displayName": "G923", "extendedDisplayName": "G923 Racing Wheel for XBox One and PC", "slotPrefix": "g923-xbox", "thumbnail": "pipeline://core/thumbnails/g923_xbox.png", "stringPackage": "", "deviceExt": 0, "deviceUnitId": "1350144186", "deviceSignature": "STEERING_WHEEL.g923_xbox.0.1350144186", "givenName": "", "capabilities": {"sleepTimer": false, "mstateSupport": {"count": 1, "timeOut": 0}, "reportHidControls": {"pages": [{"page": 9, "usages": [{"usage": 1, "button": 1}, {"usage": 2, "button": 2}, {"usage": 3, "button": 3}, {"usage": 4, "button": 4}, {"usage": 5, "button": 5}, {"usage": 6, "button": 6}, {"usage": 7, "button": 7}, {"usage": 8, "button": 8}, {"usage": 9, "button": 9}, {"usage": 10, "button": 10}, {"usage": 11, "button": 11}, {"usage": 12, "button": 12}, {"usage": 13, "button": 13}, {"usage": 14, "button": 14}, {"usage": 15, "button": 15}, {"usage": 16, "button": 16}, {"usage": 17, "button": 17}, {"usage": 18, "button": 18}, {"usage": 19, "button": 19}, {"usage": 20, "button": 20}, {"usage": 21, "button": 21}, {"usage": 22, "button": 22}, {"usage": 23, "button": 23}]}, {"page": 65280, "usages": [{"usage": 1, "button": 24}, {"usage": 2, "button": 25}, {"usage": 3, "button": 26}, {"usage": 4, "button": 27}, {"usage": 5, "button": 28}, {"usage": 6, "button": 29}, {"usage": 7, "button": 30}, {"usage": 8, "button": 31}]}]}, "fnInversion": false, "presentSplashScreen": false, "customizableColor": false, "wirelessReportRate": false, "hybridEngine": false, "advancedSleepTimer": false, "angleSnapping": false, "excludeGShift": false, "hostRemovalSupport": false, "headphoneJack": false, "gamingAttachments": {"attachments": [{"id": "DAYLIGHT_STARLIGHT_SHIFTER", "slotIds": ["g923-xbox_g12_m1", "g923-xbox_g13_m1", "g923-xbox_g14_m1", "g923-xbox_g15_m1", "g923-xbox_g16_m1", "g923-xbox_g17_m1", "g923-xbox_g18_m1", "g923-xbox_g12_m1_shifted", "g923-xbox_g13_m1_shifted", "g923-xbox_g14_m1_shifted", "g923-xbox_g15_m1_shifted", "g923-xbox_g16_m1_shifted", "g923-xbox_g17_m1_shifted", "g923-xbox_g18_m1_shifted"]}, {"id": "DAYLIGHT_STARLIGHT_PEDALS", "slotIds": ["g923-xbox_pedal_settings"]}]}, "operatingRange": {"minimum": 180, "maximum": 900}, "pedalHidControls": {"pages": [{"page": 1, "usages": [{"usage": 49, "button": 1}, {"usage": 50, "button": 2}, {"usage": 53, "button": 3}]}]}, "hostInfos": false, "gkeyLayout": "INVALID_GKEY_LAYOUT", "hasBatteryStatus": false, "powerOffTimer": false, "trueforce": {"deviceId": "", "tfGain": {"value": 100}, "kfGain": {"value": 100}, "gameControl": {"enabled": true}}, "axisMonitor": {"axes": [{"axisId": "WHEEL", "interfaceId": "HID_046d_c26e_00010004", "controlPage": 1, "controlUsage": 48}, {"axisId": "BRAKE", "interfaceId": "HID_046d_c26e_00010004", "controlPage": 1, "controlUsage": 50}, {"axisId": "CLUTCH", "interfaceId": "HID_046d_c26e_00010004", "controlPage": 1, "controlUsage": 53}, {"axisId": "ACCELERATOR", "interfaceId": "HID_046d_c26e_00010004", "controlPage": 1, "controlUsage": 49}]}, "requiresBackupForDfu": false, "unifiedBattery": false, "dpiLighting": false, "nonInteractive": false, "chargepadCompatible": false, "individuality": false, "defaultSlotFormat": "INVALID_FORMAT", "fnToggle": false}, "activeInterfaces": [{"type": "DEVIO", "id": "046d_c26e", "pid": 49774, "modelId": 0, "extendedModel": 0, "serialNumber": "1350144186", "path": "usb\\vid_046d&pid_c26e&mi_00\\8&1c093627&0&0000", "containerId": "4b10125f-eb84-52fe-9c02-6900e5024534", "deviceType": "STEERING_WHEEL", "deviceName": "G923 Racing Wheel for Xbox One and PC", "keyboardLayout": "INVALID_LAYOUT", "firmwareVersion": "139.1.49", "firmwareName": "U139", "firmwareRevision": 1, "hardwareRevision": 2, "unitId": "1350144186", "connectionType": "USB", "hasOnboardMode": false}, {"type": "HIDIO", "id": "HID_046d_c26e_00010004", "pid": 49774, "modelId": 0, "extendedModel": 0, "serialNumber": "", "path": "\\\\?\\HID#VID_046D&PID_C26E&MI_00&COL01#9&13CB8951&0&0000#{4D1E55B2-F16F-11CF-88CB-001111000030}", "containerId": "4b10125f-eb84-52fe-9c02-6900e5024534", "deviceType": "STEERING_WHEEL", "deviceName": "", "keyboardLayout": "INVALID_LAYOUT", "firmwareVersion": "", "firmwareName": "", "firmwareRevision": 0, "hardwareRevision": 0, "unitId": "", "connectionType": "USB", "hasOnboardMode": false}], "slots": {"g923-xbox_g17_m1": {"id": "g923-xbox_g17_m1", "attribute": "MACRO_PLAYBACK", "disabled": true}, "g923-xbox_g20_m1": {"id": "g923-xbox_g20_m1", "attribute": "MACRO_PLAYBACK", "disabled": false}, "g923-xbox_g11_m1_shifted": {"id": "g923-xbox_g11_m1_shifted", "attribute": "MACRO_PLAYBACK", "disabled": false}, "g923-xbox_g2_m1_shifted": {"id": "g923-xbox_g2_m1_shifted", "attribute": "MACRO_PLAYBACK", "disabled": false}, "g923-xbox_wheel_settings": {"id": "g923-xbox_wheel_settings", "attribute": "WHEEL_SETTINGS", "disabled": false}, "g923-xbox_g29_m1_shifted": {"id": "g923-xbox_g29_m1_shifted", "attribute": "MACRO_PLAYBACK", "disabled": false}, "g923-xbox_g30_m1": {"id": "g923-xbox_g30_m1", "attribute": "MACRO_PLAYBACK", "disabled": false}, "g923-xbox_g28_m1": {"id": "g923-xbox_g28_m1", "attribute": "MACRO_PLAYBACK", "disabled": false}, "g923-xbox_g8_m1": {"id": "g923-xbox_g8_m1", "attribute": "MACRO_PLAYBACK", "disabled": false}, "g923-xbox_g5_m1_shifted": {"id": "g923-xbox_g5_m1_shifted", "attribute": "MACRO_PLAYBACK", "disabled": false}, "g923-xbox_g31_m1": {"id": "g923-xbox_g31_m1", "attribute": "MACRO_PLAYBACK", "disabled": false}, "g923-xbox_g28_m1_shifted": {"id": "g923-xbox_g28_m1_shifted", "attribute": "MACRO_PLAYBACK", "disabled": false}, "g923-xbox_g19_m1_shifted": {"id": "g923-xbox_g19_m1_shifted", "attribute": "MACRO_PLAYBACK", "disabled": false}, "g923-xbox_g6_m1": {"id": "g923-xbox_g6_m1", "attribute": "MACRO_PLAYBACK", "disabled": false}, "g923-xbox_pedal_settings": {"id": "g923-xbox_pedal_settings", "attribute": "PEDAL_SETTINGS", "disabled": false}, "g923-xbox_g7_m1_shifted": {"id": "g923-xbox_g7_m1_shifted", "attribute": "MACRO_PLAYBACK", "disabled": false}, "g923-xbox_g16_m1_shifted": {"id": "g923-xbox_g16_m1_shifted", "attribute": "MACRO_PLAYBACK", "disabled": true}, "g923-xbox_g3_m1_shifted": {"id": "g923-xbox_g3_m1_shifted", "attribute": "MACRO_PLAYBACK", "disabled": false}, "g923-xbox_g13_m1": {"id": "g923-xbox_g13_m1", "attribute": "MACRO_PLAYBACK", "disabled": true}, "g923-xbox_g12_m1": {"id": "g923-xbox_g12_m1", "attribute": "MACRO_PLAYBACK", "disabled": true}, "g923-xbox_g19_m1": {"id": "g923-xbox_g19_m1", "attribute": "MACRO_PLAYBACK", "disabled": false}, "g923-xbox_g10_m1": {"id": "g923-xbox_g10_m1", "attribute": "MACRO_PLAYBACK", "disabled": false}, "g923-xbox_g1_m1_shifted": {"id": "g923-xbox_g1_m1_shifted", "attribute": "MACRO_PLAYBACK", "disabled": false}, "g923-xbox_g2_m1": {"id": "g923-xbox_g2_m1", "attribute": "MACRO_PLAYBACK", "disabled": false}, "g923-xbox_g13_m1_shifted": {"id": "g923-xbox_g13_m1_shifted", "attribute": "MACRO_PLAYBACK", "disabled": true}, "g923-xbox_g7_m1": {"id": "g923-xbox_g7_m1", "attribute": "MACRO_PLAYBACK", "disabled": false}, "g923-xbox_g9_m1": {"id": "g923-xbox_g9_m1", "attribute": "MACRO_PLAYBACK", "disabled": false}, "g923-xbox_g4_m1_shifted": {"id": "g923-xbox_g4_m1_shifted", "attribute": "MACRO_PLAYBACK", "disabled": false}, "g923-xbox_g23_m1": {"id": "g923-xbox_g23_m1", "attribute": "MACRO_PLAYBACK", "disabled": false}, "g923-xbox_g10_m1_shifted": {"id": "g923-xbox_g10_m1_shifted", "attribute": "MACRO_PLAYBACK", "disabled": false}, "g923-xbox_g26_m1_shifted": {"id": "g923-xbox_g26_m1_shifted", "attribute": "MACRO_PLAYBACK", "disabled": false}, "g923-xbox_g24_m1_shifted": {"id": "g923-xbox_g24_m1_shifted", "attribute": "MACRO_PLAYBACK", "disabled": false}, "g923-xbox_g18_m1_shifted": {"id": "g923-xbox_g18_m1_shifted", "attribute": "MACRO_PLAYBACK", "disabled": true}, "g923-xbox_g3_m1": {"id": "g923-xbox_g3_m1", "attribute": "MACRO_PLAYBACK", "disabled": false}, "g923-xbox_g17_m1_shifted": {"id": "g923-xbox_g17_m1_shifted", "attribute": "MACRO_PLAYBACK", "disabled": true}, "g923-xbox_g14_m1": {"id": "g923-xbox_g14_m1", "attribute": "MACRO_PLAYBACK", "disabled": true}, "g923-xbox_g24_m1": {"id": "g923-xbox_g24_m1", "attribute": "MACRO_PLAYBACK", "disabled": false}, "g923-xbox_g15_m1": {"id": "g923-xbox_g15_m1", "attribute": "MACRO_PLAYBACK", "disabled": true}, "g923-xbox_g23_m1_shifted": {"id": "g923-xbox_g23_m1_shifted", "attribute": "MACRO_PLAYBACK", "disabled": false}, "g923-xbox_g14_m1_shifted": {"id": "g923-xbox_g14_m1_shifted", "attribute": "MACRO_PLAYBACK", "disabled": true}, "g923-xbox_g21_m1": {"id": "g923-xbox_g21_m1", "attribute": "MACRO_PLAYBACK", "disabled": false}, "g923-xbox_g27_m1": {"id": "g923-xbox_g27_m1", "attribute": "MACRO_PLAYBACK", "disabled": false}, "g923-xbox_g21_m1_shifted": {"id": "g923-xbox_g21_m1_shifted", "attribute": "MACRO_PLAYBACK", "disabled": false}, "g923-xbox_g22_m1_shifted": {"id": "g923-xbox_g22_m1_shifted", "attribute": "MACRO_PLAYBACK", "disabled": false}, "g923-xbox_g11_m1": {"id": "g923-xbox_g11_m1", "attribute": "MACRO_PLAYBACK", "disabled": false}, "g923-xbox_g9_m1_shifted": {"id": "g923-xbox_g9_m1_shifted", "attribute": "MACRO_PLAYBACK", "disabled": false}, "g923-xbox_g22_m1": {"id": "g923-xbox_g22_m1", "attribute": "MACRO_PLAYBACK", "disabled": false}, "g923-xbox_g8_m1_shifted": {"id": "g923-xbox_g8_m1_shifted", "attribute": "MACRO_PLAYBACK", "disabled": false}, "g923-xbox_g15_m1_shifted": {"id": "g923-xbox_g15_m1_shifted", "attribute": "MACRO_PLAYBACK", "disabled": true}, "g923-xbox_g6_m1_shifted": {"id": "g923-xbox_g6_m1_shifted", "attribute": "MACRO_PLAYBACK", "disabled": false}, "g923-xbox_g29_m1": {"id": "g923-xbox_g29_m1", "attribute": "MACRO_PLAYBACK", "disabled": false}, "g923-xbox_g27_m1_shifted": {"id": "g923-xbox_g27_m1_shifted", "attribute": "MACRO_PLAYBACK", "disabled": false}, "g923-xbox_g12_m1_shifted": {"id": "g923-xbox_g12_m1_shifted", "attribute": "MACRO_PLAYBACK", "disabled": true}, "g923-xbox_g30_m1_shifted": {"id": "g923-xbox_g30_m1_shifted", "attribute": "MACRO_PLAYBACK", "disabled": false}, "g923-xbox_g16_m1": {"id": "g923-xbox_g16_m1", "attribute": "MACRO_PLAYBACK", "disabled": true}, "g923-xbox_trueforce_settings": {"id": "g923-xbox_trueforce_settings", "attribute": "TRUEFORCE_SETTINGS", "disabled": false}, "g923-xbox_g18_m1": {"id": "g923-xbox_g18_m1", "attribute": "MACRO_PLAYBACK", "disabled": true}, "g923-xbox_g5_m1": {"id": "g923-xbox_g5_m1", "attribute": "MACRO_PLAYBACK", "disabled": false}, "g923-xbox_g31_m1_shifted": {"id": "g923-xbox_g31_m1_shifted", "attribute": "MACRO_PLAYBACK", "disabled": false}, "g923-xbox_g4_m1": {"id": "g923-xbox_g4_m1", "attribute": "MACRO_PLAYBACK", "disabled": false}, "g923-xbox_g20_m1_shifted": {"id": "g923-xbox_g20_m1_shifted", "attribute": "MACRO_PLAYBACK", "disabled": false}, "g923-xbox_g26_m1": {"id": "g923-xbox_g26_m1", "attribute": "MACRO_PLAYBACK", "disabled": false}, "g923-xbox_g1_m1": {"id": "g923-xbox_g1_m1", "attribute": "MACRO_PLAYBACK", "disabled": false}, "g923-xbox_g25_m1": {"id": "g923-xbox_g25_m1", "attribute": "MACRO_PLAYBACK", "disabled": false}, "g923-xbox_g25_m1_shifted": {"id": "g923-xbox_g25_m1_shifted", "attribute": "MACRO_PLAYBACK", "disabled": false}}}]}}