 {"msgId": "eda58940-9b31-4554-8064-323d45489e1a", "verb": "GET", "path": "/devices/list", "origin": "backend", "result": {"code": "SUCCESS", "what": ""}, "payload": {"@type": "type.googleapis.com/logi.protocol.devices.Device.Info.List", "deviceInfos": [{"id": "dev00000000", "pid": 49288, "state": "ACTIVE", "onboardMode": false, "individualMode": false, "resourcesAvailable": true, "connectionType": "USB", "hasWirelessInterface": false, "deviceType": "MOUSE", "deviceFamily": "", "deviceModel": "pro_wireless_mouse", "deviceBaseModel": "pro_wireless_mouse", "displayName": "PRO WIRELESS", "extendedDisplayName": "Pro Wireless Mouse", "slotPrefix": "prowirelessmouse", "thumbnail": "pipeline://core/thumbnails/pro_wireless_mouse_black.png", "deviceExt": 0, "deviceUnitId": "1909863820", "deviceSignature": "MOUSE.pro_wireless_mouse.0.1909863820", "givenName": "", "capabilities": {"lightingSupport": {"deviceCategory": "MOUSE_RGB_ZONAL", "typeMap": {"ZONE_BRANDING": "LOGO", "ZONE_PRIMARY": "PRIMARY"}, "zones": [{"zoneType": "ZONE_PRIMARY", "supportedEffects": [{"id": "OFF", "syncable": true, "fixedIntensity": false, "signature": false, "inactivityOnly": false}, {"id": "FIXED", "syncable": true, "fixedIntensity": false, "signature": false, "inactivityOnly": false}, {"id": "CYCLE", "syncable": true, "fixedIntensity": false, "signature": false, "inactivityOnly": false}, {"id": "BREATHING", "syncable": true, "fixedIntensity": false, "signature": false, "inactivityOnly": false}], "onboardCluster": "CLUSTER_DEFAULT"}, {"zoneType": "ZONE_BRANDING", "supportedEffects": [{"id": "OFF", "syncable": true, "fixedIntensity": false, "signature": false, "inactivityOnly": false}, {"id": "FIXED", "syncable": true, "fixedIntensity": false, "signature": false, "inactivityOnly": false}, {"id": "CYCLE", "syncable": true, "fixedIntensity": false, "signature": false, "inactivityOnly": false}, {"id": "BREATHING", "syncable": true, "fixedIntensity": false, "signature": false, "inactivityOnly": false}], "onboardCluster": "CLUSTER_DEFAULT"}], "isMonochrome": false, "isPerKey": false, "hideStartupEffect": false, "shutdownEffect": false, "brightnessLevels": [], "powerSavingEffect": false, "lowBatteryEffect": true, "brightnessPercentage": false, "gamma": false, "firmwareOnly": false, "offRamp": false, "activeDimming": false, "hasPositionalEffect": false}, "sleepTimer": false, "mstateSupport": {"count": 1, "timeOut": 0}, "maskableZones": {"zones": [{"id": "bottom_left", "slotIds": ["prowirelessmouse_g4_m1", "prowirelessmouse_g4_m1_shifted"], "displayIconKey": "mouse_4_buttons_bottom_left_icon", "renderIconKey": "cover_bottom_left", "enabled": false}, {"id": "top_left", "slotIds": ["prowirelessmouse_g5_m1", "prowirelessmouse_g5_m1_shifted"], "displayIconKey": "mouse_4_buttons_top_left_icon", "renderIconKey": "cover_top_left", "enabled": false}, {"id": "bottom_right", "slotIds": ["prowirelessmouse_g7_m1", "prowirelessmouse_g7_m1_shifted"], "displayIconKey": "mouse_4_buttons_bottom_right_icon", "renderIconKey": "cover_bottom_right", "enabled": false}, {"id": "top_right", "slotIds": ["prowirelessmouse_g8_m1", "prowirelessmouse_g8_m1_shifted"], "displayIconKey": "mouse_4_buttons_top_right_icon", "renderIconKey": "cover_top_right", "enabled": false}]}, "fnInversion": false, "presentSplashScreen": false, "customizableColor": false, "wirelessReportRate": false, "hybridEngine": false, "advancedSleepTimer": false, "angleSnapping": false, "excludeGShift": false, "hostRemovalSupport": false, "headphoneJack": false, "hostInfos": false, "gkeyLayout": "INVALID_GKEY_LAYOUT", "hasBatteryStatus": true, "powerOffTimer": false, "requiresBackupForDfu": false, "unifiedBattery": false, "dpiLighting": true, "nonInteractive": false, "receiverPairing": {"receiverType": "LS1", "receiverPid": 0, "pairingAction": "ACTION_POWER_CYCLE", "hasForcePairing": false}, "chargepadCompatible": true, "individuality": false, "defaultSlotFormat": "INVALID_FORMAT"}, "activeInterfaces": [{"type": "DEVIO", "id": "046d_c088", "pid": 49288, "modelId": 0, "extendedModel": 0, "serialNumber": "1909863820", "path": "usb\\vid_046d&pid_c088&mi_02\\6&3666469a&0&0002", "containerId": "19feac48-df44-5300-a741-19cce7eb9ec1", "deviceType": "MOUSE", "deviceName": "G Pro Wireless Gaming Mouse", "keyboardLayout": "INVALID_LAYOUT", "firmwareVersion": "15.2.26", "unitId": "1909863820", "firmwareName": "MPM1502", "connectionType": "USB", "hasOnboardMode": true}], "slots": {"prowirelessmouse_g5_m1": {"id": "prowirelessmouse_g5_m1", "attribute": "MACRO_PLAYBACK", "disabled": false}, "prowirelessmouse_lighting_setting_firmware": {"id": "prowirelessmouse_lighting_setting_firmware", "attribute": "FIRMWARE_LIGHTING_SETTINGS", "disabled": false}, "prowirelessmouse_g3_m1": {"id": "prowirelessmouse_g3_m1", "attribute": "MACRO_PLAYBACK", "disabled": false}, "prowirelessmouse_g8_m1_shifted": {"id": "prowirelessmouse_g8_m1_shifted", "attribute": "MACRO_PLAYBACK", "disabled": false}, "prowirelessmouse_g6_m1": {"id": "prowirelessmouse_g6_m1", "attribute": "MACRO_PLAYBACK", "disabled": false}, "prowirelessmouse_g5_m1_shifted": {"id": "prowirelessmouse_g5_m1_shifted", "attribute": "MACRO_PLAYBACK", "disabled": false}, "prowirelessmouse_g4_m1": {"id": "prowirelessmouse_g4_m1", "attribute": "MACRO_PLAYBACK", "disabled": false}, "prowirelessmouse_g2_m1": {"id": "prowirelessmouse_g2_m1", "attribute": "MACRO_PLAYBACK", "disabled": false}, "prowirelessmouse_g7_m1": {"id": "prowirelessmouse_g7_m1", "attribute": "MACRO_PLAYBACK", "disabled": false}, "prowirelessmouse_mouse_settings": {"id": "prowirelessmouse_mouse_settings", "attribute": "MOUSE_SETTINGS", "disabled": false}, "prowirelessmouse_g4_m1_shifted": {"id": "prowirelessmouse_g4_m1_shifted", "attribute": "MACRO_PLAYBACK", "disabled": false}, "prowirelessmouse_g1_m1_shifted": {"id": "prowirelessmouse_g1_m1_shifted", "attribute": "MACRO_PLAYBACK", "disabled": false}, "prowirelessmouse_g7_m1_shifted": {"id": "prowirelessmouse_g7_m1_shifted", "attribute": "MACRO_PLAYBACK", "disabled": false}, "prowirelessmouse_g1_m1": {"id": "prowirelessmouse_g1_m1", "attribute": "MACRO_PLAYBACK", "disabled": false}, "prowirelessmouse_g2_m1_shifted": {"id": "prowirelessmouse_g2_m1_shifted", "attribute": "MACRO_PLAYBACK", "disabled": false}, "prowirelessmouse_g6_m1_shifted": {"id": "prowirelessmouse_g6_m1_shifted", "attribute": "MACRO_PLAYBACK", "disabled": false}, "prowirelessmouse_g3_m1_shifted": {"id": "prowirelessmouse_g3_m1_shifted", "attribute": "MACRO_PLAYBACK", "disabled": false}, "prowirelessmouse_g8_m1": {"id": "prowirelessmouse_g8_m1", "attribute": "MACRO_PLAYBACK", "disabled": false}}}, {"id": "dev00000001", "pid": 49983, "state": "ACTIVE", "onboardMode": false, "individualMode": false, "resourcesAvailable": true, "connectionType": "USB", "hasWirelessInterface": false, "deviceType": "KEYBOARD", "deviceFamily": "", "deviceModel": "g815", "deviceBaseModel": "g815", "displayName": "G815", "extendedDisplayName": "G815 RGB Mechanical Gaming Keyboard", "slotPrefix": "g815", "thumbnail": "pipeline://core/thumbnails/g815.png", "deviceExt": 0, "deviceUnitId": "825771795", "deviceSignature": "KEYBOARD.g815.0.825771795", "givenName": "", "capabilities": {"lightingSupport": {"deviceCategory": "KEYBOARD_RGB_PER_KEY", "typeMap": {"PERKEY_KEYBOARD": "HID_KEYBOARD", "PERKEY_GKEY": "G_KEY", "PERKEY_BRANDING": "LOGO", "PERKEY_CONSUMER": "HID_CONSUMER", "PERKEY_INDICATOR": "KEYBOARD_OTHER", "ZONE_BRANDING": "LOGO", "ZONE_PRIMARY": "PRIMARY"}, "zones": [{"zoneType": "ZONE_PRIMARY", "supportedEffects": [{"id": "OFF", "syncable": true, "fixedIntensity": false, "signature": false, "inactivityOnly": false}, {"id": "FIXED", "syncable": true, "fixedIntensity": false, "signature": false, "inactivityOnly": false}, {"id": "CYCLE", "syncable": true, "fixedIntensity": false, "signature": false, "inactivityOnly": false}, {"id": "COLORWAVE", "syncable": false, "fixedIntensity": false, "signature": false, "inactivityOnly": false}, {"id": "BREATHING", "syncable": true, "fixedIntensity": false, "signature": false, "inactivityOnly": false}, {"id": "RIPPLE", "syncable": false, "fixedIntensity": false, "signature": false, "inactivityOnly": false}], "onboardCluster": "CLUSTER_DEFAULT"}, {"zoneType": "ZONE_BRANDING", "supportedEffects": [{"id": "OFF", "syncable": true, "fixedIntensity": false, "signature": false, "inactivityOnly": false}, {"id": "FIXED", "syncable": true, "fixedIntensity": false, "signature": false, "inactivityOnly": false}, {"id": "CYCLE", "syncable": true, "fixedIntensity": false, "signature": false, "inactivityOnly": false}, {"id": "BREATHING", "syncable": true, "fixedIntensity": false, "signature": false, "inactivityOnly": false}], "onboardCluster": "CLUSTER_DEFAULT"}], "isMonochrome": false, "isPerKey": true, "persistence": {"zoneEffects": false, "perKeyFixed": false, "customEffects": {"slots": 2, "entityOffset": 3}}, "hideStartupEffect": true, "shutdownEffect": false, "brightnessLevels": [], "powerSavingEffect": false, "lowBatteryEffect": false, "brightnessPercentage": true, "gamma": false, "firmwareOnly": false, "offRamp": false, "activeDimming": false, "hasPositionalEffect": false}, "sleepTimer": false, "mstateSupport": {"count": 3, "timeOut": 0}, "fnInversion": false, "presentSplashScreen": false, "customizableColor": false, "wirelessReportRate": false, "hybridEngine": false, "advancedSleepTimer": false, "angleSnapping": false, "excludeGShift": false, "hostRemovalSupport": false, "headphoneJack": false, "hostInfos": false, "gkeyLayout": "GKEY_LEFT_COLUMN_5", "hasBatteryStatus": false, "powerOffTimer": false, "requiresBackupForDfu": false, "unifiedBattery": false, "dpiLighting": false, "nonInteractive": false, "chargepadCompatible": false, "individuality": false, "defaultSlotFormat": "INVALID_FORMAT"}, "activeInterfaces": [{"type": "DEVIO", "id": "046d_c33f", "pid": 49983, "modelId": 0, "extendedModel": 0, "serialNumber": "825771795", "path": "usb\\vid_046d&pid_c33f&mi_01\\8&bf11f0d&0&0001", "containerId": "bff8a254-0514-5349-96e1-7cb57eea61fb", "deviceType": "KEYBOARD", "deviceName": "G815 RGB MECHANICAL GAMING KEYBOARD", "keyboardLayout": "US", "firmwareVersion": "131.0.16", "unitId": "825771795", "firmwareName": "U13100", "connectionType": "USB", "hasOnboardMode": true}], "slots": {"g815_g4_m1_shifted": {"id": "g815_g4_m1_shifted", "attribute": "MACRO_PLAYBACK", "disabled": false}, "g815_g5_m3_shifted": {"id": "g815_g5_m3_shifted", "attribute": "MACRO_PLAYBACK", "disabled": false}, "g815_g2_m1": {"id": "g815_g2_m1", "attribute": "MACRO_PLAYBACK", "disabled": false}, "g815_g5_m2_shifted": {"id": "g815_g5_m2_shifted", "attribute": "MACRO_PLAYBACK", "disabled": false}, "g815_g1_m3": {"id": "g815_g1_m3", "attribute": "MACRO_PLAYBACK", "disabled": false}, "g815_g4_m1": {"id": "g815_g4_m1", "attribute": "MACRO_PLAYBACK", "disabled": false}, "g815_g1_m1": {"id": "g815_g1_m1", "attribute": "MACRO_PLAYBACK", "disabled": false}, "g815_g1_m2_shifted": {"id": "g815_g1_m2_shifted", "attribute": "MACRO_PLAYBACK", "disabled": false}, "g815_disable_keys": {"id": "g815_disable_keys", "attribute": "DISABLE_KEY_SETTINGS", "disabled": false}, "g815_g5_m3": {"id": "g815_g5_m3", "attribute": "MACRO_PLAYBACK", "disabled": false}, "g815_g3_m2": {"id": "g815_g3_m2", "attribute": "MACRO_PLAYBACK", "disabled": false}, "g815_g5_m1_shifted": {"id": "g815_g5_m1_shifted", "attribute": "MACRO_PLAYBACK", "disabled": false}, "g815_lighting_setting_firmware": {"id": "g815_lighting_setting_firmware", "attribute": "FIRMWARE_LIGHTING_SETTINGS", "disabled": false}, "g815_g1_m3_shifted": {"id": "g815_g1_m3_shifted", "attribute": "MACRO_PLAYBACK", "disabled": false}, "g815_g2_m1_shifted": {"id": "g815_g2_m1_shifted", "attribute": "MACRO_PLAYBACK", "disabled": false}, "g815_g2_m3_shifted": {"id": "g815_g2_m3_shifted", "attribute": "MACRO_PLAYBACK", "disabled": false}, "g815_g4_m3": {"id": "g815_g4_m3", "attribute": "MACRO_PLAYBACK", "disabled": false}, "g815_g4_m2_shifted": {"id": "g815_g4_m2_shifted", "attribute": "MACRO_PLAYBACK", "disabled": false}, "g815_g2_m2_shifted": {"id": "g815_g2_m2_shifted", "attribute": "MACRO_PLAYBACK", "disabled": false}, "g815_g1_m2": {"id": "g815_g1_m2", "attribute": "MACRO_PLAYBACK", "disabled": false}, "g815_g3_m2_shifted": {"id": "g815_g3_m2_shifted", "attribute": "MACRO_PLAYBACK", "disabled": false}, "g815_g2_m2": {"id": "g815_g2_m2", "attribute": "MACRO_PLAYBACK", "disabled": false}, "g815_g5_m1": {"id": "g815_g5_m1", "attribute": "MACRO_PLAYBACK", "disabled": false}, "g815_g5_m2": {"id": "g815_g5_m2", "attribute": "MACRO_PLAYBACK", "disabled": false}, "g815_g4_m3_shifted": {"id": "g815_g4_m3_shifted", "attribute": "MACRO_PLAYBACK", "disabled": false}, "g815_g3_m1": {"id": "g815_g3_m1", "attribute": "MACRO_PLAYBACK", "disabled": false}, "g815_g3_m1_shifted": {"id": "g815_g3_m1_shifted", "attribute": "MACRO_PLAYBACK", "disabled": false}, "g815_g4_m2": {"id": "g815_g4_m2", "attribute": "MACRO_PLAYBACK", "disabled": false}, "g815_g1_m1_shifted": {"id": "g815_g1_m1_shifted", "attribute": "MACRO_PLAYBACK", "disabled": false}, "g815_g3_m3": {"id": "g815_g3_m3", "attribute": "MACRO_PLAYBACK", "disabled": false}, "g815_g3_m3_shifted": {"id": "g815_g3_m3_shifted", "attribute": "MACRO_PLAYBACK", "disabled": false}, "g815_g2_m3": {"id": "g815_g2_m3", "attribute": "MACRO_PLAYBACK", "disabled": false}}}]}}