{
  "drivers": [
    {
      "drivers": [
        {
          "destination": "",
          "hardwareId": "root\\LGHUBVirtualBus",
          "recreateDeviceNodes": "",
          "restartServices": [],
          "source": "C:\\ProgramData\\LGHUB\\depots\\106333\\driver_hid_virtual\\logi_joy_bus_enum.inf",
          "type": "INF",
          "version": "2018.3.55"
        },
        {
          "destination": "",
          "hardwareId": "",
          "recreateDeviceNodes": "",
          "restartServices": [],
          "source": "C:\\ProgramData\\LGHUB\\depots\\106333\\driver_hid_virtual\\logi_joy_vir_hid.inf",
          "type": "INF",
          "version": "2019.3.38699.0"
        }
      ],
      "packageName": "virtual_hid",
      "rebootNeeded": false
    },
    {
      "drivers": [
        {
          "destination": "",
          "hardwareId": "",
          "recreateDeviceNodes": "",
          "restartServices": [
            "Audiosrv",
            "AudioEndpointBuilder"
          ],
          "source": "C:\\ProgramData\\LGHUB\\depots\\106333\\driver_audio\\logi_audio.inf",
          "type": "INF",
          "version": "2021.11.3479.0"
        }
      ],
      "packageName": "audio",
      "rebootNeeded": false
    }
  ],
  "extensions": {},
  "files": [
    {
      "path": "C:\\Program Files\\LGHUB\\lghub.exe",
      "registerLibrary": false,
      "sha256": "e0cb19c53f6939464b6f1adb97e08f03923636fb560ec4da65fe57758f823589"
    },
    {
      "path": "C:\\Program Files\\LGHUB\\lghub_agent.exe",
      "registerLibrary": false,
      "sha256": "a29448da88100a5b67619924f86d08b59fdc17b55265cd2856e15425468b12b7"
    },
    {
      "path": "C:\\Program Files\\LGHUB\\lghub_updater.exe",
      "registerLibrary": false,
      "sha256": "edd63e984bd0102a6bdc5449e75aaabd4cb8635d8eb1c4bf15d30ebfada3247c"
    },
    {
      "path": "C:\\Program Files\\LGHUB\\lghub_uninstaller.exe",
      "registerLibrary": false,
      "sha256": "12f637a074318ec8a7eeebec281c98e7cec031c54bfc174d04ab2c4c54a48dbd"
    },
    {
      "path": "C:\\Program Files\\LGHUB\\data\\applications.json",
      "registerLibrary": false,
      "sha256": "195c3498e86e37996c47bef56b946886a0066fc1e650f611fddddd52c9a7f8e1"
    },
    {
      "path": "C:\\Program Files\\LGHUB\\data\\camera_presets.json",
      "registerLibrary": false,
      "sha256": "6ebd6aac2b0d6ac3282506fe058730d387bdb74add828519a5222e099f56e3f0"
    },
    {
      "path": "C:\\Program Files\\LGHUB\\data\\card_presets.json",
      "registerLibrary": false,
      "sha256": "54cbd7f20a958ff2945fca4d3308458b630803b3c1cf56e023c7253da4fedb8a"
    },
    {
      "path": "C:\\Program Files\\LGHUB\\data\\devices\\devices_0001.json",
      "registerLibrary": false,
      "sha256": "a70bd411de6de1ddcf51eedc7eb97f007db6db0f1aec9e5dcce5b7ebd3dcdb92"
    },
    {
      "path": "C:\\Program Files\\LGHUB\\data\\devices\\devices_0002.json",
      "registerLibrary": false,
      "sha256": "e51d59055acd54dd04fae4dc5ab92ff70e53870bda19a766220efab23c47ffef"
    },
    {
      "path": "C:\\Program Files\\LGHUB\\data\\devices\\devices_0003.json",
      "registerLibrary": false,
      "sha256": "bb0ac8edaea584f0004f849572b048c8ae3664b0d1e0add8a76252e395c4acd8"
    },
    {
      "path": "C:\\Program Files\\LGHUB\\data\\devices\\devices_0005.json",
      "registerLibrary": false,
      "sha256": "1b9980862bf4c60a346ab73ab8280818317084fab7775d59ebb066f22ef920dd"
    },
    {
      "path": "C:\\Program Files\\LGHUB\\data\\devices\\devices_0006.json",
      "registerLibrary": false,
      "sha256": "4af66faf14311bd5de68828e93032a31e94ee01c8e2ee481444e20005c2d3e1e"
    },
    {
      "path": "C:\\Program Files\\LGHUB\\data\\devices\\devices_0007.json",
      "registerLibrary": false,
      "sha256": "40ee39124f7caa7fcf219a719bf473f6a653ba397d35acdda0be06a4de1b79da"
    },
    {
      "path": "C:\\Program Files\\LGHUB\\data\\devices\\microphones.json",
      "registerLibrary": false,
      "sha256": "ed25704f7c4c759cc4d6d556786e259a30c5783ac943d60fe95275f4ec4328d9"
    },
    {
      "path": "C:\\Program Files\\LGHUB\\data\\devices.json",
      "registerLibrary": false,
      "sha256": "e3da53c78e4405f2f0d87bc74e8dc7e933e10f5e7f256585a49f664ef7edf86f"
    },
    {
      "path": "C:\\Program Files\\LGHUB\\data\\eq_presets.json",
      "registerLibrary": false,
      "sha256": "a88e074eca0f3a3893ab1074fc9f17173fcfdfae52cf0a14a64d463c044a8848"
    },
    {
      "path": "C:\\Program Files\\LGHUB\\data\\lighting\\effects\\audio-visualizer-generic.json",
      "registerLibrary": false,
      "sha256": "9435fbe71be67695cc5031e9b7fddcc338a0a96a12baca9ccab2fe689f17b374"
    },
    {
      "path": "C:\\Program Files\\LGHUB\\data\\lighting\\effects\\audio-visualizer-kb-per-key.json",
      "registerLibrary": false,
      "sha256": "88c3f52a21f87c8c06ddf5ae97b736e8e88ab42bcb5d7a411adce00bf099573b"
    },
    {
      "path": "C:\\Program Files\\LGHUB\\data\\lighting\\effects\\audio-visualizer-kb-zonal.json",
      "registerLibrary": false,
      "sha256": "f0cce36eaa5b41f94e2e30c04909e6b53379924a9fe3bb6a3da4f87f1ea0af48"
    },
    {
      "path": "C:\\Program Files\\LGHUB\\data\\lighting\\effects\\audio-visualizer-mouse-rgb-per-key.json",
      "registerLibrary": false,
      "sha256": "5e2246bed347cdacfbe5e36788a21ca6553a4ed95e82d4447624ed1c1d0c8170"
    },
    {
      "path": "C:\\Program Files\\LGHUB\\data\\lighting\\effects\\contrastic.json",
      "registerLibrary": false,
      "sha256": "9d541c9ea0977b23b512c367ec73ed8e5b42dc89442a465ea139683bd18a5e4c"
    },
    {
      "path": "C:\\Program Files\\LGHUB\\data\\lighting\\effects\\lightning.json",
      "registerLibrary": false,
      "sha256": "9da2c8578f8d86ae6dc93a2379da716f28528e94ab7b03cb0528d36e01ee62a4"
    },
    {
      "path": "C:\\Program Files\\LGHUB\\data\\lighting\\effects\\mono-contrastic.json",
      "registerLibrary": false,
      "sha256": "d1e1e1fac399b498c61fe4f7a26f6debc3528bd7c787a7c466d44da87c113b33"
    },
    {
      "path": "C:\\Program Files\\LGHUB\\data\\lighting\\effects\\mono-verticool.json",
      "registerLibrary": false,
      "sha256": "88c52137fa9eee315f47800d7b47ea53b118f043e37274369bafe12c98d3f1ef"
    },
    {
      "path": "C:\\Program Files\\LGHUB\\data\\lighting\\effects\\mouse-oceanwave.json",
      "registerLibrary": false,
      "sha256": "e4a56fa1c4800a6e926fafb11e7df07c68d6c75f432b6496529734d555290e3e"
    },
    {
      "path": "C:\\Program Files\\LGHUB\\data\\lighting\\effects\\mouse-redwhiteblue.json",
      "registerLibrary": false,
      "sha256": "8b5ef016217dc386cab9bd9d06586fc484e3cc976480bb82bfec9e23e1bf8421"
    },
    {
      "path": "C:\\Program Files\\LGHUB\\data\\lighting\\effects\\mouse-verticool.json",
      "registerLibrary": false,
      "sha256": "5de96cde8ebb35a6918559e0b1a545e7ee29c1980f5ab9a007e456498fd36222"
    },
    {
      "path": "C:\\Program Files\\LGHUB\\data\\lighting\\effects\\oceanwave.json",
      "registerLibrary": false,
      "sha256": "b12b9c1cfadaea6729b8d10664afa4a2f4cb15dda0767892f6b3b24a34a1ce9f"
    },
    {
      "path": "C:\\Program Files\\LGHUB\\data\\lighting\\effects\\redwhiteblue.json",
      "registerLibrary": false,
      "sha256": "aada1c8352897a1ac0beea2ad25e038f7c670591184572adba1a128025c60110"
    },
    {
      "path": "C:\\Program Files\\LGHUB\\data\\lighting\\effects\\screen_sampler-kb.json",
      "registerLibrary": false,
      "sha256": "9bd8bc8ee7445ebe1745277d1ad98e8dfd29dae9476af6400888c4a48889c08b"
    },
    {
      "path": "C:\\Program Files\\LGHUB\\data\\lighting\\effects\\screen_sampler-mrpk.json",
      "registerLibrary": false,
      "sha256": "2be3ef4800a715135094499cccad262efab609af4ad8ac8733fe23dfe0327e63"
    },
    {
      "path": "C:\\Program Files\\LGHUB\\data\\lighting\\effects\\screen_sampler.json",
      "registerLibrary": false,
      "sha256": "a6a82867df6e81efe26f688246a253ba4b0bb715ea7ef0db40979041d808bb61"
    },
    {
      "path": "C:\\Program Files\\LGHUB\\data\\lighting\\effects\\verticool.json",
      "registerLibrary": false,
      "sha256": "07a43589f931b1f02e6a387afa70a200f09d7b9d7665722454808e831bc5295d"
    },
    {
      "path": "C:\\Program Files\\LGHUB\\data\\lighting\\effect_prefabs.json",
      "registerLibrary": false,
      "sha256": "f44a8cbcf08e4f43534d58f852e380083dc2a199ffa901c61c7b5393802ff0f7"
    },
    {
      "path": "C:\\Program Files\\LGHUB\\data\\lighting\\effect_presets.json",
      "registerLibrary": false,
      "sha256": "02c1353c70428dff39fa89d297451295f476a23b541b143e1dd0ed3b18f52478"
    },
    {
      "path": "C:\\Program Files\\LGHUB\\data\\pro_eq_presets.json",
      "registerLibrary": false,
      "sha256": "a06c0c79a65054ad5ec9b5ed6e390d4fe877a56b299ccbb7cbf458ab532a4bca"
    },
    {
      "path": "C:\\Program Files\\LGHUB\\data\\receivers\\receivers_0001.json",
      "registerLibrary": false,
      "sha256": "813dffcba94af302f443e26b241e2f85becc752eb1cf403985c451426d3b866d"
    },
    {
      "path": "C:\\Program Files\\LGHUB\\data\\receivers\\receivers_0002.json",
      "registerLibrary": false,
      "sha256": "b5699eea7c59896afdb7d2818c51858d3381e6d2c9e803be9455aa82f62ea346"
    },
    {
      "path": "C:\\Program Files\\LGHUB\\data\\receivers.json",
      "registerLibrary": false,
      "sha256": "649ebdc0f9dc03a0c17b4b67508adde5fcac72dc83d91d2ef8b23ef9e7124c80"
    },
    {
      "path": "C:\\Program Files\\LGHUB\\data\\sounds\\71ChannelCheckSound.wma",
      "registerLibrary": false,
      "sha256": "3a25eb44361ddcc39ea78443ef4a5f94e3a3025d569ff9af1043ce37a4376e11"
    },
    {
      "path": "C:\\Program Files\\LGHUB\\data\\strings\\cs-CZ.yaml",
      "registerLibrary": false,
      "sha256": "586ae447e0923f103482f00bcc75560c0a36c522cb491ff28d095ae48815b179"
    },
    {
      "path": "C:\\Program Files\\LGHUB\\data\\strings\\da-DK.yaml",
      "registerLibrary": false,
      "sha256": "99de61d724ddcd0e6da747ae3b9c8aad7394137869f363c6d4bcabf57fbf52e8"
    },
    {
      "path": "C:\\Program Files\\LGHUB\\data\\strings\\de-DE.yaml",
      "registerLibrary": false,
      "sha256": "4bfcdc035e6b485356691e008261bb371780fbd563369d8c9c56e05b626af1b8"
    },
    {
      "path": "C:\\Program Files\\LGHUB\\data\\strings\\en-US.yaml",
      "registerLibrary": false,
      "sha256": "107f0d5d9f81e8aa230ddebc00d0c61d18abfc28aff258435de73c4ebb484c02"
    },
    {
      "path": "C:\\Program Files\\LGHUB\\data\\strings\\es-ES.yaml",
      "registerLibrary": false,
      "sha256": "bfc76bfddec5e46a4492db846170f5452e2d6bce260a5ea7c2bc23dd8cfff4d7"
    },
    {
      "path": "C:\\Program Files\\LGHUB\\data\\strings\\fi-FI.yaml",
      "registerLibrary": false,
      "sha256": "979249ad40f6993907f59b27e382918b3a23480240c2ca6f4466d638e685d5f3"
    },
    {
      "path": "C:\\Program Files\\LGHUB\\data\\strings\\fr-FR.yaml",
      "registerLibrary": false,
      "sha256": "567f33f05cb603a24a00e65b55ae08a7683a04dbbf3ed2f5bb4d02035d0b3453"
    },
    {
      "path": "C:\\Program Files\\LGHUB\\data\\strings\\hu-HU.yaml",
      "registerLibrary": false,
      "sha256": "7473bb245d4df87208be35d4afe4932cf1ab2cf0ab0cbadd6814da0d71569952"
    },
    {
      "path": "C:\\Program Files\\LGHUB\\data\\strings\\it-IT.yaml",
      "registerLibrary": false,
      "sha256": "d437b22186160687ae59d2756873bec3711f3a78068141657353a50ba3ffb182"
    },
    {
      "path": "C:\\Program Files\\LGHUB\\data\\strings\\ja-JP.yaml",
      "registerLibrary": false,
      "sha256": "ecf06158153c07774ecd4fe6581229745455904a16947c68d88b3609c688e3a1"
    },
    {
      "path": "C:\\Program Files\\LGHUB\\data\\strings\\ko-KR.yaml",
      "registerLibrary": false,
      "sha256": "9b27c8e05560142d1178523d9ef67b8cc8abc8faf2490845b905e657c32d21c1"
    },
    {
      "path": "C:\\Program Files\\LGHUB\\data\\strings\\nb-NO.yaml",
      "registerLibrary": false,
      "sha256": "cf7307f4419d2fbb58e1e9226e394181fab18a3cecc1be458a85857e80897977"
    },
    {
      "path": "C:\\Program Files\\LGHUB\\data\\strings\\nl-NL.yaml",
      "registerLibrary": false,
      "sha256": "07a4cbde176b3f8b17dbbb289388ff3b1f62b436bb70106ad8032b8c9848084a"
    },
    {
      "path": "C:\\Program Files\\LGHUB\\data\\strings\\pl-PL.yaml",
      "registerLibrary": false,
      "sha256": "c8b006c1a734addbc8f0182bdc530e390af7858b6eee39acea5b87585d479865"
    },
    {
      "path": "C:\\Program Files\\LGHUB\\data\\strings\\pt-BR.yaml",
      "registerLibrary": false,
      "sha256": "21130c01dabecbed33ec95edee6c2d838bc627a2f087d5c1e409e0c715e16099"
    },
    {
      "path": "C:\\Program Files\\LGHUB\\data\\strings\\ru-RU.yaml",
      "registerLibrary": false,
      "sha256": "caa52cb54595b45f34d9f5867c0fe4d5d53f81539d7c6446df25df455312ae81"
    },
    {
      "path": "C:\\Program Files\\LGHUB\\data\\strings\\sv-SE.yaml",
      "registerLibrary": false,
      "sha256": "7292c1384ab0528d2c46173015e3a460c47716b5a6ad33af2988367cfeecf8ff"
    },
    {
      "path": "C:\\Program Files\\LGHUB\\data\\strings\\tr-TR.yaml",
      "registerLibrary": false,
      "sha256": "28964a7b310a454f923f385d87129e6376bf4d8988936e325f0a4d13132820f7"
    },
    {
      "path": "C:\\Program Files\\LGHUB\\data\\strings\\zh-CN.yaml",
      "registerLibrary": false,
      "sha256": "520379fc4f6ce2cab92fcf9c71d3304c56fb10e71477a32f7dbd098a59cc2c08"
    },
    {
      "path": "C:\\Program Files\\LGHUB\\data\\strings\\zh-TW.yaml",
      "registerLibrary": false,
      "sha256": "c30101a36025fbdb91343d074a3d6cc0dc27125849a85e497200a1bd001094b9"
    },
    {
      "path": "C:\\Program Files\\LGHUB\\data\\video_filters.json",
      "registerLibrary": false,
      "sha256": "f6ceaf8132202d66c61c8aa32eea121a627076494b303f48197b243128dcb1ad"
    },
    {
      "path": "C:\\Program Files\\LGHUB\\locales\\am.pak",
      "registerLibrary": false,
      "sha256": "5f323c0bd185d5bd5f7ea737018f14fd6ea500ba5440bc74f5c09b635518eadc"
    },
    {
      "path": "C:\\Program Files\\LGHUB\\locales\\ar.pak",
      "registerLibrary": false,
      "sha256": "e7f9a474399c0ca0daf28c6153f6ec7ae87423e66c8ffe0849407471d20b6237"
    },
    {
      "path": "C:\\Program Files\\LGHUB\\locales\\bg.pak",
      "registerLibrary": false,
      "sha256": "bd3a3aacc3cee9864404755eee9542e0f21efbebd4a71e5333d15783d4ce18c9"
    },
    {
      "path": "C:\\Program Files\\LGHUB\\locales\\bn.pak",
      "registerLibrary": false,
      "sha256": "b4ed891e8b38452623348da12d325b52407446114cba664a8e25a26a7cfaf773"
    },
    {
      "path": "C:\\Program Files\\LGHUB\\locales\\ca.pak",
      "registerLibrary": false,
      "sha256": "9a4e286a58bb9a58e9e30d982783663c9bce40730cb6dad4c37980038040919e"
    },
    {
      "path": "C:\\Program Files\\LGHUB\\locales\\cs.pak",
      "registerLibrary": false,
      "sha256": "c00829fc57c7e1e5419fe3202f114d394a590b8b32b1e55af42772c93755945d"
    },
    {
      "path": "C:\\Program Files\\LGHUB\\locales\\da.pak",
      "registerLibrary": false,
      "sha256": "6da77a20fd6fbb228b2de5f197225342da18cbc58d26ebf542cf20d23e00f033"
    },
    {
      "path": "C:\\Program Files\\LGHUB\\locales\\de.pak",
      "registerLibrary": false,
      "sha256": "e964d841b9588b7412f1ff86f004e6b052f993bf2153e4dc4bee6c5536be1744"
    },
    {
      "path": "C:\\Program Files\\LGHUB\\locales\\el.pak",
      "registerLibrary": false,
      "sha256": "b624633365c19e6e3cbe200b39889711994809796dbee7988883165d0cc1d6c2"
    },
    {
      "path": "C:\\Program Files\\LGHUB\\locales\\en-GB.pak",
      "registerLibrary": false,
      "sha256": "4a5e6439c6731a5273970c8c053b4a89018c57f1d9be81d85f24978233675442"
    },
    {
      "path": "C:\\Program Files\\LGHUB\\locales\\en-US.pak",
      "registerLibrary": false,
      "sha256": "781ef5aa8dce072a3e7732f39a7e991c497c70bfaec2264369d0d790ab7660a4"
    },
    {
      "path": "C:\\Program Files\\LGHUB\\locales\\es-419.pak",
      "registerLibrary": false,
      "sha256": "2e1cf9d3e3eebe607da44873cfe37b9a84615962e3450313c3947920d4de4fda"
    },
    {
      "path": "C:\\Program Files\\LGHUB\\locales\\es.pak",
      "registerLibrary": false,
      "sha256": "b927984d25359f3d7a20d71aa4b16d2ec4c574461177825b5221865f416d1e71"
    },
    {
      "path": "C:\\Program Files\\LGHUB\\locales\\et.pak",
      "registerLibrary": false,
      "sha256": "9cdefc472c67247e67da040b984e800cc8b903a1b39c742e6962ff5c423f391e"
    },
    {
      "path": "C:\\Program Files\\LGHUB\\locales\\fa.pak",
      "registerLibrary": false,
      "sha256": "7e8f7f42300178f001ea5f74c63db25d813b7c25989114dc7673c76fd92a72c9"
    },
    {
      "path": "C:\\Program Files\\LGHUB\\locales\\fi.pak",
      "registerLibrary": false,
      "sha256": "4e538a14f1dbc872a85fdb4be1e19145553ecfa3b07ee7c810b690c52b889684"
    },
    {
      "path": "C:\\Program Files\\LGHUB\\locales\\fil.pak",
      "registerLibrary": false,
      "sha256": "cb536b478feffd3b55ec53676cce84cefc9e000c1205273bafcdaf6ee6edd381"
    },
    {
      "path": "C:\\Program Files\\LGHUB\\locales\\fr.pak",
      "registerLibrary": false,
      "sha256": "f3bfcd6a297a7634c24f2fbd3de96f02588b0603d4a7618bb7588f6c091beb2e"
    },
    {
      "path": "C:\\Program Files\\LGHUB\\locales\\gu.pak",
      "registerLibrary": false,
      "sha256": "1d4d407233a4c78d5a9a242b43b21aa89fb68a0632bc52b0a515d69491632e85"
    },
    {
      "path": "C:\\Program Files\\LGHUB\\locales\\he.pak",
      "registerLibrary": false,
      "sha256": "4a9862ee8e139ae74e6336e0207d484e1a1ae0f689b5f1cc06b6fea66d2090d9"
    },
    {
      "path": "C:\\Program Files\\LGHUB\\locales\\hi.pak",
      "registerLibrary": false,
      "sha256": "06424570167c9bdd7e13b115a632d6ab58de7a4fa14f8d094627bd12d85e9318"
    },
    {
      "path": "C:\\Program Files\\LGHUB\\locales\\hr.pak",
      "registerLibrary": false,
      "sha256": "cc48d7deaf73103e22e3e5900503396e2a2c9e5bf1450a4df8ce94179b1e47a2"
    },
    {
      "path": "C:\\Program Files\\LGHUB\\locales\\hu.pak",
      "registerLibrary": false,
      "sha256": "61ae4e65474cb4ecf5edb2ec9bb9ea2b7a47bbf769f81c8fee1282c13b209783"
    },
    {
      "path": "C:\\Program Files\\LGHUB\\locales\\id.pak",
      "registerLibrary": false,
      "sha256": "e07be6b1a095f235a4babb2ad5e8018c8c1b2f7cd6feab170124d25898e764c6"
    },
    {
      "path": "C:\\Program Files\\LGHUB\\locales\\it.pak",
      "registerLibrary": false,
      "sha256": "4e2089d3fd90977f9a3a88b2af7fa9ff3b9864969d2f4582431626ae1f37c158"
    },
    {
      "path": "C:\\Program Files\\LGHUB\\locales\\ja.pak",
      "registerLibrary": false,
      "sha256": "275307a3a9708c0698565f10941c57d42e1d2f55709a025d37e588699b5a985e"
    },
    {
      "path": "C:\\Program Files\\LGHUB\\locales\\kn.pak",
      "registerLibrary": false,
      "sha256": "1a3fa5261b58113ae1a5cf140abd93e812b4a866a19a4c54929fffee5f42b18b"
    },
    {
      "path": "C:\\Program Files\\LGHUB\\locales\\ko.pak",
      "registerLibrary": false,
      "sha256": "0a46cce08401a72e44178349a61cdbae5fd78ca4f071bff2bf5f2e8c877a25f8"
    },
    {
      "path": "C:\\Program Files\\LGHUB\\locales\\lt.pak",
      "registerLibrary": false,
      "sha256": "225e5784a7a616f83d81e6f3fdc5510e975e9fbde741b673deece5ded1604a9d"
    },
    {
      "path": "C:\\Program Files\\LGHUB\\locales\\lv.pak",
      "registerLibrary": false,
      "sha256": "d58b6308b64a1cda4ee0b2b395672728ce7abb73c44961fc911386569caee60e"
    },
    {
      "path": "C:\\Program Files\\LGHUB\\locales\\ml.pak",
      "registerLibrary": false,
      "sha256": "e51d9a02ad11cb9825368da9a17af7294b7e6bf11079e2072e4bec028ecaf20f"
    },
    {
      "path": "C:\\Program Files\\LGHUB\\locales\\mr.pak",
      "registerLibrary": false,
      "sha256": "4293afacf1c4dce2423c368a45fec4b33aac7232e7b7c1919aa8a5a20fb026a1"
    },
    {
      "path": "C:\\Program Files\\LGHUB\\locales\\ms.pak",
      "registerLibrary": false,
      "sha256": "83248a2aaefb87fc19454afa34bf5df99b95b98f823b534de0bae552c8260d93"
    },
    {
      "path": "C:\\Program Files\\LGHUB\\locales\\nb.pak",
      "registerLibrary": false,
      "sha256": "21f3efe54a2a0ed9e2f618b2a50f89b44957bc7c779e7f88c1f10b310cea8bd5"
    },
    {
      "path": "C:\\Program Files\\LGHUB\\locales\\nl.pak",
      "registerLibrary": false,
      "sha256": "e94551ca94505f068ecd0619af676b7b3a869f6068af87f0f537cace8055ba4b"
    },
    {
      "path": "C:\\Program Files\\LGHUB\\locales\\pl.pak",
      "registerLibrary": false,
      "sha256": "c57c2e534da554e42388815cd3e848630ed46e1e61e640a6f3d4fd7cbdfb2aed"
    },
    {
      "path": "C:\\Program Files\\LGHUB\\locales\\pt-BR.pak",
      "registerLibrary": false,
      "sha256": "ed9adacad575344216ee986e9c04908a5093aa7a0ebfbf2549df4c668a35f356"
    },
    {
      "path": "C:\\Program Files\\LGHUB\\locales\\pt-PT.pak",
      "registerLibrary": false,
      "sha256": "da64b5178bb41be0684cb3ef1204becb457520fe4960c3252f5ccd6a9ee9e29a"
    },
    {
      "path": "C:\\Program Files\\LGHUB\\locales\\ro.pak",
      "registerLibrary": false,
      "sha256": "99730524e53ca07481f8cdbbdace228aed42abc19d2277d26c42f47653f3cf07"
    },
    {
      "path": "C:\\Program Files\\LGHUB\\locales\\ru.pak",
      "registerLibrary": false,
      "sha256": "ec6654ffd877ec62d8afcf90469ecef5790e17c7306654cfe4b905de449b06d8"
    },
    {
      "path": "C:\\Program Files\\LGHUB\\locales\\sk.pak",
      "registerLibrary": false,
      "sha256": "d7baa6b1c0355e1ce9088c6eb508235c7a640ba70cc7ad84c9ac607026400495"
    },
    {
      "path": "C:\\Program Files\\LGHUB\\locales\\sl.pak",
      "registerLibrary": false,
      "sha256": "48e9004441f8afb200601ec2843a03892076deb1706e1d3a7bbdbfcdd137ab57"
    },
    {
      "path": "C:\\Program Files\\LGHUB\\locales\\sr.pak",
      "registerLibrary": false,
      "sha256": "68a04bae37629675c49d9aaeb68a1da974aac427b61151a18f3210499702202d"
    },
    {
      "path": "C:\\Program Files\\LGHUB\\locales\\sv.pak",
      "registerLibrary": false,
      "sha256": "c63e812fee929492974c9b5dfa14a7587258e6fabed355a105015b296246b068"
    },
    {
      "path": "C:\\Program Files\\LGHUB\\locales\\sw.pak",
      "registerLibrary": false,
      "sha256": "8b07bfafa5c97be2da9b6146535b7848d88a44d43a45ab06dfae286d93fd64ce"
    },
    {
      "path": "C:\\Program Files\\LGHUB\\locales\\ta.pak",
      "registerLibrary": false,
      "sha256": "22eb9d73331e92c898b27546a9e775fa8df0fdada391734a9291b2a016662652"
    },
    {
      "path": "C:\\Program Files\\LGHUB\\locales\\te.pak",
      "registerLibrary": false,
      "sha256": "2dd8a542ee0778ee39639380208c584d9eec8932d1307bd5563e1eab320fe0d8"
    },
    {
      "path": "C:\\Program Files\\LGHUB\\locales\\th.pak",
      "registerLibrary": false,
      "sha256": "cffd61f7954ca10038529d14fda6a4e34c8ea1a9f202ead0b0c2db93143ef485"
    },
    {
      "path": "C:\\Program Files\\LGHUB\\locales\\tr.pak",
      "registerLibrary": false,
      "sha256": "b1b66bfec0aff21c64ec8ba3f19008501f196f80e7e41b2e8ae73114357df458"
    },
    {
      "path": "C:\\Program Files\\LGHUB\\locales\\uk.pak",
      "registerLibrary": false,
      "sha256": "fa035595c375522d09f9de5a545f5339fcd3ddb224fb19f1828a7958b7dff3e8"
    },
    {
      "path": "C:\\Program Files\\LGHUB\\locales\\vi.pak",
      "registerLibrary": false,
      "sha256": "044c48581c2395a8eb0f85b5905e1b4cce1fc1fef2196710cef06e197afdfa99"
    },
    {
      "path": "C:\\Program Files\\LGHUB\\locales\\zh-CN.pak",
      "registerLibrary": false,
      "sha256": "690dafdeb5be360e8b3a84c711d0d48b3cfc74c871b89a8f03f8058738ca9834"
    },
    {
      "path": "C:\\Program Files\\LGHUB\\locales\\zh-TW.pak",
      "registerLibrary": false,
      "sha256": "8187e67cde3292c6f18ea0a40f8f8d3f2cd604e62feec9ec40c71b5d2bcdec9d"
    },
    {
      "path": "C:\\Program Files\\LGHUB\\platforms\\qwindows.dll",
      "registerLibrary": false,
      "sha256": "9331c05bcd80fd43b90ca779c2ddeef69fbafc84bb5fc40b595c353733a8a1e0"
    },
    {
      "path": "C:\\Program Files\\LGHUB\\resources\\app.asar",
      "registerLibrary": false,
      "sha256": "5d20815f3c3223191bc23336673ad9dde0d7f9ff5c18c36ade962a1b0e275435"
    },
    {
      "path": "C:\\Program Files\\LGHUB\\resources\\app.asar.unpacked\\node_modules\\keytar\\build\\Release\\keytar.node",
      "registerLibrary": false,
      "sha256": "7b07378a9ab4c5fcdb0c2a9976624890cec5fa1c6cc582349579724796561348"
    },
    {
      "path": "C:\\Program Files\\LGHUB\\resources\\icon.png",
      "registerLibrary": false,
      "sha256": "67d0957daca9717fe862746dd968097c7ac30fc718cc580c2563a5a85c6d23be"
    },
    {
      "path": "C:\\Program Files\\LGHUB\\resources.pak",
      "registerLibrary": false,
      "sha256": "612788ccedb1d0ec4614f32f1adb127d8ddba22d29c97090a8c6c5a7c80dcad6"
    },
    {
      "path": "C:\\Program Files\\LGHUB\\d3dcompiler_47.dll",
      "registerLibrary": false,
      "sha256": "6373efddba766a8115f6da8da698630bdd2ba70163ee1eb09390c3a3ba4cd661"
    },
    {
      "path": "C:\\Program Files\\LGHUB\\ffmpeg.dll",
      "registerLibrary": false,
      "sha256": "45bea51f1fae7c1399ee4c77e8635593ed6ef6c48f005736155268988b0244f9"
    },
    {
      "path": "C:\\Program Files\\LGHUB\\icudtl.dat",
      "registerLibrary": false,
      "sha256": "6e0b6b0d9e14c905f2278dbf25b7bb58cc0622b7680e3b6ff617a1d42348736b"
    },
    {
      "path": "C:\\Program Files\\LGHUB\\libEGL.dll",
      "registerLibrary": false,
      "sha256": "055c897a0142a16df0081335c45399357406742a11c9b88e0008e646e40e52d1"
    },
    {
      "path": "C:\\Program Files\\LGHUB\\libGLESv2.dll",
      "registerLibrary": false,
      "sha256": "932b42bb065120e1d79c96007b1fb7f6275a54d297cebc7067572f3aef3179c3"
    },
    {
      "path": "C:\\Program Files\\LGHUB\\Qt5Concurrent.dll",
      "registerLibrary": false,
      "sha256": "07d613c4c0c72520c6c8b0119869bb2cd8baf2b480fff15c601eb1e95335599a"
    },
    {
      "path": "C:\\Program Files\\LGHUB\\Qt5Core.dll",
      "registerLibrary": false,
      "sha256": "59525cb75aec8da92b761fb5cb38468ac94dd1bd8c8d3a1c11a79ddb9a6559e0"
    },
    {
      "path": "C:\\Program Files\\LGHUB\\Qt5Gui.dll",
      "registerLibrary": false,
      "sha256": "0cabf09769b989d6f9b82f8aa7f48c254caa0763ed59759a1ef37f851a527007"
    },
    {
      "path": "C:\\Program Files\\LGHUB\\Qt5Network.dll",
      "registerLibrary": false,
      "sha256": "a7151fecd232660e34eb12ad682c5e2b44a34dc4be7ada8ab547860368ee3f48"
    },
    {
      "path": "C:\\Program Files\\LGHUB\\Qt5Widgets.dll",
      "registerLibrary": false,
      "sha256": "e5c6d52dc270f6e4fbc439d18f3c20fb5464496a98a0fe03714cf8fe1f1bea6d"
    },
    {
      "path": "C:\\Program Files\\LGHUB\\snapshot_blob.bin",
      "registerLibrary": false,
      "sha256": "b031d2cd92d7d2014d451e485bc14dc209c411bd08d29f6e651417d9f0548d18"
    },
    {
      "path": "C:\\Program Files\\LGHUB\\v8_context_snapshot.bin",
      "registerLibrary": false,
      "sha256": "7f0fe67734bc04adf9e949510ecc57678a24afbce5bc310d600ef587058c8a59"
    },
    {
      "path": "C:\\Program Files\\LGHUB\\version",
      "registerLibrary": false,
      "sha256": "415eca077dcbfe19e5ec4c77540ac3e13f40da09f8ac0ad1bbd958c1a3e6710e"
    },
    {
      "path": "C:\\Program Files\\LGHUB\\trueforce_sdk_x86.dll",
      "registerLibrary": true,
      "sha256": "68bcba80ae4fca0aff9395ec3c4ac3ad2031dcd65a737a781a84817bdd17a42d"
    },
    {
      "path": "C:\\Program Files\\LGHUB\\trueforce_sdk_x64.dll",
      "registerLibrary": true,
      "sha256": "24fe15baed9b2e1d646e2dca2592ca0647e6b1e1fe4768619a1d76e95896c533"
    },
    {
      "path": "C:\\Program Files\\LGHUB\\hidpp_forcefeedback_x86.dll",
      "registerLibrary": true,
      "sha256": "6b34f70ca245f5b347d72746d48621cf65b756aa6d1bfdcf9a0854f8cc2b491e"
    },
    {
      "path": "C:\\Program Files\\LGHUB\\hidpp_forcefeedback_x64.dll",
      "registerLibrary": true,
      "sha256": "1410e175d11e54dd5bc77992f972284a81022445f6105bc3c28357e4e830abee"
    },
    {
      "path": "C:\\Program Files\\LGHUB\\legacy_forcefeedback_x86.dll",
      "registerLibrary": true,
      "sha256": "9acbdce9d65f6266848e2437417ecd9ba886a6c4a41fda8c75d786bb028c0da8"
    },
    {
      "path": "C:\\Program Files\\LGHUB\\legacy_forcefeedback_x64.dll",
      "registerLibrary": true,
      "sha256": "df731633edbf5afd12c05fe12ea3e1421d418451f6927c1cc8ca091578222662"
    },
    {
      "path": "C:\\Program Files\\LGHUB\\sdk_legacy_led_x86.dll",
      "registerLibrary": true,
      "sha256": "2c3cd30f24c21bee0fbd609b73e8a3e234217a9865cfb65663ec4fb83b72d720"
    },
    {
      "path": "C:\\Program Files\\LGHUB\\sdk_legacy_led_x64.dll",
      "registerLibrary": true,
      "sha256": "eac27621b11b014e1ae288ae319ef9e86b636bf924060c37aee7c3694d1fb96d"
    },
    {
      "path": "C:\\Program Files\\LGHUB\\sdk_legacy_steering_wheel_x64.dll",
      "registerLibrary": true,
      "sha256": "c1b6c73d95a902918cf0b1f4b34959772ec9e583e9c2ccca08d1ead8a2d2ea3b"
    },
    {
      "path": "C:\\Program Files\\LGHUB\\sdk_legacy_steering_wheel_x86.dll",
      "registerLibrary": true,
      "sha256": "d524e367247ea14a6b3a1b1fda5c476ec257181a73218357c651884709f170e9"
    },
    {
      "path": "C:\\Program Files\\LGHUB\\legacy_arx_control_sdk_x86.dll",
      "registerLibrary": true,
      "sha256": "22001d4bf0383c160dd1572150b68572b3fc5363d3a4ee1beaf00c09bb74ae54"
    },
    {
      "path": "C:\\Program Files\\LGHUB\\legacy_arx_control_sdk_x64.dll",
      "registerLibrary": true,
      "sha256": "eb9ada52d752c57fc40af0052575d69e7370190b660be9ccc2bd8cbf22589af8"
    },
    {
      "path": "C:\\Program Files\\LGHUB\\logi_audio_conexant.dll",
      "registerLibrary": false,
      "sha256": "45fc70a5d56ede7dab26c695fe41ed12cd998657e511d92fbc9581c9eb2cdac1"
    },
    {
      "path": "C:\\Program Files\\LGHUB\\logi_crashpad_handler.exe",
      "registerLibrary": false,
      "sha256": "58c3f55969819fca591af95951453cdfea9fa1ce9a36104e1914a40b265adddc"
    },
    {
      "path": "C:\\Users\\cpgpq\\AppData\\Local\\LGHUB\\integrations\\applet_overwolf\\config.json",
      "registerLibrary": false,
      "sha256": "a6315cc17f4cde41a04a19e2796fcc04fb21daaed74fc3045e2493ca211acb63"
    },
    {
      "path": "C:\\Users\\cpgpq\\AppData\\Local\\LGHUB\\integrations\\applet_discord\\config.json",
      "registerLibrary": false,
      "sha256": "df818820b31755a470ff3c6199942d48385818a11096616c7e734d79f74796a8"
    },
    {
      "path": "C:\\Users\\cpgpq\\AppData\\Local\\LGHUB\\integrations\\applet_obs\\config.json",
      "registerLibrary": false,
      "sha256": "f399794f7d8137ab1b8dedba0452ab0fb87e7aeb566e3237094c62480ee33cc8"
    },
    {
      "path": "C:\\Users\\cpgpq\\AppData\\Local\\LGHUB\\integrations\\applet_assetto_corsa\\config.json",
      "registerLibrary": false,
      "sha256": "6329eab464c7e29d0264f888703343c0a062a2282a710011ce1d776a736d63b6"
    },
    {
      "path": "C:\\Users\\cpgpq\\AppData\\Local\\LGHUB\\integrations\\applet_assetto_corsa\\AssettoCorsaArxApplet.exe",
      "registerLibrary": false,
      "sha256": "26de612cd51dacb93fedbdc444f84b1eb71ee94764fd14c11f05874b0519b3f4"
    },
    {
      "path": "C:\\Users\\cpgpq\\AppData\\Local\\LGHUB\\integrations\\applet_assetto_corsa\\applet_files\\acBackground.png",
      "registerLibrary": false,
      "sha256": "815c076c753611ba44d7c9ce410acdc844383b492aa4ff5cd337675bd6f834cd"
    },
    {
      "path": "C:\\Users\\cpgpq\\AppData\\Local\\LGHUB\\integrations\\applet_assetto_corsa\\applet_files\\acLogo.png",
      "registerLibrary": false,
      "sha256": "02b9e72eddc73e7b863f6f84b821213407307a3e1a71df7cdae465285b122997"
    },
    {
      "path": "C:\\Users\\cpgpq\\AppData\\Local\\LGHUB\\integrations\\applet_assetto_corsa\\applet_files\\acLogoOpaque.png",
      "registerLibrary": false,
      "sha256": "9a6eadfd048283262eccd195dbb8af9550c377c734f54242d8d6ceccb060f90d"
    },
    {
      "path": "C:\\Users\\cpgpq\\AppData\\Local\\LGHUB\\integrations\\applet_assetto_corsa\\applet_files\\index.html",
      "registerLibrary": false,
      "sha256": "afbae05c66e56e296ce94191960d3a03f9d3db6f39b6543515b0352720672d93"
    },
    {
      "path": "C:\\Users\\cpgpq\\AppData\\Local\\LGHUB\\integrations\\applet_assetto_corsa\\applet_files\\jquery-1.11.1.min.js",
      "registerLibrary": false,
      "sha256": "540bc6dec1dd4b92ea4d3fb903f69eabf6d919afd48f4e312b163c28cff0f441"
    },
    {
      "path": "C:\\Users\\cpgpq\\AppData\\Local\\LGHUB\\integrations\\applet_assetto_corsa\\applet_files\\jquery.mobile-1.4.2-onlyEvents.js",
      "registerLibrary": false,
      "sha256": "71616cc59712466b3e0a26919e694ba4bf3560a246d224cdec266c91c220a3fe"
    },
    {
      "path": "C:\\Users\\cpgpq\\AppData\\Local\\LGHUB\\integrations\\applet_assetto_corsa\\applet_files\\jquery.svg.js",
      "registerLibrary": false,
      "sha256": "472781d4e49afa540b8b71f8d48bea979bce8e0c0f82f641c24881dda37e6df5"
    },
    {
      "path": "C:\\Users\\cpgpq\\AppData\\Local\\LGHUB\\integrations\\applet_assetto_corsa\\applet_files\\jquery.svganim.js",
      "registerLibrary": false,
      "sha256": "93c65c680e21b2c94bf06f8804e64a09303b80f8d434202e371fd98d7e2c0a62"
    },
    {
      "path": "C:\\Users\\cpgpq\\AppData\\Local\\LGHUB\\integrations\\applet_assetto_corsa\\applet_files\\script.js",
      "registerLibrary": false,
      "sha256": "54b870eaf3f321309584e7bd0e8d243265b42da6cb6fa90edd18e261f6b7a59a"
    },
    {
      "path": "C:\\Users\\cpgpq\\AppData\\Local\\LGHUB\\integrations\\applet_assetto_corsa\\applet_files\\styleSheet.css",
      "registerLibrary": false,
      "sha256": "0b0ee8dc51f1a4834af8a7552e9a4f477192e3708fe1747d5a7bbcdfdc1eac8c"
    },
    {
      "path": "C:\\Users\\cpgpq\\AppData\\Local\\LGHUB\\integrations\\applet_assetto_corsa\\applet_files\\styleSheetPhone.css",
      "registerLibrary": false,
      "sha256": "3296d02227c8aad4722052b86bdc293eb41771c9ed27befe7ba0ebae9ab169f5"
    },
    {
      "path": "C:\\Users\\cpgpq\\AppData\\Local\\LGHUB\\integrations\\applet_assetto_corsa\\applet_files\\svgController.js",
      "registerLibrary": false,
      "sha256": "1b6aaf4b763ed9f7e586f9359c26632a44a508087e13c26517e964840bdbf15b"
    },
    {
      "path": "C:\\Users\\cpgpq\\AppData\\Local\\LGHUB\\integrations\\applet_csgo\\config.json",
      "registerLibrary": false,
      "sha256": "c0806041c49b559b82f5a35b05b90a1aec8c3bf4299e5bd5f0900314e32a76e7"
    },
    {
      "path": "C:\\Users\\cpgpq\\AppData\\Local\\LGHUB\\integrations\\applet_csgo\\CS_GO_Arx_Applet.exe",
      "registerLibrary": false,
      "sha256": "775d1a66173427109d3bc5d2e878cb8e946cab2815d3efe5890a9049af84a51e"
    },
    {
      "path": "C:\\Users\\cpgpq\\AppData\\Local\\LGHUB\\integrations\\applet_csgo\\Applet_files\\background.jpeg",
      "registerLibrary": false,
      "sha256": "5c549a142d2a4d6310f007e8b7dc10cbc099a4941e160772b07044b760638a29"
    },
    {
      "path": "C:\\Users\\cpgpq\\AppData\\Local\\LGHUB\\integrations\\applet_csgo\\Applet_files\\counter.png",
      "registerLibrary": false,
      "sha256": "304d1d294f3f9ea4270a6dc77cf7f835bf1a3f4a3803b0d3f648119ee9c326be"
    },
    {
      "path": "C:\\Users\\cpgpq\\AppData\\Local\\LGHUB\\integrations\\applet_csgo\\Applet_files\\gamestate_integration_logitech.cfg",
      "registerLibrary": false,
      "sha256": "a2b904036ab6fe53ba8e42de3fa36d2d8f081aa2bc0c6767e249057df8aebdcf"
    },
    {
      "path": "C:\\Users\\cpgpq\\AppData\\Local\\LGHUB\\integrations\\applet_csgo\\Applet_files\\healthLogo.png",
      "registerLibrary": false,
      "sha256": "78ae02373e43d98912a9502079a97856d098862877a09af1807338778ec676c9"
    },
    {
      "path": "C:\\Users\\cpgpq\\AppData\\Local\\LGHUB\\integrations\\applet_csgo\\Applet_files\\index.html",
      "registerLibrary": false,
      "sha256": "5efb343c8e7abaf136027b98c04cd2436946fbe8ab829ee6e5765904e9fcf363"
    },
    {
      "path": "C:\\Users\\cpgpq\\AppData\\Local\\LGHUB\\integrations\\applet_csgo\\Applet_files\\jquery-1.10.1.js",
      "registerLibrary": false,
      "sha256": "ff30a1dd8b05bbc1e11cf9677e1f102d9ef7b50ee8496c4a29fd16fed64cf0fb"
    },
    {
      "path": "C:\\Users\\cpgpq\\AppData\\Local\\LGHUB\\integrations\\applet_csgo\\Applet_files\\script.js",
      "registerLibrary": false,
      "sha256": "5b29acee73426da5985475b44233ad0ba8bda155962c421858ff18c7a26ccd2e"
    },
    {
      "path": "C:\\Users\\cpgpq\\AppData\\Local\\LGHUB\\integrations\\applet_csgo\\Applet_files\\shieldLogo.png",
      "registerLibrary": false,
      "sha256": "84c4807e2fe66a3a5b4899f4ef590c8e7b3b9117a2e9d7635253386b4e79cc4f"
    },
    {
      "path": "C:\\Users\\cpgpq\\AppData\\Local\\LGHUB\\integrations\\applet_csgo\\Applet_files\\style.css",
      "registerLibrary": false,
      "sha256": "4c866158d8eaca2b2c5dd865d1bf0ffed1f3de8318e30398067a54ed36c2648d"
    },
    {
      "path": "C:\\Users\\cpgpq\\AppData\\Local\\LGHUB\\integrations\\applet_csgo\\Applet_files\\terrorist.png",
      "registerLibrary": false,
      "sha256": "6858183295d645cb93a1eac62af75ae4111a15107e3b8d440dea12f039eed172"
    },
    {
      "path": "C:\\Users\\cpgpq\\AppData\\Local\\LGHUB\\integrations\\applet_dota2\\config.json",
      "registerLibrary": false,
      "sha256": "911695851daa5ab00c63b001173a58c9ab52279f193e1246afffd6d771469255"
    },
    {
      "path": "C:\\Users\\cpgpq\\AppData\\Local\\LGHUB\\integrations\\applet_dota2\\Dota2ArxApplet.exe",
      "registerLibrary": false,
      "sha256": "c9fe8731025e5d80e4c191ac2ca262acfc01f152a239ea7adc305e6701a3df1d"
    },
    {
      "path": "C:\\Users\\cpgpq\\AppData\\Local\\LGHUB\\integrations\\applet_dota2\\Applet_Files\\background.png",
      "registerLibrary": false,
      "sha256": "418f60dc46bd2ccd417eb2eb9a8e5f560ac1d8979162a7f11b858679e9cf75a4"
    },
    {
      "path": "C:\\Users\\cpgpq\\AppData\\Local\\LGHUB\\integrations\\applet_dota2\\Applet_Files\\dotaBadge.png",
      "registerLibrary": false,
      "sha256": "14cdb5b9e2cde211b9289197aae8f0fc7b381ffc5a6aee9773bc22a5ce78c0df"
    },
    {
      "path": "C:\\Users\\cpgpq\\AppData\\Local\\LGHUB\\integrations\\applet_dota2\\Applet_Files\\empty_item.png",
      "registerLibrary": false,
      "sha256": "c01eb28cb2a14027573982c7b071829408f81414009aec3db99e5868457038f8"
    },
    {
      "path": "C:\\Users\\cpgpq\\AppData\\Local\\LGHUB\\integrations\\applet_dota2\\Applet_Files\\gamestate_integration_logitech.cfg",
      "registerLibrary": false,
      "sha256": "4e39af721910e0165676a92d9f89b88df9448cf6c960af2b878dd9d0a023fc0f"
    },
    {
      "path": "C:\\Users\\cpgpq\\AppData\\Local\\LGHUB\\integrations\\applet_dota2\\Applet_Files\\gold.png",
      "registerLibrary": false,
      "sha256": "b883e30a9c314f2248d37d81103cd17c3ac5ed21578c94d319b5ad40a648c9c4"
    },
    {
      "path": "C:\\Users\\cpgpq\\AppData\\Local\\LGHUB\\integrations\\applet_dota2\\Applet_Files\\goldIcon.png",
      "registerLibrary": false,
      "sha256": "c0c03a2e67d5b18b36780b41491517439847bff7a6aa199a0f985ea4b2e36ffe"
    },
    {
      "path": "C:\\Users\\cpgpq\\AppData\\Local\\LGHUB\\integrations\\applet_dota2\\Applet_Files\\health.png",
      "registerLibrary": false,
      "sha256": "ca6c7d93aca212f0d5cfa95e6f6e4d3b77f1cf40086af4c501e94ffb34af3b4e"
    },
    {
      "path": "C:\\Users\\cpgpq\\AppData\\Local\\LGHUB\\integrations\\applet_dota2\\Applet_Files\\index.html",
      "registerLibrary": false,
      "sha256": "210b03033087ad8774537c7d097a9bbeac4b5e77742c55b0417f39e39d727ed8"
    },
    {
      "path": "C:\\Users\\cpgpq\\AppData\\Local\\LGHUB\\integrations\\applet_dota2\\Applet_Files\\jquery-ui-1.11.4.min.js",
      "registerLibrary": false,
      "sha256": "fea24b936201e256b41bfc7a4293b7485a5d7ec0a716eac929b13eb480cb1d1a"
    },
    {
      "path": "C:\\Users\\cpgpq\\AppData\\Local\\LGHUB\\integrations\\applet_dota2\\Applet_Files\\mana.png",
      "registerLibrary": false,
      "sha256": "a8f392460b7c73b1bb5e131154b57c4eca5a5c34aeee7772db14f3c0c9201094"
    },
    {
      "path": "C:\\Users\\cpgpq\\AppData\\Local\\LGHUB\\integrations\\applet_dota2\\Applet_Files\\orb.png",
      "registerLibrary": false,
      "sha256": "530c721656e1e6179f8ebfdfc202b3a6d770c9e811fdf1e259c862e56b9e0319"
    },
    {
      "path": "C:\\Users\\cpgpq\\AppData\\Local\\LGHUB\\integrations\\applet_dota2\\Applet_Files\\pro.html",
      "registerLibrary": false,
      "sha256": "12fc002db6c4b79cd512da437541c5f51866e83d83d7102a056f97c051c8d821"
    },
    {
      "path": "C:\\Users\\cpgpq\\AppData\\Local\\LGHUB\\integrations\\applet_dota2\\Applet_Files\\script.js",
      "registerLibrary": false,
      "sha256": "b28a70efc79752fcac3215399081d942c7b8ed582792dcbce0c0d1751adc5496"
    },
    {
      "path": "C:\\Users\\cpgpq\\AppData\\Local\\LGHUB\\integrations\\applet_dota2\\Applet_Files\\style.css",
      "registerLibrary": false,
      "sha256": "6a2d76b2f1bc3b4022185c5c5d1d89ff5109bf4dbbefa4126ca48807c09a7b59"
    },
    {
      "path": "C:\\Users\\cpgpq\\AppData\\Local\\LGHUB\\integrations\\applet_dota2\\Applet_Files\\tempHero.png",
      "registerLibrary": false,
      "sha256": "0112d18afa1b26b89254cfbcd47e9846cae38c672b18fd2d4f2bfbd82b4a358a"
    }
  ],
  "folders": [
    {
      "path": "C:/Program Files\\LGHUB\\data"
    },
    {
      "path": "C:/Program Files\\LGHUB\\data\\devices"
    },
    {
      "path": "C:/Program Files\\LGHUB\\data\\lighting"
    },
    {
      "path": "C:/Program Files\\LGHUB\\data\\lighting\\effects"
    },
    {
      "path": "C:/Program Files\\LGHUB\\data\\receivers"
    },
    {
      "path": "C:/Program Files\\LGHUB\\data\\sounds"
    },
    {
      "path": "C:/Program Files\\LGHUB\\data\\strings"
    },
    {
      "path": "C:/Program Files\\LGHUB\\locales"
    },
    {
      "path": "C:/Program Files\\LGHUB\\platforms"
    },
    {
      "path": "C:/Program Files\\LGHUB\\resources"
    },
    {
      "path": "C:/Program Files\\LGHUB\\resources\\app.asar.unpacked"
    },
    {
      "path": "C:/Program Files\\LGHUB\\resources\\app.asar.unpacked\\node_modules"
    },
    {
      "path": "C:/Program Files\\LGHUB\\resources\\app.asar.unpacked\\node_modules\\keytar"
    },
    {
      "path": "C:/Program Files\\LGHUB\\resources\\app.asar.unpacked\\node_modules\\keytar\\build"
    },
    {
      "path": "C:/Program Files\\LGHUB\\resources\\app.asar.unpacked\\node_modules\\keytar\\build\\Release"
    }
  ],
  "processControl": {
    "identifiers": [
      "lghub",
      "lghub_installer",
      "lghub_agent"
    ]
  },
  "product": {
    "guid": "{521c89be-637f-4274-a840-baaf7460c2b2}",
    "icon": "{frontend_root}/lghub.exe",
    "linkAbout": "http://www.logitechg.com",
    "linkHelp": "http://support.logitech.com",
    "name": "{brand} G HUB",
    "publisher": "{brand}",
    "version": "2021.13.7585"
  },
  "renamedItems": [],
  "services": [
    {
      "asConsoleUser": false,
      "command": {
        "arguments": [
          "--run-as-service"
        ],
        "executable": "C:\\Program Files\\LGHUB\\lghub_updater.exe"
      },
      "service": "LGHUBUpdaterService"
    },
    {
      "asConsoleUser": true,
      "command": {
        "arguments": [
          "--background"
        ],
        "executable": "C:\\Program Files\\LGHUB\\lghub.exe"
      },
      "service": "LGHUB"
    }
  ],
  "shortcuts": [
    {
      "description": "",
      "name": "{brand} G HUB",
      "onDesktop": true,
      "onStartMenu": true,
      "path": "{frontend_root}/lghub.exe"
    }
  ],
  "uninstaller": {
    "arguments": [
      "--uninstall"
    ],
    "executable": "C:\\Program Files\\LGHUB\\lghub_updater.exe"
  }
}