 {"msgId": "fb317ed4-3f0c-48b9-a7bf-4863b3ce2b3c", "verb": "GET", "path": "/devices/list", "origin": "backend", "result": {"code": "SUCCESS", "what": ""}, "payload": {"@type": "type.googleapis.com/logi.protocol.devices.Device.Info.List", "deviceInfos": [{"id": "dev00000000", "pid": 2697, "firmwareName": "U130", "isSubdevice": false, "parentId": "", "state": "ACTIVE", "onboardMode": false, "individualMode": false, "resourcesAvailable": true, "connectionType": "USB", "hasWirelessInterface": false, "displayConnectionType": "USB", "deviceType": "HEADSET", "deviceFamily": "", "deviceModel": "g633s", "deviceBaseModel": "g635", "displayName": "G633s", "extendedDisplayName": "G633s Wired 7.1 LIGHTSYNC Gaming Headset", "slotPrefix": "g635", "thumbnail": "pipeline://core/thumbnails/g633s.png", "stringPackage": "", "deviceExt": 1, "deviceUnitId": "", "deviceSignature": "", "givenName": "", "capabilities": {"audio": {"dtsSupported": false, "dolbySupported": false, "denoiserSupported": true, "onboardEqSupported": false, "onboardProEqSupported": false, "dtsHx2eSupported": true, "proEqSupported": false, "blueVoiceSupported": false, "hardwareNoiseReductionSupported": false, "blueVoice2Supported": false, "hidMic": true, "devioVolumeFeatures": false, "centurionEqSupported": false, "lightspeedAuxSupported": false, "audioMixingSupported": false, "rtxDenoiserSupported": false}, "lightingSupport": {"deviceCategory": "HEADSET_RGB_ZONAL", "typeMap": {"ZONE_BRANDING": "LOGO", "ZONE_PRIMARY": "PRIMARY"}, "zones": [{"zoneType": "ZONE_PRIMARY", "supportedEffects": [{"id": "OFF", "syncable": true, "fixedIntensity": false, "signature": false, "inactivityOnly": false}, {"id": "FIXED", "syncable": true, "fixedIntensity": false, "signature": false, "inactivityOnly": false}, {"id": "CYCLE", "syncable": true, "fixedIntensity": false, "signature": false, "inactivityOnly": false}, {"id": "BREATHING", "syncable": true, "fixedIntensity": false, "signature": false, "inactivityOnly": false}], "onboardCluster": "CLUSTER_DEFAULT"}, {"zoneType": "ZONE_BRANDING", "supportedEffects": [{"id": "OFF", "syncable": true, "fixedIntensity": false, "signature": false, "inactivityOnly": false}, {"id": "FIXED", "syncable": true, "fixedIntensity": false, "signature": false, "inactivityOnly": false}, {"id": "CYCLE", "syncable": true, "fixedIntensity": false, "signature": false, "inactivityOnly": false}, {"id": "BREATHING", "syncable": true, "fixedIntensity": false, "signature": false, "inactivityOnly": false}], "onboardCluster": "CLUSTER_DEFAULT"}], "isMonochrome": false, "isPerKey": false, "persistence": {"zoneEffects": true, "perKeyFixed": false}, "hideStartupEffect": false, "shutdownEffect": false, "brightnessLevels": [], "powerSavingEffect": false, "lowBatteryEffect": false, "brightnessPercentage": false, "gamma": true, "firmwareOnly": false, "offRamp": false, "activeDimming": false, "hasPositionalEffect": false, "hasPastelPalette": false, "hasRingLeds": false, "hasMasterSwitch": false, "needKeepAliveSignal": false}, "sleepTimer": false, "mstateSupport": {"count": 1, "timeOut": 0}, "fnInversion": false, "presentSplashScreen": false, "customizableColor": false, "wirelessReportRate": false, "hybridEngine": false, "advancedSleepTimer": false, "angleSnapping": false, "excludeGShift": true, "hostRemovalSupport": false, "headphoneJack": false, "hostInfos": false, "gkeyLayout": "INVALID_GKEY_LAYOUT", "hasBatteryStatus": true, "powerOffTimer": false, "requiresBackupForDfu": false, "notificationSupport": {}, "unifiedBattery": false, "dpiLighting": false, "hasGlobalDamping": false, "nonInteractive": false, "chargepadCompatible": false, "individuality": false, "defaultSlotFormat": "INVALID_FORMAT", "fnToggle": false, "isFullHidppWheel": false, "hasConfigurationProfiles": false, "disableCenterSpring": false, "renameDeviceDisplayName": false, "systemTraySupport": false}, "activeInterfaces": [{"type": "DEVIO", "id": "046d_0a89", "pid": 2697, "modelId": 0, "extendedModel": 1, "serialNumber": "", "path": "IOService:/AppleARMPE/arm-io@10F00000/AppleT810xIO/apcie@90000000/AppleT8103PCIe/pci-bridge1@1/IOPP/pcie-xhci@0/AppleEmbeddedUSBXHCIFL1100@02000000/pcie-xhci-hs-port1@02100000/USB2.0 HUB@02100000/AppleUSB20Hub@02100000/AppleUSB20HubPort@02110000/G633s Gaming Headset@02110000/IOUSBHostInterface@3/AppleUserUSBHostHIDDevice", "containerId": "0x2110000", "deviceType": "HEADSET", "deviceName": "G633s Gaming Headset", "keyboardLayout": "INVALID_LAYOUT", "firmwareVersion": "130.0.7", "firmwareName": "U130", "firmwareRevision": 0, "hardwareRevision": 0, "unitId": "", "fwEntities": {}, "connectionType": "USB", "hasOnboardMode": false, "parentPath": ""}, {"type": "HIDIO", "id": "HID_046d_0a89_000b0001", "pid": 2697, "modelId": 0, "extendedModel": 0, "serialNumber": "00000000", "path": "", "containerId": "0x2110000", "deviceType": "INVALID_TYPE", "deviceName": "", "keyboardLayout": "INVALID_LAYOUT", "firmwareVersion": "6008", "firmwareName": "", "firmwareRevision": 0, "hardwareRevision": 0, "unitId": "", "fwEntities": {}, "connectionType": "USB", "hasOnboardMode": false, "parentPath": ""}, {"type": "AUDIO", "id": "", "pid": 0, "modelId": 0, "extendedModel": 0, "serialNumber": "", "path": "", "containerId": "0x2110000", "deviceType": "INVALID_TYPE", "deviceName": "", "keyboardLayout": "INVALID_LAYOUT", "firmwareVersion": "", "firmwareName": "", "firmwareRevision": 0, "hardwareRevision": 0, "unitId": "", "fwEntities": {}, "connectionType": "VIRTUAL", "hasOnboardMode": false, "parentPath": ""}], "slots": {"g635_g1_m1": {"id": "g635_g1_m1", "attribute": "MACRO_PLAYBACK", "disabled": false, "defaultCard": "0f82f693-5b78-4cf5-867e-070200000000"}, "g635_g2_m1": {"id": "g635_g2_m1", "attribute": "MACRO_PLAYBACK", "disabled": false, "defaultCard": "0f82f693-5b78-4cf5-867e-060c00000000"}, "g635_g1_m1_shifted": {"id": "g635_g1_m1_shifted", "attribute": "MACRO_PLAYBACK", "disabled": false, "defaultCard": "0f82f693-5b78-4cf5-867e-090700000000"}, "g635_acoustics": {"id": "g635_acoustics", "attribute": "ACOUSTICS", "disabled": false, "defaultCard": "9b85425b-8c71-4b15-808c-12020a890000"}, "g635_lighting_setting_firmware": {"id": "g635_lighting_setting_firmware", "attribute": "FIRMWARE_LIGHTING_SETTINGS", "disabled": false, "defaultCard": "9b85425b-8c71-4b15-808c-12060a890000"}, "g635_g3_m1": {"id": "g635_g3_m1", "attribute": "MACRO_PLAYBACK", "disabled": false, "defaultCard": "0f82f693-5b78-4cf5-867e-060d00000000"}, "g635_g2_m1_shifted": {"id": "g635_g2_m1_shifted", "attribute": "MACRO_PLAYBACK", "disabled": false, "defaultCard": "0f82f693-5b78-4cf5-867e-090700000000"}, "g635_g3_m1_shifted": {"id": "g635_g3_m1_shifted", "attribute": "MACRO_PLAYBACK", "disabled": false, "defaultCard": "0f82f693-5b78-4cf5-867e-090700000000"}}, "path": "IOService:/AppleARMPE/arm-io@10F00000/AppleT810xIO/apcie@90000000/AppleT8103PCIe/pci-bridge1@1/IOPP/pcie-xhci@0/AppleEmbeddedUSBXHCIFL1100@02000000/pcie-xhci-hs-port1@02100000/USB2.0 HUB@02100000/AppleUSB20Hub@02100000/AppleUSB20HubPort@02110000/G633s Gaming Headset@02110000/IOUSBHostInterface@3/AppleUserUSBHostHIDDevice", "parentPath": ""}, {"id": "dev00000001", "pid": 49974, "firmwareName": "U109", "isSubdevice": false, "parentId": "", "state": "ACTIVE", "onboardMode": false, "individualMode": false, "resourcesAvailable": true, "connectionType": "USB", "hasWirelessInterface": false, "displayConnectionType": "USB", "deviceType": "KEYBOARD", "deviceFamily": "", "deviceModel": "g213", "deviceBaseModel": "g213", "displayName": "G213", "extendedDisplayName": "G213 Prodigy Keyboard", "slotPrefix": "g213", "thumbnail": "pipeline://core/thumbnails/g213.png", "stringPackage": "", "deviceExt": 0, "deviceUnitId": "875579138", "deviceSignature": "KEYBOARD.g213.0.875579138", "givenName": "", "capabilities": {"lightingSupport": {"deviceCategory": "KEYBOARD_RGB_ZONAL", "typeMap": {"ZONE_ONE": "ZONAL_ONE", "ZONE_PRIMARY": "PRIMARY", "ZONE_FOUR": "ZONAL_FOUR", "ZONE_THREE": "ZONAL_THREE", "ZONE_FIVE": "ZONAL_FIVE", "ZONE_TWO": "ZONAL_TWO"}, "zones": [{"zoneType": "ZONE_PRIMARY", "supportedEffects": [{"id": "OFF", "syncable": true, "fixedIntensity": false, "signature": false, "inactivityOnly": false}, {"id": "FIXED", "syncable": true, "fixedIntensity": false, "signature": false, "inactivityOnly": false}, {"id": "CYCLE", "syncable": true, "fixedIntensity": true, "signature": false, "inactivityOnly": false}, {"id": "COLORWAVE", "syncable": false, "fixedIntensity": true, "signature": false, "inactivityOnly": false}, {"id": "BREATHING", "syncable": true, "fixedIntensity": true, "signature": false, "inactivityOnly": false}], "onboardCluster": "CLUSTER_DEFAULT"}], "isMonochrome": false, "isPerKey": false, "hideStartupEffect": false, "shutdownEffect": false, "brightnessLevels": [], "powerSavingEffect": false, "lowBatteryEffect": false, "brightnessPercentage": false, "gamma": false, "firmwareOnly": false, "offRamp": false, "activeDimming": false, "hasPositionalEffect": false, "hasPastelPalette": false, "hasRingLeds": false, "hasMasterSwitch": false, "needKeepAliveSignal": false}, "sleepTimer": false, "mstateSupport": {"count": 1, "timeOut": 0}, "reportHidControls": {"pages": [{"page": 7, "usages": [{"usage": 58, "button": 1}, {"usage": 59, "button": 2}, {"usage": 60, "button": 3}, {"usage": 61, "button": 4}, {"usage": 62, "button": 5}, {"usage": 63, "button": 6}, {"usage": 64, "button": 7}, {"usage": 65, "button": 8}, {"usage": 66, "button": 9}, {"usage": 67, "button": 10}, {"usage": 68, "button": 11}, {"usage": 69, "button": 12}]}]}, "fnInversion": false, "presentSplashScreen": false, "customizableColor": false, "wirelessReportRate": false, "hybridEngine": false, "advancedSleepTimer": false, "angleSnapping": false, "excludeGShift": false, "hostRemovalSupport": false, "headphoneJack": false, "hostInfos": false, "gkeyLayout": "INVALID_GKEY_LAYOUT", "hasBatteryStatus": false, "powerOffTimer": false, "requiresBackupForDfu": false, "unifiedBattery": false, "dpiLighting": false, "hasGlobalDamping": false, "nonInteractive": false, "chargepadCompatible": false, "individuality": false, "defaultSlotFormat": "INVALID_FORMAT", "fnToggle": false, "isFullHidppWheel": false, "hasConfigurationProfiles": false, "disableCenterSpring": false, "renameDeviceDisplayName": false, "systemTraySupport": false}, "activeInterfaces": [{"type": "DEVIO", "id": "046d_c336", "pid": 49974, "modelId": 0, "extendedModel": 0, "serialNumber": "875579138", "path": "IOService:/AppleARMPE/arm-io@10F00000/AppleT810xIO/apcie@90000000/AppleT8103PCIe/pci-bridge1@1/IOPP/pcie-xhci@0/AppleEmbeddedUSBXHCIFL1100@02000000/pcie-xhci-hs-port2@02200000/USBHub3p-2[A]@02200000/AppleUSB20Hub@02200000/AppleUSB20HubPort@02230000/USBHub3p-2[4-7]@02230000/AppleUSB20Hub@02230000/AppleUSB20HubPort@02234000/Gaming Keyboard G213@02234000/IOUSBHostInterface@1/AppleUserUSBHostHIDDevice", "containerId": "0x2234000", "deviceType": "KEYBOARD", "deviceName": "Gaming Keyboard G213", "keyboardLayout": "US", "firmwareVersion": "109.0.6", "firmwareName": "U109", "firmwareRevision": 0, "hardwareRevision": 0, "unitId": "875579138", "fwEntities": {}, "connectionType": "USB", "hasOnboardMode": false, "parentPath": ""}], "slots": {"g213_g9_m1_shifted": {"id": "g213_g9_m1_shifted", "attribute": "MACRO_PLAYBACK", "disabled": false, "defaultCard": "0f82f693-5b78-4cf5-867e-090700000000"}, "g213_g8_m1": {"id": "g213_g8_m1", "attribute": "MACRO_PLAYBACK", "disabled": false, "defaultCard": "0f82f693-5b78-4cf5-867e-014100000000"}, "g213_g7_m1_shifted": {"id": "g213_g7_m1_shifted", "attribute": "MACRO_PLAYBACK", "disabled": false, "defaultCard": "0f82f693-5b78-4cf5-867e-090700000000"}, "g213_g6_m1_shifted": {"id": "g213_g6_m1_shifted", "attribute": "MACRO_PLAYBACK", "disabled": false, "defaultCard": "0f82f693-5b78-4cf5-867e-090700000000"}, "g213_g2_m1_shifted": {"id": "g213_g2_m1_shifted", "attribute": "MACRO_PLAYBACK", "disabled": false, "defaultCard": "0f82f693-5b78-4cf5-867e-090700000000"}, "g213_g12_m1_shifted": {"id": "g213_g12_m1_shifted", "attribute": "MACRO_PLAYBACK", "disabled": false, "defaultCard": "0f82f693-5b78-4cf5-867e-090700000000"}, "g213_g8_m1_shifted": {"id": "g213_g8_m1_shifted", "attribute": "MACRO_PLAYBACK", "disabled": false, "defaultCard": "0f82f693-5b78-4cf5-867e-090700000000"}, "g213_g4_m1_shifted": {"id": "g213_g4_m1_shifted", "attribute": "MACRO_PLAYBACK", "disabled": false, "defaultCard": "0f82f693-5b78-4cf5-867e-090700000000"}, "g213_g3_m1": {"id": "g213_g3_m1", "attribute": "MACRO_PLAYBACK", "disabled": false, "defaultCard": "0f82f693-5b78-4cf5-867e-013c00000000"}, "g213_g4_m1": {"id": "g213_g4_m1", "attribute": "MACRO_PLAYBACK", "disabled": false, "defaultCard": "0f82f693-5b78-4cf5-867e-013d00000000"}, "g213_g11_m1": {"id": "g213_g11_m1", "attribute": "MACRO_PLAYBACK", "disabled": false, "defaultCard": "0f82f693-5b78-4cf5-867e-014400000000"}, "g213_disable_keys": {"id": "g213_disable_keys", "attribute": "DISABLE_KEY_SETTINGS", "disabled": false, "defaultCard": "9b85425b-8c71-4b15-808c-1205c3360000"}, "g213_g10_m1_shifted": {"id": "g213_g10_m1_shifted", "attribute": "MACRO_PLAYBACK", "disabled": false, "defaultCard": "0f82f693-5b78-4cf5-867e-090700000000"}, "g213_g10_m1": {"id": "g213_g10_m1", "attribute": "MACRO_PLAYBACK", "disabled": false, "defaultCard": "0f82f693-5b78-4cf5-867e-014300000000"}, "g213_g5_m1_shifted": {"id": "g213_g5_m1_shifted", "attribute": "MACRO_PLAYBACK", "disabled": false, "defaultCard": "0f82f693-5b78-4cf5-867e-090700000000"}, "g213_g12_m1": {"id": "g213_g12_m1", "attribute": "MACRO_PLAYBACK", "disabled": false, "defaultCard": "0f82f693-5b78-4cf5-867e-014500000000"}, "g213_g2_m1": {"id": "g213_g2_m1", "attribute": "MACRO_PLAYBACK", "disabled": false, "defaultCard": "0f82f693-5b78-4cf5-867e-013b00000000"}, "g213_g1_m1_shifted": {"id": "g213_g1_m1_shifted", "attribute": "MACRO_PLAYBACK", "disabled": false, "defaultCard": "0f82f693-5b78-4cf5-867e-090700000000"}, "g213_g9_m1": {"id": "g213_g9_m1", "attribute": "MACRO_PLAYBACK", "disabled": false, "defaultCard": "0f82f693-5b78-4cf5-867e-014200000000"}, "g213_g3_m1_shifted": {"id": "g213_g3_m1_shifted", "attribute": "MACRO_PLAYBACK", "disabled": false, "defaultCard": "0f82f693-5b78-4cf5-867e-090700000000"}, "g213_g11_m1_shifted": {"id": "g213_g11_m1_shifted", "attribute": "MACRO_PLAYBACK", "disabled": false, "defaultCard": "0f82f693-5b78-4cf5-867e-090700000000"}, "g213_g7_m1": {"id": "g213_g7_m1", "attribute": "MACRO_PLAYBACK", "disabled": false, "defaultCard": "0f82f693-5b78-4cf5-867e-014000000000"}, "g213_g6_m1": {"id": "g213_g6_m1", "attribute": "MACRO_PLAYBACK", "disabled": false, "defaultCard": "0f82f693-5b78-4cf5-867e-013f00000000"}, "g213_g5_m1": {"id": "g213_g5_m1", "attribute": "MACRO_PLAYBACK", "disabled": false, "defaultCard": "0f82f693-5b78-4cf5-867e-013e00000000"}, "g213_lighting_setting_firmware": {"id": "g213_lighting_setting_firmware", "attribute": "FIRMWARE_LIGHTING_SETTINGS", "disabled": false, "defaultCard": "9b85425b-8c71-4b15-808c-1206c3360000"}, "g213_g1_m1": {"id": "g213_g1_m1", "attribute": "MACRO_PLAYBACK", "disabled": false, "defaultCard": "0f82f693-5b78-4cf5-867e-013a00000000"}}, "path": "IOService:/AppleARMPE/arm-io@10F00000/AppleT810xIO/apcie@90000000/AppleT8103PCIe/pci-bridge1@1/IOPP/pcie-xhci@0/AppleEmbeddedUSBXHCIFL1100@02000000/pcie-xhci-hs-port2@02200000/USBHub3p-2[A]@02200000/AppleUSB20Hub@02200000/AppleUSB20HubPort@02230000/USBHub3p-2[4-7]@02230000/AppleUSB20Hub@02230000/AppleUSB20HubPort@02234000/Gaming Keyboard G213@02234000/IOUSBHostInterface@1/AppleUserUSBHostHIDDevice", "parentPath": ""}]}}