 {"msgId": "28c8143b-523e-425c-a9a6-1cf8d34f4927", "verb": "GET", "path": "/devices/list", "origin": "backend", "result": {"code": "SUCCESS", "what": ""}, "payload": {"@type": "type.googleapis.com/logi.protocol.devices.Device.Info.List", "deviceInfos": [{"id": "dev00000004", "pid": 2695, "state": "ACTIVE", "onboardMode": false, "individualMode": false, "resourcesAvailable": true, "connectionType": "USB", "hasWirelessInterface": false, "deviceType": "HEADSET", "deviceFamily": "", "deviceModel": "g935", "deviceBaseModel": "g935", "displayName": "G935", "extendedDisplayName": "G935 Wireless 7.1 LIGHTSYNC Gaming Headset", "slotPrefix": "g935", "thumbnail": "pipeline://core/thumbnails/g935.png", "deviceExt": 0, "deviceUnitId": "4294967295", "deviceSignature": "HEADSET.g935.0.4294967295", "givenName": "", "capabilities": {"audio": {"dtsSupported": false, "dolbySupported": false, "denoiserSupported": true, "onboardEqSupported": true, "onboardProEqSupported": false, "dtsHx2eSupported": true, "proEqSupported": false, "blueVoiceSupported": false, "hardwareNoiseReductionSupported": false, "blueVoice2Supported": false, "hidMic": true, "devioVolumeFeatures": false}, "lightingSupport": {"deviceCategory": "HEADSET_RGB_ZONAL", "typeMap": {"ZONE_BRANDING": "LOGO", "ZONE_PRIMARY": "PRIMARY"}, "zones": [{"zoneType": "ZONE_PRIMARY", "supportedEffects": [{"id": "OFF", "syncable": true, "fixedIntensity": false, "signature": false, "inactivityOnly": false}, {"id": "FIXED", "syncable": true, "fixedIntensity": false, "signature": false, "inactivityOnly": false}, {"id": "CYCLE", "syncable": true, "fixedIntensity": false, "signature": false, "inactivityOnly": false}, {"id": "BREATHING", "syncable": true, "fixedIntensity": false, "signature": false, "inactivityOnly": false}], "onboardCluster": "CLUSTER_DEFAULT"}, {"zoneType": "ZONE_BRANDING", "supportedEffects": [{"id": "OFF", "syncable": true, "fixedIntensity": false, "signature": false, "inactivityOnly": false}, {"id": "FIXED", "syncable": true, "fixedIntensity": false, "signature": false, "inactivityOnly": false}, {"id": "CYCLE", "syncable": true, "fixedIntensity": false, "signature": false, "inactivityOnly": false}, {"id": "BREATHING", "syncable": true, "fixedIntensity": false, "signature": false, "inactivityOnly": false}], "onboardCluster": "CLUSTER_DEFAULT"}], "isMonochrome": false, "isPerKey": false, "persistence": {"zoneEffects": true, "perKeyFixed": false}, "hideStartupEffect": false, "shutdownEffect": false, "brightnessLevels": [], "powerSavingEffect": false, "lowBatteryEffect": false, "brightnessPercentage": false, "gamma": true, "firmwareOnly": false, "offRamp": false, "activeDimming": false, "hasPositionalEffect": false}, "sleepTimer": true, "mstateSupport": {"count": 1, "timeOut": 0}, "fnInversion": false, "presentSplashScreen": false, "customizableColor": false, "wirelessReportRate": false, "hybridEngine": false, "advancedSleepTimer": true, "angleSnapping": false, "excludeGShift": false, "hostRemovalSupport": false, "headphoneJack": false, "hostInfos": false, "gkeyLayout": "INVALID_GKEY_LAYOUT", "hasBatteryStatus": true, "powerOffTimer": false, "requiresBackupForDfu": false, "notificationSupport": {}, "unifiedBattery": false, "dpiLighting": false, "nonInteractive": false, "chargepadCompatible": false, "individuality": false, "defaultSlotFormat": "INVALID_FORMAT"}, "activeInterfaces": [{"type": "DEVIO", "id": "046d_0a87", "pid": 2695, "modelId": 0, "extendedModel": 0, "serialNumber": "4294967295", "path": "\\\\?\\hid#vid_046d&pid_0a87&mi_03&col03#a&3649c161&0&0002#{4d1e55b2-f16f-11cf-88cb-001111000030}", "containerId": "48166170-c9c1-11ec-b6e2-503eaa026b67", "deviceType": "HEADSET", "deviceName": "G935 Gaming Headset", "keyboardLayout": "INVALID_LAYOUT", "firmwareVersion": "129.0.12", "unitId": "4294967295", "firmwareName": "U12900", "connectionType": "USB", "hasOnboardMode": false}, {"type": "HIDIO", "id": "HID_046d_0a87_000b0001", "pid": 2695, "modelId": 0, "extendedModel": 0, "serialNumber": "", "path": "\\\\?\\HID#VID_046D&PID_0A87&MI_03&COL02#A&3649C161&0&0001#{4D1E55B2-F16F-11CF-88CB-001111000030}", "containerId": "48166170-c9c1-11ec-b6e2-503eaa026b67", "deviceType": "INVALID_TYPE", "deviceName": "", "keyboardLayout": "INVALID_LAYOUT", "firmwareVersion": "", "unitId": "", "firmwareName": "", "connectionType": "USB", "hasOnboardMode": false}, {"type": "AUDIO", "id": "", "pid": 0, "modelId": 0, "extendedModel": 0, "serialNumber": "", "path": "", "containerId": "48166170-c9c1-11ec-b6e2-503eaa026b67", "deviceType": "INVALID_TYPE", "deviceName": "", "keyboardLayout": "INVALID_LAYOUT", "firmwareVersion": "", "unitId": "", "firmwareName": "", "connectionType": "VIRTUAL", "hasOnboardMode": false}], "slots": {"g935_lighting_setting_firmware": {"id": "g935_lighting_setting_firmware", "attribute": "FIRMWARE_LIGHTING_SETTINGS", "disabled": false}, "g935_g3_m1_shifted": {"id": "g935_g3_m1_shifted", "attribute": "MACRO_PLAYBACK", "disabled": false}, "g935_equalizer": {"id": "g935_equalizer", "attribute": "EQUALIZER", "disabled": false}, "g935_acoustics": {"id": "g935_acoustics", "attribute": "ACOUSTICS", "disabled": false}, "g935_g3_m1": {"id": "g935_g3_m1", "attribute": "MACRO_PLAYBACK", "disabled": false}, "g935_g2_m1": {"id": "g935_g2_m1", "attribute": "MACRO_PLAYBACK", "disabled": false}, "g935_g2_m1_shifted": {"id": "g935_g2_m1_shifted", "attribute": "MACRO_PLAYBACK", "disabled": false}, "g935_g1_m1": {"id": "g935_g1_m1", "attribute": "MACRO_PLAYBACK", "disabled": false}, "g935_g1_m1_shifted": {"id": "g935_g1_m1_shifted", "attribute": "MACRO_PLAYBACK", "disabled": false}}}, {"id": "dev00000005", "pid": 2716, "state": "ACTIVE", "onboardMode": false, "individualMode": false, "resourcesAvailable": true, "connectionType": "USB", "hasWirelessInterface": false, "deviceType": "HEADSET", "deviceFamily": "", "deviceModel": "g432", "deviceBaseModel": "g432", "displayName": "G432", "extendedDisplayName": "G432 Gaming Headset", "slotPrefix": "g432", "thumbnail": "pipeline://core/thumbnails/g432.png", "deviceExt": 0, "deviceUnitId": "4294967295", "deviceSignature": "HEADSET.g432.0.4294967295", "givenName": "", "capabilities": {"audio": {"dtsSupported": false, "dolbySupported": false, "denoiserSupported": true, "onboardEqSupported": false, "onboardProEqSupported": false, "dtsHx2eSupported": true, "proEqSupported": false, "blueVoiceSupported": false, "hardwareNoiseReductionSupported": false, "blueVoice2Supported": false, "hidMic": true, "devioVolumeFeatures": false}, "sleepTimer": false, "mstateSupport": {"count": 1, "timeOut": 0}, "fnInversion": false, "presentSplashScreen": false, "customizableColor": false, "wirelessReportRate": false, "hybridEngine": false, "advancedSleepTimer": false, "angleSnapping": false, "excludeGShift": false, "hostRemovalSupport": false, "headphoneJack": false, "hostInfos": false, "gkeyLayout": "INVALID_GKEY_LAYOUT", "hasBatteryStatus": false, "powerOffTimer": false, "requiresBackupForDfu": false, "unifiedBattery": false, "dpiLighting": false, "nonInteractive": false, "chargepadCompatible": false, "individuality": false, "defaultSlotFormat": "INVALID_FORMAT"}, "activeInterfaces": [{"type": "DEVIO", "id": "046d_0a9c", "pid": 2716, "modelId": 0, "extendedModel": 255, "serialNumber": "4294967295", "path": "\\\\?\\hid#vid_046d&pid_0a9c&mi_03&col04#a&270b5cd0&0&0003#{4d1e55b2-f16f-11cf-88cb-001111000030}", "containerId": "b7602195-f7d7-5a42-8984-c32e7ffc0f37", "deviceType": "HEADSET", "deviceName": "G432 Gaming Headset", "keyboardLayout": "INVALID_LAYOUT", "firmwareVersion": "142.0.1", "unitId": "4294967295", "firmwareName": "U14200", "connectionType": "USB", "hasOnboardMode": false}, {"type": "HIDIO", "id": "HID_046d_0a9c_000b0005", "pid": 2716, "modelId": 0, "extendedModel": 0, "serialNumber": "", "path": "\\\\?\\HID#VID_046D&PID_0A9C&MI_03&COL02#A&270B5CD0&0&0001#{4D1E55B2-F16F-11CF-88CB-001111000030}", "containerId": "b7602195-f7d7-5a42-8984-c32e7ffc0f37", "deviceType": "INVALID_TYPE", "deviceName": "", "keyboardLayout": "INVALID_LAYOUT", "firmwareVersion": "", "unitId": "", "firmwareName": "", "connectionType": "USB", "hasOnboardMode": false}, {"type": "AUDIO", "id": "", "pid": 0, "modelId": 0, "extendedModel": 0, "serialNumber": "", "path": "", "containerId": "b7602195-f7d7-5a42-8984-c32e7ffc0f37", "deviceType": "INVALID_TYPE", "deviceName": "", "keyboardLayout": "INVALID_LAYOUT", "firmwareVersion": "", "unitId": "", "firmwareName": "", "connectionType": "VIRTUAL", "hasOnboardMode": false}], "slots": {"g432_equalizer": {"id": "g432_equalizer", "attribute": "EQUALIZER", "disabled": false}, "g432_acoustics": {"id": "g432_acoustics", "attribute": "ACOUSTICS", "disabled": false}}}, {"id": "dev00000006", "pid": 2758, "state": "ACTIVE", "onboardMode": false, "individualMode": false, "resourcesAvailable": true, "connectionType": "USB", "hasWirelessInterface": false, "deviceType": "MICROPHONE", "deviceFamily": "", "deviceModel": "yeti_x_wow", "deviceBaseModel": "yeti_x_wow", "displayName": "Yeti X WoW\u00ae Edition", "extendedDisplayName": "Yeti X WoW\u00ae Edition", "slotPrefix": "yetix-wow", "thumbnail": "pipeline://core/thumbnails/yetix_wow.png", "deviceExt": 0, "deviceUnitId": "754984960", "deviceSignature": "MICROPHONE.yeti_x_wow.0.754984960", "givenName": "", "capabilities": {"audio": {"dtsSupported": false, "dolbySupported": false, "denoiserSupported": false, "onboardEqSupported": false, "onboardProEqSupported": false, "dtsHx2eSupported": true, "proEqSupported": false, "blueVoiceSupported": false, "hardwareNoiseReductionSupported": false, "blueVoice2Supported": true, "hidMic": false, "devioVolumeFeatures": true}, "lightingSupport": {"deviceCategory": "MICROPHONE_RGB_ZONAL", "typeMap": {"ZONE_SEVEN": "ZONAL_SEVEN", "ZONE_SIX": "ZONAL_SIX", "ZONE_COMBINED": "COMBINED", "ZONE_FOUR": "ZONAL_FOUR", "ZONE_PRIMARY": "PRIMARY", "ZONE_ONE": "ZONAL_ONE", "ZONE_BRANDING": "LOGO", "ZONE_TWO": "ZONAL_TWO", "ZONE_FIVE": "ZONAL_FIVE", "ZONE_LEFT_SIDE": "LEFT_SIDE", "ZONE_THREE": "ZONAL_THREE", "ZONE_RIGHT_SIDE": "RIGHT_SIDE"}, "zones": [{"zoneType": "ZONE_PRIMARY", "supportedEffects": [{"id": "FIXED", "syncable": false, "fixedIntensity": false, "signature": false, "inactivityOnly": false}, {"id": "BREATHING", "syncable": false, "fixedIntensity": false, "signature": false, "inactivityOnly": false}], "defaultColor": {"rgba": {"red": 0, "green": 1, "blue": 0, "alpha": 1}, "tag": ""}, "onboardCluster": "CLUSTER_DEFAULT"}, {"zoneType": "ZONE_BRANDING", "supportedEffects": [{"id": "FIXED", "syncable": false, "fixedIntensity": false, "signature": false, "inactivityOnly": false}, {"id": "BREATHING", "syncable": false, "fixedIntensity": false, "signature": false, "inactivityOnly": false}], "defaultColor": {"rgba": {"red": 1, "green": 0, "blue": 0, "alpha": 1}, "tag": ""}, "onboardCluster": "CLUSTER_DEFAULT"}, {"zoneType": "ZONE_LEFT_SIDE", "supportedEffects": [{"id": "FIXED", "syncable": false, "fixedIntensity": false, "signature": false, "inactivityOnly": false}], "defaultColor": {"rgba": {"red": 0, "green": 0, "blue": 1, "alpha": 1}, "tag": ""}, "onboardCluster": "CLUSTER_DEFAULT"}, {"zoneType": "ZONE_RIGHT_SIDE", "supportedEffects": [{"id": "FIXED", "syncable": false, "fixedIntensity": false, "signature": false, "inactivityOnly": false}, {"id": "BREATHING", "syncable": false, "fixedIntensity": false, "signature": false, "inactivityOnly": false}], "defaultColor": {"rgba": {"red": 1, "green": 1, "blue": 1, "alpha": 1}, "tag": ""}, "onboardCluster": "CLUSTER_DEFAULT"}, {"zoneType": "ZONE_COMBINED", "supportedEffects": [{"id": "FIXED", "syncable": false, "fixedIntensity": false, "signature": false, "inactivityOnly": false}, {"id": "BREATHING", "syncable": false, "fixedIntensity": false, "signature": false, "inactivityOnly": false}], "defaultColor": {"rgba": {"red": 1, "green": 0, "blue": 1, "alpha": 1}, "tag": ""}, "onboardCluster": "CLUSTER_DEFAULT"}, {"zoneType": "ZONE_ONE", "supportedEffects": [{"id": "FIXED", "syncable": false, "fixedIntensity": false, "signature": false, "inactivityOnly": false}, {"id": "BREATHING", "syncable": false, "fixedIntensity": false, "signature": false, "inactivityOnly": false}], "defaultColor": {"rgba": {"red": 1, "green": 1, "blue": 1, "alpha": 1}, "tag": ""}, "onboardCluster": "CLUSTER_DEFAULT"}, {"zoneType": "ZONE_TWO", "supportedEffects": [{"id": "FIXED", "syncable": false, "fixedIntensity": false, "signature": false, "inactivityOnly": false}, {"id": "BREATHING", "syncable": false, "fixedIntensity": false, "signature": false, "inactivityOnly": false}], "defaultColor": {"rgba": {"red": 1, "green": 1, "blue": 1, "alpha": 1}, "tag": ""}, "onboardCluster": "CLUSTER_DEFAULT"}, {"zoneType": "ZONE_THREE", "supportedEffects": [{"id": "FIXED", "syncable": false, "fixedIntensity": false, "signature": false, "inactivityOnly": false}, {"id": "BREATHING", "syncable": false, "fixedIntensity": false, "signature": false, "inactivityOnly": false}], "defaultColor": {"rgba": {"red": 1, "green": 1, "blue": 1, "alpha": 1}, "tag": ""}, "onboardCluster": "CLUSTER_DEFAULT"}, {"zoneType": "ZONE_FOUR", "supportedEffects": [{"id": "FIXED", "syncable": false, "fixedIntensity": false, "signature": false, "inactivityOnly": false}, {"id": "BREATHING", "syncable": false, "fixedIntensity": false, "signature": false, "inactivityOnly": false}], "defaultColor": {"rgba": {"red": 1, "green": 1, "blue": 1, "alpha": 1}, "tag": ""}, "onboardCluster": "CLUSTER_DEFAULT"}, {"zoneType": "ZONE_FIVE", "supportedEffects": [{"id": "FIXED", "syncable": false, "fixedIntensity": false, "signature": false, "inactivityOnly": false}], "defaultColor": {"rgba": {"red": 0, "green": 1, "blue": 0, "alpha": 1}, "tag": ""}, "onboardCluster": "CLUSTER_DEFAULT"}, {"zoneType": "ZONE_SIX", "supportedEffects": [{"id": "FIXED", "syncable": false, "fixedIntensity": false, "signature": false, "inactivityOnly": false}], "defaultColor": {"rgba": {"red": 1, "green": 1, "blue": 0, "alpha": 1}, "tag": ""}, "onboardCluster": "CLUSTER_DEFAULT"}, {"zoneType": "ZONE_SEVEN", "supportedEffects": [{"id": "FIXED", "syncable": false, "fixedIntensity": false, "signature": false, "inactivityOnly": false}], "defaultColor": {"rgba": {"red": 1, "green": 0, "blue": 0, "alpha": 1}, "tag": ""}, "onboardCluster": "CLUSTER_DEFAULT"}], "isMonochrome": false, "isPerKey": false, "hideStartupEffect": true, "shutdownEffect": false, "brightnessLevels": [], "powerSavingEffect": false, "lowBatteryEffect": false, "brightnessPercentage": false, "gamma": false, "firmwareOnly": false, "offRamp": false, "activeDimming": false, "hasPositionalEffect": false}, "sleepTimer": false, "mstateSupport": {"count": 1, "timeOut": 0}, "fnInversion": false, "presentSplashScreen": false, "customizableColor": false, "wirelessReportRate": false, "hybridEngine": false, "advancedSleepTimer": false, "angleSnapping": false, "excludeGShift": false, "hostRemovalSupport": false, "microphoneSupport": {"supportedPolarPatterns": [{"id": "POLAR_PATTERN_STEREO"}, {"id": "POLAR_PATTERN_OMNI"}, {"id": "POLAR_PATTERN_CARDIOID"}, {"id": "POLAR_PATTERN_BIDIRECTIONAL"}], "supportedMicrophoneModes": [{"id": "MICROPHONE_GAIN"}, {"id": "HEADPHONE_LEVEL"}, {"id": "BLEND"}]}, "headphoneJack": true, "hostInfos": false, "gkeyLayout": "INVALID_GKEY_LAYOUT", "hasBatteryStatus": false, "powerOffTimer": false, "requiresBackupForDfu": false, "unifiedBattery": false, "dpiLighting": false, "nonInteractive": false, "chargepadCompatible": false, "individuality": false, "defaultSlotFormat": "INVALID_FORMAT"}, "activeInterfaces": [{"type": "DEVIO", "id": "046d_0ac6", "pid": 2758, "modelId": 0, "extendedModel": 0, "serialNumber": "754984960", "path": "usb\\vid_046d&pid_0ac6&mi_03\\9&11f38c42&1&0003", "containerId": "6c215aa6-878b-5837-95a1-88ae787505b6", "deviceType": "MICROPHONE", "deviceName": "Yeti X WoW Edition", "keyboardLayout": "INVALID_LAYOUT", "firmwareVersion": "11.5.1105", "unitId": "754984960", "firmwareName": "U1105", "connectionType": "USB", "hasOnboardMode": false}, {"type": "HIDIO", "id": "HID_046d_0ac6_ffff0001", "pid": 2758, "modelId": 0, "extendedModel": 0, "serialNumber": "", "path": "\\\\?\\HID#VID_046D&PID_0AC6&MI_03&COL04#A&7F250F7&0&0003#{4D1E55B2-F16F-11CF-88CB-001111000030}", "containerId": "6c215aa6-878b-5837-95a1-88ae787505b6", "deviceType": "MICROPHONE", "deviceName": "Yeti X WoW Edition", "keyboardLayout": "INVALID_LAYOUT", "firmwareVersion": "", "unitId": "", "firmwareName": "", "connectionType": "USB", "hasOnboardMode": false}, {"type": "AUDIO", "id": "", "pid": 0, "modelId": 0, "extendedModel": 0, "serialNumber": "", "path": "", "containerId": "6c215aa6-878b-5837-95a1-88ae787505b6", "deviceType": "INVALID_TYPE", "deviceName": "", "keyboardLayout": "INVALID_LAYOUT", "firmwareVersion": "", "unitId": "", "firmwareName": "", "connectionType": "VIRTUAL", "hasOnboardMode": false}], "slots": {"yetix-wow_acoustics": {"id": "yetix-wow_acoustics", "attribute": "ACOUSTICS", "disabled": false}, "yetix-wow_microphone_settings": {"id": "yetix-wow_microphone_settings", "attribute": "MICROPHONE_SETTINGS", "disabled": false}, "yetix-wow_equalizer": {"id": "yetix-wow_equalizer", "attribute": "EQUALIZER", "disabled": false}, "yetix-wow_blue_voice_2_settings": {"id": "yetix-wow_blue_voice_2_settings", "attribute": "BLUE_VOICE_2_SETTINGS", "disabled": false}, "yetix-wow_lighting_setting_firmware": {"id": "yetix-wow_lighting_setting_firmware", "attribute": "FIRMWARE_LIGHTING_SETTINGS", "disabled": false}}}]}}