{
  "drivers": [],
  "extensions": {},
  "files": [
    {
      "path": "/Applications/lghub.app/Contents/CodeResources",
      "registerLibrary": false,
      "sha256": "6c4f0ee668de391eb03f8269c9f47cabbf61f47732aee69d7837fc1342901fcf"
    },
    {
      "path": "/Applications/lghub.app/Contents/_CodeSignature/CodeResources",
      "registerLibrary": false,
      "sha256": "608445e1222926c3edb9c2d1509135a76ca88d357cc5b861713e26cde8f63214"
    },
    {
      "path": "/Applications/lghub.app/Contents/MacOS/lghub",
      "registerLibrary": false,
      "sha256": "f54a221fade4382f1d718a9795ecaf3427dd3fb3a4867ba98355099377734a17"
    },
    {
      "path": "/Applications/lghub.app/Contents/Resources/zh-TW.lproj/Localizable.strings",
      "registerLibrary": false,
      "sha256": "e7c3f2760f5438ba75bb2890d86745939a236110179078c80a644802dd73678d"
    },
    {
      "path": "/Applications/lghub.app/Contents/Resources/zh-TW.lproj/InfoPlist.strings",
      "registerLibrary": false,
      "sha256": "2055441d8c6edd093d26e0feab09a08fd4bb968a8bb549a5925781bf7df72d6e"
    },
    {
      "path": "/Applications/lghub.app/Contents/Resources/icon.png",
      "registerLibrary": false,
      "sha256": "67d0957daca9717fe862746dd968097c7ac30fc718cc580c2563a5a85c6d23be"
    },
    {
      "path": "/Applications/lghub.app/Contents/Resources/it-IT.lproj/Localizable.strings",
      "registerLibrary": false,
      "sha256": "d5d45bf98083e8da30c38137aaa5a8802b1a38dd57f17a61d41a1c5e9606d09a"
    },
    {
      "path": "/Applications/lghub.app/Contents/Resources/it-IT.lproj/InfoPlist.strings",
      "registerLibrary": false,
      "sha256": "3b961627dfb8b84a4afa2a6fcb1e138f0d83faa327eb0ba5a3f8e893f889ea71"
    },
    {
      "path": "/Applications/lghub.app/Contents/Resources/nb-NO.lproj/Localizable.strings",
      "registerLibrary": false,
      "sha256": "c80f93bde877fd28d53bed74c154dfaf8988768f6046c8deb3a7235fbb0b4fdd"
    },
    {
      "path": "/Applications/lghub.app/Contents/Resources/nb-NO.lproj/InfoPlist.strings",
      "registerLibrary": false,
      "sha256": "e0f511f34d2618c24700fb40f5de6a53ce30be0fa7f9ace56e446e97ebdb4905"
    },
    {
      "path": "/Applications/lghub.app/Contents/Resources/electron.icns",
      "registerLibrary": false,
      "sha256": "62839cbe0078f298211ceb84d4edb5745f3be487d47917e7831cb49cfbb045e5"
    },
    {
      "path": "/Applications/lghub.app/Contents/Resources/app.asar",
      "registerLibrary": false,
      "sha256": "bb0a1a54b881098adc13a08f60958bc4f204d3cb9ac4b84cf481dc31a091dd56"
    },
    {
      "path": "/Applications/lghub.app/Contents/Resources/ru-RU.lproj/Localizable.strings",
      "registerLibrary": false,
      "sha256": "128a5e1d85080e000904a219de1a237e4a95fecc39d6d63d94add4b0ef56d4e1"
    },
    {
      "path": "/Applications/lghub.app/Contents/Resources/ru-RU.lproj/InfoPlist.strings",
      "registerLibrary": false,
      "sha256": "97ce0055aeef69bc0de0f0c6172f39cf8aa71effeb6514a3d63be2e0784b7cb3"
    },
    {
      "path": "/Applications/lghub.app/Contents/Resources/tr-TR.lproj/Localizable.strings",
      "registerLibrary": false,
      "sha256": "61cd351567e27fcdc5aa21e56cd1f8706a2438eda9b670372d81f51cd74a20f1"
    },
    {
      "path": "/Applications/lghub.app/Contents/Resources/tr-TR.lproj/InfoPlist.strings",
      "registerLibrary": false,
      "sha256": "5cb36f2d6bb5f9d03f82e1c05f315a37fb1b147dc700821a722a781017ebb32f"
    },
    {
      "path": "/Applications/lghub.app/Contents/Resources/es-ES.lproj/Localizable.strings",
      "registerLibrary": false,
      "sha256": "c0f0358f2877216fba54e0dc903882f5bfb320756bb52566f7c589a043e0ca16"
    },
    {
      "path": "/Applications/lghub.app/Contents/Resources/es-ES.lproj/InfoPlist.strings",
      "registerLibrary": false,
      "sha256": "964bd8a99bb46331a8b9f1f07168bd5ec79fba3d1afc8b440e4642a4ac81cb5f"
    },
    {
      "path": "/Applications/lghub.app/Contents/Resources/fr-FR.lproj/Localizable.strings",
      "registerLibrary": false,
      "sha256": "7d69d4a40bf61d70d4b6b05605fee9fa7dba207f02c6d6bd0ec0b8f183aa1151"
    },
    {
      "path": "/Applications/lghub.app/Contents/Resources/fr-FR.lproj/InfoPlist.strings",
      "registerLibrary": false,
      "sha256": "03f464bcc4a49b60c99dfd70aa87fda0bfb1adaec7f465b2a4c7b173bb24a49e"
    },
    {
      "path": "/Applications/lghub.app/Contents/Resources/ja-JP.lproj/Localizable.strings",
      "registerLibrary": false,
      "sha256": "e930f4cde37db03d21669d14e17d5bf988cc9e4785e96e6715598e165506cd9a"
    },
    {
      "path": "/Applications/lghub.app/Contents/Resources/ja-JP.lproj/InfoPlist.strings",
      "registerLibrary": false,
      "sha256": "abc019344d017c6ebcbba0f77f91aa8605dfb7961d88a2927b0b2552c9713d0f"
    },
    {
      "path": "/Applications/lghub.app/Contents/Resources/ko-KR.lproj/Localizable.strings",
      "registerLibrary": false,
      "sha256": "0099689c32861110a2268f0e58f4095f5cec8a6b2133901f37cdb3de4920f3f8"
    },
    {
      "path": "/Applications/lghub.app/Contents/Resources/ko-KR.lproj/InfoPlist.strings",
      "registerLibrary": false,
      "sha256": "58c17df7ca759f863ade97b2a578cef65484077e6171da1b261673b2bc74c994"
    },
    {
      "path": "/Applications/lghub.app/Contents/Resources/Base.lproj/Localizable.strings",
      "registerLibrary": false,
      "sha256": "a9c4d33131eb1e29c02f3a955ba60a1613be1fc4a515ceb35dd2f5042ec1b90d"
    },
    {
      "path": "/Applications/lghub.app/Contents/Resources/Base.lproj/InfoPlist.strings",
      "registerLibrary": false,
      "sha256": "8f9b42c1de21c906cfcc425b3ef6dc01f1c8f84150fdbe7bf083e7bafabdb5dd"
    },
    {
      "path": "/Applications/lghub.app/Contents/Resources/fi-FI.lproj/Localizable.strings",
      "registerLibrary": false,
      "sha256": "b77c0715a187bc8aeafaf7af206523e7b2a846d33baaeb9ec821a499f61e589c"
    },
    {
      "path": "/Applications/lghub.app/Contents/Resources/fi-FI.lproj/InfoPlist.strings",
      "registerLibrary": false,
      "sha256": "bed896b384cc3165a1b8c9afe6f92b602794328cb320d672f651dfefff3702dc"
    },
    {
      "path": "/Applications/lghub.app/Contents/Resources/da-DK.lproj/Localizable.strings",
      "registerLibrary": false,
      "sha256": "58062d19516f69b0be0039632733d5be96dadde29fa158166cf27c9507d7dd1c"
    },
    {
      "path": "/Applications/lghub.app/Contents/Resources/da-DK.lproj/InfoPlist.strings",
      "registerLibrary": false,
      "sha256": "a6f0753a16d6ad9b7a4b9f390c12c38e968c5ca6b60af9be41cced786fabf575"
    },
    {
      "path": "/Applications/lghub.app/Contents/Resources/hu-HU.lproj/Localizable.strings",
      "registerLibrary": false,
      "sha256": "f433388df2bc1e67ec100d526be907d51de02a9c66c04c8476b6636e36e21ff0"
    },
    {
      "path": "/Applications/lghub.app/Contents/Resources/hu-HU.lproj/InfoPlist.strings",
      "registerLibrary": false,
      "sha256": "2953520068abb128b5ac29582299800618bc36e468a4a0c4a426fa1bb15b30fe"
    },
    {
      "path": "/Applications/lghub.app/Contents/Resources/app.asar.unpacked/node_modules/keytar/build/Release/keytar.node",
      "registerLibrary": false,
      "sha256": "8a14da12e9a774d002dcbc308a3e321d5a7f04894107b5d4ca42b0d299802fa8"
    },
    {
      "path": "/Applications/lghub.app/Contents/Resources/pt-BR.lproj/Localizable.strings",
      "registerLibrary": false,
      "sha256": "5e8c16e9e4f25b5214a29f6e9dc622227b859ea1e1d438e46fbe561aa8d09fca"
    },
    {
      "path": "/Applications/lghub.app/Contents/Resources/pt-BR.lproj/InfoPlist.strings",
      "registerLibrary": false,
      "sha256": "ae152f121e024f81832cdccf6ed7f124b9cd816b3f316c1a172f8c78bc9e6cb5"
    },
    {
      "path": "/Applications/lghub.app/Contents/Resources/nl-NL.lproj/Localizable.strings",
      "registerLibrary": false,
      "sha256": "3dd52cb7d2d963812608ec5b42215109003a030fc1716e30861da5f0f0567f83"
    },
    {
      "path": "/Applications/lghub.app/Contents/Resources/nl-NL.lproj/InfoPlist.strings",
      "registerLibrary": false,
      "sha256": "46426d99b17b03ef4d42422a887e1f0931dde80ac36394db991a442f6a8f9f87"
    },
    {
      "path": "/Applications/lghub.app/Contents/Resources/cs-CZ.lproj/Localizable.strings",
      "registerLibrary": false,
      "sha256": "9e7040b3913598e29503c41f91c938660fa3131275945aed245f4252de5fb80d"
    },
    {
      "path": "/Applications/lghub.app/Contents/Resources/cs-CZ.lproj/InfoPlist.strings",
      "registerLibrary": false,
      "sha256": "caca3f34e7c41287eb13c519f17a1abaf0e23d18249eadd03ec02d04bcc1b165"
    },
    {
      "path": "/Applications/lghub.app/Contents/Resources/zh-CN.lproj/Localizable.strings",
      "registerLibrary": false,
      "sha256": "7dded5c99846fa3197221eae2cb2eb31fdee5702eb71179d1f01f7a1efb7d8a4"
    },
    {
      "path": "/Applications/lghub.app/Contents/Resources/zh-CN.lproj/InfoPlist.strings",
      "registerLibrary": false,
      "sha256": "c09f676ee16d887f6640b9cfa1033391637e22490badca03d2311d7bdae347a5"
    },
    {
      "path": "/Applications/lghub.app/Contents/Resources/de-DE.lproj/Localizable.strings",
      "registerLibrary": false,
      "sha256": "84e743b069b13f68ec9d11ba0c1ee3191ee31287e88cef0e5d865af991a5bab1"
    },
    {
      "path": "/Applications/lghub.app/Contents/Resources/de-DE.lproj/InfoPlist.strings",
      "registerLibrary": false,
      "sha256": "4236a828cf31c58ce413323bbca072c598c9d7d3de6cda4e69c84c820e0047b7"
    },
    {
      "path": "/Applications/lghub.app/Contents/Resources/pl-PL.lproj/Localizable.strings",
      "registerLibrary": false,
      "sha256": "08058a5fe2b71a97dd20dd9b1e2f8ef6e4fa598a13e23c83855516f5236d97f6"
    },
    {
      "path": "/Applications/lghub.app/Contents/Resources/pl-PL.lproj/InfoPlist.strings",
      "registerLibrary": false,
      "sha256": "af6879a0ac7df849b4393408407cfa27bb87215c5372f3cc21956b0ed4c02fd9"
    },
    {
      "path": "/Applications/lghub.app/Contents/Resources/sv-SE.lproj/Localizable.strings",
      "registerLibrary": false,
      "sha256": "9d631dda4c790763964929a685b3d5d23e89fbe6f6c5683da1c9c61534c94f81"
    },
    {
      "path": "/Applications/lghub.app/Contents/Resources/sv-SE.lproj/InfoPlist.strings",
      "registerLibrary": false,
      "sha256": "5fcd48068dbf80d35d0754f337f48b59874572bb4e85ccbd8edd9e72abf8f134"
    },
    {
      "path": "/Applications/lghub.app/Contents/embedded.provisionprofile",
      "registerLibrary": false,
      "sha256": "bed18d764732f406e49fe6723d7d5f677d36e42920efeb528079607fd242036b"
    },
    {
      "path": "/Applications/lghub.app/Contents/Frameworks/lghub Helper.app/Contents/_CodeSignature/CodeResources",
      "registerLibrary": false,
      "sha256": "6686de10a28a2fe11b36cbb86dcbacc827cfc4ea116b4dabf1845e5aee629e9b"
    },
    {
      "path": "/Applications/lghub.app/Contents/Frameworks/lghub Helper.app/Contents/MacOS/lghub Helper",
      "registerLibrary": false,
      "sha256": "db93ffe465139b3e6d35386764427a3d87c4c2202530f0659d43dca6fe40d4a7"
    },
    {
      "path": "/Applications/lghub.app/Contents/Frameworks/lghub Helper.app/Contents/Info.plist",
      "registerLibrary": false,
      "sha256": "4f730c04844a64f380444b2c46e2f4bf7cfb895a746da195c8315fc3a87f2813"
    },
    {
      "path": "/Applications/lghub.app/Contents/Frameworks/lghub Helper.app/Contents/PkgInfo",
      "registerLibrary": false,
      "sha256": "82502191c9484b04d685374f9879a0066069c49b8acae7a04b01d38d07e8eca0"
    },
    {
      "path": "/Applications/lghub.app/Contents/Frameworks/lghub_agent.app/Contents/CodeResources",
      "registerLibrary": false,
      "sha256": "6bfa40fcae94f008971821326c587c57c93bea2c24507f7f73ae477e3fd333bb"
    },
    {
      "path": "/Applications/lghub.app/Contents/Frameworks/lghub_agent.app/Contents/_CodeSignature/CodeResources",
      "registerLibrary": false,
      "sha256": "00f286534db9b7b88d486500e6e75f8607efef1c4dc6d1e31cf8e06daaef4a9b"
    },
    {
      "path": "/Applications/lghub.app/Contents/Frameworks/lghub_agent.app/Contents/MacOS/lghub_agent.dSYM/Contents/Resources/DWARF/lghub_agent",
      "registerLibrary": false,
      "sha256": "6add92e20e60be60ea5ce5b579583e4fa2ec820cad46e7f08ed95995453e8d92"
    },
    {
      "path": "/Applications/lghub.app/Contents/Frameworks/lghub_agent.app/Contents/MacOS/lghub_agent.dSYM/Contents/Info.plist",
      "registerLibrary": false,
      "sha256": "de37a7d2e1532f8d48fb42f9fb582092b1e2f61cb31917968adca03d81873740"
    },
    {
      "path": "/Applications/lghub.app/Contents/Frameworks/lghub_agent.app/Contents/MacOS/logi_crashpad_handler",
      "registerLibrary": false,
      "sha256": "fb60780444d7355eae7c9e6ce3cc4d67cb2242641f087760d4c2bae87dbf9982"
    },
    {
      "path": "/Applications/lghub.app/Contents/Frameworks/lghub_agent.app/Contents/MacOS/lghub_agent",
      "registerLibrary": false,
      "sha256": "21ae7f3133b6fc9c34f29b14bf75feea80d135ef22d54cc457f8234af1406dd0"
    },
    {
      "path": "/Applications/lghub.app/Contents/Frameworks/lghub_agent.app/Contents/PlugIns/platforms/libqcocoa.dylib",
      "registerLibrary": false,
      "sha256": "32513b7e2f4ce1b413f681fafe55a1d7fee3a1443f88e7161ff6d5aa13dfb8fe"
    },
    {
      "path": "/Applications/lghub.app/Contents/Frameworks/lghub_agent.app/Contents/PlugIns/printsupport/libcocoaprintersupport.dylib",
      "registerLibrary": false,
      "sha256": "818325f68f1e90ff1fef2a1a05e013e96e4f44d81208455ded3ae5c5c1a27837"
    },
    {
      "path": "/Applications/lghub.app/Contents/Frameworks/lghub_agent.app/Contents/PlugIns/styles/libqmacstyle.dylib",
      "registerLibrary": false,
      "sha256": "0da7e7c83814d2130a5861ece2cb24d5c25302cd7d566895ab3af68a680f4fc6"
    },
    {
      "path": "/Applications/lghub.app/Contents/Frameworks/lghub_agent.app/Contents/PlugIns/bearer/libqgenericbearer.dylib",
      "registerLibrary": false,
      "sha256": "d1cd20dbf24d4bcabbeac147e34a0aef37e05208076ebfe47697e329a9731226"
    },
    {
      "path": "/Applications/lghub.app/Contents/Frameworks/lghub_agent.app/Contents/PlugIns/iconengines/libqsvgicon.dylib",
      "registerLibrary": false,
      "sha256": "de4a9f7b28cd4b509b0d733e6135b52f3d92530b7dab9de300633696b4b3676f"
    },
    {
      "path": "/Applications/lghub.app/Contents/Frameworks/lghub_agent.app/Contents/PlugIns/imageformats/libqgif.dylib",
      "registerLibrary": false,
      "sha256": "1b0151eff01be8dbd60ed5e261f577ffbe3cfc39967d5fc55d063a5f026c7e88"
    },
    {
      "path": "/Applications/lghub.app/Contents/Frameworks/lghub_agent.app/Contents/PlugIns/imageformats/libqico.dylib",
      "registerLibrary": false,
      "sha256": "345c371b2b251aeca88229cc250a04e3c4ce47b4ab6ced2af047bfc21b56f74e"
    },
    {
      "path": "/Applications/lghub.app/Contents/Frameworks/lghub_agent.app/Contents/PlugIns/imageformats/libqjpeg.dylib",
      "registerLibrary": false,
      "sha256": "9e91ec608d3e1077c0191a143e67bdeb0e190e30fa4220503cf01fa68628737c"
    },
    {
      "path": "/Applications/lghub.app/Contents/Frameworks/lghub_agent.app/Contents/PlugIns/imageformats/libqsvg.dylib",
      "registerLibrary": false,
      "sha256": "d6da6ddc5355a1c341fc81cdc77d73d9b50939856d25e35bbd65ffd7ed50111e"
    },
    {
      "path": "/Applications/lghub.app/Contents/Frameworks/lghub_agent.app/Contents/Resources/qt.conf",
      "registerLibrary": false,
      "sha256": "aa97375f75685d268b1db060f26bc955931c1688312300b61d998115f8001fb0"
    },
    {
      "path": "/Applications/lghub.app/Contents/Frameworks/lghub_agent.app/Contents/Resources/data/card_presets.json",
      "registerLibrary": false,
      "sha256": "cc4b3f112bed2ba639a8fe92def60d92e0a27046e4bf24351357d24dcbc1a958"
    },
    {
      "path": "/Applications/lghub.app/Contents/Frameworks/lghub_agent.app/Contents/Resources/data/eq_presets.json",
      "registerLibrary": false,
      "sha256": "52dbedb1d1b51605d060d6cf107f4b92b11d7c65ea8bd45b986ac5ce91c71e3d"
    },
    {
      "path": "/Applications/lghub.app/Contents/Frameworks/lghub_agent.app/Contents/Resources/data/strings/it-IT.yaml",
      "registerLibrary": false,
      "sha256": "536b395f2f2fc3c4f80b7d55824c49e236bf0412ab21613c1ed702f3de51a4e4"
    },
    {
      "path": "/Applications/lghub.app/Contents/Frameworks/lghub_agent.app/Contents/Resources/data/strings/hu-HU.yaml",
      "registerLibrary": false,
      "sha256": "562f89b8e35f7fee5d0278bee715a6594447581141068b5e8f63c74dfc0c2d64"
    },
    {
      "path": "/Applications/lghub.app/Contents/Frameworks/lghub_agent.app/Contents/Resources/data/strings/tr-TR.yaml",
      "registerLibrary": false,
      "sha256": "a7c6b615d4e863c21f9753f8d2ff48c449e99b6cd3c5dd15042c2221008fb363"
    },
    {
      "path": "/Applications/lghub.app/Contents/Frameworks/lghub_agent.app/Contents/Resources/data/strings/sv-SE.yaml",
      "registerLibrary": false,
      "sha256": "efea6c9dff9eb3538df0f150e9e7dd28c251c8f248570b206e3da560dcae46b2"
    },
    {
      "path": "/Applications/lghub.app/Contents/Frameworks/lghub_agent.app/Contents/Resources/data/strings/es-ES.yaml",
      "registerLibrary": false,
      "sha256": "c343f025743723c6e940635cdca36115bee38e5fba33bd5e499b6b49c80a0b33"
    },
    {
      "path": "/Applications/lghub.app/Contents/Frameworks/lghub_agent.app/Contents/Resources/data/strings/ko-KR.yaml",
      "registerLibrary": false,
      "sha256": "c2b3abf8c8cf962f00d2c4706b5c516e419b17f0dd64134323138c45a0f12e56"
    },
    {
      "path": "/Applications/lghub.app/Contents/Frameworks/lghub_agent.app/Contents/Resources/data/strings/zh-CN.yaml",
      "registerLibrary": false,
      "sha256": "f6fa6c53b0350474ee4df1346f69be1e60d50d6336625a9835affe6af6d015c8"
    },
    {
      "path": "/Applications/lghub.app/Contents/Frameworks/lghub_agent.app/Contents/Resources/data/strings/ja-JP.yaml",
      "registerLibrary": false,
      "sha256": "c1847fd3031607a4ed1137394656e4791c8075e4a61496b694de4cd9942293c6"
    },
    {
      "path": "/Applications/lghub.app/Contents/Frameworks/lghub_agent.app/Contents/Resources/data/strings/nb-NO.yaml",
      "registerLibrary": false,
      "sha256": "1ab70b664cc0ec66b0b2e166ec5c2ac5758a023a25e6989d1fed49c2bbdf7390"
    },
    {
      "path": "/Applications/lghub.app/Contents/Frameworks/lghub_agent.app/Contents/Resources/data/strings/da-DK.yaml",
      "registerLibrary": false,
      "sha256": "b54a0e4df44c0f300e4c0339dd9712c0574d0dd9f516fb37b62a36ce462e28ae"
    },
    {
      "path": "/Applications/lghub.app/Contents/Frameworks/lghub_agent.app/Contents/Resources/data/strings/zh-TW.yaml",
      "registerLibrary": false,
      "sha256": "6f12683ce16fb2bff08ba263565a78647192bb47b430f662f3d0edc4e53791e1"
    },
    {
      "path": "/Applications/lghub.app/Contents/Frameworks/lghub_agent.app/Contents/Resources/data/strings/fr-FR.yaml",
      "registerLibrary": false,
      "sha256": "28a1d68520733a629cb8bc9377d842886564fc6cc09a271c99738325138c8c0e"
    },
    {
      "path": "/Applications/lghub.app/Contents/Frameworks/lghub_agent.app/Contents/Resources/data/strings/cs-CZ.yaml",
      "registerLibrary": false,
      "sha256": "6c144a99c3d6b0a3acd4756fa39baf58e88ce3bdfec260773b53387ae27988c4"
    },
    {
      "path": "/Applications/lghub.app/Contents/Frameworks/lghub_agent.app/Contents/Resources/data/strings/de-DE.yaml",
      "registerLibrary": false,
      "sha256": "3e66af62945cf722a973980bc280fd6f08ae069a6bc351517c9ccdbc681ae956"
    },
    {
      "path": "/Applications/lghub.app/Contents/Frameworks/lghub_agent.app/Contents/Resources/data/strings/pt-BR.yaml",
      "registerLibrary": false,
      "sha256": "02ca6e48d1fbf5b2d28c79523d1d31de826b1b1d8dbf19afe4ad13dbe238559d"
    },
    {
      "path": "/Applications/lghub.app/Contents/Frameworks/lghub_agent.app/Contents/Resources/data/strings/pl-PL.yaml",
      "registerLibrary": false,
      "sha256": "8f6b3a4f3f43ab1e9bb563aafed858c7233082777483dab84c978d5f6fd64ff8"
    },
    {
      "path": "/Applications/lghub.app/Contents/Frameworks/lghub_agent.app/Contents/Resources/data/strings/fi-FI.yaml",
      "registerLibrary": false,
      "sha256": "0fe8e62aec3c21e15653531b975a244aacbc9d90c9da6f83342a4f639f813ac2"
    },
    {
      "path": "/Applications/lghub.app/Contents/Frameworks/lghub_agent.app/Contents/Resources/data/strings/en-US.yaml",
      "registerLibrary": false,
      "sha256": "97827e0402dd223cf556b1d9e9bcc36f0a4c783035d85177a2b65fe476121b29"
    },
    {
      "path": "/Applications/lghub.app/Contents/Frameworks/lghub_agent.app/Contents/Resources/data/strings/nl-NL.yaml",
      "registerLibrary": false,
      "sha256": "8dccdcec3ff67efe3502a212257b3819c637150e8fdb2d297b47cf944e69758a"
    },
    {
      "path": "/Applications/lghub.app/Contents/Frameworks/lghub_agent.app/Contents/Resources/data/strings/ru-RU.yaml",
      "registerLibrary": false,
      "sha256": "79f9d71a985a4188b5dca09ce5b4fcea36968964b26c5346d14100f31c344987"
    },
    {
      "path": "/Applications/lghub.app/Contents/Frameworks/lghub_agent.app/Contents/Resources/data/sounds/71ChannelCheckSound.wma",
      "registerLibrary": false,
      "sha256": "3a25eb44361ddcc39ea78443ef4a5f94e3a3025d569ff9af1043ce37a4376e11"
    },
    {
      "path": "/Applications/lghub.app/Contents/Frameworks/lghub_agent.app/Contents/Resources/data/video_filters.json",
      "registerLibrary": false,
      "sha256": "ed585cc87111cc77308ebd3609484ba867e33711bd1672afd0c8f955e56fa795"
    },
    {
      "path": "/Applications/lghub.app/Contents/Frameworks/lghub_agent.app/Contents/Resources/data/lighting/effect_prefabs.json",
      "registerLibrary": false,
      "sha256": "6769b45a35e8b96b6aa0cc78437f7b572308db76d268c503d8f4b39a6253600e"
    },
    {
      "path": "/Applications/lghub.app/Contents/Frameworks/lghub_agent.app/Contents/Resources/data/lighting/effect_presets.json",
      "registerLibrary": false,
      "sha256": "ca9275ddec7a37afccb50506ecd5c2dde3edfac85572c588976a7443e6c3804b"
    },
    {
      "path": "/Applications/lghub.app/Contents/Frameworks/lghub_agent.app/Contents/Resources/data/lighting/effects/mono-verticool.json",
      "registerLibrary": false,
      "sha256": "a80e2cb59c978f67e1f8bdeb9da0bb599e866886984b495c692db149b1027853"
    },
    {
      "path": "/Applications/lghub.app/Contents/Frameworks/lghub_agent.app/Contents/Resources/data/lighting/effects/verticool.json",
      "registerLibrary": false,
      "sha256": "5707278f46ab60b690a685b99db8e7b352ee54c2764ffcb0344c4206e963e87e"
    },
    {
      "path": "/Applications/lghub.app/Contents/Frameworks/lghub_agent.app/Contents/Resources/data/lighting/effects/audio-visualizer-mouse-rgb-per-key.json",
      "registerLibrary": false,
      "sha256": "4d632d63a5e7f83e354b388c5350ee78e15b4070e4fa7978cbc3b4c3a0ab16ed"
    },
    {
      "path": "/Applications/lghub.app/Contents/Frameworks/lghub_agent.app/Contents/Resources/data/lighting/effects/oceanwave.json",
      "registerLibrary": false,
      "sha256": "44574d1c69970d72937a8431ce446f27b4616c8796515f391709f6e9d6344ee3"
    },
    {
      "path": "/Applications/lghub.app/Contents/Frameworks/lghub_agent.app/Contents/Resources/data/lighting/effects/screen_sampler-kb.json",
      "registerLibrary": false,
      "sha256": "1439abfae3fcff6071e4b8e9c649ad59f23c244e99f59fbeae7711aed5a34355"
    },
    {
      "path": "/Applications/lghub.app/Contents/Frameworks/lghub_agent.app/Contents/Resources/data/lighting/effects/audio-visualizer-generic.json",
      "registerLibrary": false,
      "sha256": "b41a715e74aa2d4805faa2caa11c0a825cc83aba3b6249d0d166d3ec7669e64d"
    },
    {
      "path": "/Applications/lghub.app/Contents/Frameworks/lghub_agent.app/Contents/Resources/data/lighting/effects/mouse-redwhiteblue.json",
      "registerLibrary": false,
      "sha256": "7eeaa85cd47e8fa35d1648be7fc0d09805e60494b785320605ea70488f49d168"
    },
    {
      "path": "/Applications/lghub.app/Contents/Frameworks/lghub_agent.app/Contents/Resources/data/lighting/effects/screen_sampler.json",
      "registerLibrary": false,
      "sha256": "d5ac503f38c2fefcc5be5577f194d4c721beee7f21ff7fe9d67112df86b3bd89"
    },
    {
      "path": "/Applications/lghub.app/Contents/Frameworks/lghub_agent.app/Contents/Resources/data/lighting/effects/redwhiteblue.json",
      "registerLibrary": false,
      "sha256": "d84658b5d4939025bc8e579500eb9bb5fa5710ce33b67866d1d3a3b6b982ec80"
    },
    {
      "path": "/Applications/lghub.app/Contents/Frameworks/lghub_agent.app/Contents/Resources/data/lighting/effects/audio-visualizer-kb-per-key.json",
      "registerLibrary": false,
      "sha256": "8ebf1b61d3e47807c8b4785d66d99ac7f70a9e059c9cac97453466e128ff9332"
    },
    {
      "path": "/Applications/lghub.app/Contents/Frameworks/lghub_agent.app/Contents/Resources/data/lighting/effects/mono-contrastic.json",
      "registerLibrary": false,
      "sha256": "bb57df227a93eab37042de0d9417c001b3bcc11d9f55bb1c02fd1324171dc774"
    },
    {
      "path": "/Applications/lghub.app/Contents/Frameworks/lghub_agent.app/Contents/Resources/data/lighting/effects/contrastic.json",
      "registerLibrary": false,
      "sha256": "e53cbb9c45b3fa9b063294acd3e15cb49b79cb35b649eda3990414c5708e8a2c"
    },
    {
      "path": "/Applications/lghub.app/Contents/Frameworks/lghub_agent.app/Contents/Resources/data/lighting/effects/lightning.json",
      "registerLibrary": false,
      "sha256": "62eea001519c72783bfbf2aaeb2981efe2c4b97265f48ce826ef226b7d41b075"
    },
    {
      "path": "/Applications/lghub.app/Contents/Frameworks/lghub_agent.app/Contents/Resources/data/lighting/effects/audio-visualizer-kb-zonal.json",
      "registerLibrary": false,
      "sha256": "02aca6a33c7c68fe446b17d1d8ad5916f37f8cbf6f8e7f0a23f4a92af8022ab0"
    },
    {
      "path": "/Applications/lghub.app/Contents/Frameworks/lghub_agent.app/Contents/Resources/data/lighting/effects/mouse-oceanwave.json",
      "registerLibrary": false,
      "sha256": "eaf30db6c25a7dc7ccbfccafd9a9079026c23f667c6859c1bc9985b93132fa73"
    },
    {
      "path": "/Applications/lghub.app/Contents/Frameworks/lghub_agent.app/Contents/Resources/data/lighting/effects/screen_sampler-mrpk.json",
      "registerLibrary": false,
      "sha256": "59f23dbf43a1addf45abe431dc104487b4a35823a2bb7c6a588cd66199e76e0a"
    },
    {
      "path": "/Applications/lghub.app/Contents/Frameworks/lghub_agent.app/Contents/Resources/data/lighting/effects/mouse-verticool.json",
      "registerLibrary": false,
      "sha256": "fe6a3ad7c0ba1b2f627406c24a390a634b5e70b1ddc38727d4f91418b957c154"
    },
    {
      "path": "/Applications/lghub.app/Contents/Frameworks/lghub_agent.app/Contents/Resources/data/applications.json",
      "registerLibrary": false,
      "sha256": "d519460d6229948f75f2c6eddf47c392dc156e0d4ed967700bfd61a6d282bd94"
    },
    {
      "path": "/Applications/lghub.app/Contents/Frameworks/lghub_agent.app/Contents/Resources/data/camera_presets.json",
      "registerLibrary": false,
      "sha256": "8bb8e44a057ad33601d60563712fd9d467945b120e958064390d41e5dbca19e0"
    },
    {
      "path": "/Applications/lghub.app/Contents/Frameworks/lghub_agent.app/Contents/Resources/data/tray_osx.png",
      "registerLibrary": false,
      "sha256": "9a927552ca455af375103c5aed55aed8a9a61dd555790715020f2c339bd0eecb"
    },
    {
      "path": "/Applications/lghub.app/Contents/Frameworks/lghub_agent.app/Contents/Resources/data/pro_eq_presets.json",
      "registerLibrary": false,
      "sha256": "4c51126b20550b830fb5d32a655bb60398dc62b2a6de915c0e15085473e75dbc"
    },
    {
      "path": "/Applications/lghub.app/Contents/Frameworks/lghub_agent.app/Contents/Library/SystemExtensions/com.logi.ghub.hidfilter.dext/_CodeSignature/CodeResources",
      "registerLibrary": false,
      "sha256": "ca570dca31780f567d0e311ec91749116afe1f5bc065646ae23cf8a10369f801"
    },
    {
      "path": "/Applications/lghub.app/Contents/Frameworks/lghub_agent.app/Contents/Library/SystemExtensions/com.logi.ghub.hidfilter.dext/com.logi.ghub.hidfilter",
      "registerLibrary": false,
      "sha256": "aaf62ca6a66801927aed1cee25bd9a7a272cfbc4897d8167cf73c374b31ce1a7"
    },
    {
      "path": "/Applications/lghub.app/Contents/Frameworks/lghub_agent.app/Contents/Library/SystemExtensions/com.logi.ghub.hidfilter.dext/embedded.provisionprofile",
      "registerLibrary": false,
      "sha256": "1209c8e658ec9f48c3ca7fb3e0258faeada8160ba426cdf9bb948bf95dd21cb5"
    },
    {
      "path": "/Applications/lghub.app/Contents/Frameworks/lghub_agent.app/Contents/Library/SystemExtensions/com.logi.ghub.hidfilter.dext/Info.plist",
      "registerLibrary": false,
      "sha256": "275094d299c62afa7460d1c4eedbbe4272b59db5492b43ce0c5004efa3c4112f"
    },
    {
      "path": "/Applications/lghub.app/Contents/Frameworks/lghub_agent.app/Contents/embedded.provisionprofile",
      "registerLibrary": false,
      "sha256": "538de421f343710602b29c642444db42e6ab1eb4030dbb24071bec6ca5676fe0"
    },
    {
      "path": "/Applications/lghub.app/Contents/Frameworks/lghub_agent.app/Contents/Frameworks/libQt5Network.5.dylib",
      "registerLibrary": false,
      "sha256": "c86f13601f8491f35f36e4408de9b831d72a478fcb926bf6685424a53c3a8125"
    },
    {
      "path": "/Applications/lghub.app/Contents/Frameworks/lghub_agent.app/Contents/Frameworks/libQt5DBus.5.dylib",
      "registerLibrary": false,
      "sha256": "c0a30304c473d612d393e18eb3aca567722a235509f5be1976c1d9825237fbc2"
    },
    {
      "path": "/Applications/lghub.app/Contents/Frameworks/lghub_agent.app/Contents/Frameworks/libQt5Core.5.dylib",
      "registerLibrary": false,
      "sha256": "8fb360f962e768a070a408228cf22ace6826b9509a02a5fdc699ff3574a22830"
    },
    {
      "path": "/Applications/lghub.app/Contents/Frameworks/lghub_agent.app/Contents/Frameworks/libQt5PrintSupport.5.dylib",
      "registerLibrary": false,
      "sha256": "4e5e35d2b926cfd8de534762dfae461eb42741964cfb35e3a6241983557703a3"
    },
    {
      "path": "/Applications/lghub.app/Contents/Frameworks/lghub_agent.app/Contents/Frameworks/libQt5Concurrent.5.dylib",
      "registerLibrary": false,
      "sha256": "7a837fc3ce02edb24d45963ac50ba8c4d6d7b0ca9b926e0e24718212fbecb3fe"
    },
    {
      "path": "/Applications/lghub.app/Contents/Frameworks/lghub_agent.app/Contents/Frameworks/libQt5Svg.5.dylib",
      "registerLibrary": false,
      "sha256": "a946b1619f3514b3ab7f1f1cfcf22f3578f14b1d4b8c5e0555a3a9c37b2fc1c8"
    },
    {
      "path": "/Applications/lghub.app/Contents/Frameworks/lghub_agent.app/Contents/Frameworks/libQt5Widgets.5.dylib",
      "registerLibrary": false,
      "sha256": "15b48cb9810415fa4dffde5753579213d56be2b1e78b2374f6f8106ee5e68ae8"
    },
    {
      "path": "/Applications/lghub.app/Contents/Frameworks/lghub_agent.app/Contents/Frameworks/libQt5Gui.5.dylib",
      "registerLibrary": false,
      "sha256": "068f56641ee334d7cbf64b2358365aae867f225814d64da57d50becadf275151"
    },
    {
      "path": "/Applications/lghub.app/Contents/Frameworks/lghub_agent.app/Contents/Info.plist",
      "registerLibrary": false,
      "sha256": "c96eebf95452b605dd31cf3f6733f92f78c446511d044a5e71b022233d13ec35"
    },
    {
      "path": "/Applications/lghub.app/Contents/Frameworks/lghub_agent.app/Contents/PkgInfo",
      "registerLibrary": false,
      "sha256": "e079b5c8da7c98ad0b93984550aa9cbe921d34d1a3d7e25d1410d9c74f5dad83"
    },
    {
      "path": "/Applications/lghub.app/Contents/Frameworks/Electron Framework.framework/Electron Framework",
      "registerLibrary": false,
      "sha256": ""
    },
    {
      "path": "/Applications/lghub.app/Contents/Frameworks/Electron Framework.framework/Versions/A/_CodeSignature/CodeResources",
      "registerLibrary": false,
      "sha256": "081e18f85e1058d5c718f2c44d1234a6d7b98d92c01271600fe550782911c551"
    },
    {
      "path": "/Applications/lghub.app/Contents/Frameworks/Electron Framework.framework/Versions/A/Electron Framework",
      "registerLibrary": false,
      "sha256": "78ba49108e449cd2b39708654573e40f71a4ff4b32bda067355ef9ae0ac2c64c"
    },
    {
      "path": "/Applications/lghub.app/Contents/Frameworks/Electron Framework.framework/Versions/A/Resources/de.lproj/locale.pak",
      "registerLibrary": false,
      "sha256": "cbb580891b1c9ae43b043e79ee0c3f17ca695544953de32c72e50ff0be10ff8f"
    },
    {
      "path": "/Applications/lghub.app/Contents/Frameworks/Electron Framework.framework/Versions/A/Resources/he.lproj/locale.pak",
      "registerLibrary": false,
      "sha256": "cda79c04dc9fccd17e7c4f999416a52f3be025d70047a1b689912889d90bdfb3"
    },
    {
      "path": "/Applications/lghub.app/Contents/Frameworks/Electron Framework.framework/Versions/A/Resources/ar.lproj/locale.pak",
      "registerLibrary": false,
      "sha256": "9014c91d0b3e429f00cc33214549e1a1793adc63e2241cf70d709a6fef8edf1b"
    },
    {
      "path": "/Applications/lghub.app/Contents/Frameworks/Electron Framework.framework/Versions/A/Resources/el.lproj/locale.pak",
      "registerLibrary": false,
      "sha256": "64a9d025639fd45dde2dbdb024d3b9e57e45ba1b326698fbfee2876f14cd6d4a"
    },
    {
      "path": "/Applications/lghub.app/Contents/Frameworks/Electron Framework.framework/Versions/A/Resources/ja.lproj/locale.pak",
      "registerLibrary": false,
      "sha256": "1b16fbf51bcbe2f64b1460e4310d472a545c3f67b18063ecc187901d1c57ddd3"
    },
    {
      "path": "/Applications/lghub.app/Contents/Frameworks/Electron Framework.framework/Versions/A/Resources/fa.lproj/locale.pak",
      "registerLibrary": false,
      "sha256": "d6d332ade35271b35390cfd0918cfa7dcdc9d0c29117a1ad97b0ae878f711942"
    },
    {
      "path": "/Applications/lghub.app/Contents/Frameworks/Electron Framework.framework/Versions/A/Resources/mr.lproj/locale.pak",
      "registerLibrary": false,
      "sha256": "7870cce77be27b2e89db2bcff6067e3a4ce9ad7e90c10f65d0ecbdda62cecfd3"
    },
    {
      "path": "/Applications/lghub.app/Contents/Frameworks/Electron Framework.framework/Versions/A/Resources/en.lproj/locale.pak",
      "registerLibrary": false,
      "sha256": "f090d33a0b3dcb11bb7425fddb20b456142ce783bfd4f2da5ce59d5426d4a06a"
    },
    {
      "path": "/Applications/lghub.app/Contents/Frameworks/Electron Framework.framework/Versions/A/Resources/chrome_200_percent.pak",
      "registerLibrary": false,
      "sha256": "12f4b1722f05a318962dc37bc7367e7f16af8ea339aebf870bf5f1d855e73ba8"
    },
    {
      "path": "/Applications/lghub.app/Contents/Frameworks/Electron Framework.framework/Versions/A/Resources/uk.lproj/locale.pak",
      "registerLibrary": false,
      "sha256": "b469924d43dc3f0c97c3995bf0fabe8b9844d697ef9d11aec4af621e30c6c637"
    },
    {
      "path": "/Applications/lghub.app/Contents/Frameworks/Electron Framework.framework/Versions/A/Resources/es_419.lproj/locale.pak",
      "registerLibrary": false,
      "sha256": "567972c9ea62a901a393983fc114dbb70acd1437896ff7f6b652ffffa1ba4e4b"
    },
    {
      "path": "/Applications/lghub.app/Contents/Frameworks/Electron Framework.framework/Versions/A/Resources/gu.lproj/locale.pak",
      "registerLibrary": false,
      "sha256": "fe590bc2ce4339067d2d0bd7f42481d4da6047211c992e37f282e31a989e9f42"
    },
    {
      "path": "/Applications/lghub.app/Contents/Frameworks/Electron Framework.framework/Versions/A/Resources/zh_CN.lproj/locale.pak",
      "registerLibrary": false,
      "sha256": "7369614239637f319323c8caf327ab6bc6bc9d52b2c25df61eb72e609c89d8ed"
    },
    {
      "path": "/Applications/lghub.app/Contents/Frameworks/Electron Framework.framework/Versions/A/Resources/kn.lproj/locale.pak",
      "registerLibrary": false,
      "sha256": "2f42e19ee0b15a46ebdd102874fb6fad77f55a939a5732914b0524682ef572e1"
    },
    {
      "path": "/Applications/lghub.app/Contents/Frameworks/Electron Framework.framework/Versions/A/Resources/nb.lproj/locale.pak",
      "registerLibrary": false,
      "sha256": "45024709c288ce22f53ba750a515f0666e5a212f130c30791816c3e6ab456a5b"
    },
    {
      "path": "/Applications/lghub.app/Contents/Frameworks/Electron Framework.framework/Versions/A/Resources/chrome_100_percent.pak",
      "registerLibrary": false,
      "sha256": "2ad081c1326751cb15f997c358e721113fc672ef3d221622933c6a3e4d79450f"
    },
    {
      "path": "/Applications/lghub.app/Contents/Frameworks/Electron Framework.framework/Versions/A/Resources/am.lproj/locale.pak",
      "registerLibrary": false,
      "sha256": "63aaeef272a5e12d446115aa4e2ffa793ce2f3464e4b3974c5125ebbccd4cb20"
    },
    {
      "path": "/Applications/lghub.app/Contents/Frameworks/Electron Framework.framework/Versions/A/Resources/es.lproj/locale.pak",
      "registerLibrary": false,
      "sha256": "72b7ac8097c453293dbfb427815efb28b02adb4ccedc0b6e0908f106385b2f45"
    },
    {
      "path": "/Applications/lghub.app/Contents/Frameworks/Electron Framework.framework/Versions/A/Resources/sw.lproj/locale.pak",
      "registerLibrary": false,
      "sha256": "aa49d59b7eb890a4fb6010b1922bdef3f58574b19f7ff55b9bfe1a319abffc61"
    },
    {
      "path": "/Applications/lghub.app/Contents/Frameworks/Electron Framework.framework/Versions/A/Resources/sl.lproj/locale.pak",
      "registerLibrary": false,
      "sha256": "910b3feae6d1ed7c9f841b454dcf462b36103c11ed5d6225d637efda2058c014"
    },
    {
      "path": "/Applications/lghub.app/Contents/Frameworks/Electron Framework.framework/Versions/A/Resources/pt_BR.lproj/locale.pak",
      "registerLibrary": false,
      "sha256": "c4ae342307f489536fee3b278691157c6e868d90a1286423cdc9711e03657593"
    },
    {
      "path": "/Applications/lghub.app/Contents/Frameworks/Electron Framework.framework/Versions/A/Resources/da.lproj/locale.pak",
      "registerLibrary": false,
      "sha256": "aa317331a0b34c53df88fb1d95099b9fc778ab10af870441c6cba896bbb89d96"
    },
    {
      "path": "/Applications/lghub.app/Contents/Frameworks/Electron Framework.framework/Versions/A/Resources/et.lproj/locale.pak",
      "registerLibrary": false,
      "sha256": "6e8d5b5f4284ebd03f7c50d687b3266a547d4ca58b95fcd667c85196c7839759"
    },
    {
      "path": "/Applications/lghub.app/Contents/Frameworks/Electron Framework.framework/Versions/A/Resources/it.lproj/locale.pak",
      "registerLibrary": false,
      "sha256": "a792fd7dd68ff9dc21b4dd62b0be2a272511f1780e0a79255c475bf4ba8ea8f3"
    },
    {
      "path": "/Applications/lghub.app/Contents/Frameworks/Electron Framework.framework/Versions/A/Resources/bg.lproj/locale.pak",
      "registerLibrary": false,
      "sha256": "a7c373077f88cd9cde1813814ccd20646601b42322f3e101fe69b1113ecc949c"
    },
    {
      "path": "/Applications/lghub.app/Contents/Frameworks/Electron Framework.framework/Versions/A/Resources/sk.lproj/locale.pak",
      "registerLibrary": false,
      "sha256": "71261f43ef09822e1864327d244c7ac0bbbcab9a53ad4ca81153420d6400267a"
    },
    {
      "path": "/Applications/lghub.app/Contents/Frameworks/Electron Framework.framework/Versions/A/Resources/pt_PT.lproj/locale.pak",
      "registerLibrary": false,
      "sha256": "cb86c996f8700c7ba920afc8bcf7874857748b7b10e9ae8fb9e669187f2b5402"
    },
    {
      "path": "/Applications/lghub.app/Contents/Frameworks/Electron Framework.framework/Versions/A/Resources/icudtl.dat",
      "registerLibrary": false,
      "sha256": "b62b7240837172959299dc3be44fffa83dc374353154eca1612e1bde330aa8fa"
    },
    {
      "path": "/Applications/lghub.app/Contents/Frameworks/Electron Framework.framework/Versions/A/Resources/sr.lproj/locale.pak",
      "registerLibrary": false,
      "sha256": "4f897d11b967848f7ffd9a3f28c76aabaec4b759bdfd645541c75aba2c1745a5"
    },
    {
      "path": "/Applications/lghub.app/Contents/Frameworks/Electron Framework.framework/Versions/A/Resources/ms.lproj/locale.pak",
      "registerLibrary": false,
      "sha256": "c8bb52e9ed4404c85cb530632377397faac9b7e30dff4de8673b72b645ab3761"
    },
    {
      "path": "/Applications/lghub.app/Contents/Frameworks/Electron Framework.framework/Versions/A/Resources/ta.lproj/locale.pak",
      "registerLibrary": false,
      "sha256": "e31b95ee2f023655cbe45fe9c3acadd647c329f9f0341a8a74cd09d10c7c39d8"
    },
    {
      "path": "/Applications/lghub.app/Contents/Frameworks/Electron Framework.framework/Versions/A/Resources/ml.lproj/locale.pak",
      "registerLibrary": false,
      "sha256": "8e499d35e26ee26bab2b0fa047879e0b85a1e8d6a1e4f939e030cb7b71650382"
    },
    {
      "path": "/Applications/lghub.app/Contents/Frameworks/Electron Framework.framework/Versions/A/Resources/sv.lproj/locale.pak",
      "registerLibrary": false,
      "sha256": "1476b426cc92c41a5ebc3584ce9c964375f738035b6c1b2c6f11408ba24e6938"
    },
    {
      "path": "/Applications/lghub.app/Contents/Frameworks/Electron Framework.framework/Versions/A/Resources/te.lproj/locale.pak",
      "registerLibrary": false,
      "sha256": "f858b23a0a0c462dfc28f419ed8e004ea94e5fad62262f0cc12eb37045bafd40"
    },
    {
      "path": "/Applications/lghub.app/Contents/Frameworks/Electron Framework.framework/Versions/A/Resources/cs.lproj/locale.pak",
      "registerLibrary": false,
      "sha256": "85b706f072ed93b5ab209500e191e89c3a12324df1a33e1371b672be9725e6e4"
    },
    {
      "path": "/Applications/lghub.app/Contents/Frameworks/Electron Framework.framework/Versions/A/Resources/ko.lproj/locale.pak",
      "registerLibrary": false,
      "sha256": "2f2218cc4cf26ccd38e752ed156884a18129c72f9b79234780ee8bf2adef5adb"
    },
    {
      "path": "/Applications/lghub.app/Contents/Frameworks/Electron Framework.framework/Versions/A/Resources/fil.lproj/locale.pak",
      "registerLibrary": false,
      "sha256": "6feb45a5f0f37f97b7859ea58086d9f7fbc5586379b74d5b9ab042d909f1d33c"
    },
    {
      "path": "/Applications/lghub.app/Contents/Frameworks/Electron Framework.framework/Versions/A/Resources/MainMenu.nib",
      "registerLibrary": false,
      "sha256": "2df16bc942c0bb7e1b8bcd4878d40fe0f23879e2782d3b6e12a77a9ceefb4762"
    },
    {
      "path": "/Applications/lghub.app/Contents/Frameworks/Electron Framework.framework/Versions/A/Resources/hu.lproj/locale.pak",
      "registerLibrary": false,
      "sha256": "e6748a3d647cbf5185402d5b2ad6e39b656478c24d82673227c75555c6873901"
    },
    {
      "path": "/Applications/lghub.app/Contents/Frameworks/Electron Framework.framework/Versions/A/Resources/tr.lproj/locale.pak",
      "registerLibrary": false,
      "sha256": "1908b0cfca8dd93305b50c4221c5fe97af74c35a9f2f60f52ee45426b36882e3"
    },
    {
      "path": "/Applications/lghub.app/Contents/Frameworks/Electron Framework.framework/Versions/A/Resources/pl.lproj/locale.pak",
      "registerLibrary": false,
      "sha256": "fdeaaea202f82ab21ce0e1df3a41a3fb1bcd399c93cac65209a8ab375b6328a8"
    },
    {
      "path": "/Applications/lghub.app/Contents/Frameworks/Electron Framework.framework/Versions/A/Resources/zh_TW.lproj/locale.pak",
      "registerLibrary": false,
      "sha256": "ea06d2e77014e7440a4b0c19e816ec68bb4dfad0b6c5c300be8ea7993385464a"
    },
    {
      "path": "/Applications/lghub.app/Contents/Frameworks/Electron Framework.framework/Versions/A/Resources/en_GB.lproj/locale.pak",
      "registerLibrary": false,
      "sha256": "63f86ec9a09cd4f1164fe1b071e08c27de498afaf72f151193caec828c09b26e"
    },
    {
      "path": "/Applications/lghub.app/Contents/Frameworks/Electron Framework.framework/Versions/A/Resources/resources.pak",
      "registerLibrary": false,
      "sha256": "6c4354521e83cee1fedcf3ddaf7c3bfcee14a7f5f1f29f51a27b8a64cd2dd7ff"
    },
    {
      "path": "/Applications/lghub.app/Contents/Frameworks/Electron Framework.framework/Versions/A/Resources/vi.lproj/locale.pak",
      "registerLibrary": false,
      "sha256": "1d29f4c39817895fadd90fe42d98d4bd1a156c95bd4ae3fe2536241a7543acab"
    },
    {
      "path": "/Applications/lghub.app/Contents/Frameworks/Electron Framework.framework/Versions/A/Resources/lv.lproj/locale.pak",
      "registerLibrary": false,
      "sha256": "c2931f5318561bca3cd44bfbd7318724a14ba8388e9581011ee0cd82c3fc541e"
    },
    {
      "path": "/Applications/lghub.app/Contents/Frameworks/Electron Framework.framework/Versions/A/Resources/lt.lproj/locale.pak",
      "registerLibrary": false,
      "sha256": "cc2b186ebc640e1288dc6065fff93c37c20086b96e6483b06baa84bcf484fb0a"
    },
    {
      "path": "/Applications/lghub.app/Contents/Frameworks/Electron Framework.framework/Versions/A/Resources/ru.lproj/locale.pak",
      "registerLibrary": false,
      "sha256": "88ab764179329f0226bf03b7b27666479daf4cd00c7c3c68506b80f5edeff203"
    },
    {
      "path": "/Applications/lghub.app/Contents/Frameworks/Electron Framework.framework/Versions/A/Resources/v8_context_snapshot.x86_64.bin",
      "registerLibrary": false,
      "sha256": "4ba23e91d145272c4e6a7a5bc10d5f1c2e15fe2f0f93ac2cc774179a47301cec"
    },
    {
      "path": "/Applications/lghub.app/Contents/Frameworks/Electron Framework.framework/Versions/A/Resources/fr.lproj/locale.pak",
      "registerLibrary": false,
      "sha256": "f372ff8c2b5678731fd8581aa82e27f083461f33822f72025304fbd358b33865"
    },
    {
      "path": "/Applications/lghub.app/Contents/Frameworks/Electron Framework.framework/Versions/A/Resources/fi.lproj/locale.pak",
      "registerLibrary": false,
      "sha256": "f2378ba310933cfc2f30456f050b0cd3089241ad0fd3afe33979745af77286e5"
    },
    {
      "path": "/Applications/lghub.app/Contents/Frameworks/Electron Framework.framework/Versions/A/Resources/id.lproj/locale.pak",
      "registerLibrary": false,
      "sha256": "b7b906b5e9e5a68462613f5d32c1fd4b6d78884ea74472f35e4afa4ccc6c6f89"
    },
    {
      "path": "/Applications/lghub.app/Contents/Frameworks/Electron Framework.framework/Versions/A/Resources/nl.lproj/locale.pak",
      "registerLibrary": false,
      "sha256": "347f1f7d05426336caaba28a02e5192c4ae920d4c1a5e3908b37b0a92fc14183"
    },
    {
      "path": "/Applications/lghub.app/Contents/Frameworks/Electron Framework.framework/Versions/A/Resources/th.lproj/locale.pak",
      "registerLibrary": false,
      "sha256": "74cfc86940796679c0bd076864e92ea43ed0bd33543d2e3ba0edf5bba1990943"
    },
    {
      "path": "/Applications/lghub.app/Contents/Frameworks/Electron Framework.framework/Versions/A/Resources/bn.lproj/locale.pak",
      "registerLibrary": false,
      "sha256": "7d9c383f936e899eaef4963f41782576be7743ebdef71f2acaddf2ec6f96ee0a"
    },
    {
      "path": "/Applications/lghub.app/Contents/Frameworks/Electron Framework.framework/Versions/A/Resources/ro.lproj/locale.pak",
      "registerLibrary": false,
      "sha256": "ebe38ae5983c22ccddd604440f39204c08c66c0fd45a3ea34d845fe7fa806a8c"
    },
    {
      "path": "/Applications/lghub.app/Contents/Frameworks/Electron Framework.framework/Versions/A/Resources/Info.plist",
      "registerLibrary": false,
      "sha256": "f10886851f98d9e5873edcb928b8cb0fbcec9bceb44f3cf7f429527d967b090e"
    },
    {
      "path": "/Applications/lghub.app/Contents/Frameworks/Electron Framework.framework/Versions/A/Resources/hr.lproj/locale.pak",
      "registerLibrary": false,
      "sha256": "bb33767dd2b75dda325616c52bfd701af219610b71395a259dd923eb59fc8e2b"
    },
    {
      "path": "/Applications/lghub.app/Contents/Frameworks/Electron Framework.framework/Versions/A/Resources/hi.lproj/locale.pak",
      "registerLibrary": false,
      "sha256": "149d19c43b6d332006ba691847d28d216ce61d28bfa2d87114205e580aa2a890"
    },
    {
      "path": "/Applications/lghub.app/Contents/Frameworks/Electron Framework.framework/Versions/A/Resources/ca.lproj/locale.pak",
      "registerLibrary": false,
      "sha256": "704db314c94782861a12a78625fcab476af8c47d417bb2910e610df81c80631e"
    },
    {
      "path": "/Applications/lghub.app/Contents/Frameworks/Electron Framework.framework/Versions/A/Libraries/libEGL.dylib",
      "registerLibrary": false,
      "sha256": "84c292c2064c20e6d43f7043a5e5a6717ffff2ff4244dfa58dddcc3bec7855b3"
    },
    {
      "path": "/Applications/lghub.app/Contents/Frameworks/Electron Framework.framework/Versions/A/Libraries/vk_swiftshader_icd.json",
      "registerLibrary": false,
      "sha256": "d717d915e31e7c27948b80b36ab34e2d897888114c5c7d0af835f93eb53e58f5"
    },
    {
      "path": "/Applications/lghub.app/Contents/Frameworks/Electron Framework.framework/Versions/A/Libraries/libswiftshader_libEGL.dylib",
      "registerLibrary": false,
      "sha256": "38eb50d368ddf9bb2a3c431fde6a84d9d559ab6fcff146e246408c1a74500d0f"
    },
    {
      "path": "/Applications/lghub.app/Contents/Frameworks/Electron Framework.framework/Versions/A/Libraries/libvk_swiftshader.dylib",
      "registerLibrary": false,
      "sha256": "b899bfbcb2ac795de97fc0cf2b2f790a2a9e1b444884548e62ba6a7949d7a970"
    },
    {
      "path": "/Applications/lghub.app/Contents/Frameworks/Electron Framework.framework/Versions/A/Libraries/libGLESv2.dylib",
      "registerLibrary": false,
      "sha256": "92dc81f2c04e6c9fbec24ea9ff2f47837cc31103e4ffbcc2c79598831a6892ba"
    },
    {
      "path": "/Applications/lghub.app/Contents/Frameworks/Electron Framework.framework/Versions/A/Libraries/libswiftshader_libGLESv2.dylib",
      "registerLibrary": false,
      "sha256": "2bd94c9fb5a52db71d30710e8d51bb91664f6460092d7ef148b59faf563cfefa"
    },
    {
      "path": "/Applications/lghub.app/Contents/Frameworks/Electron Framework.framework/Versions/A/Libraries/libffmpeg.dylib",
      "registerLibrary": false,
      "sha256": "aa941c6f0ea6bf48342d6d77247250303f3dcc08f876b83e519924a2655050cf"
    },
    {
      "path": "/Applications/lghub.app/Contents/Frameworks/Electron Framework.framework/Versions/A/Helpers/chrome_crashpad_handler",
      "registerLibrary": false,
      "sha256": "b1bb597fcfa76ef8935931365400ef2732d44d3ddb194e11841df20ccddb9f2a"
    },
    {
      "path": "/Applications/lghub.app/Contents/Frameworks/Electron Framework.framework/Versions/Current",
      "registerLibrary": false,
      "sha256": "e3b0c44298fc1c149afbf4c8996fb92427ae41e4649b934ca495991b7852b855"
    },
    {
      "path": "/Applications/lghub.app/Contents/Frameworks/ReactiveObjC.framework/Versions/A/_CodeSignature/CodeResources",
      "registerLibrary": false,
      "sha256": "13462c420c65d35f2256c33399b360b22b2fbcd2e04cfb36f9b08c74f2ead154"
    },
    {
      "path": "/Applications/lghub.app/Contents/Frameworks/ReactiveObjC.framework/Versions/A/Resources/Info.plist",
      "registerLibrary": false,
      "sha256": "29fd7be23dd88592ed30176491355e9ac85286f3bb0caf016f12e53317af9eb9"
    },
    {
      "path": "/Applications/lghub.app/Contents/Frameworks/ReactiveObjC.framework/Versions/A/ReactiveObjC",
      "registerLibrary": false,
      "sha256": "cb957baba693ea421312e000aedf89644c5a6b00c7a86eeb9576ce4a2c6f49f4"
    },
    {
      "path": "/Applications/lghub.app/Contents/Frameworks/lghub Helper (GPU).app/Contents/MacOS/lghub Helper (GPU)",
      "registerLibrary": false,
      "sha256": "48e7ce8af5c72ffcf05648f5d56c4fc11a76e2511c0d6ffcd27ded36d9056742"
    },
    {
      "path": "/Applications/lghub.app/Contents/Frameworks/lghub Helper (GPU).app/Contents/Info.plist",
      "registerLibrary": false,
      "sha256": "2b07a5751ae2a7cbbfd3b78a1957a19ce13024de0eb636e858afc293eea44163"
    },
    {
      "path": "/Applications/lghub.app/Contents/Frameworks/libQt5Network.5.dylib",
      "registerLibrary": false,
      "sha256": "5385100616c72f8b4fbfc55df9e74df37ac0b39be0750cb8370ad1e2334ee1dd"
    },
    {
      "path": "/Applications/lghub.app/Contents/Frameworks/libQt5DBus.5.dylib",
      "registerLibrary": false,
      "sha256": "8dba0acc01d6f56ee750a216f4da9d2a04e1b163c6d2460d0210a7c9affbb68c"
    },
    {
      "path": "/Applications/lghub.app/Contents/Frameworks/Squirrel.framework/Versions/A/_CodeSignature/CodeResources",
      "registerLibrary": false,
      "sha256": "89b0c755420d174900dc49caa8f3cb025c3828ac7585cbd44400c4cccbdf60dc"
    },
    {
      "path": "/Applications/lghub.app/Contents/Frameworks/Squirrel.framework/Versions/A/Resources/ShipIt",
      "registerLibrary": false,
      "sha256": "67ee5d51380ad440f34cec148875366af4e785eecd664e3ab385d92c642da4a5"
    },
    {
      "path": "/Applications/lghub.app/Contents/Frameworks/Squirrel.framework/Versions/A/Resources/Info.plist",
      "registerLibrary": false,
      "sha256": "80a3685a128266ac72138f9337da2f38d149610507608ccbf6a1b03ce6f13cc5"
    },
    {
      "path": "/Applications/lghub.app/Contents/Frameworks/Squirrel.framework/Versions/A/Squirrel",
      "registerLibrary": false,
      "sha256": "d847627894105cd77a9b53acbc0d7fbdb683ee9eb6034e09aa46441267cceccb"
    },
    {
      "path": "/Applications/lghub.app/Contents/Frameworks/lghub Helper (Plugin).app/Contents/MacOS/lghub Helper (Plugin)",
      "registerLibrary": false,
      "sha256": "ffd1b4289a9fceb83fe7743527a73577c93912f44dbae7e1f1a5dc0c138dc0f9"
    },
    {
      "path": "/Applications/lghub.app/Contents/Frameworks/lghub Helper (Plugin).app/Contents/Info.plist",
      "registerLibrary": false,
      "sha256": "788515e803e44762b95a635074acd2f6863be2a2cf92c5806cf57b5bfb275a1a"
    },
    {
      "path": "/Applications/lghub.app/Contents/Frameworks/libQt5Core.5.dylib",
      "registerLibrary": false,
      "sha256": "31ac40f0ce22ae72b024a7eae59ab9b6ed65ad43accd55e9ad90cd8a80689ca8"
    },
    {
      "path": "/Applications/lghub.app/Contents/Frameworks/Mantle.framework/Versions/A/_CodeSignature/CodeResources",
      "registerLibrary": false,
      "sha256": "650ca43d193f196d2e8ca1f48ccc7a53da84ddc97ad988b1400c2156a2a6c126"
    },
    {
      "path": "/Applications/lghub.app/Contents/Frameworks/Mantle.framework/Versions/A/Mantle",
      "registerLibrary": false,
      "sha256": "d5bd85c5e4c7502c38ca132b97c7a31b51de41324293a34dcdc5032438cb8cc7"
    },
    {
      "path": "/Applications/lghub.app/Contents/Frameworks/Mantle.framework/Versions/A/Resources/Info.plist",
      "registerLibrary": false,
      "sha256": "63e7fc192c271a340e10c3cdf8cbf08d8e57bf195a6d922723cd7036d4bd79d3"
    },
    {
      "path": "/Applications/lghub.app/Contents/Frameworks/libQt5PrintSupport.5.dylib",
      "registerLibrary": false,
      "sha256": "8967b07e464f86020546de6d7c15cad3bef36b541a3723c1d4e9e5d3c472d61c"
    },
    {
      "path": "/Applications/lghub.app/Contents/Frameworks/libQt5Concurrent.5.dylib",
      "registerLibrary": false,
      "sha256": "f93350f6b532698509f84f03299f5bac8ca8b3ef6ec98a1cd9df7a38483df734"
    },
    {
      "path": "/Applications/lghub.app/Contents/Frameworks/libQt5Svg.5.dylib",
      "registerLibrary": false,
      "sha256": "5c9897ff1dd91e34f58a8f752495653cbad93081239c13fbb0c81b2458e39fa2"
    },
    {
      "path": "/Applications/lghub.app/Contents/Frameworks/lghub_updater.app/Contents/CodeResources",
      "registerLibrary": false,
      "sha256": "d4094b0ce43be0ebc4e6f9f035b8f287d6776c036755e1fcfd18f4e7154f4f44"
    },
    {
      "path": "/Applications/lghub.app/Contents/Frameworks/lghub_updater.app/Contents/_CodeSignature/CodeResources",
      "registerLibrary": false,
      "sha256": "c15083a56c5b35df1f755bfb67ff2d3d467dfc547f0439e1b21a8e7ca73ff59f"
    },
    {
      "path": "/Applications/lghub.app/Contents/Frameworks/lghub_updater.app/Contents/MacOS/logi_crashpad_handler",
      "registerLibrary": false,
      "sha256": "261c2689444d4f285dfae43824a071126485cc85a9cefd38c37ba08f26d87690"
    },
    {
      "path": "/Applications/lghub.app/Contents/Frameworks/lghub_updater.app/Contents/MacOS/lghub_updater",
      "registerLibrary": false,
      "sha256": "664797d092595bf902fcebddd9fddf53da6e10c6297ef5abf585b5fc2da417f9"
    },
    {
      "path": "/Applications/lghub.app/Contents/Frameworks/lghub_updater.app/Contents/Info.plist",
      "registerLibrary": false,
      "sha256": "fbd1acbfe568b8e64257087d470d634e9d760043b32142fced290eaa60b17a62"
    },
    {
      "path": "/Applications/lghub.app/Contents/Frameworks/lghub Helper (Renderer).app/Contents/_CodeSignature/CodeResources",
      "registerLibrary": false,
      "sha256": "4cf3782d18b5d25095be71ad616c55203ef6d0a6b3781b911c4f7df0eb209301"
    },
    {
      "path": "/Applications/lghub.app/Contents/Frameworks/lghub Helper (Renderer).app/Contents/MacOS/lghub Helper (Renderer)",
      "registerLibrary": false,
      "sha256": "21e7c32ac094789192f11580147aaf5231bca7c5e519e5ad5c346ebe4f740bd0"
    },
    {
      "path": "/Applications/lghub.app/Contents/Frameworks/lghub Helper (Renderer).app/Contents/Info.plist",
      "registerLibrary": false,
      "sha256": "1fe69417a8c5c18d806232deeacb004de5c8ddeb9d319e262da6c6794ecd0703"
    },
    {
      "path": "/Applications/lghub.app/Contents/Frameworks/libQt5Widgets.5.dylib",
      "registerLibrary": false,
      "sha256": "13b6ff3fd5e0a7a22bc79f66734fb4420b3003ef3e9b2f0577384a1f57d17fd1"
    },
    {
      "path": "/Applications/lghub.app/Contents/Frameworks/libQt5Gui.5.dylib",
      "registerLibrary": false,
      "sha256": "547956843da509617e7a15c66e1db6b846f877c999d2877c75c6435d30d3c7cd"
    },
    {
      "path": "/Applications/lghub.app/Contents/Frameworks/logi_sdk_arx_control.framework/Versions/A/_CodeSignature/CodeResources",
      "registerLibrary": false,
      "sha256": "755ebcfaa025902564eb5e9f85950ed43db0957115896ead4613028fb0c9175d"
    },
    {
      "path": "/Applications/lghub.app/Contents/Frameworks/logi_sdk_arx_control.framework/Versions/A/Resources/Info.plist",
      "registerLibrary": false,
      "sha256": "6abe791754f6ae4cc4dbe86ab95ac673eb5d77771fb86c5c70c4ec56afd83878"
    },
    {
      "path": "/Applications/lghub.app/Contents/Frameworks/logi_sdk_arx_control.framework/Versions/A/Headers/LogitechGArxControlBase.h",
      "registerLibrary": false,
      "sha256": "9a7f273f7c5f8fbcf000d0a006c3ac0d2aac65827fe9766ea19190dcc06f5a5b"
    },
    {
      "path": "/Applications/lghub.app/Contents/Frameworks/logi_sdk_arx_control.framework/Versions/A/Headers/LogitechGArxControl.h",
      "registerLibrary": false,
      "sha256": "29f47bb187bd00b488c8817d19db97babd6b0b40ad8aa51ead8285dd906a30c2"
    },
    {
      "path": "/Applications/lghub.app/Contents/Frameworks/logi_sdk_arx_control.framework/Versions/A/logi_sdk_arx_control",
      "registerLibrary": false,
      "sha256": "2df0651f5879e96f2b7fb368bc220db3ee205d142a86b6f78c3fea9cd197285c"
    },
    {
      "path": "/Applications/lghub.app/Contents/Info.plist",
      "registerLibrary": false,
      "sha256": "1010a7e898667e877a1a938de2d8b9c2c65ce50bc110b2c33cfb0cb63dd8f760"
    },
    {
      "path": "/Library/LaunchAgents/com.logi.ghub.plist",
      "registerLibrary": false,
      "sha256": "6d35b4c02f67f455434115468ac469cdc94da45bacf53e3d7f98b82d21420733"
    },
    {
      "path": "/Library/LaunchDaemons/com.logi.ghub.updater.plist",
      "registerLibrary": false,
      "sha256": "182c3b364a5a886c64cc1695ecc5b5ad034cbc26793106716c998e33fa81d763"
    },
    {
      "path": "/Users/qa/Library/Application Support/LGHUB/integrations/applet_discord/config.json",
      "registerLibrary": false,
      "sha256": "df818820b31755a470ff3c6199942d48385818a11096616c7e734d79f74796a8"
    },
    {
      "path": "/Users/qa/Library/Application Support/LGHUB/integrations/applet_obs/config.json",
      "registerLibrary": false,
      "sha256": "f399794f7d8137ab1b8dedba0452ab0fb87e7aeb566e3237094c62480ee33cc8"
    },
    {
      "path": "/Library/Application Support/obs-studio/plugins/logi_obs_plugin/bin/logi_obs_plugin.so",
      "registerLibrary": false,
      "sha256": "3ff6eecd890ac0fddac99ce72085504ffc543b0390c7e418c10e3707d8929c3e"
    }
  ],
  "folders": [
    {
      "path": "/Applications/lghub.app"
    },
    {
      "path": "/Applications/lghub.app/Contents"
    },
    {
      "path": "/Applications/lghub.app/Contents/_CodeSignature"
    },
    {
      "path": "/Applications/lghub.app/Contents/MacOS"
    },
    {
      "path": "/Applications/lghub.app/Contents/Resources"
    },
    {
      "path": "/Applications/lghub.app/Contents/Resources/zh-TW.lproj"
    },
    {
      "path": "/Applications/lghub.app/Contents/Resources/it-IT.lproj"
    },
    {
      "path": "/Applications/lghub.app/Contents/Resources/nb-NO.lproj"
    },
    {
      "path": "/Applications/lghub.app/Contents/Resources/ru-RU.lproj"
    },
    {
      "path": "/Applications/lghub.app/Contents/Resources/tr-TR.lproj"
    },
    {
      "path": "/Applications/lghub.app/Contents/Resources/es-ES.lproj"
    },
    {
      "path": "/Applications/lghub.app/Contents/Resources/fr-FR.lproj"
    },
    {
      "path": "/Applications/lghub.app/Contents/Resources/ja-JP.lproj"
    },
    {
      "path": "/Applications/lghub.app/Contents/Resources/ko-KR.lproj"
    },
    {
      "path": "/Applications/lghub.app/Contents/Resources/Base.lproj"
    },
    {
      "path": "/Applications/lghub.app/Contents/Resources/fi-FI.lproj"
    },
    {
      "path": "/Applications/lghub.app/Contents/Resources/da-DK.lproj"
    },
    {
      "path": "/Applications/lghub.app/Contents/Resources/hu-HU.lproj"
    },
    {
      "path": "/Applications/lghub.app/Contents/Resources/app.asar.unpacked"
    },
    {
      "path": "/Applications/lghub.app/Contents/Resources/app.asar.unpacked/node_modules"
    },
    {
      "path": "/Applications/lghub.app/Contents/Resources/app.asar.unpacked/node_modules/keytar"
    },
    {
      "path": "/Applications/lghub.app/Contents/Resources/app.asar.unpacked/node_modules/keytar/build"
    },
    {
      "path": "/Applications/lghub.app/Contents/Resources/app.asar.unpacked/node_modules/keytar/build/Release"
    },
    {
      "path": "/Applications/lghub.app/Contents/Resources/pt-BR.lproj"
    },
    {
      "path": "/Applications/lghub.app/Contents/Resources/nl-NL.lproj"
    },
    {
      "path": "/Applications/lghub.app/Contents/Resources/cs-CZ.lproj"
    },
    {
      "path": "/Applications/lghub.app/Contents/Resources/zh-CN.lproj"
    },
    {
      "path": "/Applications/lghub.app/Contents/Resources/en-US.lproj"
    },
    {
      "path": "/Applications/lghub.app/Contents/Resources/de-DE.lproj"
    },
    {
      "path": "/Applications/lghub.app/Contents/Resources/pl-PL.lproj"
    },
    {
      "path": "/Applications/lghub.app/Contents/Resources/sv-SE.lproj"
    },
    {
      "path": "/Applications/lghub.app/Contents/Frameworks"
    },
    {
      "path": "/Applications/lghub.app/Contents/Frameworks/lghub Helper.app"
    },
    {
      "path": "/Applications/lghub.app/Contents/Frameworks/lghub Helper.app/Contents"
    },
    {
      "path": "/Applications/lghub.app/Contents/Frameworks/lghub Helper.app/Contents/_CodeSignature"
    },
    {
      "path": "/Applications/lghub.app/Contents/Frameworks/lghub Helper.app/Contents/MacOS"
    },
    {
      "path": "/Applications/lghub.app/Contents/Frameworks/lghub_agent.app"
    },
    {
      "path": "/Applications/lghub.app/Contents/Frameworks/lghub_agent.app/Contents"
    },
    {
      "path": "/Applications/lghub.app/Contents/Frameworks/lghub_agent.app/Contents/_CodeSignature"
    },
    {
      "path": "/Applications/lghub.app/Contents/Frameworks/lghub_agent.app/Contents/MacOS"
    },
    {
      "path": "/Applications/lghub.app/Contents/Frameworks/lghub_agent.app/Contents/MacOS/lghub_agent.dSYM"
    },
    {
      "path": "/Applications/lghub.app/Contents/Frameworks/lghub_agent.app/Contents/MacOS/lghub_agent.dSYM/Contents"
    },
    {
      "path": "/Applications/lghub.app/Contents/Frameworks/lghub_agent.app/Contents/MacOS/lghub_agent.dSYM/Contents/Resources"
    },
    {
      "path": "/Applications/lghub.app/Contents/Frameworks/lghub_agent.app/Contents/MacOS/lghub_agent.dSYM/Contents/Resources/DWARF"
    },
    {
      "path": "/Applications/lghub.app/Contents/Frameworks/lghub_agent.app/Contents/PlugIns"
    },
    {
      "path": "/Applications/lghub.app/Contents/Frameworks/lghub_agent.app/Contents/PlugIns/platforms"
    },
    {
      "path": "/Applications/lghub.app/Contents/Frameworks/lghub_agent.app/Contents/PlugIns/printsupport"
    },
    {
      "path": "/Applications/lghub.app/Contents/Frameworks/lghub_agent.app/Contents/PlugIns/styles"
    },
    {
      "path": "/Applications/lghub.app/Contents/Frameworks/lghub_agent.app/Contents/PlugIns/bearer"
    },
    {
      "path": "/Applications/lghub.app/Contents/Frameworks/lghub_agent.app/Contents/PlugIns/iconengines"
    },
    {
      "path": "/Applications/lghub.app/Contents/Frameworks/lghub_agent.app/Contents/PlugIns/imageformats"
    },
    {
      "path": "/Applications/lghub.app/Contents/Frameworks/lghub_agent.app/Contents/Resources"
    },
    {
      "path": "/Applications/lghub.app/Contents/Frameworks/lghub_agent.app/Contents/Resources/data"
    },
    {
      "path": "/Applications/lghub.app/Contents/Frameworks/lghub_agent.app/Contents/Resources/data/strings"
    },
    {
      "path": "/Applications/lghub.app/Contents/Frameworks/lghub_agent.app/Contents/Resources/data/sounds"
    },
    {
      "path": "/Applications/lghub.app/Contents/Frameworks/lghub_agent.app/Contents/Resources/data/lighting"
    },
    {
      "path": "/Applications/lghub.app/Contents/Frameworks/lghub_agent.app/Contents/Resources/data/lighting/effects"
    },
    {
      "path": "/Applications/lghub.app/Contents/Frameworks/lghub_agent.app/Contents/Library"
    },
    {
      "path": "/Applications/lghub.app/Contents/Frameworks/lghub_agent.app/Contents/Library/SystemExtensions"
    },
    {
      "path": "/Applications/lghub.app/Contents/Frameworks/lghub_agent.app/Contents/Library/SystemExtensions/com.logi.ghub.hidfilter.dext"
    },
    {
      "path": "/Applications/lghub.app/Contents/Frameworks/lghub_agent.app/Contents/Library/SystemExtensions/com.logi.ghub.hidfilter.dext/_CodeSignature"
    },
    {
      "path": "/Applications/lghub.app/Contents/Frameworks/lghub_agent.app/Contents/Frameworks"
    },
    {
      "path": "/Applications/lghub.app/Contents/Frameworks/Electron Framework.framework"
    },
    {
      "path": "/Applications/lghub.app/Contents/Frameworks/Electron Framework.framework/Versions"
    },
    {
      "path": "/Applications/lghub.app/Contents/Frameworks/Electron Framework.framework/Versions/A"
    },
    {
      "path": "/Applications/lghub.app/Contents/Frameworks/Electron Framework.framework/Versions/A/_CodeSignature"
    },
    {
      "path": "/Applications/lghub.app/Contents/Frameworks/Electron Framework.framework/Versions/A/Resources"
    },
    {
      "path": "/Applications/lghub.app/Contents/Frameworks/Electron Framework.framework/Versions/A/Resources/de.lproj"
    },
    {
      "path": "/Applications/lghub.app/Contents/Frameworks/Electron Framework.framework/Versions/A/Resources/he.lproj"
    },
    {
      "path": "/Applications/lghub.app/Contents/Frameworks/Electron Framework.framework/Versions/A/Resources/ar.lproj"
    },
    {
      "path": "/Applications/lghub.app/Contents/Frameworks/Electron Framework.framework/Versions/A/Resources/el.lproj"
    },
    {
      "path": "/Applications/lghub.app/Contents/Frameworks/Electron Framework.framework/Versions/A/Resources/ja.lproj"
    },
    {
      "path": "/Applications/lghub.app/Contents/Frameworks/Electron Framework.framework/Versions/A/Resources/fa.lproj"
    },
    {
      "path": "/Applications/lghub.app/Contents/Frameworks/Electron Framework.framework/Versions/A/Resources/mr.lproj"
    },
    {
      "path": "/Applications/lghub.app/Contents/Frameworks/Electron Framework.framework/Versions/A/Resources/en.lproj"
    },
    {
      "path": "/Applications/lghub.app/Contents/Frameworks/Electron Framework.framework/Versions/A/Resources/uk.lproj"
    },
    {
      "path": "/Applications/lghub.app/Contents/Frameworks/Electron Framework.framework/Versions/A/Resources/es_419.lproj"
    },
    {
      "path": "/Applications/lghub.app/Contents/Frameworks/Electron Framework.framework/Versions/A/Resources/gu.lproj"
    },
    {
      "path": "/Applications/lghub.app/Contents/Frameworks/Electron Framework.framework/Versions/A/Resources/zh_CN.lproj"
    },
    {
      "path": "/Applications/lghub.app/Contents/Frameworks/Electron Framework.framework/Versions/A/Resources/kn.lproj"
    },
    {
      "path": "/Applications/lghub.app/Contents/Frameworks/Electron Framework.framework/Versions/A/Resources/nb.lproj"
    },
    {
      "path": "/Applications/lghub.app/Contents/Frameworks/Electron Framework.framework/Versions/A/Resources/am.lproj"
    },
    {
      "path": "/Applications/lghub.app/Contents/Frameworks/Electron Framework.framework/Versions/A/Resources/es.lproj"
    },
    {
      "path": "/Applications/lghub.app/Contents/Frameworks/Electron Framework.framework/Versions/A/Resources/sw.lproj"
    },
    {
      "path": "/Applications/lghub.app/Contents/Frameworks/Electron Framework.framework/Versions/A/Resources/sl.lproj"
    },
    {
      "path": "/Applications/lghub.app/Contents/Frameworks/Electron Framework.framework/Versions/A/Resources/pt_BR.lproj"
    },
    {
      "path": "/Applications/lghub.app/Contents/Frameworks/Electron Framework.framework/Versions/A/Resources/da.lproj"
    },
    {
      "path": "/Applications/lghub.app/Contents/Frameworks/Electron Framework.framework/Versions/A/Resources/et.lproj"
    },
    {
      "path": "/Applications/lghub.app/Contents/Frameworks/Electron Framework.framework/Versions/A/Resources/it.lproj"
    },
    {
      "path": "/Applications/lghub.app/Contents/Frameworks/Electron Framework.framework/Versions/A/Resources/bg.lproj"
    },
    {
      "path": "/Applications/lghub.app/Contents/Frameworks/Electron Framework.framework/Versions/A/Resources/sk.lproj"
    },
    {
      "path": "/Applications/lghub.app/Contents/Frameworks/Electron Framework.framework/Versions/A/Resources/pt_PT.lproj"
    },
    {
      "path": "/Applications/lghub.app/Contents/Frameworks/Electron Framework.framework/Versions/A/Resources/sr.lproj"
    },
    {
      "path": "/Applications/lghub.app/Contents/Frameworks/Electron Framework.framework/Versions/A/Resources/ms.lproj"
    },
    {
      "path": "/Applications/lghub.app/Contents/Frameworks/Electron Framework.framework/Versions/A/Resources/ta.lproj"
    },
    {
      "path": "/Applications/lghub.app/Contents/Frameworks/Electron Framework.framework/Versions/A/Resources/ml.lproj"
    },
    {
      "path": "/Applications/lghub.app/Contents/Frameworks/Electron Framework.framework/Versions/A/Resources/sv.lproj"
    },
    {
      "path": "/Applications/lghub.app/Contents/Frameworks/Electron Framework.framework/Versions/A/Resources/te.lproj"
    },
    {
      "path": "/Applications/lghub.app/Contents/Frameworks/Electron Framework.framework/Versions/A/Resources/cs.lproj"
    },
    {
      "path": "/Applications/lghub.app/Contents/Frameworks/Electron Framework.framework/Versions/A/Resources/ko.lproj"
    },
    {
      "path": "/Applications/lghub.app/Contents/Frameworks/Electron Framework.framework/Versions/A/Resources/fil.lproj"
    },
    {
      "path": "/Applications/lghub.app/Contents/Frameworks/Electron Framework.framework/Versions/A/Resources/hu.lproj"
    },
    {
      "path": "/Applications/lghub.app/Contents/Frameworks/Electron Framework.framework/Versions/A/Resources/tr.lproj"
    },
    {
      "path": "/Applications/lghub.app/Contents/Frameworks/Electron Framework.framework/Versions/A/Resources/pl.lproj"
    },
    {
      "path": "/Applications/lghub.app/Contents/Frameworks/Electron Framework.framework/Versions/A/Resources/zh_TW.lproj"
    },
    {
      "path": "/Applications/lghub.app/Contents/Frameworks/Electron Framework.framework/Versions/A/Resources/en_GB.lproj"
    },
    {
      "path": "/Applications/lghub.app/Contents/Frameworks/Electron Framework.framework/Versions/A/Resources/vi.lproj"
    },
    {
      "path": "/Applications/lghub.app/Contents/Frameworks/Electron Framework.framework/Versions/A/Resources/lv.lproj"
    },
    {
      "path": "/Applications/lghub.app/Contents/Frameworks/Electron Framework.framework/Versions/A/Resources/lt.lproj"
    },
    {
      "path": "/Applications/lghub.app/Contents/Frameworks/Electron Framework.framework/Versions/A/Resources/ru.lproj"
    },
    {
      "path": "/Applications/lghub.app/Contents/Frameworks/Electron Framework.framework/Versions/A/Resources/fr.lproj"
    },
    {
      "path": "/Applications/lghub.app/Contents/Frameworks/Electron Framework.framework/Versions/A/Resources/fi.lproj"
    },
    {
      "path": "/Applications/lghub.app/Contents/Frameworks/Electron Framework.framework/Versions/A/Resources/id.lproj"
    },
    {
      "path": "/Applications/lghub.app/Contents/Frameworks/Electron Framework.framework/Versions/A/Resources/nl.lproj"
    },
    {
      "path": "/Applications/lghub.app/Contents/Frameworks/Electron Framework.framework/Versions/A/Resources/th.lproj"
    },
    {
      "path": "/Applications/lghub.app/Contents/Frameworks/Electron Framework.framework/Versions/A/Resources/bn.lproj"
    },
    {
      "path": "/Applications/lghub.app/Contents/Frameworks/Electron Framework.framework/Versions/A/Resources/ro.lproj"
    },
    {
      "path": "/Applications/lghub.app/Contents/Frameworks/Electron Framework.framework/Versions/A/Resources/hr.lproj"
    },
    {
      "path": "/Applications/lghub.app/Contents/Frameworks/Electron Framework.framework/Versions/A/Resources/hi.lproj"
    },
    {
      "path": "/Applications/lghub.app/Contents/Frameworks/Electron Framework.framework/Versions/A/Resources/ca.lproj"
    },
    {
      "path": "/Applications/lghub.app/Contents/Frameworks/Electron Framework.framework/Versions/A/Libraries"
    },
    {
      "path": "/Applications/lghub.app/Contents/Frameworks/Electron Framework.framework/Versions/A/Helpers"
    },
    {
      "path": "/Applications/lghub.app/Contents/Frameworks/ReactiveObjC.framework"
    },
    {
      "path": "/Applications/lghub.app/Contents/Frameworks/ReactiveObjC.framework/Versions"
    },
    {
      "path": "/Applications/lghub.app/Contents/Frameworks/ReactiveObjC.framework/Versions/A"
    },
    {
      "path": "/Applications/lghub.app/Contents/Frameworks/ReactiveObjC.framework/Versions/A/_CodeSignature"
    },
    {
      "path": "/Applications/lghub.app/Contents/Frameworks/ReactiveObjC.framework/Versions/A/Resources"
    },
    {
      "path": "/Applications/lghub.app/Contents/Frameworks/lghub Helper (GPU).app"
    },
    {
      "path": "/Applications/lghub.app/Contents/Frameworks/lghub Helper (GPU).app/Contents"
    },
    {
      "path": "/Applications/lghub.app/Contents/Frameworks/lghub Helper (GPU).app/Contents/_CodeSignature"
    },
    {
      "path": "/Applications/lghub.app/Contents/Frameworks/lghub Helper (GPU).app/Contents/MacOS"
    },
    {
      "path": "/Applications/lghub.app/Contents/Frameworks/Squirrel.framework"
    },
    {
      "path": "/Applications/lghub.app/Contents/Frameworks/Squirrel.framework/Versions"
    },
    {
      "path": "/Applications/lghub.app/Contents/Frameworks/Squirrel.framework/Versions/A"
    },
    {
      "path": "/Applications/lghub.app/Contents/Frameworks/Squirrel.framework/Versions/A/_CodeSignature"
    },
    {
      "path": "/Applications/lghub.app/Contents/Frameworks/Squirrel.framework/Versions/A/Resources"
    },
    {
      "path": "/Applications/lghub.app/Contents/Frameworks/lghub Helper (Plugin).app"
    },
    {
      "path": "/Applications/lghub.app/Contents/Frameworks/lghub Helper (Plugin).app/Contents"
    },
    {
      "path": "/Applications/lghub.app/Contents/Frameworks/lghub Helper (Plugin).app/Contents/_CodeSignature"
    },
    {
      "path": "/Applications/lghub.app/Contents/Frameworks/lghub Helper (Plugin).app/Contents/MacOS"
    },
    {
      "path": "/Applications/lghub.app/Contents/Frameworks/Mantle.framework"
    },
    {
      "path": "/Applications/lghub.app/Contents/Frameworks/Mantle.framework/Versions"
    },
    {
      "path": "/Applications/lghub.app/Contents/Frameworks/Mantle.framework/Versions/A"
    },
    {
      "path": "/Applications/lghub.app/Contents/Frameworks/Mantle.framework/Versions/A/_CodeSignature"
    },
    {
      "path": "/Applications/lghub.app/Contents/Frameworks/Mantle.framework/Versions/A/Resources"
    },
    {
      "path": "/Applications/lghub.app/Contents/Frameworks/lghub_updater.app"
    },
    {
      "path": "/Applications/lghub.app/Contents/Frameworks/lghub_updater.app/Contents"
    },
    {
      "path": "/Applications/lghub.app/Contents/Frameworks/lghub_updater.app/Contents/_CodeSignature"
    },
    {
      "path": "/Applications/lghub.app/Contents/Frameworks/lghub_updater.app/Contents/MacOS"
    },
    {
      "path": "/Applications/lghub.app/Contents/Frameworks/lghub Helper (Renderer).app"
    },
    {
      "path": "/Applications/lghub.app/Contents/Frameworks/lghub Helper (Renderer).app/Contents"
    },
    {
      "path": "/Applications/lghub.app/Contents/Frameworks/lghub Helper (Renderer).app/Contents/_CodeSignature"
    },
    {
      "path": "/Applications/lghub.app/Contents/Frameworks/lghub Helper (Renderer).app/Contents/MacOS"
    },
    {
      "path": "/Applications/lghub.app/Contents/Frameworks/logi_sdk_arx_control.framework"
    },
    {
      "path": "/Applications/lghub.app/Contents/Frameworks/logi_sdk_arx_control.framework/Versions"
    },
    {
      "path": "/Applications/lghub.app/Contents/Frameworks/logi_sdk_arx_control.framework/Versions/A"
    },
    {
      "path": "/Applications/lghub.app/Contents/Frameworks/logi_sdk_arx_control.framework/Versions/A/_CodeSignature"
    },
    {
      "path": "/Applications/lghub.app/Contents/Frameworks/logi_sdk_arx_control.framework/Versions/A/Resources"
    },
    {
      "path": "/Applications/lghub.app/Contents/Frameworks/logi_sdk_arx_control.framework/Versions/A/Headers"
    }
  ],
  "processControl": {
    "identifiers": [
      "lghub_installer",
      "lghub",
      "lghub_agent"
    ]
  },
  "product": {
    "guid": "",
    "icon": "",
    "linkAbout": "",
    "linkHelp": "",
    "name": "",
    "publisher": "",
    "version": "2022.3.236100"
  },
  "renamedItems": [],
  "services": [
    {
      "asConsoleUser": false,
      "command": {
        "arguments": [],
        "executable": ""
      },
      "service": "/Library/LaunchDaemons/com.logi.ghub.updater.plist"
    },
    {
      "asConsoleUser": true,
      "command": {
        "arguments": [],
        "executable": ""
      },
      "service": "/Library/LaunchAgents/com.logi.ghub.plist"
    }
  ],
  "shortcuts": [],
  "uninstaller": {
    "arguments": [
      "--uninstall"
    ],
    "executable": "/Applications/lghub.app/Contents/Frameworks/lghub_updater.app/Contents/MacOS/lghub_updater"
  }
}