 {"msgId": "45fa2fe4-a039-462a-ac86-0fd012046e22", "verb": "GET", "path": "/devices/list", "origin": "backend", "result": {"code": "SUCCESS", "what": ""}, "payload": {"@type": "type.googleapis.com/logi.protocol.devices.Device.Info.List", "deviceInfos": [{"id": "dev00000000", "pid": 0, "firmwareName": "U137", "isSubdevice": false, "state": "ABSENT", "onboardMode": false, "individualMode": false, "resourcesAvailable": true, "connectionType": "INVALID_CONNECTION", "hasWirelessInterface": false, "displayConnectionType": "INVALID_DISPLAY_CONNECTION", "deviceType": "HEADSET", "deviceFamily": "", "deviceModel": "g733", "deviceBaseModel": "g733", "displayName": "G733", "extendedDisplayName": "G733 Wireless LIGHTSYNC Gaming Headset", "slotPrefix": "g733", "thumbnail": "pipeline://core/thumbnails/g733.png", "stringPackage": "", "deviceExt": 0, "deviceUnitId": "4294967295", "deviceSignature": "HEADSET.g733.0.4294967295", "givenName": "", "capabilities": {"audio": {"dtsSupported": false, "dolbySupported": false, "denoiserSupported": false, "onboardEqSupported": false, "onboardProEqSupported": false, "dtsHx2eSupported": true, "proEqSupported": false, "blueVoiceSupported": true, "hardwareNoiseReductionSupported": false, "blueVoice2Supported": false, "hidMic": false, "devioVolumeFeatures": false, "centurionEqSupported": false, "lightspeedAuxSupported": false}, "lightingSupport": {"deviceCategory": "HEADSET_RGB_ZONAL", "typeMap": {"ZONE_TOP": "PRIMARY", "ZONE_BOTTOM": "LOGO"}, "zones": [{"zoneType": "ZONE_TOP", "supportedEffects": [{"id": "OFF", "syncable": true, "fixedIntensity": false, "signature": false, "inactivityOnly": false}, {"id": "FIXED", "syncable": true, "fixedIntensity": false, "signature": false, "inactivityOnly": false}, {"id": "CYCLE", "syncable": true, "fixedIntensity": false, "signature": false, "inactivityOnly": false}, {"id": "BREATHING", "syncable": true, "fixedIntensity": false, "signature": false, "inactivityOnly": false}], "onboardCluster": "CLUSTER_DEFAULT"}, {"zoneType": "ZONE_BOTTOM", "supportedEffects": [{"id": "OFF", "syncable": true, "fixedIntensity": false, "signature": false, "inactivityOnly": false}, {"id": "FIXED", "syncable": true, "fixedIntensity": false, "signature": false, "inactivityOnly": false}, {"id": "CYCLE", "syncable": true, "fixedIntensity": false, "signature": false, "inactivityOnly": false}, {"id": "BREATHING", "syncable": true, "fixedIntensity": false, "signature": false, "inactivityOnly": false}], "onboardCluster": "CLUSTER_DEFAULT"}], "isMonochrome": false, "isPerKey": false, "hideStartupEffect": false, "shutdownEffect": false, "brightnessLevels": [], "powerSavingEffect": false, "lowBatteryEffect": true, "brightnessPercentage": false, "gamma": true, "firmwareOnly": false, "offRamp": false, "activeDimming": false, "hasPositionalEffect": false, "hasPastelPalette": false, "hasRingLeds": false, "hasMasterSwitch": false, "needKeepAliveSignal": false}, "sleepTimer": false, "mstateSupport": {"count": 1, "timeOut": 0}, "fnInversion": false, "presentSplashScreen": true, "customizableColor": false, "wirelessReportRate": false, "hybridEngine": false, "advancedSleepTimer": false, "angleSnapping": false, "excludeGShift": true, "hostRemovalSupport": false, "headphoneJack": false, "hostInfos": false, "gkeyLayout": "INVALID_GKEY_LAYOUT", "hasBatteryStatus": true, "powerOffTimer": true, "requiresBackupForDfu": false, "notificationSupport": {"audioPrompts": {"playOnDevice": true, "battery": {"automaticWarning": true, "warningTimeout": {"milliseconds": 0, "seconds": 0, "minutes": 15, "hours": 0, "days": 0, "dateTime": "0"}, "warningThreshold": 5, "onUserCheck": true}}}, "unifiedBattery": false, "dpiLighting": false, "nonInteractive": false, "chargepadCompatible": false, "individuality": false, "defaultSlotFormat": "INVALID_FORMAT", "fnToggle": false}, "activeInterfaces": [], "slots": {}}, {"id": "dev00000001", "pid": 16511, "firmwareName": "MPM17", "isSubdevice": false, "state": "ACTIVE", "onboardMode": false, "individualMode": false, "resourcesAvailable": true, "connectionType": "WIRELESS", "hasWirelessInterface": true, "displayConnectionType": "LIGHTSPEED", "deviceType": "MOUSE", "deviceFamily": "", "deviceModel": "g502_wireless", "deviceBaseModel": "g502_wireless", "displayName": "G502 LIGHTSPEED", "extendedDisplayName": "G502 LIGHTSPEED Wireless Gaming Mouse", "slotPrefix": "g502wireless", "thumbnail": "pipeline://core/thumbnails/g502_wireless.png", "stringPackage": "", "deviceExt": 0, "deviceUnitId": "666426200", "deviceSignature": "MOUSE.g502_wireless.0.666426200", "givenName": "", "capabilities": {"lightingSupport": {"deviceCategory": "MOUSE_RGB_ZONAL", "typeMap": {"ZONE_BRANDING": "LOGO", "ZONE_PRIMARY": "PRIMARY"}, "zones": [{"zoneType": "ZONE_PRIMARY", "supportedEffects": [{"id": "OFF", "syncable": true, "fixedIntensity": false, "signature": false, "inactivityOnly": false}, {"id": "FIXED", "syncable": true, "fixedIntensity": false, "signature": false, "inactivityOnly": false}, {"id": "CYCLE", "syncable": true, "fixedIntensity": false, "signature": false, "inactivityOnly": false}, {"id": "BREATHING", "syncable": true, "fixedIntensity": false, "signature": false, "inactivityOnly": false}], "onboardCluster": "CLUSTER_DEFAULT"}, {"zoneType": "ZONE_BRANDING", "supportedEffects": [{"id": "OFF", "syncable": true, "fixedIntensity": false, "signature": false, "inactivityOnly": false}, {"id": "FIXED", "syncable": true, "fixedIntensity": false, "signature": false, "inactivityOnly": false}, {"id": "CYCLE", "syncable": true, "fixedIntensity": false, "signature": false, "inactivityOnly": false}, {"id": "BREATHING", "syncable": true, "fixedIntensity": false, "signature": false, "inactivityOnly": false}], "onboardCluster": "CLUSTER_DEFAULT"}], "isMonochrome": false, "isPerKey": false, "hideStartupEffect": false, "shutdownEffect": false, "brightnessLevels": [], "powerSavingEffect": false, "lowBatteryEffect": true, "brightnessPercentage": false, "gamma": false, "firmwareOnly": false, "offRamp": false, "activeDimming": false, "hasPositionalEffect": false, "hasPastelPalette": false, "hasRingLeds": false, "hasMasterSwitch": false, "needKeepAliveSignal": false}, "sleepTimer": false, "mstateSupport": {"count": 1, "timeOut": 0}, "fnInversion": false, "presentSplashScreen": false, "customizableColor": false, "wirelessReportRate": false, "hybridEngine": false, "advancedSleepTimer": false, "angleSnapping": false, "excludeGShift": false, "hostRemovalSupport": false, "headphoneJack": false, "hostInfos": false, "gkeyLayout": "INVALID_GKEY_LAYOUT", "hasBatteryStatus": true, "powerOffTimer": false, "requiresBackupForDfu": false, "unifiedBattery": false, "dpiLighting": true, "nonInteractive": false, "receiverPairing": {"receiverType": "LS1", "receiverPid": 0, "pairingAction": "ACTION_POWER_CYCLE", "hasForcePairing": false}, "chargepadCompatible": true, "individuality": false, "defaultSlotFormat": "INVALID_FORMAT", "fnToggle": false}, "activeInterfaces": [{"type": "DEVIO", "id": "046d_407f", "pid": 16511, "modelId": 0, "extendedModel": 0, "serialNumber": "666426200", "path": "usb\\vid_046d&pid_c539&mi_02\\8&3298c42a&0&0002:0", "containerId": "", "deviceType": "MOUSE", "deviceName": "G502 LIGHTSPEED Wireless Gaming Mouse", "keyboardLayout": "INVALID_LAYOUT", "firmwareVersion": "17.0.8", "firmwareName": "MPM17", "firmwareRevision": 0, "hardwareRevision": 0, "unitId": "666426200", "connectionType": "WIRELESS", "hasOnboardMode": true}], "slots": {"g502wireless_g8_m1": {"id": "g502wireless_g8_m1", "attribute": "MACRO_PLAYBACK", "disabled": false}, "g502wireless_g6_m1_shifted": {"id": "g502wireless_g6_m1_shifted", "attribute": "MACRO_PLAYBACK", "disabled": false}, "g502wireless_g7_m1_shifted": {"id": "g502wireless_g7_m1_shifted", "attribute": "MACRO_PLAYBACK", "disabled": false}, "g502wireless_g8_m1_shifted": {"id": "g502wireless_g8_m1_shifted", "attribute": "MACRO_PLAYBACK", "disabled": false}, "g502wireless_g11_m1_shifted": {"id": "g502wireless_g11_m1_shifted", "attribute": "MACRO_PLAYBACK", "disabled": false}, "g502wireless_g9_m1": {"id": "g502wireless_g9_m1", "attribute": "MACRO_PLAYBACK", "disabled": false}, "g502wireless_g6_m1": {"id": "g502wireless_g6_m1", "attribute": "MACRO_PLAYBACK", "disabled": false}, "g502wireless_g5_m1_shifted": {"id": "g502wireless_g5_m1_shifted", "attribute": "MACRO_PLAYBACK", "disabled": false}, "g502wireless_g4_m1": {"id": "g502wireless_g4_m1", "attribute": "MACRO_PLAYBACK", "disabled": false}, "g502wireless_g4_m1_shifted": {"id": "g502wireless_g4_m1_shifted", "attribute": "MACRO_PLAYBACK", "disabled": false}, "g502wireless_g10_m1": {"id": "g502wireless_g10_m1", "attribute": "MACRO_PLAYBACK", "disabled": false}, "g502wireless_g7_m1": {"id": "g502wireless_g7_m1", "attribute": "MACRO_PLAYBACK", "disabled": false}, "g502wireless_lighting_setting_firmware": {"id": "g502wireless_lighting_setting_firmware", "attribute": "FIRMWARE_LIGHTING_SETTINGS", "disabled": false}, "g502wireless_g3_m1": {"id": "g502wireless_g3_m1", "attribute": "MACRO_PLAYBACK", "disabled": false}, "g502wireless_g2_m1_shifted": {"id": "g502wireless_g2_m1_shifted", "attribute": "MACRO_PLAYBACK", "disabled": false}, "g502wireless_g9_m1_shifted": {"id": "g502wireless_g9_m1_shifted", "attribute": "MACRO_PLAYBACK", "disabled": false}, "g502wireless_g10_m1_shifted": {"id": "g502wireless_g10_m1_shifted", "attribute": "MACRO_PLAYBACK", "disabled": false}, "g502wireless_g11_m1": {"id": "g502wireless_g11_m1", "attribute": "MACRO_PLAYBACK", "disabled": false}, "g502wireless_g1_m1_shifted": {"id": "g502wireless_g1_m1_shifted", "attribute": "MACRO_PLAYBACK", "disabled": false}, "g502wireless_g1_m1": {"id": "g502wireless_g1_m1", "attribute": "MACRO_PLAYBACK", "disabled": false}, "g502wireless_mouse_settings": {"id": "g502wireless_mouse_settings", "attribute": "MOUSE_SETTINGS", "disabled": false}, "g502wireless_g3_m1_shifted": {"id": "g502wireless_g3_m1_shifted", "attribute": "MACRO_PLAYBACK", "disabled": false}, "g502wireless_g5_m1": {"id": "g502wireless_g5_m1", "attribute": "MACRO_PLAYBACK", "disabled": false}, "g502wireless_g2_m1": {"id": "g502wireless_g2_m1", "attribute": "MACRO_PLAYBACK", "disabled": false}}}]}}