 {"msgId": "3cd65ae4-1fd1-4304-833d-781e907995cb", "verb": "GET", "path": "/devices/list", "origin": "backend", "result": {"code": "SUCCESS", "what": ""}, "payload": {"@type": "type.googleapis.com/logi.protocol.devices.Device.Info.List", "deviceInfos": [{"id": "dev00000000", "pid": 0, "state": "ABSENT", "onboardMode": false, "resourcesAvailable": true, "connectionType": "INVALID_CONNECTION", "hasWirelessInterface": true, "deviceType": "MOUSE", "deviceModel": "g502_wireless", "displayName": "G502 LIGHTSPEED", "extendedDisplayName": "G502 LIGHTSPEED Wireless Gaming Mouse", "slotPrefix": "g502wireless", "thumbnail": "pipeline://core/thumbnails/g502_wireless.png", "capabilities": {"lightingSupport": {"deviceCategory": "MOUSE_RGB_ZONAL", "typeMap": {"ZONE_PRIMARY": "PRIMARY", "ZONE_BRANDING": "LOGO"}, "zones": [{"zoneType": "ZONE_PRIMARY", "supportedEffects": [{"id": "OFF", "syncable": true, "fixedIntensity": false, "signature": false, "inactivityOnly": false}, {"id": "FIXED", "syncable": true, "fixedIntensity": false, "signature": false, "inactivityOnly": false}, {"id": "CYCLE", "syncable": true, "fixedIntensity": false, "signature": false, "inactivityOnly": false}, {"id": "BREATHING", "syncable": true, "fixedIntensity": false, "signature": false, "inactivityOnly": false}], "onboardCluster": "CLUSTER_DEFAULT"}, {"zoneType": "ZONE_BRANDING", "supportedEffects": [{"id": "OFF", "syncable": true, "fixedIntensity": false, "signature": false, "inactivityOnly": false}, {"id": "FIXED", "syncable": true, "fixedIntensity": false, "signature": false, "inactivityOnly": false}, {"id": "CYCLE", "syncable": true, "fixedIntensity": false, "signature": false, "inactivityOnly": false}, {"id": "BREATHING", "syncable": true, "fixedIntensity": false, "signature": false, "inactivityOnly": false}], "onboardCluster": "CLUSTER_DEFAULT"}], "isMonochrome": false, "isPerKey": false, "hideStartupEffect": false, "shudownEffect": false, "brightnessLevels": [], "powerSavingEffect": false, "lowBatteryEffect": true, "brightnessPercentage": false, "gamma": false, "firmwareOnly": false, "offRamp": false, "activeDimming": false}, "sleepTimer": false, "mstateSupport": {"count": 1, "timeOut": 0}, "fnInversion": false, "presentSplashScreen": false, "customizableColor": false, "wirelessReportRate": false, "hybridEngine": false, "advancedSleepTimer": false, "angleSnapping": false, "excludeGShift": false, "hostRemovalSupport": false, "headphoneJack": false, "hostInfos": false, "gkeyLayout": "INVALID_GKEY_LAYOUT", "hasBatteryStatus": true, "powerOffTimer": false, "requiresBackupForDfu": false, "unifiedBattery": false, "dpiLighting": true, "nonInteractive": false, "receiverPairing": {"receiverType": "LS1", "receiverPid": 0, "pairingAction": "ACTION_POWER_CYCLE", "hasForcePairing": false}, "chargepadCompatible": true}, "activeInterfaces": [], "slots": {}}, {"id": "dev00000001", "pid": 16517, "state": "ACTIVE", "onboardMode": false, "resourcesAvailable": true, "connectionType": "WIRELESS", "hasWirelessInterface": true, "deviceType": "MOUSE", "deviceModel": "g604", "displayName": "G604 LIGHTSPEED", "extendedDisplayName": "G604 Lightspeed Wireless Gaming Mouse", "slotPrefix": "g604", "thumbnail": "pipeline://core/thumbnails/g604.png", "capabilities": {"sleepTimer": false, "mstateSupport": {"count": 1, "timeOut": 0}, "fnInversion": false, "presentSplashScreen": true, "customizableColor": false, "wirelessReportRate": false, "dpiIndicatorLed": {"zoneType": "PRIMARY", "steps": {"1": {"tag": "", "hex": "#ffff00"}, "4": {"tag": "", "hex": "#ff0293"}, "5": {"tag": "", "hex": "#8d40ff"}, "2": {"tag": "", "hex": "#ffffff"}, "3": {"tag": "", "hex": "#ff9900"}}}, "hybridEngine": false, "advancedSleepTimer": false, "angleSnapping": false, "excludeGShift": false, "hostRemovalSupport": true, "headphoneJack": false, "scrollControls": {"scrollUp": 15, "scrollDown": 14}, "mouseButtonControls": {"buttonCount": 13}, "hostInfos": false, "gkeyLayout": "INVALID_GKEY_LAYOUT", "hasBatteryStatus": true, "powerOffTimer": false, "requiresBackupForDfu": false, "unifiedBattery": false, "dpiLighting": false, "nonInteractive": false, "receiverPairing": {"receiverType": "LS1", "receiverPid": 0, "pairingAction": "ACTION_POWER_CYCLE", "hasForcePairing": false}, "chargepadCompatible": false}, "activeInterfaces": [{"type": "DEVIO", "id": "046d_4085", "pid": 16517, "modelId": 0, "extendedModel": 0, "serialNumber": "91467095", "path": "usb\\vid_046d&pid_c539&mi_02\\8&5944dc5&0&0002:0", "containerId": "", "deviceType": "MOUSE", "deviceName": "G604 Wireless Gaming Mouse", "keyboardLayout": "INVALID_LAYOUT", "firmwareVersion": "21.1.14", "connectionType": "WIRELESS", "hasOnboardMode": true}], "slots": {"g604_g10_m1": {"id": "g604_g10_m1", "attribute": "MACRO_PLAYBACK", "disabled": false}, "g604_g9_m1_shifted": {"id": "g604_g9_m1_shifted", "attribute": "MACRO_PLAYBACK", "disabled": false}, "g604_g13_m1_shifted": {"id": "g604_g13_m1_shifted", "attribute": "MACRO_PLAYBACK", "disabled": false}, "g604_g5_m1_shifted": {"id": "g604_g5_m1_shifted", "attribute": "MACRO_PLAYBACK", "disabled": false}, "g604_g8_m1_shifted": {"id": "g604_g8_m1_shifted", "attribute": "MACRO_PLAYBACK", "disabled": false}, "g604_g4_m1": {"id": "g604_g4_m1", "attribute": "MACRO_PLAYBACK", "disabled": false}, "g604_g13_m1": {"id": "g604_g13_m1", "attribute": "MACRO_PLAYBACK", "disabled": false}, "g604_g2_m1": {"id": "g604_g2_m1", "attribute": "MACRO_PLAYBACK", "disabled": false}, "g604_scroll2_m1": {"id": "g604_scroll2_m1", "attribute": "MACRO_PLAYBACK", "disabled": false}, "g604_scroll1_m1": {"id": "g604_scroll1_m1", "attribute": "MACRO_PLAYBACK", "disabled": false}, "g604_g1_m1_shifted": {"id": "g604_g1_m1_shifted", "attribute": "MACRO_PLAYBACK", "disabled": false}, "g604_g3_m1_shifted": {"id": "g604_g3_m1_shifted", "attribute": "MACRO_PLAYBACK", "disabled": false}, "g604_g3_m1": {"id": "g604_g3_m1", "attribute": "MACRO_PLAYBACK", "disabled": false}, "g604_scroll1_m1_shifted": {"id": "g604_scroll1_m1_shifted", "attribute": "MACRO_PLAYBACK", "disabled": false}, "g604_mouse_settings": {"id": "g604_mouse_settings", "attribute": "MOUSE_SETTINGS", "disabled": false}, "g604_g6_m1_shifted": {"id": "g604_g6_m1_shifted", "attribute": "MACRO_PLAYBACK", "disabled": false}, "g604_g7_m1": {"id": "g604_g7_m1", "attribute": "MACRO_PLAYBACK", "disabled": false}, "g604_g11_m1_shifted": {"id": "g604_g11_m1_shifted", "attribute": "MACRO_PLAYBACK", "disabled": false}, "g604_g12_m1": {"id": "g604_g12_m1", "attribute": "MACRO_PLAYBACK", "disabled": false}, "g604_g4_m1_shifted": {"id": "g604_g4_m1_shifted", "attribute": "MACRO_PLAYBACK", "disabled": false}, "g604_g12_m1_shifted": {"id": "g604_g12_m1_shifted", "attribute": "MACRO_PLAYBACK", "disabled": false}, "g604_g7_m1_shifted": {"id": "g604_g7_m1_shifted", "attribute": "MACRO_PLAYBACK", "disabled": false}, "g604_g11_m1": {"id": "g604_g11_m1", "attribute": "MACRO_PLAYBACK", "disabled": false}, "g604_g10_m1_shifted": {"id": "g604_g10_m1_shifted", "attribute": "MACRO_PLAYBACK", "disabled": false}, "g604_g5_m1": {"id": "g604_g5_m1", "attribute": "MACRO_PLAYBACK", "disabled": false}, "g604_scroll2_m1_shifted": {"id": "g604_scroll2_m1_shifted", "attribute": "MACRO_PLAYBACK", "disabled": false}, "g604_g8_m1": {"id": "g604_g8_m1", "attribute": "MACRO_PLAYBACK", "disabled": false}, "g604_g6_m1": {"id": "g604_g6_m1", "attribute": "MACRO_PLAYBACK", "disabled": false}, "g604_g1_m1": {"id": "g604_g1_m1", "attribute": "MACRO_PLAYBACK", "disabled": false}, "g604_g9_m1": {"id": "g604_g9_m1", "attribute": "MACRO_PLAYBACK", "disabled": false}, "g604_g2_m1_shifted": {"id": "g604_g2_m1_shifted", "attribute": "MACRO_PLAYBACK", "disabled": false}}}]}}