 {"msgId": "a2b6e39e-2bdb-4946-a069-3259e52a43d8", "verb": "GET", "path": "/devices/list", "origin": "backend", "result": {"code": "SUCCESS", "what": ""}, "payload": {"@type": "type.googleapis.com/logi.protocol.devices.Device.Info.List", "deviceInfos": [{"id": "dev00000000", "pid": 2741, "firmwareName": "U137", "isSubdevice": false, "state": "ACTIVE", "onboardMode": false, "individualMode": false, "resourcesAvailable": true, "connectionType": "USB", "hasWirelessInterface": false, "displayConnectionType": "LIGHTSPEED", "deviceType": "HEADSET", "deviceFamily": "", "deviceModel": "g733", "deviceBaseModel": "g733", "displayName": "G733", "extendedDisplayName": "G733 Wireless LIGHTSYNC Gaming Headset", "slotPrefix": "g733", "thumbnail": "pipeline://core/thumbnails/g733.png", "stringPackage": "", "deviceExt": 0, "deviceUnitId": "4294967295", "deviceSignature": "HEADSET.g733.0.4294967295", "givenName": "", "capabilities": {"audio": {"dtsSupported": false, "dolbySupported": false, "denoiserSupported": false, "onboardEqSupported": false, "onboardProEqSupported": false, "dtsHx2eSupported": true, "proEqSupported": false, "blueVoiceSupported": true, "hardwareNoiseReductionSupported": false, "blueVoice2Supported": false, "hidMic": false, "devioVolumeFeatures": false, "centurionEqSupported": false, "lightspeedAuxSupported": false}, "lightingSupport": {"deviceCategory": "HEADSET_RGB_ZONAL", "typeMap": {"ZONE_TOP": "PRIMARY", "ZONE_BOTTOM": "LOGO"}, "zones": [{"zoneType": "ZONE_TOP", "supportedEffects": [{"id": "OFF", "syncable": true, "fixedIntensity": false, "signature": false, "inactivityOnly": false}, {"id": "FIXED", "syncable": true, "fixedIntensity": false, "signature": false, "inactivityOnly": false}, {"id": "CYCLE", "syncable": true, "fixedIntensity": false, "signature": false, "inactivityOnly": false}, {"id": "BREATHING", "syncable": true, "fixedIntensity": false, "signature": false, "inactivityOnly": false}], "onboardCluster": "CLUSTER_DEFAULT"}, {"zoneType": "ZONE_BOTTOM", "supportedEffects": [{"id": "OFF", "syncable": true, "fixedIntensity": false, "signature": false, "inactivityOnly": false}, {"id": "FIXED", "syncable": true, "fixedIntensity": false, "signature": false, "inactivityOnly": false}, {"id": "CYCLE", "syncable": true, "fixedIntensity": false, "signature": false, "inactivityOnly": false}, {"id": "BREATHING", "syncable": true, "fixedIntensity": false, "signature": false, "inactivityOnly": false}], "onboardCluster": "CLUSTER_DEFAULT"}], "isMonochrome": false, "isPerKey": false, "hideStartupEffect": false, "shutdownEffect": false, "brightnessLevels": [], "powerSavingEffect": false, "lowBatteryEffect": true, "brightnessPercentage": false, "gamma": true, "firmwareOnly": false, "offRamp": false, "activeDimming": false, "hasPositionalEffect": false, "hasPastelPalette": false, "hasRingLeds": false, "hasMasterSwitch": false, "needKeepAliveSignal": false}, "sleepTimer": false, "mstateSupport": {"count": 1, "timeOut": 0}, "fnInversion": false, "presentSplashScreen": true, "customizableColor": false, "wirelessReportRate": false, "hybridEngine": false, "advancedSleepTimer": false, "angleSnapping": false, "excludeGShift": true, "hostRemovalSupport": false, "headphoneJack": false, "hostInfos": false, "gkeyLayout": "INVALID_GKEY_LAYOUT", "hasBatteryStatus": true, "powerOffTimer": true, "requiresBackupForDfu": false, "notificationSupport": {"audioPrompts": {"playOnDevice": true, "battery": {"automaticWarning": true, "warningTimeout": {"milliseconds": 0, "seconds": 0, "minutes": 15, "hours": 0, "days": 0, "dateTime": "0"}, "warningThreshold": 5, "onUserCheck": true}}}, "unifiedBattery": false, "dpiLighting": false, "nonInteractive": false, "chargepadCompatible": false, "individuality": false, "defaultSlotFormat": "INVALID_FORMAT", "fnToggle": false}, "activeInterfaces": [{"type": "DEVIO", "id": "046d_0ab5", "pid": 2741, "modelId": 0, "extendedModel": 0, "serialNumber": "4294967295", "path": "\\\\?\\hid#vid_046d&pid_0ab5&mi_03&col03#9&319efadc&0&0002#{4d1e55b2-f16f-11cf-88cb-001111000030}", "containerId": "4aa68a74-bbb6-11ec-9e8b-8cec4ba35cd2", "deviceType": "HEADSET", "deviceName": "G733 Gaming Headset", "keyboardLayout": "INVALID_LAYOUT", "firmwareVersion": "137.0.131", "firmwareName": "U137", "firmwareRevision": 0, "hardwareRevision": 0, "unitId": "4294967295", "connectionType": "USB", "hasOnboardMode": false}, {"type": "AUDIO", "id": "", "pid": 0, "modelId": 0, "extendedModel": 0, "serialNumber": "", "path": "", "containerId": "4aa68a74-bbb6-11ec-9e8b-8cec4ba35cd2", "deviceType": "INVALID_TYPE", "deviceName": "", "keyboardLayout": "INVALID_LAYOUT", "firmwareVersion": "", "firmwareName": "", "firmwareRevision": 0, "hardwareRevision": 0, "unitId": "", "connectionType": "VIRTUAL", "hasOnboardMode": false}], "slots": {"g733_g1_m1_shifted": {"id": "g733_g1_m1_shifted", "attribute": "MACRO_PLAYBACK", "disabled": false}, "g733_g2_m1_shifted": {"id": "g733_g2_m1_shifted", "attribute": "MACRO_PLAYBACK", "disabled": false}, "g733_acoustics": {"id": "g733_acoustics", "attribute": "ACOUSTICS", "disabled": false}, "g733_equalizer": {"id": "g733_equalizer", "attribute": "EQUALIZER", "disabled": false}, "g733_g1_m1": {"id": "g733_g1_m1", "attribute": "MACRO_PLAYBACK", "disabled": false}, "g733_microphone_settings": {"id": "g733_microphone_settings", "attribute": "MICROPHONE_SETTINGS", "disabled": false}, "g733_lighting_setting_firmware": {"id": "g733_lighting_setting_firmware", "attribute": "FIRMWARE_LIGHTING_SETTINGS", "disabled": false}, "g733_g2_m1": {"id": "g733_g2_m1", "attribute": "MACRO_PLAYBACK", "disabled": false}, "g733_blue_voice_settings": {"id": "g733_blue_voice_settings", "attribute": "BLUE_VOICE_SETTINGS", "disabled": false}}}, {"id": "dev00000001", "pid": 49295, "firmwareName": "U145", "isSubdevice": false, "state": "ACTIVE", "onboardMode": false, "individualMode": false, "resourcesAvailable": true, "connectionType": "USB", "hasWirelessInterface": false, "displayConnectionType": "USB", "deviceType": "MOUSE", "deviceFamily": "", "deviceModel": "g403_hero", "deviceBaseModel": "g403_hero", "displayName": "G403 HERO", "extendedDisplayName": "G403 HERO Gaming Mouse", "slotPrefix": "g403hero", "thumbnail": "pipeline://core/thumbnails/g403_wired.png", "stringPackage": "", "deviceExt": 0, "deviceUnitId": "859391751", "deviceSignature": "MOUSE.g403_hero.0.859391751", "givenName": "", "capabilities": {"lightingSupport": {"deviceCategory": "MOUSE_RGB_ZONAL", "typeMap": {"ZONE_PRIMARY": "PRIMARY", "ZONE_BRANDING": "LOGO"}, "zones": [{"zoneType": "ZONE_PRIMARY", "supportedEffects": [{"id": "OFF", "syncable": true, "fixedIntensity": false, "signature": false, "inactivityOnly": false}, {"id": "FIXED", "syncable": true, "fixedIntensity": false, "signature": false, "inactivityOnly": false}, {"id": "CYCLE", "syncable": true, "fixedIntensity": false, "signature": false, "inactivityOnly": false}, {"id": "BREATHING", "syncable": true, "fixedIntensity": false, "signature": false, "inactivityOnly": false}], "onboardCluster": "CLUSTER_DEFAULT"}, {"zoneType": "ZONE_BRANDING", "supportedEffects": [{"id": "OFF", "syncable": true, "fixedIntensity": false, "signature": false, "inactivityOnly": false}, {"id": "FIXED", "syncable": true, "fixedIntensity": false, "signature": false, "inactivityOnly": false}, {"id": "CYCLE", "syncable": true, "fixedIntensity": false, "signature": false, "inactivityOnly": false}, {"id": "BREATHING", "syncable": true, "fixedIntensity": false, "signature": false, "inactivityOnly": false}], "onboardCluster": "CLUSTER_DEFAULT"}], "isMonochrome": false, "isPerKey": false, "hideStartupEffect": false, "shutdownEffect": false, "brightnessLevels": [], "powerSavingEffect": false, "lowBatteryEffect": false, "brightnessPercentage": false, "gamma": false, "firmwareOnly": false, "offRamp": false, "activeDimming": false, "hasPositionalEffect": false, "hasPastelPalette": false, "hasRingLeds": false, "hasMasterSwitch": false, "needKeepAliveSignal": false}, "sleepTimer": false, "mstateSupport": {"count": 1, "timeOut": 0}, "fnInversion": false, "presentSplashScreen": false, "customizableColor": false, "wirelessReportRate": false, "hybridEngine": false, "advancedSleepTimer": false, "angleSnapping": false, "excludeGShift": false, "hostRemovalSupport": false, "headphoneJack": false, "hostInfos": false, "gkeyLayout": "INVALID_GKEY_LAYOUT", "hasBatteryStatus": false, "powerOffTimer": false, "requiresBackupForDfu": true, "unifiedBattery": false, "dpiLighting": false, "nonInteractive": false, "chargepadCompatible": false, "individuality": false, "defaultSlotFormat": "INVALID_FORMAT", "fnToggle": false}, "activeInterfaces": [{"type": "DEVIO", "id": "046d_c08f", "pid": 49295, "modelId": 0, "extendedModel": 0, "serialNumber": "859391751", "path": "usb\\vid_046d&pid_c08f&mi_01\\8&1b359d01&0&0001", "containerId": "9a6818a2-f720-50a5-9023-5b2512b46110", "deviceType": "MOUSE", "deviceName": "G403 HERO Gaming Mouse", "keyboardLayout": "INVALID_LAYOUT", "firmwareVersion": "145.1.7", "firmwareName": "U145", "firmwareRevision": 1, "hardwareRevision": 0, "unitId": "859391751", "connectionType": "USB", "hasOnboardMode": true}], "slots": {"g403hero_g5_m1": {"id": "g403hero_g5_m1", "attribute": "MACRO_PLAYBACK", "disabled": false}, "g403hero_lighting_setting_firmware": {"id": "g403hero_lighting_setting_firmware", "attribute": "FIRMWARE_LIGHTING_SETTINGS", "disabled": false}, "g403hero_g2_m1_shifted": {"id": "g403hero_g2_m1_shifted", "attribute": "MACRO_PLAYBACK", "disabled": false}, "g403hero_g4_m1_shifted": {"id": "g403hero_g4_m1_shifted", "attribute": "MACRO_PLAYBACK", "disabled": false}, "g403hero_g5_m1_shifted": {"id": "g403hero_g5_m1_shifted", "attribute": "MACRO_PLAYBACK", "disabled": false}, "g403hero_g1_m1_shifted": {"id": "g403hero_g1_m1_shifted", "attribute": "MACRO_PLAYBACK", "disabled": false}, "g403hero_g4_m1": {"id": "g403hero_g4_m1", "attribute": "MACRO_PLAYBACK", "disabled": false}, "g403hero_g6_m1_shifted": {"id": "g403hero_g6_m1_shifted", "attribute": "MACRO_PLAYBACK", "disabled": false}, "g403hero_g6_m1": {"id": "g403hero_g6_m1", "attribute": "MACRO_PLAYBACK", "disabled": false}, "g403hero_g2_m1": {"id": "g403hero_g2_m1", "attribute": "MACRO_PLAYBACK", "disabled": false}, "g403hero_mouse_settings": {"id": "g403hero_mouse_settings", "attribute": "MOUSE_SETTINGS", "disabled": false}, "g403hero_g1_m1": {"id": "g403hero_g1_m1", "attribute": "MACRO_PLAYBACK", "disabled": false}, "g403hero_g3_m1_shifted": {"id": "g403hero_g3_m1_shifted", "attribute": "MACRO_PLAYBACK", "disabled": false}, "g403hero_g3_m1": {"id": "g403hero_g3_m1", "attribute": "MACRO_PLAYBACK", "disabled": false}}}, {"id": "dev00000002", "pid": 49302, "firmwareName": "MPM28", "isSubdevice": false, "state": "ACTIVE", "onboardMode": false, "individualMode": false, "resourcesAvailable": true, "connectionType": "USB", "hasWirelessInterface": false, "displayConnectionType": "USB", "deviceType": "MOUSE", "deviceFamily": "", "deviceModel": "g705", "deviceBaseModel": "g705", "displayName": "G705", "extendedDisplayName": "G705 Garnet", "slotPrefix": "g705", "thumbnail": "pipeline://core/thumbnails/4da092d7-4d4d-4662-8e3d-775bf64abdb9", "stringPackage": "c69d172e-a23c-421b-a5f0-d7f18c8d127c/strings", "deviceExt": 0, "deviceUnitId": "1359341590", "deviceSignature": "MOUSE.g705.0.1359341590", "givenName": "", "capabilities": {"lightingSupport": {"deviceCategory": "MOUSE_RGB_PER_KEY", "typeMap": {"ZONE_PRIMARY": "PRIMARY", "ZONE_ALL": "ALL", "PERKEY_COSMETIC": ""}, "zones": [{"zoneType": "ZONE_PRIMARY", "supportedEffects": [{"id": "OFF", "syncable": true, "fixedIntensity": false, "signature": false, "inactivityOnly": false}, {"id": "FIXED", "syncable": true, "fixedIntensity": false, "signature": false, "inactivityOnly": false}, {"id": "BREATHING", "syncable": true, "fixedIntensity": false, "signature": false, "inactivityOnly": false}, {"id": "COLOR_CYCLE_S", "syncable": true, "fixedIntensity": false, "signature": false, "inactivityOnly": false}], "onboardCluster": "CLUSTER_ONE"}, {"zoneType": "ZONE_ALL", "supportedEffects": [{"id": "COLORWAVE_S", "syncable": false, "fixedIntensity": false, "signature": false, "inactivityOnly": false}, {"id": "SMOOTH_STAR", "syncable": true, "fixedIntensity": false, "signature": true, "inactivityOnly": false}, {"id": "SMOOTH_WAVE", "syncable": true, "fixedIntensity": false, "signature": true, "inactivityOnly": true}, {"id": "CUSTOM", "syncable": false, "fixedIntensity": false, "signature": false, "inactivityOnly": false}], "onboardCluster": "CLUSTER_DEFAULT"}], "isMonochrome": false, "isPerKey": false, "persistence": {"zoneEffects": false, "perKeyFixed": false, "customEffects": {"slots": 1, "entityOffset": 3}}, "hideStartupEffect": false, "shutdownEffect": true, "brightnessLevels": [], "powerSavingEffect": true, "lowBatteryEffect": false, "brightnessPercentage": false, "gamma": false, "firmwareOnly": false, "offRamp": false, "activeDimming": false, "signatureLighting": {"signatureColorOne": {"tag": "", "hex": "#FE8385"}, "signatureColorTwo": {"tag": "", "hex": "#CBE8CE"}, "signatureColorOnePreview": {"tag": "", "hex": "#FF8DAA"}, "signatureColorTwoPreview": {"tag": "", "hex": "#8BE4E9"}, "allowCustomColors": false}, "hasPositionalEffect": true, "hasPastelPalette": true, "hasRingLeds": false, "hasMasterSwitch": false, "needKeepAliveSignal": false}, "sleepTimer": false, "mstateSupport": {"count": 1, "timeOut": 0}, "fnInversion": false, "presentSplashScreen": true, "customizableColor": false, "wirelessReportRate": false, "dpiIndicatorLed": {"zoneType": "PRIMARY", "steps": {"2": {"tag": "", "hex": "#FF6400"}, "1": {"tag": "", "hex": "#FFFFFF"}, "3": {"tag": "", "hex": "#28FFDC"}, "4": {"tag": "", "hex": "#FFFF14"}, "5": {"tag": "", "hex": "#DC14FF"}}}, "dpiTableOverride": {"levels": [800, 1600, 3200], "defaultDpi": 800, "shiftDpi": 800, "activeDpi": 800}, "hybridEngine": false, "advancedSleepTimer": false, "angleSnapping": false, "excludeGShift": false, "hostRemovalSupport": false, "headphoneJack": false, "hostInfos": false, "gkeyLayout": "INVALID_GKEY_LAYOUT", "hasBatteryStatus": true, "powerOffTimer": false, "requiresBackupForDfu": false, "unifiedBattery": true, "dpiLighting": false, "nonInteractive": false, "receiverPairing": {"receiverType": "LS2", "receiverPid": 0, "pairingAction": "ACTION_LONG_PRESS_CONNECTIVITY", "hasForcePairing": true}, "chargepadCompatible": false, "individuality": false, "defaultSlotFormat": "INVALID_FORMAT", "fnToggle": false}, "activeInterfaces": [{"type": "DEVIO", "id": "046d_c096", "pid": 49302, "modelId": 0, "extendedModel": 1, "serialNumber": "1359341590", "path": "usb\\vid_046d&pid_c096&mi_02\\8&31d761aa&0&0002", "containerId": "6ebf5b7a-3105-5c13-b0f6-753aad9cf2e7", "deviceType": "MOUSE", "deviceName": "G705 LIGHTSPEED Wireless RGB Gaming Mouse", "keyboardLayout": "INVALID_LAYOUT", "firmwareVersion": "28.0.12", "firmwareName": "MPM28", "firmwareRevision": 0, "hardwareRevision": 0, "unitId": "1359341590", "connectionType": "USB", "hasOnboardMode": true}], "slots": {"g705_lighting_setting_firmware": {"id": "g705_lighting_setting_firmware", "attribute": "FIRMWARE_LIGHTING_SETTINGS", "disabled": false}, "g705_g3_m1_shifted": {"id": "g705_g3_m1_shifted", "attribute": "MACRO_PLAYBACK", "disabled": false}, "g705_g5_m1_shifted": {"id": "g705_g5_m1_shifted", "attribute": "MACRO_PLAYBACK", "disabled": false}, "g705_g4_m1_shifted": {"id": "g705_g4_m1_shifted", "attribute": "MACRO_PLAYBACK", "disabled": false}, "g705_g6_m1": {"id": "g705_g6_m1", "attribute": "MACRO_PLAYBACK", "disabled": false}, "g705_g2_m1": {"id": "g705_g2_m1", "attribute": "MACRO_PLAYBACK", "disabled": false}, "g705_g1_m1": {"id": "g705_g1_m1", "attribute": "MACRO_PLAYBACK", "disabled": false}, "g705_g6_m1_shifted": {"id": "g705_g6_m1_shifted", "attribute": "MACRO_PLAYBACK", "disabled": false}, "g705_g2_m1_shifted": {"id": "g705_g2_m1_shifted", "attribute": "MACRO_PLAYBACK", "disabled": false}, "g705_mouse_settings": {"id": "g705_mouse_settings", "attribute": "MOUSE_SETTINGS", "disabled": false}, "g705_g4_m1": {"id": "g705_g4_m1", "attribute": "MACRO_PLAYBACK", "disabled": false}, "g705_g5_m1": {"id": "g705_g5_m1", "attribute": "MACRO_PLAYBACK", "disabled": false}, "g705_g1_m1_shifted": {"id": "g705_g1_m1_shifted", "attribute": "MACRO_PLAYBACK", "disabled": false}, "g705_g3_m1": {"id": "g705_g3_m1", "attribute": "MACRO_PLAYBACK", "disabled": false}}}, {"id": "dev00000003", "pid": 49766, "firmwareName": "U138", "isSubdevice": false, "state": "ACTIVE", "onboardMode": false, "individualMode": false, "resourcesAvailable": true, "connectionType": "USB", "hasWirelessInterface": false, "displayConnectionType": "USB", "deviceType": "STEERING_WHEEL", "deviceFamily": "", "deviceModel": "g923_ps4", "deviceBaseModel": "g923_ps4", "displayName": "G923", "extendedDisplayName": "G923 Racing Wheel for PlayStation 4 and PC", "slotPrefix": "g923-ps4", "thumbnail": "pipeline://core/thumbnails/g923_ps4.png", "stringPackage": "", "deviceExt": 0, "deviceUnitId": "1007636278", "deviceSignature": "STEERING_WHEEL.g923_ps4.0.1007636278", "givenName": "", "capabilities": {"sleepTimer": false, "mstateSupport": {"count": 1, "timeOut": 0}, "reportHidControls": {"pages": [{"page": 9, "usages": [{"usage": 1, "button": 1}, {"usage": 2, "button": 2}, {"usage": 3, "button": 3}, {"usage": 4, "button": 4}, {"usage": 5, "button": 5}, {"usage": 6, "button": 6}, {"usage": 7, "button": 7}, {"usage": 8, "button": 8}, {"usage": 9, "button": 9}, {"usage": 10, "button": 10}, {"usage": 11, "button": 11}, {"usage": 12, "button": 12}, {"usage": 13, "button": 13}, {"usage": 14, "button": 14}, {"usage": 15, "button": 15}, {"usage": 16, "button": 16}, {"usage": 17, "button": 17}, {"usage": 18, "button": 18}, {"usage": 19, "button": 19}, {"usage": 20, "button": 20}, {"usage": 21, "button": 21}, {"usage": 22, "button": 22}, {"usage": 23, "button": 23}, {"usage": 24, "button": 24}, {"usage": 25, "button": 25}]}, {"page": 65280, "usages": [{"usage": 1, "button": 26}, {"usage": 2, "button": 27}, {"usage": 3, "button": 28}, {"usage": 4, "button": 29}, {"usage": 5, "button": 30}, {"usage": 6, "button": 31}, {"usage": 7, "button": 32}, {"usage": 8, "button": 33}]}]}, "fnInversion": false, "presentSplashScreen": false, "customizableColor": false, "wirelessReportRate": false, "hybridEngine": false, "advancedSleepTimer": false, "angleSnapping": false, "excludeGShift": false, "hostRemovalSupport": false, "headphoneJack": false, "gamingAttachments": {"attachments": [{"id": "DAYLIGHT_STARLIGHT_SHIFTER", "slotIds": ["g923-ps4_g13_m1", "g923-ps4_g14_m1", "g923-ps4_g15_m1", "g923-ps4_g16_m1", "g923-ps4_g17_m1", "g923-ps4_g18_m1", "g923-ps4_g19_m1", "g923-ps4_g13_m1_shifted", "g923-ps4_g14_m1_shifted", "g923-ps4_g15_m1_shifted", "g923-ps4_g16_m1_shifted", "g923-ps4_g17_m1_shifted", "g923-ps4_g18_m1_shifted", "g923-ps4_g19_m1_shifted"]}, {"id": "DAYLIGHT_STARLIGHT_PEDALS", "slotIds": ["g923-ps4_pedal_settings"]}]}, "operatingRange": {"minimum": 180, "maximum": 900}, "pedalHidControls": {"pages": [{"page": 1, "usages": [{"usage": 49, "button": 1}, {"usage": 50, "button": 2}, {"usage": 53, "button": 3}]}]}, "hostInfos": false, "gkeyLayout": "INVALID_GKEY_LAYOUT", "hasBatteryStatus": false, "powerOffTimer": false, "trueforce": {"deviceId": "", "tfGain": {"value": 100}, "kfGain": {"value": 100}, "gameControl": {"enabled": true}}, "axisMonitor": {"axes": [{"axisId": "WHEEL", "interfaceId": "HID_046d_c266_00010004", "controlPage": 1, "controlUsage": 48}, {"axisId": "ACCELERATOR", "interfaceId": "HID_046d_c266_00010004", "controlPage": 1, "controlUsage": 50}, {"axisId": "BRAKE", "interfaceId": "HID_046d_c266_00010004", "controlPage": 1, "controlUsage": 53}, {"axisId": "CLUTCH", "interfaceId": "HID_046d_c266_00010004", "controlPage": 1, "controlUsage": 49}]}, "requiresBackupForDfu": false, "unifiedBattery": false, "dpiLighting": false, "nonInteractive": false, "chargepadCompatible": false, "individuality": false, "defaultSlotFormat": "INVALID_FORMAT", "fnToggle": false}, "activeInterfaces": [{"type": "DEVIO", "id": "046d_c266", "pid": 49766, "modelId": 0, "extendedModel": 0, "serialNumber": "1007636278", "path": "usb\\vid_046d&pid_c266&mi_01\\6&643e061&0&0001", "containerId": "44c6c70d-c438-5be9-90f4-7093b899ad87", "deviceType": "STEERING_WHEEL", "deviceName": "G923 Racing Wheel for PlayStation 4 and PC", "keyboardLayout": "INVALID_LAYOUT", "firmwareVersion": "138.0.34", "firmwareName": "U138", "firmwareRevision": 0, "hardwareRevision": 8, "unitId": "1007636278", "connectionType": "USB", "hasOnboardMode": false}, {"type": "HIDIO", "id": "HID_046d_c266_00010004", "pid": 49766, "modelId": 0, "extendedModel": 0, "serialNumber": "", "path": "\\\\?\\HID#VID_046D&PID_C266&MI_00#7&6479418&0&0000#{4D1E55B2-F16F-11CF-88CB-001111000030}", "containerId": "44c6c70d-c438-5be9-90f4-7093b899ad87", "deviceType": "STEERING_WHEEL", "deviceName": "", "keyboardLayout": "INVALID_LAYOUT", "firmwareVersion": "", "firmwareName": "", "firmwareRevision": 0, "hardwareRevision": 0, "unitId": "", "connectionType": "USB", "hasOnboardMode": false}], "slots": {"g923-ps4_g30_m1_shifted": {"id": "g923-ps4_g30_m1_shifted", "attribute": "MACRO_PLAYBACK", "disabled": false}, "g923-ps4_g33_m1": {"id": "g923-ps4_g33_m1", "attribute": "MACRO_PLAYBACK", "disabled": false}, "g923-ps4_g32_m1": {"id": "g923-ps4_g32_m1", "attribute": "MACRO_PLAYBACK", "disabled": false}, "g923-ps4_g2_m1": {"id": "g923-ps4_g2_m1", "attribute": "MACRO_PLAYBACK", "disabled": false}, "g923-ps4_g10_m1": {"id": "g923-ps4_g10_m1", "attribute": "MACRO_PLAYBACK", "disabled": false}, "g923-ps4_g12_m1": {"id": "g923-ps4_g12_m1", "attribute": "MACRO_PLAYBACK", "disabled": false}, "g923-ps4_g18_m1": {"id": "g923-ps4_g18_m1", "attribute": "MACRO_PLAYBACK", "disabled": true}, "g923-ps4_g30_m1": {"id": "g923-ps4_g30_m1", "attribute": "MACRO_PLAYBACK", "disabled": false}, "g923-ps4_g23_m1": {"id": "g923-ps4_g23_m1", "attribute": "MACRO_PLAYBACK", "disabled": false}, "g923-ps4_g21_m1": {"id": "g923-ps4_g21_m1", "attribute": "MACRO_PLAYBACK", "disabled": false}, "g923-ps4_g19_m1_shifted": {"id": "g923-ps4_g19_m1_shifted", "attribute": "MACRO_PLAYBACK", "disabled": true}, "g923-ps4_g5_m1": {"id": "g923-ps4_g5_m1", "attribute": "MACRO_PLAYBACK", "disabled": false}, "g923-ps4_g26_m1_shifted": {"id": "g923-ps4_g26_m1_shifted", "attribute": "MACRO_PLAYBACK", "disabled": false}, "g923-ps4_g20_m1_shifted": {"id": "g923-ps4_g20_m1_shifted", "attribute": "MACRO_PLAYBACK", "disabled": false}, "g923-ps4_g7_m1_shifted": {"id": "g923-ps4_g7_m1_shifted", "attribute": "MACRO_PLAYBACK", "disabled": false}, "g923-ps4_g20_m1": {"id": "g923-ps4_g20_m1", "attribute": "MACRO_PLAYBACK", "disabled": false}, "g923-ps4_g14_m1_shifted": {"id": "g923-ps4_g14_m1_shifted", "attribute": "MACRO_PLAYBACK", "disabled": true}, "g923-ps4_g26_m1": {"id": "g923-ps4_g26_m1", "attribute": "MACRO_PLAYBACK", "disabled": false}, "g923-ps4_g24_m1": {"id": "g923-ps4_g24_m1", "attribute": "MACRO_PLAYBACK", "disabled": false}, "g923-ps4_g6_m1_shifted": {"id": "g923-ps4_g6_m1_shifted", "attribute": "MACRO_PLAYBACK", "disabled": false}, "g923-ps4_g11_m1_shifted": {"id": "g923-ps4_g11_m1_shifted", "attribute": "MACRO_PLAYBACK", "disabled": false}, "g923-ps4_g11_m1": {"id": "g923-ps4_g11_m1", "attribute": "MACRO_PLAYBACK", "disabled": false}, "g923-ps4_g25_m1": {"id": "g923-ps4_g25_m1", "attribute": "MACRO_PLAYBACK", "disabled": false}, "g923-ps4_g17_m1_shifted": {"id": "g923-ps4_g17_m1_shifted", "attribute": "MACRO_PLAYBACK", "disabled": true}, "g923-ps4_g13_m1": {"id": "g923-ps4_g13_m1", "attribute": "MACRO_PLAYBACK", "disabled": true}, "g923-ps4_g4_m1": {"id": "g923-ps4_g4_m1", "attribute": "MACRO_PLAYBACK", "disabled": false}, "g923-ps4_g12_m1_shifted": {"id": "g923-ps4_g12_m1_shifted", "attribute": "MACRO_PLAYBACK", "disabled": false}, "g923-ps4_g28_m1_shifted": {"id": "g923-ps4_g28_m1_shifted", "attribute": "MACRO_PLAYBACK", "disabled": false}, "g923-ps4_g15_m1": {"id": "g923-ps4_g15_m1", "attribute": "MACRO_PLAYBACK", "disabled": true}, "g923-ps4_g7_m1": {"id": "g923-ps4_g7_m1", "attribute": "MACRO_PLAYBACK", "disabled": false}, "g923-ps4_g24_m1_shifted": {"id": "g923-ps4_g24_m1_shifted", "attribute": "MACRO_PLAYBACK", "disabled": false}, "g923-ps4_g22_m1": {"id": "g923-ps4_g22_m1", "attribute": "MACRO_PLAYBACK", "disabled": false}, "g923-ps4_g8_m1": {"id": "g923-ps4_g8_m1", "attribute": "MACRO_PLAYBACK", "disabled": false}, "g923-ps4_g2_m1_shifted": {"id": "g923-ps4_g2_m1_shifted", "attribute": "MACRO_PLAYBACK", "disabled": false}, "g923-ps4_g31_m1_shifted": {"id": "g923-ps4_g31_m1_shifted", "attribute": "MACRO_PLAYBACK", "disabled": false}, "g923-ps4_g3_m1": {"id": "g923-ps4_g3_m1", "attribute": "MACRO_PLAYBACK", "disabled": false}, "g923-ps4_g21_m1_shifted": {"id": "g923-ps4_g21_m1_shifted", "attribute": "MACRO_PLAYBACK", "disabled": false}, "g923-ps4_g18_m1_shifted": {"id": "g923-ps4_g18_m1_shifted", "attribute": "MACRO_PLAYBACK", "disabled": true}, "g923-ps4_g27_m1": {"id": "g923-ps4_g27_m1", "attribute": "MACRO_PLAYBACK", "disabled": false}, "g923-ps4_g29_m1": {"id": "g923-ps4_g29_m1", "attribute": "MACRO_PLAYBACK", "disabled": false}, "g923-ps4_g17_m1": {"id": "g923-ps4_g17_m1", "attribute": "MACRO_PLAYBACK", "disabled": true}, "g923-ps4_g19_m1": {"id": "g923-ps4_g19_m1", "attribute": "MACRO_PLAYBACK", "disabled": true}, "g923-ps4_g6_m1": {"id": "g923-ps4_g6_m1", "attribute": "MACRO_PLAYBACK", "disabled": false}, "g923-ps4_g1_m1_shifted": {"id": "g923-ps4_g1_m1_shifted", "attribute": "MACRO_PLAYBACK", "disabled": false}, "g923-ps4_g8_m1_shifted": {"id": "g923-ps4_g8_m1_shifted", "attribute": "MACRO_PLAYBACK", "disabled": false}, "g923-ps4_g29_m1_shifted": {"id": "g923-ps4_g29_m1_shifted", "attribute": "MACRO_PLAYBACK", "disabled": false}, "g923-ps4_g16_m1_shifted": {"id": "g923-ps4_g16_m1_shifted", "attribute": "MACRO_PLAYBACK", "disabled": true}, "g923-ps4_g9_m1_shifted": {"id": "g923-ps4_g9_m1_shifted", "attribute": "MACRO_PLAYBACK", "disabled": false}, "g923-ps4_g15_m1_shifted": {"id": "g923-ps4_g15_m1_shifted", "attribute": "MACRO_PLAYBACK", "disabled": true}, "g923-ps4_g23_m1_shifted": {"id": "g923-ps4_g23_m1_shifted", "attribute": "MACRO_PLAYBACK", "disabled": false}, "g923-ps4_g10_m1_shifted": {"id": "g923-ps4_g10_m1_shifted", "attribute": "MACRO_PLAYBACK", "disabled": false}, "g923-ps4_g1_m1": {"id": "g923-ps4_g1_m1", "attribute": "MACRO_PLAYBACK", "disabled": false}, "g923-ps4_g3_m1_shifted": {"id": "g923-ps4_g3_m1_shifted", "attribute": "MACRO_PLAYBACK", "disabled": false}, "g923-ps4_g5_m1_shifted": {"id": "g923-ps4_g5_m1_shifted", "attribute": "MACRO_PLAYBACK", "disabled": false}, "g923-ps4_g28_m1": {"id": "g923-ps4_g28_m1", "attribute": "MACRO_PLAYBACK", "disabled": false}, "g923-ps4_pedal_settings": {"id": "g923-ps4_pedal_settings", "attribute": "PEDAL_SETTINGS", "disabled": false}, "g923-ps4_g25_m1_shifted": {"id": "g923-ps4_g25_m1_shifted", "attribute": "MACRO_PLAYBACK", "disabled": false}, "g923-ps4_g13_m1_shifted": {"id": "g923-ps4_g13_m1_shifted", "attribute": "MACRO_PLAYBACK", "disabled": true}, "g923-ps4_trueforce_settings": {"id": "g923-ps4_trueforce_settings", "attribute": "TRUEFORCE_SETTINGS", "disabled": false}, "g923-ps4_g31_m1": {"id": "g923-ps4_g31_m1", "attribute": "MACRO_PLAYBACK", "disabled": false}, "g923-ps4_g32_m1_shifted": {"id": "g923-ps4_g32_m1_shifted", "attribute": "MACRO_PLAYBACK", "disabled": false}, "g923-ps4_g22_m1_shifted": {"id": "g923-ps4_g22_m1_shifted", "attribute": "MACRO_PLAYBACK", "disabled": false}, "g923-ps4_g14_m1": {"id": "g923-ps4_g14_m1", "attribute": "MACRO_PLAYBACK", "disabled": true}, "g923-ps4_wheel_settings": {"id": "g923-ps4_wheel_settings", "attribute": "WHEEL_SETTINGS", "disabled": false}, "g923-ps4_g9_m1": {"id": "g923-ps4_g9_m1", "attribute": "MACRO_PLAYBACK", "disabled": false}, "g923-ps4_g27_m1_shifted": {"id": "g923-ps4_g27_m1_shifted", "attribute": "MACRO_PLAYBACK", "disabled": false}, "g923-ps4_g16_m1": {"id": "g923-ps4_g16_m1", "attribute": "MACRO_PLAYBACK", "disabled": true}, "g923-ps4_g4_m1_shifted": {"id": "g923-ps4_g4_m1_shifted", "attribute": "MACRO_PLAYBACK", "disabled": false}, "g923-ps4_g33_m1_shifted": {"id": "g923-ps4_g33_m1_shifted", "attribute": "MACRO_PLAYBACK", "disabled": false}}}, {"id": "dev00000004", "pid": 49983, "firmwareName": "U131", "isSubdevice": false, "state": "ACTIVE", "onboardMode": false, "individualMode": false, "resourcesAvailable": true, "connectionType": "USB", "hasWirelessInterface": false, "displayConnectionType": "USB", "deviceType": "KEYBOARD", "deviceFamily": "", "deviceModel": "g815", "deviceBaseModel": "g815", "displayName": "G815", "extendedDisplayName": "G815 RGB Mechanical Gaming Keyboard", "slotPrefix": "g815", "thumbnail": "pipeline://core/thumbnails/g815.png", "stringPackage": "", "deviceExt": 0, "deviceUnitId": "892880646", "deviceSignature": "KEYBOARD.g815.0.892880646", "givenName": "", "capabilities": {"lightingSupport": {"deviceCategory": "KEYBOARD_RGB_PER_KEY", "typeMap": {"ZONE_PRIMARY": "PRIMARY", "PERKEY_CONSUMER": "HID_CONSUMER", "PERKEY_INDICATOR": "KEYBOARD_OTHER", "PERKEY_KEYBOARD": "HID_KEYBOARD", "PERKEY_BRANDING": "LOGO", "ZONE_BRANDING": "LOGO", "PERKEY_GKEY": "G_KEY"}, "zones": [{"zoneType": "ZONE_PRIMARY", "supportedEffects": [{"id": "OFF", "syncable": true, "fixedIntensity": false, "signature": false, "inactivityOnly": false}, {"id": "FIXED", "syncable": true, "fixedIntensity": false, "signature": false, "inactivityOnly": false}, {"id": "CYCLE", "syncable": true, "fixedIntensity": false, "signature": false, "inactivityOnly": false}, {"id": "COLORWAVE", "syncable": false, "fixedIntensity": false, "signature": false, "inactivityOnly": false}, {"id": "BREATHING", "syncable": true, "fixedIntensity": false, "signature": false, "inactivityOnly": false}, {"id": "RIPPLE", "syncable": false, "fixedIntensity": false, "signature": false, "inactivityOnly": false}, {"id": "CUSTOM", "syncable": false, "fixedIntensity": true, "signature": false, "inactivityOnly": false}], "onboardCluster": "CLUSTER_DEFAULT"}, {"zoneType": "ZONE_BRANDING", "supportedEffects": [{"id": "OFF", "syncable": true, "fixedIntensity": false, "signature": false, "inactivityOnly": false}, {"id": "FIXED", "syncable": true, "fixedIntensity": false, "signature": false, "inactivityOnly": false}, {"id": "CYCLE", "syncable": true, "fixedIntensity": false, "signature": false, "inactivityOnly": false}, {"id": "BREATHING", "syncable": true, "fixedIntensity": false, "signature": false, "inactivityOnly": false}], "onboardCluster": "CLUSTER_DEFAULT"}], "isMonochrome": false, "isPerKey": true, "persistence": {"zoneEffects": false, "perKeyFixed": false, "customEffects": {"slots": 2, "entityOffset": 3}}, "hideStartupEffect": true, "shutdownEffect": false, "brightnessLevels": [], "powerSavingEffect": false, "lowBatteryEffect": false, "brightnessPercentage": true, "gamma": false, "firmwareOnly": false, "offRamp": false, "activeDimming": false, "hasPositionalEffect": false, "hasPastelPalette": false, "hasRingLeds": false, "hasMasterSwitch": false, "needKeepAliveSignal": false}, "sleepTimer": false, "mstateSupport": {"count": 3, "timeOut": 0}, "fnInversion": false, "presentSplashScreen": false, "customizableColor": false, "wirelessReportRate": false, "hybridEngine": false, "advancedSleepTimer": false, "angleSnapping": false, "excludeGShift": false, "hostRemovalSupport": false, "headphoneJack": false, "hostInfos": false, "gkeyLayout": "GKEY_LEFT_COLUMN_5", "hasBatteryStatus": false, "powerOffTimer": false, "requiresBackupForDfu": false, "unifiedBattery": false, "dpiLighting": false, "nonInteractive": false, "chargepadCompatible": false, "individuality": false, "defaultSlotFormat": "INVALID_FORMAT", "fnToggle": false}, "activeInterfaces": [{"type": "DEVIO", "id": "046d_c33f", "pid": 49983, "modelId": 0, "extendedModel": 1, "serialNumber": "892880646", "path": "usb\\vid_046d&pid_c33f&mi_01\\6&39a036fe&0&0001", "containerId": "a9925f80-f878-54a5-be1c-8e3fde018b86", "deviceType": "KEYBOARD", "deviceName": "G815 RGB MECHANICAL GAMING KEYBOARD", "keyboardLayout": "US", "firmwareVersion": "131.2.18", "firmwareName": "U131", "firmwareRevision": 2, "hardwareRevision": 0, "unitId": "892880646", "connectionType": "USB", "hasOnboardMode": true}], "slots": {"g815_g5_m2_shifted": {"id": "g815_g5_m2_shifted", "attribute": "MACRO_PLAYBACK", "disabled": false}, "g815_g4_m2": {"id": "g815_g4_m2", "attribute": "MACRO_PLAYBACK", "disabled": false}, "g815_disable_keys": {"id": "g815_disable_keys", "attribute": "DISABLE_KEY_SETTINGS", "disabled": false}, "g815_g3_m2": {"id": "g815_g3_m2", "attribute": "MACRO_PLAYBACK", "disabled": false}, "g815_g4_m2_shifted": {"id": "g815_g4_m2_shifted", "attribute": "MACRO_PLAYBACK", "disabled": false}, "g815_g2_m1_shifted": {"id": "g815_g2_m1_shifted", "attribute": "MACRO_PLAYBACK", "disabled": false}, "g815_g4_m1": {"id": "g815_g4_m1", "attribute": "MACRO_PLAYBACK", "disabled": false}, "g815_g3_m1_shifted": {"id": "g815_g3_m1_shifted", "attribute": "MACRO_PLAYBACK", "disabled": false}, "g815_g2_m3_shifted": {"id": "g815_g2_m3_shifted", "attribute": "MACRO_PLAYBACK", "disabled": false}, "g815_g4_m3": {"id": "g815_g4_m3", "attribute": "MACRO_PLAYBACK", "disabled": false}, "g815_g5_m1_shifted": {"id": "g815_g5_m1_shifted", "attribute": "MACRO_PLAYBACK", "disabled": false}, "g815_g5_m3": {"id": "g815_g5_m3", "attribute": "MACRO_PLAYBACK", "disabled": false}, "g815_g1_m3_shifted": {"id": "g815_g1_m3_shifted", "attribute": "MACRO_PLAYBACK", "disabled": false}, "g815_g3_m1": {"id": "g815_g3_m1", "attribute": "MACRO_PLAYBACK", "disabled": false}, "g815_g4_m3_shifted": {"id": "g815_g4_m3_shifted", "attribute": "MACRO_PLAYBACK", "disabled": false}, "g815_g3_m3_shifted": {"id": "g815_g3_m3_shifted", "attribute": "MACRO_PLAYBACK", "disabled": false}, "g815_g2_m1": {"id": "g815_g2_m1", "attribute": "MACRO_PLAYBACK", "disabled": false}, "g815_g3_m2_shifted": {"id": "g815_g3_m2_shifted", "attribute": "MACRO_PLAYBACK", "disabled": false}, "g815_g5_m3_shifted": {"id": "g815_g5_m3_shifted", "attribute": "MACRO_PLAYBACK", "disabled": false}, "g815_g2_m3": {"id": "g815_g2_m3", "attribute": "MACRO_PLAYBACK", "disabled": false}, "g815_g1_m1_shifted": {"id": "g815_g1_m1_shifted", "attribute": "MACRO_PLAYBACK", "disabled": false}, "g815_lighting_setting_firmware": {"id": "g815_lighting_setting_firmware", "attribute": "FIRMWARE_LIGHTING_SETTINGS", "disabled": false}, "g815_g1_m3": {"id": "g815_g1_m3", "attribute": "MACRO_PLAYBACK", "disabled": false}, "g815_g2_m2_shifted": {"id": "g815_g2_m2_shifted", "attribute": "MACRO_PLAYBACK", "disabled": false}, "g815_g5_m1": {"id": "g815_g5_m1", "attribute": "MACRO_PLAYBACK", "disabled": false}, "g815_g2_m2": {"id": "g815_g2_m2", "attribute": "MACRO_PLAYBACK", "disabled": false}, "g815_g1_m1": {"id": "g815_g1_m1", "attribute": "MACRO_PLAYBACK", "disabled": false}, "g815_g5_m2": {"id": "g815_g5_m2", "attribute": "MACRO_PLAYBACK", "disabled": false}, "g815_g4_m1_shifted": {"id": "g815_g4_m1_shifted", "attribute": "MACRO_PLAYBACK", "disabled": false}, "g815_g1_m2": {"id": "g815_g1_m2", "attribute": "MACRO_PLAYBACK", "disabled": false}, "g815_g3_m3": {"id": "g815_g3_m3", "attribute": "MACRO_PLAYBACK", "disabled": false}, "g815_g1_m2_shifted": {"id": "g815_g1_m2_shifted", "attribute": "MACRO_PLAYBACK", "disabled": false}}}, {"id": "dev00000005", "pid": 49992, "firmwareName": "U158", "isSubdevice": false, "state": "ACTIVE", "onboardMode": false, "individualMode": false, "resourcesAvailable": true, "connectionType": "USB", "hasWirelessInterface": false, "displayConnectionType": "USB", "deviceType": "KEYBOARD", "deviceFamily": "", "deviceModel": "g713", "deviceBaseModel": "g713", "displayName": "G713", "extendedDisplayName": "G713 Gaming Keyboard", "slotPrefix": "g713", "thumbnail": "pipeline://core/thumbnails/0573a68d-660a-4100-8cd3-979cbf0519e9", "stringPackage": "07ca074a-72bc-47aa-97c4-48739af94ea2/strings", "deviceExt": 0, "deviceUnitId": "2907676564", "deviceSignature": "KEYBOARD.g713.0.2907676564", "givenName": "", "capabilities": {"lightingSupport": {"deviceCategory": "KEYBOARD_RGB_PER_KEY", "typeMap": {"ZONE_PRIMARY": "PRIMARY", "PERKEY_COSMETIC": "", "PERKEY_CONSUMER": "HID_CONSUMER", "PERKEY_INDICATOR": "KEYBOARD_OTHER", "ZONE_ALL": "ALL", "PERKEY_KEYBOARD": "HID_KEYBOARD", "ZONE_HALO": "COMBINED", "PERKEY_GKEY": ""}, "zones": [{"zoneType": "ZONE_PRIMARY", "supportedEffects": [{"id": "OFF", "syncable": true, "fixedIntensity": false, "signature": false, "inactivityOnly": false}, {"id": "FIXED", "syncable": true, "fixedIntensity": false, "signature": false, "inactivityOnly": false}, {"id": "BREATHING", "syncable": true, "fixedIntensity": false, "signature": false, "inactivityOnly": false}, {"id": "COLOR_CYCLE_S", "syncable": true, "fixedIntensity": false, "signature": false, "inactivityOnly": false}], "onboardCluster": "CLUSTER_ONE"}, {"zoneType": "ZONE_HALO", "supportedEffects": [{"id": "OFF", "syncable": true, "fixedIntensity": false, "signature": false, "inactivityOnly": false}, {"id": "FIXED", "syncable": true, "fixedIntensity": false, "signature": false, "inactivityOnly": false}, {"id": "BREATHING", "syncable": true, "fixedIntensity": false, "signature": false, "inactivityOnly": false}, {"id": "COLOR_CYCLE_S", "syncable": true, "fixedIntensity": false, "signature": false, "inactivityOnly": false}], "onboardCluster": "CLUSTER_DEFAULT"}, {"zoneType": "ZONE_ALL", "supportedEffects": [{"id": "COLORWAVE_S", "syncable": false, "fixedIntensity": false, "signature": false, "inactivityOnly": false}, {"id": "RIPPLE_S", "syncable": false, "fixedIntensity": false, "signature": false, "inactivityOnly": false}, {"id": "SMOOTH_STAR", "syncable": true, "fixedIntensity": false, "signature": true, "inactivityOnly": false}, {"id": "SMOOTH_WAVE", "syncable": true, "fixedIntensity": false, "signature": true, "inactivityOnly": true}, {"id": "CUSTOM", "syncable": false, "fixedIntensity": false, "signature": false, "inactivityOnly": false}], "onboardCluster": "CLUSTER_DEFAULT"}], "isMonochrome": false, "isPerKey": true, "persistence": {"zoneEffects": false, "perKeyFixed": false, "customEffects": {"slots": 2, "entityOffset": 2}}, "hideStartupEffect": false, "shutdownEffect": false, "brightnessLevels": [], "powerSavingEffect": false, "lowBatteryEffect": false, "brightnessPercentage": true, "gamma": false, "firmwareOnly": false, "offRamp": false, "activeDimming": false, "signatureLighting": {"signatureColorOne": {"tag": "", "hex": "#FE8385"}, "signatureColorTwo": {"tag": "", "hex": "#CBE8CE"}, "signatureColorOnePreview": {"tag": "", "hex": "#FF8DAA"}, "signatureColorTwoPreview": {"tag": "", "hex": "#8BE4E9"}, "allowCustomColors": false}, "hasPositionalEffect": true, "hasPastelPalette": true, "hasRingLeds": true, "hasMasterSwitch": false, "needKeepAliveSignal": false}, "sleepTimer": false, "mstateSupport": {"count": 1, "timeOut": 0}, "reportHidControls": {"pages": [{"page": 7, "usages": [{"usage": 58, "button": 1}, {"usage": 59, "button": 2}, {"usage": 60, "button": 3}, {"usage": 61, "button": 4}, {"usage": 62, "button": 5}, {"usage": 63, "button": 6}, {"usage": 64, "button": 7}, {"usage": 65, "button": 8}, {"usage": 66, "button": 9}, {"usage": 67, "button": 10}, {"usage": 68, "button": 11}, {"usage": 69, "button": 12}]}]}, "fnInversion": false, "presentSplashScreen": true, "customizableColor": false, "wirelessReportRate": false, "hybridEngine": false, "advancedSleepTimer": false, "angleSnapping": false, "excludeGShift": false, "hostRemovalSupport": false, "headphoneJack": false, "hostInfos": false, "gkeyLayout": "GKEY_FUNCTION_KEYS_ROW_12", "hasBatteryStatus": false, "powerOffTimer": false, "requiresBackupForDfu": false, "unifiedBattery": false, "dpiLighting": false, "nonInteractive": false, "chargepadCompatible": false, "individuality": false, "defaultSlotFormat": "INVALID_FORMAT", "fnToggle": true}, "activeInterfaces": [{"type": "DEVIO", "id": "046d_c348", "pid": 49992, "modelId": 0, "extendedModel": 0, "serialNumber": "2907676564", "path": "usb\\vid_046d&pid_c348&mi_02\\8&18a2e180&0&0002", "containerId": "d531790e-4ed0-52ed-8361-681142b0cb11", "deviceType": "KEYBOARD", "deviceName": "G713 Gaming Keyboard", "keyboardLayout": "US", "firmwareVersion": "158.1.14", "firmwareName": "U158", "firmwareRevision": 1, "hardwareRevision": 0, "unitId": "2907676564", "connectionType": "USB", "hasOnboardMode": true}], "slots": {"g713_g4_m1": {"id": "g713_g4_m1", "attribute": "MACRO_PLAYBACK", "disabled": false}, "g713_g9_m1_shifted": {"id": "g713_g9_m1_shifted", "attribute": "MACRO_PLAYBACK", "disabled": false}, "g713_g11_m1_shifted": {"id": "g713_g11_m1_shifted", "attribute": "MACRO_PLAYBACK", "disabled": false}, "g713_g7_m1": {"id": "g713_g7_m1", "attribute": "MACRO_PLAYBACK", "disabled": false}, "g713_g4_m1_shifted": {"id": "g713_g4_m1_shifted", "attribute": "MACRO_PLAYBACK", "disabled": false}, "g713_g3_m1_shifted": {"id": "g713_g3_m1_shifted", "attribute": "MACRO_PLAYBACK", "disabled": false}, "g713_g8_m1": {"id": "g713_g8_m1", "attribute": "MACRO_PLAYBACK", "disabled": false}, "g713_g12_m1": {"id": "g713_g12_m1", "attribute": "MACRO_PLAYBACK", "disabled": false}, "g713_disable_keys": {"id": "g713_disable_keys", "attribute": "DISABLE_KEY_SETTINGS", "disabled": false}, "g713_g11_m1": {"id": "g713_g11_m1", "attribute": "MACRO_PLAYBACK", "disabled": false}, "g713_g1_m1": {"id": "g713_g1_m1", "attribute": "MACRO_PLAYBACK", "disabled": false}, "g713_g6_m1": {"id": "g713_g6_m1", "attribute": "MACRO_PLAYBACK", "disabled": false}, "g713_g5_m1": {"id": "g713_g5_m1", "attribute": "MACRO_PLAYBACK", "disabled": false}, "g713_g1_m1_shifted": {"id": "g713_g1_m1_shifted", "attribute": "MACRO_PLAYBACK", "disabled": false}, "g713_lighting_setting_firmware": {"id": "g713_lighting_setting_firmware", "attribute": "FIRMWARE_LIGHTING_SETTINGS", "disabled": false}, "g713_g2_m1_shifted": {"id": "g713_g2_m1_shifted", "attribute": "MACRO_PLAYBACK", "disabled": false}, "g713_g10_m1": {"id": "g713_g10_m1", "attribute": "MACRO_PLAYBACK", "disabled": false}, "g713_g2_m1": {"id": "g713_g2_m1", "attribute": "MACRO_PLAYBACK", "disabled": false}, "g713_g9_m1": {"id": "g713_g9_m1", "attribute": "MACRO_PLAYBACK", "disabled": false}, "g713_g12_m1_shifted": {"id": "g713_g12_m1_shifted", "attribute": "MACRO_PLAYBACK", "disabled": false}, "g713_g8_m1_shifted": {"id": "g713_g8_m1_shifted", "attribute": "MACRO_PLAYBACK", "disabled": false}, "g713_g5_m1_shifted": {"id": "g713_g5_m1_shifted", "attribute": "MACRO_PLAYBACK", "disabled": false}, "g713_g3_m1": {"id": "g713_g3_m1", "attribute": "MACRO_PLAYBACK", "disabled": false}, "g713_g6_m1_shifted": {"id": "g713_g6_m1_shifted", "attribute": "MACRO_PLAYBACK", "disabled": false}, "g713_g10_m1_shifted": {"id": "g713_g10_m1_shifted", "attribute": "MACRO_PLAYBACK", "disabled": false}, "g713_g7_m1_shifted": {"id": "g713_g7_m1_shifted", "attribute": "MACRO_PLAYBACK", "disabled": false}}}]}}