 {"msgId": "15024fab-4e73-45c0-a6eb-9b566c9ea909", "verb": "GET", "path": "/devices/list", "origin": "backend", "result": {"code": "SUCCESS", "what": ""}, "payload": {"@type": "type.googleapis.com/logi.protocol.devices.Device.Info.List", "deviceInfos": [{"id": "dev00000000", "pid": 0, "firmwareName": "U129", "isSubdevice": false, "parentId": "", "state": "ABSENT", "onboardMode": false, "individualMode": false, "resourcesAvailable": true, "connectionType": "INVALID_CONNECTION", "hasWirelessInterface": false, "displayConnectionType": "INVALID_DISPLAY_CONNECTION", "deviceType": "HEADSET", "deviceFamily": "", "deviceModel": "g935", "deviceBaseModel": "g935", "displayName": "G935", "extendedDisplayName": "G935 Wireless 7.1 LIGHTSYNC Gaming Headset", "slotPrefix": "g935", "thumbnail": "pipeline://core/thumbnails/g935.png", "stringPackage": "", "deviceExt": 0, "deviceUnitId": "4294967295", "deviceSignature": "HEADSET.g935.0.4294967295", "givenName": "", "capabilities": {"audio": {"dtsSupported": false, "dolbySupported": false, "denoiserSupported": true, "onboardEqSupported": true, "onboardProEqSupported": false, "dtsHx2eSupported": true, "proEqSupported": false, "blueVoiceSupported": false, "hardwareNoiseReductionSupported": false, "blueVoice2Supported": false, "hidMic": true, "devioVolumeFeatures": false, "centurionEqSupported": false, "lightspeedAuxSupported": false, "audioMixingSupported": false}, "lightingSupport": {"deviceCategory": "HEADSET_RGB_ZONAL", "typeMap": {"ZONE_BRANDING": "LOGO", "ZONE_PRIMARY": "PRIMARY"}, "zones": [{"zoneType": "ZONE_PRIMARY", "supportedEffects": [{"id": "OFF", "syncable": true, "fixedIntensity": false, "signature": false, "inactivityOnly": false}, {"id": "FIXED", "syncable": true, "fixedIntensity": false, "signature": false, "inactivityOnly": false}, {"id": "CYCLE", "syncable": true, "fixedIntensity": false, "signature": false, "inactivityOnly": false}, {"id": "BREATHING", "syncable": true, "fixedIntensity": false, "signature": false, "inactivityOnly": false}], "onboardCluster": "CLUSTER_DEFAULT"}, {"zoneType": "ZONE_BRANDING", "supportedEffects": [{"id": "OFF", "syncable": true, "fixedIntensity": false, "signature": false, "inactivityOnly": false}, {"id": "FIXED", "syncable": true, "fixedIntensity": false, "signature": false, "inactivityOnly": false}, {"id": "CYCLE", "syncable": true, "fixedIntensity": false, "signature": false, "inactivityOnly": false}, {"id": "BREATHING", "syncable": true, "fixedIntensity": false, "signature": false, "inactivityOnly": false}], "onboardCluster": "CLUSTER_DEFAULT"}], "isMonochrome": false, "isPerKey": false, "persistence": {"zoneEffects": true, "perKeyFixed": false}, "hideStartupEffect": false, "shutdownEffect": false, "brightnessLevels": [], "powerSavingEffect": false, "lowBatteryEffect": false, "brightnessPercentage": false, "gamma": true, "firmwareOnly": false, "offRamp": false, "activeDimming": false, "hasPositionalEffect": false, "hasPastelPalette": false, "hasRingLeds": false, "hasMasterSwitch": false, "needKeepAliveSignal": false}, "sleepTimer": true, "mstateSupport": {"count": 1, "timeOut": 0}, "fnInversion": false, "presentSplashScreen": false, "customizableColor": false, "wirelessReportRate": false, "hybridEngine": false, "advancedSleepTimer": true, "angleSnapping": false, "excludeGShift": false, "hostRemovalSupport": false, "headphoneJack": false, "hostInfos": false, "gkeyLayout": "INVALID_GKEY_LAYOUT", "hasBatteryStatus": true, "powerOffTimer": false, "requiresBackupForDfu": false, "notificationSupport": {}, "unifiedBattery": false, "dpiLighting": false, "hasGlobalDamping": false, "nonInteractive": false, "chargepadCompatible": false, "individuality": false, "defaultSlotFormat": "INVALID_FORMAT", "fnToggle": false, "hasPaddles": false, "isFullHidppWheel": false, "hasConfigurationProfiles": false, "disableCenterSpring": false}, "activeInterfaces": [], "slots": {}}, {"id": "dev00000001", "pid": 2730, "firmwareName": "U171", "isSubdevice": false, "parentId": "", "state": "ACTIVE", "onboardMode": false, "individualMode": false, "resourcesAvailable": true, "connectionType": "USB", "hasWirelessInterface": false, "displayConnectionType": "USB", "deviceType": "HEADSET", "deviceFamily": "", "deviceModel": "pro_71_gaming_headset", "deviceBaseModel": "pro_71_gaming_headset", "displayName": "PRO X", "extendedDisplayName": "PRO X Gaming Headset", "slotPrefix": "pro71headset", "thumbnail": "pipeline://core/thumbnails/pro_headset.png", "stringPackage": "", "deviceExt": 0, "deviceUnitId": "4294967295", "deviceSignature": "HEADSET.pro_71_gaming_headset.0.4294967295", "givenName": "", "capabilities": {"audio": {"dtsSupported": false, "dolbySupported": false, "denoiserSupported": true, "onboardEqSupported": false, "onboardProEqSupported": true, "dtsHx2eSupported": true, "proEqSupported": true, "blueVoiceSupported": true, "hardwareNoiseReductionSupported": true, "blueVoice2Supported": false, "hidMic": false, "devioVolumeFeatures": false, "centurionEqSupported": false, "lightspeedAuxSupported": false, "audioMixingSupported": false}, "sleepTimer": false, "mstateSupport": {"count": 1, "timeOut": 0}, "fnInversion": false, "presentSplashScreen": false, "customizableColor": false, "wirelessReportRate": false, "hybridEngine": false, "advancedSleepTimer": false, "angleSnapping": false, "excludeGShift": false, "hostRemovalSupport": false, "headphoneJack": false, "hostInfos": false, "gkeyLayout": "INVALID_GKEY_LAYOUT", "hasBatteryStatus": false, "powerOffTimer": false, "requiresBackupForDfu": false, "unifiedBattery": false, "dpiLighting": false, "hasGlobalDamping": false, "nonInteractive": false, "chargepadCompatible": false, "individuality": false, "defaultSlotFormat": "INVALID_FORMAT", "fnToggle": false, "hasPaddles": false, "isFullHidppWheel": false, "hasConfigurationProfiles": false, "disableCenterSpring": false}, "activeInterfaces": [{"type": "DEVIO", "id": "046d_0aaa", "pid": 2730, "modelId": 0, "extendedModel": 255, "serialNumber": "4294967295", "path": "\\\\?\\hid#vid_046d&pid_0aaa&mi_03&col04#9&18001a7b&0&0003#{4d1e55b2-f16f-11cf-88cb-001111000030}", "containerId": "fc076a82-1920-5c98-9a71-7d6de398d166", "deviceType": "HEADSET", "deviceName": "PRO X", "keyboardLayout": "INVALID_LAYOUT", "firmwareVersion": "171.0.1", "firmwareName": "U171", "firmwareRevision": 0, "hardwareRevision": 0, "unitId": "4294967295", "fwEntities": {}, "connectionType": "USB", "hasOnboardMode": false}, {"type": "AUDIO", "id": "", "pid": 0, "modelId": 0, "extendedModel": 0, "serialNumber": "", "path": "", "containerId": "fc076a82-1920-5c98-9a71-7d6de398d166", "deviceType": "INVALID_TYPE", "deviceName": "", "keyboardLayout": "INVALID_LAYOUT", "firmwareVersion": "", "firmwareName": "", "firmwareRevision": 0, "hardwareRevision": 0, "unitId": "", "fwEntities": {}, "connectionType": "VIRTUAL", "hasOnboardMode": false}], "slots": {"pro71headset_microphone_settings": {"id": "pro71headset_microphone_settings", "attribute": "MICROPHONE_SETTINGS", "disabled": false, "defaultCard": "9b85425b-8c71-4b15-808c-120e0aaa0000"}, "pro71headset_pro_equalizer": {"id": "pro71headset_pro_equalizer", "attribute": "PRO_EQUALIZER", "disabled": false, "defaultCard": "0487742c-a435-4379-95d6-f0b52fe4e0f8"}, "pro71headset_acoustics": {"id": "pro71headset_acoustics", "attribute": "ACOUSTICS", "disabled": false, "defaultCard": "9b85425b-8c71-4b15-808c-12020aaa0000"}, "pro71headset_blue_voice_settings": {"id": "pro71headset_blue_voice_settings", "attribute": "BLUE_VOICE_SETTINGS", "disabled": false, "defaultCard": "9f102caf-0b16-4ab0-b4bc-c45cab122095"}}}]}}