 {"msgId": "6d1cb809-ab42-45ba-8cb3-8ecc034f5528", "verb": "GET", "path": "/devices/list", "origin": "backend", "result": {"code": "SUCCESS", "what": ""}, "payload": {"@type": "type.googleapis.com/logi.protocol.devices.Device.Info.List", "deviceInfos": [{"id": "dev00000000", "pid": 2697, "state": "ACTIVE", "onboardMode": false, "individualMode": false, "resourcesAvailable": true, "connectionType": "USB", "hasWirelessInterface": false, "deviceType": "HEADSET", "deviceFamily": "", "deviceModel": "g635", "deviceBaseModel": "g635", "displayName": "G635", "extendedDisplayName": "G635 Wired 7.1 LIGHTSYNC Gaming Headset", "slotPrefix": "g635", "thumbnail": "pipeline://core/thumbnails/g635.png", "deviceExt": 0, "deviceUnitId": "4294967295", "deviceSignature": "HEADSET.g635.0.4294967295", "givenName": "", "capabilities": {"audio": {"dtsSupported": false, "dolbySupported": false, "denoiserSupported": true, "onboardEqSupported": false, "onboardProEqSupported": false, "dtsHx2eSupported": true, "proEqSupported": false, "blueVoiceSupported": false, "hardwareNoiseReductionSupported": false, "blueVoice2Supported": false, "hidMic": true, "devioVolumeFeatures": false}, "lightingSupport": {"deviceCategory": "HEADSET_RGB_ZONAL", "typeMap": {"ZONE_BRANDING": "LOGO", "ZONE_PRIMARY": "PRIMARY"}, "zones": [{"zoneType": "ZONE_PRIMARY", "supportedEffects": [{"id": "OFF", "syncable": true, "fixedIntensity": false, "signature": false, "inactivityOnly": false}, {"id": "FIXED", "syncable": true, "fixedIntensity": false, "signature": false, "inactivityOnly": false}, {"id": "CYCLE", "syncable": true, "fixedIntensity": false, "signature": false, "inactivityOnly": false}, {"id": "BREATHING", "syncable": true, "fixedIntensity": false, "signature": false, "inactivityOnly": false}], "onboardCluster": "CLUSTER_DEFAULT"}, {"zoneType": "ZONE_BRANDING", "supportedEffects": [{"id": "OFF", "syncable": true, "fixedIntensity": false, "signature": false, "inactivityOnly": false}, {"id": "FIXED", "syncable": true, "fixedIntensity": false, "signature": false, "inactivityOnly": false}, {"id": "CYCLE", "syncable": true, "fixedIntensity": false, "signature": false, "inactivityOnly": false}, {"id": "BREATHING", "syncable": true, "fixedIntensity": false, "signature": false, "inactivityOnly": false}], "onboardCluster": "CLUSTER_DEFAULT"}], "isMonochrome": false, "isPerKey": false, "persistence": {"zoneEffects": true, "perKeyFixed": false}, "hideStartupEffect": false, "shutdownEffect": false, "brightnessLevels": [], "powerSavingEffect": false, "lowBatteryEffect": false, "brightnessPercentage": false, "gamma": true, "firmwareOnly": false, "offRamp": false, "activeDimming": false, "hasPositionalEffect": false}, "sleepTimer": false, "mstateSupport": {"count": 1, "timeOut": 0}, "fnInversion": false, "presentSplashScreen": false, "customizableColor": false, "wirelessReportRate": false, "hybridEngine": false, "advancedSleepTimer": false, "angleSnapping": false, "excludeGShift": true, "hostRemovalSupport": false, "headphoneJack": false, "hostInfos": false, "gkeyLayout": "INVALID_GKEY_LAYOUT", "hasBatteryStatus": true, "powerOffTimer": false, "requiresBackupForDfu": false, "notificationSupport": {}, "unifiedBattery": false, "dpiLighting": false, "nonInteractive": false, "chargepadCompatible": false, "individuality": false}, "activeInterfaces": [{"type": "DEVIO", "id": "046d_0a89", "pid": 2697, "modelId": 0, "extendedModel": 0, "serialNumber": "4294967295", "path": "\\\\?\\hid#vid_046d&pid_0a89&mi_03&col03#a&378107e3&0&0002#{4d1e55b2-f16f-11cf-88cb-001111000030}", "containerId": "287f733c-1a27-5a09-974f-24e144b330de", "deviceType": "HEADSET", "deviceName": "G635 Gaming Headset", "keyboardLayout": "INVALID_LAYOUT", "firmwareVersion": "130.0.7", "unitId": "4294967295", "firmwarePrefix": "U130", "connectionType": "USB", "hasOnboardMode": false}, {"type": "HIDIO", "id": "HID_046d_0a89_000b0001", "pid": 2697, "modelId": 0, "extendedModel": 0, "serialNumber": "", "path": "\\\\?\\HID#VID_046D&PID_0A89&MI_03&COL02#A&378107E3&0&0001#{4D1E55B2-F16F-11CF-88CB-001111000030}", "containerId": "287f733c-1a27-5a09-974f-24e144b330de", "deviceType": "INVALID_TYPE", "deviceName": "", "keyboardLayout": "INVALID_LAYOUT", "firmwareVersion": "", "unitId": "", "firmwarePrefix": "", "connectionType": "USB", "hasOnboardMode": false}, {"type": "AUDIO", "id": "", "pid": 0, "modelId": 0, "extendedModel": 0, "serialNumber": "", "path": "", "containerId": "287f733c-1a27-5a09-974f-24e144b330de", "deviceType": "INVALID_TYPE", "deviceName": "", "keyboardLayout": "INVALID_LAYOUT", "firmwareVersion": "", "unitId": "", "firmwarePrefix": "", "connectionType": "VIRTUAL", "hasOnboardMode": false}], "slots": {"g635_g1_m1_shifted": {"id": "g635_g1_m1_shifted", "attribute": "MACRO_PLAYBACK", "disabled": false}, "g635_g2_m1": {"id": "g635_g2_m1", "attribute": "MACRO_PLAYBACK", "disabled": false}, "g635_lighting_setting_firmware": {"id": "g635_lighting_setting_firmware", "attribute": "FIRMWARE_LIGHTING_SETTINGS", "disabled": false}, "g635_g3_m1_shifted": {"id": "g635_g3_m1_shifted", "attribute": "MACRO_PLAYBACK", "disabled": false}, "g635_acoustics": {"id": "g635_acoustics", "attribute": "ACOUSTICS", "disabled": false}, "g635_g3_m1": {"id": "g635_g3_m1", "attribute": "MACRO_PLAYBACK", "disabled": false}, "g635_equalizer": {"id": "g635_equalizer", "attribute": "EQUALIZER", "disabled": false}, "g635_g1_m1": {"id": "g635_g1_m1", "attribute": "MACRO_PLAYBACK", "disabled": false}, "g635_g2_m1_shifted": {"id": "g635_g2_m1_shifted", "attribute": "MACRO_PLAYBACK", "disabled": false}}}, {"id": "dev00000001", "pid": 2741, "state": "NOT_CONNECTED", "onboardMode": false, "individualMode": false, "resourcesAvailable": true, "connectionType": "USB", "hasWirelessInterface": false, "deviceType": "HEADSET", "deviceFamily": "", "deviceModel": "g733_ext2", "deviceBaseModel": "g733", "displayName": "G733", "extendedDisplayName": "G733 Wireless LIGHTSYNC Gaming Headset", "slotPrefix": "g733", "thumbnail": "pipeline://core/thumbnails/g733_lilac.png", "deviceExt": 2, "deviceUnitId": "4294967295", "deviceSignature": "HEADSET.g733.2.4294967295", "givenName": "", "capabilities": {"audio": {"dtsSupported": false, "dolbySupported": false, "denoiserSupported": false, "onboardEqSupported": false, "onboardProEqSupported": false, "dtsHx2eSupported": true, "proEqSupported": false, "blueVoiceSupported": true, "hardwareNoiseReductionSupported": false, "blueVoice2Supported": false, "hidMic": false, "devioVolumeFeatures": false}, "lightingSupport": {"deviceCategory": "HEADSET_RGB_ZONAL", "typeMap": {"ZONE_TOP": "PRIMARY", "ZONE_BOTTOM": "LOGO"}, "zones": [{"zoneType": "ZONE_TOP", "supportedEffects": [{"id": "OFF", "syncable": true, "fixedIntensity": false, "signature": false, "inactivityOnly": false}, {"id": "FIXED", "syncable": true, "fixedIntensity": false, "signature": false, "inactivityOnly": false}, {"id": "CYCLE", "syncable": true, "fixedIntensity": false, "signature": false, "inactivityOnly": false}, {"id": "BREATHING", "syncable": true, "fixedIntensity": false, "signature": false, "inactivityOnly": false}], "onboardCluster": "CLUSTER_DEFAULT"}, {"zoneType": "ZONE_BOTTOM", "supportedEffects": [{"id": "OFF", "syncable": true, "fixedIntensity": false, "signature": false, "inactivityOnly": false}, {"id": "FIXED", "syncable": true, "fixedIntensity": false, "signature": false, "inactivityOnly": false}, {"id": "CYCLE", "syncable": true, "fixedIntensity": false, "signature": false, "inactivityOnly": false}, {"id": "BREATHING", "syncable": true, "fixedIntensity": false, "signature": false, "inactivityOnly": false}], "onboardCluster": "CLUSTER_DEFAULT"}], "isMonochrome": false, "isPerKey": false, "hideStartupEffect": false, "shutdownEffect": false, "brightnessLevels": [], "powerSavingEffect": false, "lowBatteryEffect": true, "brightnessPercentage": false, "gamma": true, "firmwareOnly": false, "offRamp": false, "activeDimming": false, "hasPositionalEffect": false}, "sleepTimer": false, "mstateSupport": {"count": 1, "timeOut": 0}, "fnInversion": false, "presentSplashScreen": true, "customizableColor": false, "wirelessReportRate": false, "hybridEngine": false, "advancedSleepTimer": false, "angleSnapping": false, "excludeGShift": false, "hostRemovalSupport": false, "headphoneJack": false, "hostInfos": false, "gkeyLayout": "INVALID_GKEY_LAYOUT", "hasBatteryStatus": true, "powerOffTimer": true, "requiresBackupForDfu": false, "notificationSupport": {"audioPrompts": {"playOnDevice": true, "battery": {"automaticWarning": true, "warningTimeout": {"milliseconds": 0, "seconds": 0, "minutes": 15, "hours": 0, "days": 0, "dateTime": "0"}, "warningThreshold": 5, "onUserCheck": true}}}, "unifiedBattery": false, "dpiLighting": false, "nonInteractive": false, "chargepadCompatible": false, "individuality": false}, "activeInterfaces": [], "slots": {}}, {"id": "dev00000002", "pid": 49973, "state": "ACTIVE", "onboardMode": false, "individualMode": false, "resourcesAvailable": true, "connectionType": "USB", "hasWirelessInterface": false, "deviceType": "KEYBOARD", "deviceFamily": "", "deviceModel": "g910v2", "deviceBaseModel": "g910v2", "displayName": "G910", "extendedDisplayName": "G910 Orion Spectrum", "slotPrefix": "g910", "thumbnail": "pipeline://core/thumbnails/g910.png", "deviceExt": 0, "deviceUnitId": "876103429", "deviceSignature": "KEYBOARD.g910v2.0.876103429", "givenName": "", "capabilities": {"lightingSupport": {"deviceCategory": "KEYBOARD_RGB_PER_KEY", "typeMap": {"PERKEY_KEYBOARD": "HID_KEYBOARD", "ZONE_PRIMARY": "PRIMARY", "ZONE_BRANDING": "LOGO", "PERKEY_GKEY": "G_KEY", "PERKEY_BRANDING": "LOGO"}, "zones": [{"zoneType": "ZONE_PRIMARY", "supportedEffects": [{"id": "OFF", "syncable": true, "fixedIntensity": false, "signature": false, "inactivityOnly": false}, {"id": "FIXED", "syncable": true, "fixedIntensity": false, "signature": false, "inactivityOnly": false}, {"id": "CYCLE", "syncable": true, "fixedIntensity": true, "signature": false, "inactivityOnly": false}, {"id": "COLORWAVE", "syncable": false, "fixedIntensity": true, "signature": false, "inactivityOnly": false}, {"id": "BREATHING", "syncable": true, "fixedIntensity": true, "signature": false, "inactivityOnly": false}], "onboardCluster": "CLUSTER_DEFAULT"}, {"zoneType": "ZONE_BRANDING", "supportedEffects": [{"id": "OFF", "syncable": true, "fixedIntensity": false, "signature": false, "inactivityOnly": false}, {"id": "FIXED", "syncable": true, "fixedIntensity": false, "signature": false, "inactivityOnly": false}, {"id": "CYCLE", "syncable": true, "fixedIntensity": true, "signature": false, "inactivityOnly": false}, {"id": "BREATHING", "syncable": true, "fixedIntensity": true, "signature": false, "inactivityOnly": false}], "onboardCluster": "CLUSTER_DEFAULT"}], "isMonochrome": false, "isPerKey": true, "hideStartupEffect": false, "shutdownEffect": false, "brightnessLevels": [], "powerSavingEffect": false, "lowBatteryEffect": false, "brightnessPercentage": false, "gamma": false, "firmwareOnly": false, "offRamp": false, "activeDimming": false, "hasPositionalEffect": false}, "sleepTimer": false, "mstateSupport": {"count": 3, "timeOut": 0}, "fnInversion": false, "presentSplashScreen": false, "customizableColor": false, "wirelessReportRate": false, "hybridEngine": false, "advancedSleepTimer": false, "angleSnapping": false, "excludeGShift": false, "hostRemovalSupport": false, "headphoneJack": false, "hostInfos": false, "gkeyLayout": "GKEY_LEFT_COLUMN_5_TOP_ROW_4", "hasBatteryStatus": false, "powerOffTimer": false, "requiresBackupForDfu": false, "unifiedBattery": false, "dpiLighting": false, "nonInteractive": false, "chargepadCompatible": false, "individuality": false}, "activeInterfaces": [{"type": "DEVIO", "id": "046d_c335", "pid": 49973, "modelId": 0, "extendedModel": 0, "serialNumber": "876103429", "path": "usb\\vid_046d&pid_c335&mi_01\\9&2dab80fb&1&0001", "containerId": "0981956c-5faf-5863-ad4d-82a2f110c0f7", "deviceType": "KEYBOARD", "deviceName": "G910 Orion Spectrum", "keyboardLayout": "US", "firmwareVersion": "106.2.7", "unitId": "876103429", "firmwarePrefix": "U106", "connectionType": "USB", "hasOnboardMode": false}], "slots": {"g910_g1_m1": {"id": "g910_g1_m1", "attribute": "MACRO_PLAYBACK", "disabled": false}, "g910_g8_m1": {"id": "g910_g8_m1", "attribute": "MACRO_PLAYBACK", "disabled": false}, "g910_g6_m1_shifted": {"id": "g910_g6_m1_shifted", "attribute": "MACRO_PLAYBACK", "disabled": false}, "g910_g2_m2": {"id": "g910_g2_m2", "attribute": "MACRO_PLAYBACK", "disabled": false}, "g910_g4_m2": {"id": "g910_g4_m2", "attribute": "MACRO_PLAYBACK", "disabled": false}, "g910_g7_m1_shifted": {"id": "g910_g7_m1_shifted", "attribute": "MACRO_PLAYBACK", "disabled": false}, "g910_g2_m3_shifted": {"id": "g910_g2_m3_shifted", "attribute": "MACRO_PLAYBACK", "disabled": false}, "g910_g8_m3_shifted": {"id": "g910_g8_m3_shifted", "attribute": "MACRO_PLAYBACK", "disabled": false}, "g910_g2_m1": {"id": "g910_g2_m1", "attribute": "MACRO_PLAYBACK", "disabled": false}, "g910_g8_m2_shifted": {"id": "g910_g8_m2_shifted", "attribute": "MACRO_PLAYBACK", "disabled": false}, "g910_g5_m1_shifted": {"id": "g910_g5_m1_shifted", "attribute": "MACRO_PLAYBACK", "disabled": false}, "g910_g3_m3": {"id": "g910_g3_m3", "attribute": "MACRO_PLAYBACK", "disabled": false}, "g910_g3_m3_shifted": {"id": "g910_g3_m3_shifted", "attribute": "MACRO_PLAYBACK", "disabled": false}, "g910_g9_m2_shifted": {"id": "g910_g9_m2_shifted", "attribute": "MACRO_PLAYBACK", "disabled": false}, "g910_g5_m1": {"id": "g910_g5_m1", "attribute": "MACRO_PLAYBACK", "disabled": false}, "g910_g9_m3": {"id": "g910_g9_m3", "attribute": "MACRO_PLAYBACK", "disabled": false}, "g910_g3_m1_shifted": {"id": "g910_g3_m1_shifted", "attribute": "MACRO_PLAYBACK", "disabled": false}, "g910_g3_m2_shifted": {"id": "g910_g3_m2_shifted", "attribute": "MACRO_PLAYBACK", "disabled": false}, "g910_g6_m3": {"id": "g910_g6_m3", "attribute": "MACRO_PLAYBACK", "disabled": false}, "g910_g7_m2_shifted": {"id": "g910_g7_m2_shifted", "attribute": "MACRO_PLAYBACK", "disabled": false}, "g910_g6_m2": {"id": "g910_g6_m2", "attribute": "MACRO_PLAYBACK", "disabled": false}, "g910_g7_m1": {"id": "g910_g7_m1", "attribute": "MACRO_PLAYBACK", "disabled": false}, "g910_g8_m3": {"id": "g910_g8_m3", "attribute": "MACRO_PLAYBACK", "disabled": false}, "g910_g5_m2_shifted": {"id": "g910_g5_m2_shifted", "attribute": "MACRO_PLAYBACK", "disabled": false}, "g910_g6_m1": {"id": "g910_g6_m1", "attribute": "MACRO_PLAYBACK", "disabled": false}, "g910_g5_m3_shifted": {"id": "g910_g5_m3_shifted", "attribute": "MACRO_PLAYBACK", "disabled": false}, "g910_g1_m2": {"id": "g910_g1_m2", "attribute": "MACRO_PLAYBACK", "disabled": false}, "g910_g4_m3_shifted": {"id": "g910_g4_m3_shifted", "attribute": "MACRO_PLAYBACK", "disabled": false}, "g910_disable_keys": {"id": "g910_disable_keys", "attribute": "DISABLE_KEY_SETTINGS", "disabled": false}, "g910_g7_m2": {"id": "g910_g7_m2", "attribute": "MACRO_PLAYBACK", "disabled": false}, "g910_g4_m1": {"id": "g910_g4_m1", "attribute": "MACRO_PLAYBACK", "disabled": false}, "g910_g1_m3": {"id": "g910_g1_m3", "attribute": "MACRO_PLAYBACK", "disabled": false}, "g910_g7_m3_shifted": {"id": "g910_g7_m3_shifted", "attribute": "MACRO_PLAYBACK", "disabled": false}, "g910_g4_m2_shifted": {"id": "g910_g4_m2_shifted", "attribute": "MACRO_PLAYBACK", "disabled": false}, "g910_g1_m1_shifted": {"id": "g910_g1_m1_shifted", "attribute": "MACRO_PLAYBACK", "disabled": false}, "g910_g9_m1_shifted": {"id": "g910_g9_m1_shifted", "attribute": "MACRO_PLAYBACK", "disabled": false}, "g910_g6_m2_shifted": {"id": "g910_g6_m2_shifted", "attribute": "MACRO_PLAYBACK", "disabled": false}, "g910_g4_m3": {"id": "g910_g4_m3", "attribute": "MACRO_PLAYBACK", "disabled": false}, "g910_g1_m3_shifted": {"id": "g910_g1_m3_shifted", "attribute": "MACRO_PLAYBACK", "disabled": false}, "g910_g8_m2": {"id": "g910_g8_m2", "attribute": "MACRO_PLAYBACK", "disabled": false}, "g910_g5_m2": {"id": "g910_g5_m2", "attribute": "MACRO_PLAYBACK", "disabled": false}, "g910_g3_m1": {"id": "g910_g3_m1", "attribute": "MACRO_PLAYBACK", "disabled": false}, "g910_g1_m2_shifted": {"id": "g910_g1_m2_shifted", "attribute": "MACRO_PLAYBACK", "disabled": false}, "g910_g9_m1": {"id": "g910_g9_m1", "attribute": "MACRO_PLAYBACK", "disabled": false}, "g910_g5_m3": {"id": "g910_g5_m3", "attribute": "MACRO_PLAYBACK", "disabled": false}, "g910_g3_m2": {"id": "g910_g3_m2", "attribute": "MACRO_PLAYBACK", "disabled": false}, "g910_g7_m3": {"id": "g910_g7_m3", "attribute": "MACRO_PLAYBACK", "disabled": false}, "g910_g2_m2_shifted": {"id": "g910_g2_m2_shifted", "attribute": "MACRO_PLAYBACK", "disabled": false}, "g910_g4_m1_shifted": {"id": "g910_g4_m1_shifted", "attribute": "MACRO_PLAYBACK", "disabled": false}, "g910_g6_m3_shifted": {"id": "g910_g6_m3_shifted", "attribute": "MACRO_PLAYBACK", "disabled": false}, "g910_lighting_setting_firmware": {"id": "g910_lighting_setting_firmware", "attribute": "FIRMWARE_LIGHTING_SETTINGS", "disabled": false}, "g910_g9_m3_shifted": {"id": "g910_g9_m3_shifted", "attribute": "MACRO_PLAYBACK", "disabled": false}, "g910_g9_m2": {"id": "g910_g9_m2", "attribute": "MACRO_PLAYBACK", "disabled": false}, "g910_g8_m1_shifted": {"id": "g910_g8_m1_shifted", "attribute": "MACRO_PLAYBACK", "disabled": false}, "g910_g2_m3": {"id": "g910_g2_m3", "attribute": "MACRO_PLAYBACK", "disabled": false}, "g910_g2_m1_shifted": {"id": "g910_g2_m1_shifted", "attribute": "MACRO_PLAYBACK", "disabled": false}}}]}}