 {"msgId": "5d382be8-55d9-4425-b588-7acc50b2a7a5", "verb": "GET", "path": "/devices/list", "origin": "backend", "result": {"code": "SUCCESS", "what": ""}, "payload": {"@type": "type.googleapis.com/logi.protocol.devices.Device.Info.List", "deviceInfos": [{"id": "dev00000000", "pid": 16517, "firmwareName": "MPM21", "isSubdevice": false, "state": "ACTIVE", "onboardMode": false, "individualMode": false, "resourcesAvailable": true, "connectionType": "WIRELESS", "hasWirelessInterface": true, "displayConnectionType": "LIGHTSPEED", "deviceType": "MOUSE", "deviceFamily": "", "deviceModel": "g604", "deviceBaseModel": "g604", "displayName": "G604 LIGHTSPEED", "extendedDisplayName": "G604 Lightspeed Wireless Gaming Mouse", "slotPrefix": "g604", "thumbnail": "pipeline://core/thumbnails/g604.png", "stringPackage": "", "deviceExt": 0, "deviceUnitId": "91467095", "deviceSignature": "MOUSE.g604.0.91467095", "givenName": "", "capabilities": {"sleepTimer": false, "mstateSupport": {"count": 1, "timeOut": 0}, "fnInversion": false, "presentSplashScreen": true, "customizableColor": false, "wirelessReportRate": false, "dpiIndicatorLed": {"zoneType": "PRIMARY", "steps": {"1": {"tag": "", "hex": "#ffff00"}, "5": {"tag": "", "hex": "#8d40ff"}, "4": {"tag": "", "hex": "#ff0293"}, "3": {"tag": "", "hex": "#ff9900"}, "2": {"tag": "", "hex": "#ffffff"}}}, "hybridEngine": false, "advancedSleepTimer": false, "angleSnapping": false, "excludeGShift": false, "hostRemovalSupport": true, "headphoneJack": false, "scrollControls": {"scrollUp": 15, "scrollDown": 14}, "mouseButtonControls": {"buttonCount": 13}, "hostInfos": false, "gkeyLayout": "INVALID_GKEY_LAYOUT", "hasBatteryStatus": true, "powerOffTimer": false, "requiresBackupForDfu": false, "unifiedBattery": false, "dpiLighting": false, "nonInteractive": false, "receiverPairing": {"receiverType": "LS1", "receiverPid": 0, "pairingAction": "ACTION_POWER_CYCLE", "hasForcePairing": false}, "chargepadCompatible": false, "individuality": false, "defaultSlotFormat": "INVALID_FORMAT", "fnToggle": false}, "activeInterfaces": [{"type": "DEVIO", "id": "046d_4085", "pid": 16517, "modelId": 0, "extendedModel": 0, "serialNumber": "91467095", "path": "usb\\vid_046d&pid_c539&mi_02\\8&5944dc5&0&0002:0", "containerId": "", "deviceType": "MOUSE", "deviceName": "G604 Wireless Gaming Mouse", "keyboardLayout": "INVALID_LAYOUT", "firmwareVersion": "21.1.14", "firmwareName": "MPM21", "firmwareRevision": 1, "hardwareRevision": 0, "unitId": "91467095", "connectionType": "WIRELESS", "hasOnboardMode": true}], "slots": {"g604_g9_m1_shifted": {"id": "g604_g9_m1_shifted", "attribute": "MACRO_PLAYBACK", "disabled": false, "defaultCard": "0f82f693-5b78-4cf5-867e-090700000000"}, "g604_g13_m1_shifted": {"id": "g604_g13_m1_shifted", "attribute": "MACRO_PLAYBACK", "disabled": false, "defaultCard": "0f82f693-5b78-4cf5-867e-090700000000"}, "g604_g1_m1": {"id": "g604_g1_m1", "attribute": "MACRO_PLAYBACK", "disabled": false, "defaultCard": "0f82f693-5b78-4cf5-867e-020100000000"}, "g604_g5_m1": {"id": "g604_g5_m1", "attribute": "MACRO_PLAYBACK", "disabled": false, "defaultCard": "0f82f693-5b78-4cf5-867e-020400000000"}, "g604_g2_m1": {"id": "g604_g2_m1", "attribute": "MACRO_PLAYBACK", "disabled": false, "defaultCard": "0f82f693-5b78-4cf5-867e-020200000000"}, "g604_scroll1_m1": {"id": "g604_scroll1_m1", "attribute": "MACRO_PLAYBACK", "disabled": false, "defaultCard": "0f82f693-5b78-4cf5-867e-040900000000"}, "g604_g6_m1_shifted": {"id": "g604_g6_m1_shifted", "attribute": "MACRO_PLAYBACK", "disabled": false, "defaultCard": "0f82f693-5b78-4cf5-867e-090700000000"}, "g604_g12_m1_shifted": {"id": "g604_g12_m1_shifted", "attribute": "MACRO_PLAYBACK", "disabled": false, "defaultCard": "0f82f693-5b78-4cf5-867e-090700000000"}, "g604_g3_m1_shifted": {"id": "g604_g3_m1_shifted", "attribute": "MACRO_PLAYBACK", "disabled": false, "defaultCard": "0f82f693-5b78-4cf5-867e-090700000000"}, "g604_g7_m1": {"id": "g604_g7_m1", "attribute": "MACRO_PLAYBACK", "disabled": false, "defaultCard": "0f82f693-5b78-4cf5-867e-012000000000"}, "g604_g11_m1": {"id": "g604_g11_m1", "attribute": "MACRO_PLAYBACK", "disabled": false, "defaultCard": "0f82f693-5b78-4cf5-867e-040100000000"}, "g604_g3_m1": {"id": "g604_g3_m1", "attribute": "MACRO_PLAYBACK", "disabled": false, "defaultCard": "0f82f693-5b78-4cf5-867e-020300000000"}, "g604_g4_m1_shifted": {"id": "g604_g4_m1_shifted", "attribute": "MACRO_PLAYBACK", "disabled": false, "defaultCard": "0f82f693-5b78-4cf5-867e-090700000000"}, "g604_g8_m1": {"id": "g604_g8_m1", "attribute": "MACRO_PLAYBACK", "disabled": false, "defaultCard": "0f82f693-5b78-4cf5-867e-011f00000000"}, "g604_g11_m1_shifted": {"id": "g604_g11_m1_shifted", "attribute": "MACRO_PLAYBACK", "disabled": false, "defaultCard": "0f82f693-5b78-4cf5-867e-090700000000"}, "g604_g2_m1_shifted": {"id": "g604_g2_m1_shifted", "attribute": "MACRO_PLAYBACK", "disabled": false, "defaultCard": "0f82f693-5b78-4cf5-867e-090700000000"}, "g604_g12_m1": {"id": "g604_g12_m1", "attribute": "MACRO_PLAYBACK", "disabled": false, "defaultCard": "0f82f693-5b78-4cf5-867e-040b00000000"}, "g604_g6_m1": {"id": "g604_g6_m1", "attribute": "MACRO_PLAYBACK", "disabled": false, "defaultCard": "0f82f693-5b78-4cf5-867e-020500000000"}, "g604_g9_m1": {"id": "g604_g9_m1", "attribute": "MACRO_PLAYBACK", "disabled": false, "defaultCard": "0f82f693-5b78-4cf5-867e-011e00000000"}, "g604_g10_m1_shifted": {"id": "g604_g10_m1_shifted", "attribute": "MACRO_PLAYBACK", "disabled": false, "defaultCard": "0f82f693-5b78-4cf5-867e-090700000000"}, "g604_mouse_settings": {"id": "g604_mouse_settings", "attribute": "MOUSE_SETTINGS", "disabled": false, "defaultCard": "9b85425b-8c71-4b15-808c-120440850000"}, "g604_g13_m1": {"id": "g604_g13_m1", "attribute": "MACRO_PLAYBACK", "disabled": false, "defaultCard": "0f82f693-5b78-4cf5-867e-040c00000000"}, "g604_g4_m1": {"id": "g604_g4_m1", "attribute": "MACRO_PLAYBACK", "disabled": false, "defaultCard": "0f82f693-5b78-4cf5-867e-040300000000"}, "g604_g10_m1": {"id": "g604_g10_m1", "attribute": "MACRO_PLAYBACK", "disabled": false, "defaultCard": "0f82f693-5b78-4cf5-867e-040200000000"}, "g604_g5_m1_shifted": {"id": "g604_g5_m1_shifted", "attribute": "MACRO_PLAYBACK", "disabled": false, "defaultCard": "0f82f693-5b78-4cf5-867e-090700000000"}, "g604_g1_m1_shifted": {"id": "g604_g1_m1_shifted", "attribute": "MACRO_PLAYBACK", "disabled": false, "defaultCard": "0f82f693-5b78-4cf5-867e-090700000000"}, "g604_g8_m1_shifted": {"id": "g604_g8_m1_shifted", "attribute": "MACRO_PLAYBACK", "disabled": false, "defaultCard": "0f82f693-5b78-4cf5-867e-090700000000"}, "g604_scroll2_m1_shifted": {"id": "g604_scroll2_m1_shifted", "attribute": "MACRO_PLAYBACK", "disabled": false, "defaultCard": "0f82f693-5b78-4cf5-867e-090700000000"}, "g604_g7_m1_shifted": {"id": "g604_g7_m1_shifted", "attribute": "MACRO_PLAYBACK", "disabled": false, "defaultCard": "0f82f693-5b78-4cf5-867e-090700000000"}, "g604_scroll1_m1_shifted": {"id": "g604_scroll1_m1_shifted", "attribute": "MACRO_PLAYBACK", "disabled": false, "defaultCard": "0f82f693-5b78-4cf5-867e-090700000000"}, "g604_scroll2_m1": {"id": "g604_scroll2_m1", "attribute": "MACRO_PLAYBACK", "disabled": false, "defaultCard": "0f82f693-5b78-4cf5-867e-040a00000000"}}}]}}