 {"msgId": "9ccb7214-ad7b-4791-bbea-4c7e5257ce22", "verb": "GET", "path": "/devices/list", "origin": "backend", "result": {"code": "SUCCESS", "what": ""}, "payload": {"@type": "type.googleapis.com/logi.protocol.devices.Device.Info.List", "deviceInfos": [{"id": "dev00000000", "pid": 49992, "firmwareName": "U158", "isSubdevice": false, "state": "ACTIVE", "onboardMode": false, "individualMode": false, "resourcesAvailable": true, "connectionType": "USB", "hasWirelessInterface": false, "displayConnectionType": "USB", "deviceType": "KEYBOARD", "deviceFamily": "", "deviceModel": "g713", "deviceBaseModel": "g713", "displayName": "G713", "extendedDisplayName": "G713 Gaming Keyboard", "slotPrefix": "g713", "thumbnail": "pipeline://core/thumbnails/0573a68d-660a-4100-8cd3-979cbf0519e9", "stringPackage": "07ca074a-72bc-47aa-97c4-48739af94ea2/strings", "deviceExt": 0, "deviceUnitId": "2907676564", "deviceSignature": "KEYBOARD.g713.0.2907676564", "givenName": "", "capabilities": {"lightingSupport": {"deviceCategory": "KEYBOARD_RGB_PER_KEY", "typeMap": {"ZONE_HALO": "COMBINED", "ZONE_ALL": "ALL", "PERKEY_INDICATOR": "KEYBOARD_OTHER", "PERKEY_COSMETIC": "", "PERKEY_GKEY": "", "ZONE_PRIMARY": "PRIMARY", "PERKEY_KEYBOARD": "HID_KEYBOARD", "PERKEY_CONSUMER": "HID_CONSUMER"}, "zones": [{"zoneType": "ZONE_PRIMARY", "supportedEffects": [{"id": "OFF", "syncable": true, "fixedIntensity": false, "signature": false, "inactivityOnly": false}, {"id": "FIXED", "syncable": true, "fixedIntensity": false, "signature": false, "inactivityOnly": false}, {"id": "BREATHING", "syncable": true, "fixedIntensity": false, "signature": false, "inactivityOnly": false}, {"id": "COLOR_CYCLE_S", "syncable": true, "fixedIntensity": false, "signature": false, "inactivityOnly": false}], "onboardCluster": "CLUSTER_ONE"}, {"zoneType": "ZONE_HALO", "supportedEffects": [{"id": "OFF", "syncable": true, "fixedIntensity": false, "signature": false, "inactivityOnly": false}, {"id": "FIXED", "syncable": true, "fixedIntensity": false, "signature": false, "inactivityOnly": false}, {"id": "BREATHING", "syncable": true, "fixedIntensity": false, "signature": false, "inactivityOnly": false}, {"id": "COLOR_CYCLE_S", "syncable": true, "fixedIntensity": false, "signature": false, "inactivityOnly": false}], "onboardCluster": "CLUSTER_DEFAULT"}, {"zoneType": "ZONE_ALL", "supportedEffects": [{"id": "COLORWAVE_S", "syncable": false, "fixedIntensity": false, "signature": false, "inactivityOnly": false}, {"id": "RIPPLE_S", "syncable": false, "fixedIntensity": false, "signature": false, "inactivityOnly": false}, {"id": "SMOOTH_STAR", "syncable": true, "fixedIntensity": false, "signature": true, "inactivityOnly": false}, {"id": "SMOOTH_WAVE", "syncable": true, "fixedIntensity": false, "signature": true, "inactivityOnly": true}, {"id": "CUSTOM", "syncable": false, "fixedIntensity": false, "signature": false, "inactivityOnly": false}], "onboardCluster": "CLUSTER_DEFAULT"}], "isMonochrome": false, "isPerKey": true, "persistence": {"zoneEffects": false, "perKeyFixed": false, "customEffects": {"slots": 2, "entityOffset": 2}}, "hideStartupEffect": false, "shutdownEffect": false, "brightnessLevels": [], "powerSavingEffect": false, "lowBatteryEffect": false, "brightnessPercentage": true, "gamma": false, "firmwareOnly": false, "offRamp": false, "activeDimming": false, "signatureLighting": {"signatureColorOne": {"tag": "", "hex": "#FE8385"}, "signatureColorTwo": {"tag": "", "hex": "#CBE8CE"}, "signatureColorOnePreview": {"tag": "", "hex": "#FF8DAA"}, "signatureColorTwoPreview": {"tag": "", "hex": "#8BE4E9"}, "allowCustomColors": false}, "hasPositionalEffect": true, "hasPastelPalette": true, "hasRingLeds": true, "hasMasterSwitch": false, "needKeepAliveSignal": false}, "sleepTimer": false, "mstateSupport": {"count": 1, "timeOut": 0}, "reportHidControls": {"pages": [{"page": 7, "usages": [{"usage": 58, "button": 1}, {"usage": 59, "button": 2}, {"usage": 60, "button": 3}, {"usage": 61, "button": 4}, {"usage": 62, "button": 5}, {"usage": 63, "button": 6}, {"usage": 64, "button": 7}, {"usage": 65, "button": 8}, {"usage": 66, "button": 9}, {"usage": 67, "button": 10}, {"usage": 68, "button": 11}, {"usage": 69, "button": 12}]}]}, "fnInversion": false, "presentSplashScreen": true, "customizableColor": false, "wirelessReportRate": false, "hybridEngine": false, "advancedSleepTimer": false, "angleSnapping": false, "excludeGShift": false, "hostRemovalSupport": false, "headphoneJack": false, "hostInfos": false, "gkeyLayout": "GKEY_FUNCTION_KEYS_ROW_12", "hasBatteryStatus": false, "powerOffTimer": false, "requiresBackupForDfu": false, "unifiedBattery": false, "dpiLighting": false, "nonInteractive": false, "chargepadCompatible": false, "individuality": false, "defaultSlotFormat": "INVALID_FORMAT", "fnToggle": true}, "activeInterfaces": [{"type": "DEVIO", "id": "046d_c348", "pid": 49992, "modelId": 0, "extendedModel": 0, "serialNumber": "2907676564", "path": "usb\\vid_046d&pid_c348&mi_02\\8&18a2e180&0&0002", "containerId": "d531790e-4ed0-52ed-8361-681142b0cb11", "deviceType": "KEYBOARD", "deviceName": "G713 Gaming Keyboard", "keyboardLayout": "US", "firmwareVersion": "158.1.14", "firmwareName": "U158", "firmwareRevision": 1, "hardwareRevision": 0, "unitId": "2907676564", "connectionType": "USB", "hasOnboardMode": true}], "slots": {"g713_g7_m1_shifted": {"id": "g713_g7_m1_shifted", "attribute": "MACRO_PLAYBACK", "disabled": false}, "g713_g8_m1": {"id": "g713_g8_m1", "attribute": "MACRO_PLAYBACK", "disabled": false}, "g713_g9_m1_shifted": {"id": "g713_g9_m1_shifted", "attribute": "MACRO_PLAYBACK", "disabled": false}, "g713_g6_m1": {"id": "g713_g6_m1", "attribute": "MACRO_PLAYBACK", "disabled": false}, "g713_g10_m1": {"id": "g713_g10_m1", "attribute": "MACRO_PLAYBACK", "disabled": false}, "g713_g7_m1": {"id": "g713_g7_m1", "attribute": "MACRO_PLAYBACK", "disabled": false}, "g713_g2_m1": {"id": "g713_g2_m1", "attribute": "MACRO_PLAYBACK", "disabled": false}, "g713_g2_m1_shifted": {"id": "g713_g2_m1_shifted", "attribute": "MACRO_PLAYBACK", "disabled": false}, "g713_g3_m1": {"id": "g713_g3_m1", "attribute": "MACRO_PLAYBACK", "disabled": false}, "g713_g12_m1": {"id": "g713_g12_m1", "attribute": "MACRO_PLAYBACK", "disabled": false}, "g713_lighting_setting_firmware": {"id": "g713_lighting_setting_firmware", "attribute": "FIRMWARE_LIGHTING_SETTINGS", "disabled": false}, "g713_g9_m1": {"id": "g713_g9_m1", "attribute": "MACRO_PLAYBACK", "disabled": false}, "g713_g3_m1_shifted": {"id": "g713_g3_m1_shifted", "attribute": "MACRO_PLAYBACK", "disabled": false}, "g713_g1_m1_shifted": {"id": "g713_g1_m1_shifted", "attribute": "MACRO_PLAYBACK", "disabled": false}, "g713_g10_m1_shifted": {"id": "g713_g10_m1_shifted", "attribute": "MACRO_PLAYBACK", "disabled": false}, "g713_g12_m1_shifted": {"id": "g713_g12_m1_shifted", "attribute": "MACRO_PLAYBACK", "disabled": false}, "g713_g4_m1_shifted": {"id": "g713_g4_m1_shifted", "attribute": "MACRO_PLAYBACK", "disabled": false}, "g713_g8_m1_shifted": {"id": "g713_g8_m1_shifted", "attribute": "MACRO_PLAYBACK", "disabled": false}, "g713_g5_m1_shifted": {"id": "g713_g5_m1_shifted", "attribute": "MACRO_PLAYBACK", "disabled": false}, "g713_disable_keys": {"id": "g713_disable_keys", "attribute": "DISABLE_KEY_SETTINGS", "disabled": false}, "g713_g4_m1": {"id": "g713_g4_m1", "attribute": "MACRO_PLAYBACK", "disabled": false}, "g713_g11_m1": {"id": "g713_g11_m1", "attribute": "MACRO_PLAYBACK", "disabled": false}, "g713_g11_m1_shifted": {"id": "g713_g11_m1_shifted", "attribute": "MACRO_PLAYBACK", "disabled": false}, "g713_g1_m1": {"id": "g713_g1_m1", "attribute": "MACRO_PLAYBACK", "disabled": false}, "g713_g5_m1": {"id": "g713_g5_m1", "attribute": "MACRO_PLAYBACK", "disabled": false}, "g713_g6_m1_shifted": {"id": "g713_g6_m1_shifted", "attribute": "MACRO_PLAYBACK", "disabled": false}}}]}}