 {"msgId": "febd22e7-5467-4604-9061-b9b5b2268caf", "verb": "GET", "path": "/devices/list", "origin": "backend", "result": {"code": "SUCCESS", "what": ""}, "payload": {"@type": "type.googleapis.com/logi.protocol.devices.Device.Info.List", "deviceInfos": [{"id": "dev00000000", "pid": 2142, "firmwareName": "", "isSubdevice": false, "parentId": "", "state": "ACTIVE", "onboardMode": false, "individualMode": false, "resourcesAvailable": true, "connectionType": "USB", "hasWirelessInterface": false, "displayConnectionType": "USB", "deviceType": "CAMERA", "deviceFamily": "", "deviceModel": "brio", "deviceBaseModel": "brio", "displayName": "BRIO", "extendedDisplayName": "Logitech BRIO", "slotPrefix": "brio", "thumbnail": "pipeline://core/thumbnails/brio.png", "stringPackage": "", "deviceExt": 0, "deviceUnitId": "83011378", "deviceSignature": "CAMERA.brio.0.83011378", "givenName": "", "capabilities": {"sleepTimer": false, "mstateSupport": {"count": 1, "timeOut": 0}, "fnInversion": false, "presentSplashScreen": false, "customizableColor": false, "wirelessReportRate": false, "webcam": {"camera": {"fov": [65, 78, 90], "hdr": true, "audioMode": false, "stabilization": false, "orientation": false}}, "hybridEngine": false, "advancedSleepTimer": false, "angleSnapping": false, "excludeGShift": false, "hostRemovalSupport": false, "headphoneJack": false, "hostInfos": false, "gkeyLayout": "INVALID_GKEY_LAYOUT", "hasBatteryStatus": false, "powerOffTimer": false, "requiresBackupForDfu": false, "unifiedBattery": false, "dpiLighting": false, "hasGlobalDamping": false, "nonInteractive": false, "chargepadCompatible": false, "individuality": false, "defaultSlotFormat": "INVALID_FORMAT", "fnToggle": false, "hasPaddles": false, "isFullHidppWheel": false, "hasConfigurationProfiles": false, "disableCenterSpring": false, "renameDeviceDisplayName": false}, "activeInterfaces": [{"type": "UVC", "id": "046d_085e", "pid": 2142, "modelId": 0, "extendedModel": 0, "serialNumber": "83011378", "path": "\\\\?\\usb#vid_046d&pid_085e&mi_00#8&10d1c5af&1&0000#{65e8773d-8f56-11d0-a3b9-00a0c9223196}\\global", "containerId": "1e76ac99-5845-5a0c-b3e9-62a3b5bcfad0", "deviceType": "INVALID_TYPE", "deviceName": "", "keyboardLayout": "INVALID_LAYOUT", "firmwareVersion": "1.0.379", "firmwareName": "", "firmwareRevision": 0, "hardwareRevision": 0, "unitId": "83011378", "fwEntities": {}, "connectionType": "USB", "hasOnboardMode": false, "parentPath": ""}], "slots": {"brio_video": {"id": "brio_video", "attribute": "VIDEO_SETTINGS", "disabled": false, "defaultCard": "9b85425b-8c71-4b15-808c-120a085e0000"}, "brio_camera": {"id": "brio_camera", "attribute": "CAMERA_SETTINGS", "disabled": false, "defaultCard": "9b85425b-8c71-4b15-808c-1209085e0000"}}, "path": "\\\\?\\usb#vid_046d&pid_085e&mi_00#8&10d1c5af&1&0000#{65e8773d-8f56-11d0-a3b9-00a0c9223196}\\global", "parentPath": ""}, {"id": "dev00000001", "pid": 2195, "firmwareName": "", "isSubdevice": false, "parentId": "", "state": "ACTIVE", "onboardMode": false, "individualMode": false, "resourcesAvailable": true, "connectionType": "USB", "hasWirelessInterface": false, "displayConnectionType": "USB", "deviceType": "CAMERA", "deviceFamily": "", "deviceModel": "streamcam", "deviceBaseModel": "streamcam", "displayName": "StreamCam", "extendedDisplayName": "StreamCam", "slotPrefix": "streamcam", "thumbnail": "pipeline://core/thumbnails/streamcam.png", "stringPackage": "", "deviceExt": 0, "deviceUnitId": "14251AE4", "deviceSignature": "CAMERA.streamcam.0.14251AE4", "givenName": "", "capabilities": {"sleepTimer": false, "mstateSupport": {"count": 1, "timeOut": 0}, "fnInversion": false, "presentSplashScreen": false, "customizableColor": false, "wirelessReportRate": false, "webcam": {"camera": {"fov": [], "hdr": false, "audioMode": true, "stabilization": true, "orientation": true}}, "hybridEngine": false, "advancedSleepTimer": false, "angleSnapping": false, "excludeGShift": false, "hostRemovalSupport": false, "headphoneJack": false, "hostInfos": false, "gkeyLayout": "INVALID_GKEY_LAYOUT", "hasBatteryStatus": false, "powerOffTimer": false, "requiresBackupForDfu": false, "unifiedBattery": false, "dpiLighting": false, "hasGlobalDamping": false, "nonInteractive": false, "chargepadCompatible": false, "individuality": false, "defaultSlotFormat": "INVALID_FORMAT", "fnToggle": false, "hasPaddles": false, "isFullHidppWheel": false, "hasConfigurationProfiles": false, "disableCenterSpring": false, "renameDeviceDisplayName": false}, "activeInterfaces": [{"type": "UVC", "id": "046d_0893", "pid": 2195, "modelId": 0, "extendedModel": 2, "serialNumber": "14251AE4", "path": "\\\\?\\usb#vid_046d&pid_0893&mi_00#6&1c7fc66f&0&0000#{65e8773d-8f56-11d0-a3b9-00a0c9223196}\\global", "containerId": "9b56be8e-9fca-5954-a234-b44294ca411d", "deviceType": "INVALID_TYPE", "deviceName": "", "keyboardLayout": "INVALID_LAYOUT", "firmwareVersion": "1.0.211", "firmwareName": "", "firmwareRevision": 0, "hardwareRevision": 0, "unitId": "14251AE4", "fwEntities": {}, "connectionType": "USB", "hasOnboardMode": false, "parentPath": ""}], "slots": {"streamcam_video": {"id": "streamcam_video", "attribute": "VIDEO_SETTINGS", "disabled": false, "defaultCard": "9b85425b-8c71-4b15-808c-120a08930000"}, "streamcam_camera": {"id": "streamcam_camera", "attribute": "CAMERA_SETTINGS", "disabled": false, "defaultCard": "9b85425b-8c71-4b15-808c-120908930000"}}, "path": "\\\\?\\usb#vid_046d&pid_0893&mi_00#6&1c7fc66f&0&0000#{65e8773d-8f56-11d0-a3b9-00a0c9223196}\\global", "parentPath": ""}]}}