 {"msgId": "e3361d1c-bf30-4a50-b7af-2715a430c19b", "verb": "GET", "path": "/devices/list", "origin": "backend", "result": {"code": "SUCCESS", "what": ""}, "payload": {"@type": "type.googleapis.com/logi.protocol.devices.Device.Info.List", "deviceInfos": [{"id": "dev00000000", "pid": 2746, "firmwareName": "U112", "isSubdevice": false, "state": "ACTIVE", "onboardMode": false, "individualMode": false, "resourcesAvailable": true, "connectionType": "USB", "hasWirelessInterface": false, "displayConnectionType": "LIGHTSPEED", "deviceType": "HEADSET", "deviceFamily": "", "deviceModel": "pro_71_gaming_wireless_headset", "deviceBaseModel": "pro_71_gaming_wireless_headset", "displayName": "PRO X WIRELESS", "extendedDisplayName": "PRO X Wireless Gaming Headset", "slotPrefix": "proxwirelessheadset", "thumbnail": "pipeline://core/thumbnails/pro_headset.png", "stringPackage": "", "deviceExt": 0, "deviceUnitId": "4294967295", "deviceSignature": "HEADSET.pro_71_gaming_wireless_headset.0.4294967295", "givenName": "", "capabilities": {"audio": {"dtsSupported": false, "dolbySupported": false, "denoiserSupported": true, "onboardEqSupported": false, "onboardProEqSupported": false, "dtsHx2eSupported": true, "proEqSupported": false, "blueVoiceSupported": true, "hardwareNoiseReductionSupported": false, "blueVoice2Supported": false, "hidMic": false, "devioVolumeFeatures": false, "centurionEqSupported": false, "lightspeedAuxSupported": false}, "sleepTimer": false, "mstateSupport": {"count": 1, "timeOut": 0}, "fnInversion": false, "presentSplashScreen": false, "customizableColor": false, "wirelessReportRate": false, "hybridEngine": false, "advancedSleepTimer": false, "angleSnapping": false, "excludeGShift": false, "hostRemovalSupport": false, "headphoneJack": false, "hostInfos": false, "gkeyLayout": "INVALID_GKEY_LAYOUT", "hasBatteryStatus": true, "powerOffTimer": true, "requiresBackupForDfu": false, "unifiedBattery": false, "dpiLighting": false, "nonInteractive": false, "chargepadCompatible": false, "individuality": false, "defaultSlotFormat": "INVALID_FORMAT", "fnToggle": false}, "activeInterfaces": [{"type": "DEVIO", "id": "046d_0aba", "pid": 2746, "modelId": 0, "extendedModel": 0, "serialNumber": "4294967295", "path": "\\\\?\\hid#vid_046d&pid_0aba&mi_03&col02#9&8597311&0&0001#{4d1e55b2-f16f-11cf-88cb-001111000030}", "containerId": "761bb52a-d4f7-11ec-a559-103d1c9c2772", "deviceType": "HEADSET", "deviceName": "PRO X Wireless Gaming Headset", "keyboardLayout": "INVALID_LAYOUT", "firmwareVersion": "112.1.203", "firmwareName": "U112", "firmwareRevision": 1, "hardwareRevision": 0, "unitId": "4294967295", "connectionType": "USB", "hasOnboardMode": false}, {"type": "AUDIO", "id": "", "pid": 0, "modelId": 0, "extendedModel": 0, "serialNumber": "", "path": "", "containerId": "761bb52a-d4f7-11ec-a559-103d1c9c2772", "deviceType": "INVALID_TYPE", "deviceName": "", "keyboardLayout": "INVALID_LAYOUT", "firmwareVersion": "", "firmwareName": "", "firmwareRevision": 0, "hardwareRevision": 0, "unitId": "", "connectionType": "VIRTUAL", "hasOnboardMode": false}], "slots": {"proxwirelessheadset_equalizer": {"id": "proxwirelessheadset_equalizer", "attribute": "EQUALIZER", "disabled": false}, "proxwirelessheadset_microphone_settings": {"id": "proxwirelessheadset_microphone_settings", "attribute": "MICROPHONE_SETTINGS", "disabled": false}, "proxwirelessheadset_blue_voice_settings": {"id": "proxwirelessheadset_blue_voice_settings", "attribute": "BLUE_VOICE_SETTINGS", "disabled": false}, "proxwirelessheadset_acoustics": {"id": "proxwirelessheadset_acoustics", "attribute": "ACOUSTICS", "disabled": false}}}]}}