 {"msgId": "478818d5-8dd2-43da-881b-25cde4fbe279", "verb": "GET", "path": "/devices/list", "origin": "backend", "result": {"code": "SUCCESS", "what": ""}, "payload": {"@type": "type.googleapis.com/logi.protocol.devices.Device.Info.List", "deviceInfos": [{"id": "dev00000000", "pid": 49288, "state": "ACTIVE", "onboardMode": false, "individualMode": false, "resourcesAvailable": true, "connectionType": "USB", "hasWirelessInterface": false, "deviceType": "MOUSE", "deviceFamily": "", "deviceModel": "pro_wireless_mouse", "deviceBaseModel": "pro_wireless_mouse", "displayName": "PRO WIRELESS", "extendedDisplayName": "Pro Wireless Mouse", "slotPrefix": "prowirelessmouse", "thumbnail": "pipeline://core/thumbnails/pro_wireless_mouse_black.png", "deviceExt": 0, "deviceUnitId": "1909863820", "deviceSignature": "MOUSE.pro_wireless_mouse.0.1909863820", "givenName": "", "capabilities": {"lightingSupport": {"deviceCategory": "MOUSE_RGB_ZONAL", "typeMap": {"ZONE_PRIMARY": "PRIMARY", "ZONE_BRANDING": "LOGO"}, "zones": [{"zoneType": "ZONE_PRIMARY", "supportedEffects": [{"id": "OFF", "syncable": true, "fixedIntensity": false, "signature": false, "inactivityOnly": false}, {"id": "FIXED", "syncable": true, "fixedIntensity": false, "signature": false, "inactivityOnly": false}, {"id": "CYCLE", "syncable": true, "fixedIntensity": false, "signature": false, "inactivityOnly": false}, {"id": "BREATHING", "syncable": true, "fixedIntensity": false, "signature": false, "inactivityOnly": false}], "onboardCluster": "CLUSTER_DEFAULT"}, {"zoneType": "ZONE_BRANDING", "supportedEffects": [{"id": "OFF", "syncable": true, "fixedIntensity": false, "signature": false, "inactivityOnly": false}, {"id": "FIXED", "syncable": true, "fixedIntensity": false, "signature": false, "inactivityOnly": false}, {"id": "CYCLE", "syncable": true, "fixedIntensity": false, "signature": false, "inactivityOnly": false}, {"id": "BREATHING", "syncable": true, "fixedIntensity": false, "signature": false, "inactivityOnly": false}], "onboardCluster": "CLUSTER_DEFAULT"}], "isMonochrome": false, "isPerKey": false, "hideStartupEffect": false, "shutdownEffect": false, "brightnessLevels": [], "powerSavingEffect": false, "lowBatteryEffect": true, "brightnessPercentage": false, "gamma": false, "firmwareOnly": false, "offRamp": false, "activeDimming": false, "hasPositionalEffect": false}, "sleepTimer": false, "mstateSupport": {"count": 1, "timeOut": 0}, "maskableZones": {"zones": [{"id": "bottom_left", "slotIds": ["prowirelessmouse_g4_m1", "prowirelessmouse_g4_m1_shifted"], "displayIconKey": "mouse_4_buttons_bottom_left_icon", "renderIconKey": "cover_bottom_left", "enabled": false}, {"id": "top_left", "slotIds": ["prowirelessmouse_g5_m1", "prowirelessmouse_g5_m1_shifted"], "displayIconKey": "mouse_4_buttons_top_left_icon", "renderIconKey": "cover_top_left", "enabled": false}, {"id": "bottom_right", "slotIds": ["prowirelessmouse_g7_m1", "prowirelessmouse_g7_m1_shifted"], "displayIconKey": "mouse_4_buttons_bottom_right_icon", "renderIconKey": "cover_bottom_right", "enabled": false}, {"id": "top_right", "slotIds": ["prowirelessmouse_g8_m1", "prowirelessmouse_g8_m1_shifted"], "displayIconKey": "mouse_4_buttons_top_right_icon", "renderIconKey": "cover_top_right", "enabled": false}]}, "fnInversion": false, "presentSplashScreen": false, "customizableColor": false, "wirelessReportRate": false, "hybridEngine": false, "advancedSleepTimer": false, "angleSnapping": false, "excludeGShift": false, "hostRemovalSupport": false, "headphoneJack": false, "hostInfos": false, "gkeyLayout": "INVALID_GKEY_LAYOUT", "hasBatteryStatus": true, "powerOffTimer": false, "requiresBackupForDfu": false, "unifiedBattery": false, "dpiLighting": true, "nonInteractive": false, "receiverPairing": {"receiverType": "LS1", "receiverPid": 0, "pairingAction": "ACTION_POWER_CYCLE", "hasForcePairing": false}, "chargepadCompatible": true, "individuality": false, "defaultSlotFormat": "INVALID_FORMAT"}, "activeInterfaces": [{"type": "DEVIO", "id": "046d_c088", "pid": 49288, "modelId": 0, "extendedModel": 0, "serialNumber": "1909863820", "path": "usb\\vid_046d&pid_c088&mi_02\\6&3666469a&0&0002", "containerId": "19feac48-df44-5300-a741-19cce7eb9ec1", "deviceType": "MOUSE", "deviceName": "G Pro Wireless Gaming Mouse", "keyboardLayout": "INVALID_LAYOUT", "firmwareVersion": "15.2.26", "unitId": "1909863820", "firmwareName": "MPM1502", "connectionType": "USB", "hasOnboardMode": true}], "slots": {"prowirelessmouse_g3_m1": {"id": "prowirelessmouse_g3_m1", "attribute": "MACRO_PLAYBACK", "disabled": false}, "prowirelessmouse_g2_m1": {"id": "prowirelessmouse_g2_m1", "attribute": "MACRO_PLAYBACK", "disabled": false}, "prowirelessmouse_g5_m1_shifted": {"id": "prowirelessmouse_g5_m1_shifted", "attribute": "MACRO_PLAYBACK", "disabled": false}, "prowirelessmouse_g1_m1": {"id": "prowirelessmouse_g1_m1", "attribute": "MACRO_PLAYBACK", "disabled": false}, "prowirelessmouse_g2_m1_shifted": {"id": "prowirelessmouse_g2_m1_shifted", "attribute": "MACRO_PLAYBACK", "disabled": false}, "prowirelessmouse_g4_m1": {"id": "prowirelessmouse_g4_m1", "attribute": "MACRO_PLAYBACK", "disabled": false}, "prowirelessmouse_g8_m1_shifted": {"id": "prowirelessmouse_g8_m1_shifted", "attribute": "MACRO_PLAYBACK", "disabled": false}, "prowirelessmouse_g1_m1_shifted": {"id": "prowirelessmouse_g1_m1_shifted", "attribute": "MACRO_PLAYBACK", "disabled": false}, "prowirelessmouse_g8_m1": {"id": "prowirelessmouse_g8_m1", "attribute": "MACRO_PLAYBACK", "disabled": false}, "prowirelessmouse_g6_m1_shifted": {"id": "prowirelessmouse_g6_m1_shifted", "attribute": "MACRO_PLAYBACK", "disabled": false}, "prowirelessmouse_g7_m1_shifted": {"id": "prowirelessmouse_g7_m1_shifted", "attribute": "MACRO_PLAYBACK", "disabled": false}, "prowirelessmouse_lighting_setting_firmware": {"id": "prowirelessmouse_lighting_setting_firmware", "attribute": "FIRMWARE_LIGHTING_SETTINGS", "disabled": false}, "prowirelessmouse_mouse_settings": {"id": "prowirelessmouse_mouse_settings", "attribute": "MOUSE_SETTINGS", "disabled": false}, "prowirelessmouse_g6_m1": {"id": "prowirelessmouse_g6_m1", "attribute": "MACRO_PLAYBACK", "disabled": false}, "prowirelessmouse_g4_m1_shifted": {"id": "prowirelessmouse_g4_m1_shifted", "attribute": "MACRO_PLAYBACK", "disabled": false}, "prowirelessmouse_g7_m1": {"id": "prowirelessmouse_g7_m1", "attribute": "MACRO_PLAYBACK", "disabled": false}, "prowirelessmouse_g5_m1": {"id": "prowirelessmouse_g5_m1", "attribute": "MACRO_PLAYBACK", "disabled": false}, "prowirelessmouse_g3_m1_shifted": {"id": "prowirelessmouse_g3_m1_shifted", "attribute": "MACRO_PLAYBACK", "disabled": false}}}, {"id": "dev00000001", "pid": 49963, "state": "ACTIVE", "onboardMode": false, "individualMode": false, "resourcesAvailable": true, "connectionType": "USB", "hasWirelessInterface": false, "deviceType": "KEYBOARD", "deviceFamily": "", "deviceModel": "g910v1", "deviceBaseModel": "g910v1", "displayName": "G910", "extendedDisplayName": "G910 Orion Spark", "slotPrefix": "g910", "thumbnail": "pipeline://core/thumbnails/g910.png", "deviceExt": 0, "deviceUnitId": "859326221", "deviceSignature": "KEYBOARD.g910v1.0.859326221", "givenName": "", "capabilities": {"lightingSupport": {"deviceCategory": "KEYBOARD_RGB_PER_KEY", "typeMap": {"PERKEY_KEYBOARD": "HID_KEYBOARD", "PERKEY_BRANDING": "LOGO", "ZONE_PRIMARY": "PRIMARY", "ZONE_BRANDING": "LOGO", "PERKEY_GKEY": "G_KEY"}, "zones": [{"zoneType": "ZONE_PRIMARY", "supportedEffects": [{"id": "OFF", "syncable": true, "fixedIntensity": false, "signature": false, "inactivityOnly": false}, {"id": "FIXED", "syncable": true, "fixedIntensity": false, "signature": false, "inactivityOnly": false}, {"id": "CYCLE", "syncable": true, "fixedIntensity": true, "signature": false, "inactivityOnly": false}, {"id": "COLORWAVE", "syncable": false, "fixedIntensity": true, "signature": false, "inactivityOnly": false}, {"id": "BREATHING", "syncable": true, "fixedIntensity": true, "signature": false, "inactivityOnly": false}], "onboardCluster": "CLUSTER_DEFAULT"}, {"zoneType": "ZONE_BRANDING", "supportedEffects": [{"id": "OFF", "syncable": true, "fixedIntensity": false, "signature": false, "inactivityOnly": false}, {"id": "FIXED", "syncable": true, "fixedIntensity": false, "signature": false, "inactivityOnly": false}, {"id": "CYCLE", "syncable": true, "fixedIntensity": true, "signature": false, "inactivityOnly": false}, {"id": "BREATHING", "syncable": true, "fixedIntensity": true, "signature": false, "inactivityOnly": false}], "onboardCluster": "CLUSTER_DEFAULT"}], "isMonochrome": false, "isPerKey": true, "hideStartupEffect": false, "shutdownEffect": false, "brightnessLevels": [], "powerSavingEffect": false, "lowBatteryEffect": false, "brightnessPercentage": false, "gamma": false, "firmwareOnly": false, "offRamp": false, "activeDimming": false, "hasPositionalEffect": false}, "sleepTimer": false, "mstateSupport": {"count": 3, "timeOut": 0}, "fnInversion": false, "presentSplashScreen": false, "customizableColor": false, "wirelessReportRate": false, "hybridEngine": false, "advancedSleepTimer": false, "angleSnapping": false, "excludeGShift": false, "hostRemovalSupport": false, "headphoneJack": false, "hostInfos": false, "gkeyLayout": "GKEY_LEFT_COLUMN_5_TOP_ROW_4", "hasBatteryStatus": false, "powerOffTimer": false, "requiresBackupForDfu": false, "unifiedBattery": false, "dpiLighting": false, "nonInteractive": false, "chargepadCompatible": false, "individuality": false, "defaultSlotFormat": "INVALID_FORMAT"}, "activeInterfaces": [{"type": "DEVIO", "id": "046d_c32b", "pid": 49963, "modelId": 0, "extendedModel": 0, "serialNumber": "859326221", "path": "usb\\vid_046d&pid_c32b&mi_01\\8&3168b6e7&0&0001", "containerId": "124056ae-df36-5e36-8b8d-c6e59054206b", "deviceType": "KEYBOARD", "deviceName": "G910 Orion Spark", "keyboardLayout": "US", "firmwareVersion": "92.4.26", "unitId": "859326221", "firmwareName": "U9204", "connectionType": "USB", "hasOnboardMode": false}], "slots": {"g910_g8_m1": {"id": "g910_g8_m1", "attribute": "MACRO_PLAYBACK", "disabled": false}, "g910_g3_m2": {"id": "g910_g3_m2", "attribute": "MACRO_PLAYBACK", "disabled": false}, "g910_g8_m2_shifted": {"id": "g910_g8_m2_shifted", "attribute": "MACRO_PLAYBACK", "disabled": false}, "g910_g9_m1_shifted": {"id": "g910_g9_m1_shifted", "attribute": "MACRO_PLAYBACK", "disabled": false}, "g910_g2_m3_shifted": {"id": "g910_g2_m3_shifted", "attribute": "MACRO_PLAYBACK", "disabled": false}, "g910_g2_m1_shifted": {"id": "g910_g2_m1_shifted", "attribute": "MACRO_PLAYBACK", "disabled": false}, "g910_g6_m3": {"id": "g910_g6_m3", "attribute": "MACRO_PLAYBACK", "disabled": false}, "g910_g2_m2": {"id": "g910_g2_m2", "attribute": "MACRO_PLAYBACK", "disabled": false}, "g910_g4_m1_shifted": {"id": "g910_g4_m1_shifted", "attribute": "MACRO_PLAYBACK", "disabled": false}, "g910_g5_m1_shifted": {"id": "g910_g5_m1_shifted", "attribute": "MACRO_PLAYBACK", "disabled": false}, "g910_g1_m2": {"id": "g910_g1_m2", "attribute": "MACRO_PLAYBACK", "disabled": false}, "g910_g8_m2": {"id": "g910_g8_m2", "attribute": "MACRO_PLAYBACK", "disabled": false}, "g910_g9_m1": {"id": "g910_g9_m1", "attribute": "MACRO_PLAYBACK", "disabled": false}, "g910_g7_m2_shifted": {"id": "g910_g7_m2_shifted", "attribute": "MACRO_PLAYBACK", "disabled": false}, "g910_g8_m3_shifted": {"id": "g910_g8_m3_shifted", "attribute": "MACRO_PLAYBACK", "disabled": false}, "g910_g5_m3_shifted": {"id": "g910_g5_m3_shifted", "attribute": "MACRO_PLAYBACK", "disabled": false}, "g910_g9_m3": {"id": "g910_g9_m3", "attribute": "MACRO_PLAYBACK", "disabled": false}, "g910_g4_m2_shifted": {"id": "g910_g4_m2_shifted", "attribute": "MACRO_PLAYBACK", "disabled": false}, "g910_g4_m3_shifted": {"id": "g910_g4_m3_shifted", "attribute": "MACRO_PLAYBACK", "disabled": false}, "g910_g1_m1_shifted": {"id": "g910_g1_m1_shifted", "attribute": "MACRO_PLAYBACK", "disabled": false}, "g910_g4_m2": {"id": "g910_g4_m2", "attribute": "MACRO_PLAYBACK", "disabled": false}, "g910_g6_m2": {"id": "g910_g6_m2", "attribute": "MACRO_PLAYBACK", "disabled": false}, "g910_g3_m1_shifted": {"id": "g910_g3_m1_shifted", "attribute": "MACRO_PLAYBACK", "disabled": false}, "g910_g2_m1": {"id": "g910_g2_m1", "attribute": "MACRO_PLAYBACK", "disabled": false}, "g910_g1_m3_shifted": {"id": "g910_g1_m3_shifted", "attribute": "MACRO_PLAYBACK", "disabled": false}, "g910_g8_m3": {"id": "g910_g8_m3", "attribute": "MACRO_PLAYBACK", "disabled": false}, "g910_g3_m3_shifted": {"id": "g910_g3_m3_shifted", "attribute": "MACRO_PLAYBACK", "disabled": false}, "g910_g1_m3": {"id": "g910_g1_m3", "attribute": "MACRO_PLAYBACK", "disabled": false}, "g910_g1_m2_shifted": {"id": "g910_g1_m2_shifted", "attribute": "MACRO_PLAYBACK", "disabled": false}, "g910_g6_m2_shifted": {"id": "g910_g6_m2_shifted", "attribute": "MACRO_PLAYBACK", "disabled": false}, "g910_g9_m2_shifted": {"id": "g910_g9_m2_shifted", "attribute": "MACRO_PLAYBACK", "disabled": false}, "g910_g2_m2_shifted": {"id": "g910_g2_m2_shifted", "attribute": "MACRO_PLAYBACK", "disabled": false}, "g910_g4_m3": {"id": "g910_g4_m3", "attribute": "MACRO_PLAYBACK", "disabled": false}, "g910_g2_m3": {"id": "g910_g2_m3", "attribute": "MACRO_PLAYBACK", "disabled": false}, "g910_g1_m1": {"id": "g910_g1_m1", "attribute": "MACRO_PLAYBACK", "disabled": false}, "g910_disable_keys": {"id": "g910_disable_keys", "attribute": "DISABLE_KEY_SETTINGS", "disabled": false}, "g910_g9_m3_shifted": {"id": "g910_g9_m3_shifted", "attribute": "MACRO_PLAYBACK", "disabled": false}, "g910_lighting_setting_firmware": {"id": "g910_lighting_setting_firmware", "attribute": "FIRMWARE_LIGHTING_SETTINGS", "disabled": false}, "g910_g7_m1_shifted": {"id": "g910_g7_m1_shifted", "attribute": "MACRO_PLAYBACK", "disabled": false}, "g910_g3_m1": {"id": "g910_g3_m1", "attribute": "MACRO_PLAYBACK", "disabled": false}, "g910_g7_m3": {"id": "g910_g7_m3", "attribute": "MACRO_PLAYBACK", "disabled": false}, "g910_g3_m3": {"id": "g910_g3_m3", "attribute": "MACRO_PLAYBACK", "disabled": false}, "g910_g7_m1": {"id": "g910_g7_m1", "attribute": "MACRO_PLAYBACK", "disabled": false}, "g910_g3_m2_shifted": {"id": "g910_g3_m2_shifted", "attribute": "MACRO_PLAYBACK", "disabled": false}, "g910_g4_m1": {"id": "g910_g4_m1", "attribute": "MACRO_PLAYBACK", "disabled": false}, "g910_g6_m3_shifted": {"id": "g910_g6_m3_shifted", "attribute": "MACRO_PLAYBACK", "disabled": false}, "g910_g6_m1": {"id": "g910_g6_m1", "attribute": "MACRO_PLAYBACK", "disabled": false}, "g910_g5_m2": {"id": "g910_g5_m2", "attribute": "MACRO_PLAYBACK", "disabled": false}, "g910_g5_m2_shifted": {"id": "g910_g5_m2_shifted", "attribute": "MACRO_PLAYBACK", "disabled": false}, "g910_g7_m3_shifted": {"id": "g910_g7_m3_shifted", "attribute": "MACRO_PLAYBACK", "disabled": false}, "g910_g6_m1_shifted": {"id": "g910_g6_m1_shifted", "attribute": "MACRO_PLAYBACK", "disabled": false}, "g910_g9_m2": {"id": "g910_g9_m2", "attribute": "MACRO_PLAYBACK", "disabled": false}, "g910_g5_m1": {"id": "g910_g5_m1", "attribute": "MACRO_PLAYBACK", "disabled": false}, "g910_g7_m2": {"id": "g910_g7_m2", "attribute": "MACRO_PLAYBACK", "disabled": false}, "g910_g5_m3": {"id": "g910_g5_m3", "attribute": "MACRO_PLAYBACK", "disabled": false}, "g910_g8_m1_shifted": {"id": "g910_g8_m1_shifted", "attribute": "MACRO_PLAYBACK", "disabled": false}}}]}}