 {"msgId": "89dbd529-5991-40da-a64f-443cf4462914", "verb": "GET", "path": "/devices/list", "origin": "backend", "result": {"code": "SUCCESS", "what": ""}, "payload": {"@type": "type.googleapis.com/logi.protocol.devices.Device.Info.List", "deviceInfos": [{"id": "dev00000000", "pid": 49978, "state": "ACTIVE", "onboardMode": false, "resourcesAvailable": true, "connectionType": "USB", "hasWirelessInterface": false, "deviceType": "KEYBOARD", "deviceModel": "g413", "displayName": "G413", "extendedDisplayName": "G413 Carbon", "slotPrefix": "g413", "thumbnail": "pipeline://core/thumbnails/g413.png", "capabilities": {"lightingSupport": {"deviceCategory": "KEYBOARD_MONO_ZONAL", "typeMap": {"ZONE_PRIMARY": "PRIMARY"}, "zones": [{"zoneType": "ZONE_PRIMARY", "supportedEffects": [{"id": "OFF", "syncable": true, "fixedIntensity": false, "signature": false, "inactivityOnly": false}, {"id": "FIXED", "syncable": true, "fixedIntensity": false, "signature": false, "inactivityOnly": false}, {"id": "BREATHING", "syncable": true, "fixedIntensity": true, "signature": false, "inactivityOnly": false}], "onboardCluster": "CLUSTER_DEFAULT"}], "isMonochrome": true, "color": {"tag": "", "hex": "#ff0000"}, "isPerKey": false, "hideStartupEffect": true, "shutdownEffect": false, "brightnessLevels": [], "powerSavingEffect": false, "lowBatteryEffect": false, "brightnessPercentage": false, "gamma": false, "firmwareOnly": false, "offRamp": false, "activeDimming": false}, "sleepTimer": false, "mstateSupport": {"count": 1, "timeOut": 0}, "reportHidControls": {"pages": [{"page": 7, "usages": [{"usage": 58, "button": 1}, {"usage": 59, "button": 2}, {"usage": 60, "button": 3}, {"usage": 61, "button": 4}, {"usage": 62, "button": 5}, {"usage": 63, "button": 6}, {"usage": 64, "button": 7}, {"usage": 65, "button": 8}, {"usage": 66, "button": 9}, {"usage": 67, "button": 10}, {"usage": 68, "button": 11}, {"usage": 69, "button": 12}]}]}, "fnInversion": true, "presentSplashScreen": false, "customizableColor": false, "wirelessReportRate": false, "hybridEngine": false, "advancedSleepTimer": false, "angleSnapping": false, "excludeGShift": false, "hostRemovalSupport": false, "headphoneJack": false, "hostInfos": false, "gkeyLayout": "INVALID_GKEY_LAYOUT", "hasBatteryStatus": false, "powerOffTimer": false, "requiresBackupForDfu": false, "unifiedBattery": false, "dpiLighting": false, "nonInteractive": false, "chargepadCompatible": false}, "activeInterfaces": [{"type": "DEVIO", "id": "046d_c33a", "pid": 49978, "modelId": 0, "extendedModel": 0, "serialNumber": "858801922", "path": "IOService:/AppleARMPE/arm-io@10F00000/AppleT810xIO/apcie@90000000/AppleT8103PCIe/pci-bridge1@1/IOPP/pcie-xhci@0/AppleEmbeddedUSBXHCIFL1100@02000000/pcie-xhci-hs-port1@02100000/USBHub3p-2[A]@02100000/AppleUSB20Hub@02100000/AppleUSB20HubPort@02140000/USBHub3p-2[0-3]@02140000/AppleUSB20Hub@02140000/AppleUSB20HubPort@02141000/G413 Carbon Mechanical Gaming Keyboard@02141000/IOUSBHostInterface@1/AppleUserUSBHostHIDDevice", "containerId": "0x2141000", "deviceType": "KEYBOARD", "deviceName": "G413 Carbon Mechanical Gaming Keyboard", "keyboardLayout": "THAI", "firmwareVersion": "114.0.8", "connectionType": "USB", "hasOnboardMode": false}], "slots": {"g413_g11_m1": {"id": "g413_g11_m1", "attribute": "MACRO_PLAYBACK", "disabled": false}, "g413_g5_m1_shifted": {"id": "g413_g5_m1_shifted", "attribute": "MACRO_PLAYBACK", "disabled": false}, "g413_g9_m1": {"id": "g413_g9_m1", "attribute": "MACRO_PLAYBACK", "disabled": false}, "g413_g6_m1_shifted": {"id": "g413_g6_m1_shifted", "attribute": "MACRO_PLAYBACK", "disabled": false}, "g413_g7_m1": {"id": "g413_g7_m1", "attribute": "MACRO_PLAYBACK", "disabled": false}, "g413_disable_keys": {"id": "g413_disable_keys", "attribute": "DISABLE_KEY_SETTINGS", "disabled": false}, "g413_g6_m1": {"id": "g413_g6_m1", "attribute": "MACRO_PLAYBACK", "disabled": false}, "g413_g12_m1_shifted": {"id": "g413_g12_m1_shifted", "attribute": "MACRO_PLAYBACK", "disabled": false}, "g413_g3_m1_shifted": {"id": "g413_g3_m1_shifted", "attribute": "MACRO_PLAYBACK", "disabled": false}, "g413_g8_m1_shifted": {"id": "g413_g8_m1_shifted", "attribute": "MACRO_PLAYBACK", "disabled": false}, "g413_g1_m1": {"id": "g413_g1_m1", "attribute": "MACRO_PLAYBACK", "disabled": false}, "g413_g1_m1_shifted": {"id": "g413_g1_m1_shifted", "attribute": "MACRO_PLAYBACK", "disabled": false}, "g413_g12_m1": {"id": "g413_g12_m1", "attribute": "MACRO_PLAYBACK", "disabled": false}, "g413_g5_m1": {"id": "g413_g5_m1", "attribute": "MACRO_PLAYBACK", "disabled": false}, "g413_g2_m1": {"id": "g413_g2_m1", "attribute": "MACRO_PLAYBACK", "disabled": false}, "g413_g3_m1": {"id": "g413_g3_m1", "attribute": "MACRO_PLAYBACK", "disabled": false}, "g413_g11_m1_shifted": {"id": "g413_g11_m1_shifted", "attribute": "MACRO_PLAYBACK", "disabled": false}, "g413_g10_m1": {"id": "g413_g10_m1", "attribute": "MACRO_PLAYBACK", "disabled": false}, "g413_g9_m1_shifted": {"id": "g413_g9_m1_shifted", "attribute": "MACRO_PLAYBACK", "disabled": false}, "g413_g4_m1_shifted": {"id": "g413_g4_m1_shifted", "attribute": "MACRO_PLAYBACK", "disabled": false}, "g413_g2_m1_shifted": {"id": "g413_g2_m1_shifted", "attribute": "MACRO_PLAYBACK", "disabled": false}, "g413_g4_m1": {"id": "g413_g4_m1", "attribute": "MACRO_PLAYBACK", "disabled": false}, "g413_g7_m1_shifted": {"id": "g413_g7_m1_shifted", "attribute": "MACRO_PLAYBACK", "disabled": false}, "g413_g10_m1_shifted": {"id": "g413_g10_m1_shifted", "attribute": "MACRO_PLAYBACK", "disabled": false}, "g413_g8_m1": {"id": "g413_g8_m1", "attribute": "MACRO_PLAYBACK", "disabled": false}, "g413_lighting_setting_firmware": {"id": "g413_lighting_setting_firmware", "attribute": "FIRMWARE_LIGHTING_SETTINGS", "disabled": false}}}]}}