 {"msgId": "0f953601-3ab5-4fb7-a9fc-95095857a29b", "verb": "GET", "path": "/devices/list", "origin": "backend", "result": {"code": "SUCCESS", "what": ""}, "payload": {"@type": "type.googleapis.com/logi.protocol.devices.Device.Info.List", "deviceInfos": [{"id": "dev00000000", "pid": 49300, "firmwareName": "MPM25", "isSubdevice": false, "parentId": "", "state": "ACTIVE", "onboardMode": false, "individualMode": false, "resourcesAvailable": true, "connectionType": "USB", "hasWirelessInterface": false, "displayConnectionType": "USB", "deviceType": "MOUSE", "deviceFamily": "", "deviceModel": "pro_x_wireless_mouse", "deviceBaseModel": "pro_x_wireless_mouse", "displayName": "PRO X SUPERLIGHT", "extendedDisplayName": "PRO X SUPERLIGHT Wireless Mouse", "slotPrefix": "proxwirelessmouse", "thumbnail": "pipeline://core/thumbnails/pro_x_wireless_mouse.png", "stringPackage": "", "deviceExt": 0, "deviceUnitId": "1362517203", "deviceSignature": "MOUSE.pro_x_wireless_mouse.0.1362517203", "givenName": "", "capabilities": {"sleepTimer": false, "mstateSupport": {"count": 1, "timeOut": 0}, "fnInversion": false, "presentSplashScreen": false, "customizableColor": false, "wirelessReportRate": false, "dpiIndicatorLed": {"zoneType": "PRIMARY", "steps": {"1": {"tag": "", "hex": "#FFFF00"}, "2": {"tag": "", "hex": "#FFFFFF"}, "5": {"tag": "", "hex": "#8D40FF"}, "3": {"tag": "", "hex": "#FF9900"}, "4": {"tag": "", "hex": "#FF0293"}}}, "hybridEngine": false, "advancedSleepTimer": false, "angleSnapping": false, "excludeGShift": false, "hostRemovalSupport": false, "headphoneJack": false, "hostInfos": false, "gkeyLayout": "INVALID_GKEY_LAYOUT", "hasBatteryStatus": true, "powerOffTimer": false, "requiresBackupForDfu": false, "unifiedBattery": true, "dpiLighting": false, "hasGlobalDamping": false, "nonInteractive": false, "receiverPairing": {"receiverType": "LS2", "receiverPid": 0, "pairingAction": "ACTION_POWER_CYCLE", "hasForcePairing": true}, "chargepadCompatible": true, "individuality": false, "defaultSlotFormat": "INVALID_FORMAT", "fnToggle": false, "hasPaddles": false, "isFullHidppWheel": false, "hasConfigurationProfiles": false, "disableCenterSpring": false}, "activeInterfaces": [{"type": "DEVIO", "id": "046d_c094", "pid": 49300, "modelId": 0, "extendedModel": 0, "serialNumber": "1362517203", "path": "usb\\vid_046d&pid_c094&mi_02\\8&84f5e6f&0&0002", "containerId": "3cf1b17d-8692-5e26-8152-1889f6d1e811", "deviceType": "MOUSE", "deviceName": "PRO X Wireless", "keyboardLayout": "INVALID_LAYOUT", "firmwareVersion": "25.1.18", "firmwareName": "MPM25", "firmwareRevision": 1, "hardwareRevision": 0, "unitId": "1362517203", "fwEntities": {}, "connectionType": "USB", "hasOnboardMode": true}], "slots": {"proxwirelessmouse_g1_m1": {"id": "proxwirelessmouse_g1_m1", "attribute": "MACRO_PLAYBACK", "disabled": false, "defaultCard": "0f82f693-5b78-4cf5-867e-020100000000"}, "proxwirelessmouse_mouse_settings": {"id": "proxwirelessmouse_mouse_settings", "attribute": "MOUSE_SETTINGS", "disabled": false, "defaultCard": "9b85425b-8c71-4b15-808c-1204c0940000"}, "proxwirelessmouse_g3_m1": {"id": "proxwirelessmouse_g3_m1", "attribute": "MACRO_PLAYBACK", "disabled": false, "defaultCard": "0f82f693-5b78-4cf5-867e-020300000000"}, "proxwirelessmouse_g5_m1": {"id": "proxwirelessmouse_g5_m1", "attribute": "MACRO_PLAYBACK", "disabled": false, "defaultCard": "0f82f693-5b78-4cf5-867e-020500000000"}, "proxwirelessmouse_g4_m1": {"id": "proxwirelessmouse_g4_m1", "attribute": "MACRO_PLAYBACK", "disabled": false, "defaultCard": "0f82f693-5b78-4cf5-867e-020400000000"}, "proxwirelessmouse_g2_m1_shifted": {"id": "proxwirelessmouse_g2_m1_shifted", "attribute": "MACRO_PLAYBACK", "disabled": false, "defaultCard": "0f82f693-5b78-4cf5-867e-090700000000"}, "proxwirelessmouse_g3_m1_shifted": {"id": "proxwirelessmouse_g3_m1_shifted", "attribute": "MACRO_PLAYBACK", "disabled": false, "defaultCard": "0f82f693-5b78-4cf5-867e-090700000000"}, "proxwirelessmouse_g2_m1": {"id": "proxwirelessmouse_g2_m1", "attribute": "MACRO_PLAYBACK", "disabled": false, "defaultCard": "0f82f693-5b78-4cf5-867e-020200000000"}, "proxwirelessmouse_g5_m1_shifted": {"id": "proxwirelessmouse_g5_m1_shifted", "attribute": "MACRO_PLAYBACK", "disabled": false, "defaultCard": "0f82f693-5b78-4cf5-867e-090700000000"}, "proxwirelessmouse_g4_m1_shifted": {"id": "proxwirelessmouse_g4_m1_shifted", "attribute": "MACRO_PLAYBACK", "disabled": false, "defaultCard": "0f82f693-5b78-4cf5-867e-090700000000"}, "proxwirelessmouse_g1_m1_shifted": {"id": "proxwirelessmouse_g1_m1_shifted", "attribute": "MACRO_PLAYBACK", "disabled": false, "defaultCard": "0f82f693-5b78-4cf5-867e-090700000000"}}}, {"id": "dev00000001", "pid": 49974, "firmwareName": "U109", "isSubdevice": false, "parentId": "", "state": "ACTIVE", "onboardMode": false, "individualMode": false, "resourcesAvailable": true, "connectionType": "USB", "hasWirelessInterface": false, "displayConnectionType": "USB", "deviceType": "KEYBOARD", "deviceFamily": "", "deviceModel": "g213", "deviceBaseModel": "g213", "displayName": "G213", "extendedDisplayName": "G213 Prodigy Keyboard", "slotPrefix": "g213", "thumbnail": "pipeline://core/thumbnails/g213.png", "stringPackage": "", "deviceExt": 0, "deviceUnitId": "808470276", "deviceSignature": "KEYBOARD.g213.0.808470276", "givenName": "", "capabilities": {"lightingSupport": {"deviceCategory": "KEYBOARD_RGB_ZONAL", "typeMap": {"ZONE_TWO": "ZONAL_TWO", "ZONE_FIVE": "ZONAL_FIVE", "ZONE_ONE": "ZONAL_ONE", "ZONE_FOUR": "ZONAL_FOUR", "ZONE_THREE": "ZONAL_THREE", "ZONE_PRIMARY": "PRIMARY"}, "zones": [{"zoneType": "ZONE_PRIMARY", "supportedEffects": [{"id": "OFF", "syncable": true, "fixedIntensity": false, "signature": false, "inactivityOnly": false}, {"id": "FIXED", "syncable": true, "fixedIntensity": false, "signature": false, "inactivityOnly": false}, {"id": "CYCLE", "syncable": true, "fixedIntensity": true, "signature": false, "inactivityOnly": false}, {"id": "COLORWAVE", "syncable": false, "fixedIntensity": true, "signature": false, "inactivityOnly": false}, {"id": "BREATHING", "syncable": true, "fixedIntensity": true, "signature": false, "inactivityOnly": false}], "onboardCluster": "CLUSTER_DEFAULT"}], "isMonochrome": false, "isPerKey": false, "hideStartupEffect": false, "shutdownEffect": false, "brightnessLevels": [], "powerSavingEffect": false, "lowBatteryEffect": false, "brightnessPercentage": false, "gamma": false, "firmwareOnly": false, "offRamp": false, "activeDimming": false, "hasPositionalEffect": false, "hasPastelPalette": false, "hasRingLeds": false, "hasMasterSwitch": false, "needKeepAliveSignal": false}, "sleepTimer": false, "mstateSupport": {"count": 1, "timeOut": 0}, "reportHidControls": {"pages": [{"page": 7, "usages": [{"usage": 58, "button": 1}, {"usage": 59, "button": 2}, {"usage": 60, "button": 3}, {"usage": 61, "button": 4}, {"usage": 62, "button": 5}, {"usage": 63, "button": 6}, {"usage": 64, "button": 7}, {"usage": 65, "button": 8}, {"usage": 66, "button": 9}, {"usage": 67, "button": 10}, {"usage": 68, "button": 11}, {"usage": 69, "button": 12}]}]}, "fnInversion": false, "presentSplashScreen": false, "customizableColor": false, "wirelessReportRate": false, "hybridEngine": false, "advancedSleepTimer": false, "angleSnapping": false, "excludeGShift": false, "hostRemovalSupport": false, "headphoneJack": false, "hostInfos": false, "gkeyLayout": "INVALID_GKEY_LAYOUT", "hasBatteryStatus": false, "powerOffTimer": false, "requiresBackupForDfu": false, "unifiedBattery": false, "dpiLighting": false, "hasGlobalDamping": false, "nonInteractive": false, "chargepadCompatible": false, "individuality": false, "defaultSlotFormat": "INVALID_FORMAT", "fnToggle": false, "hasPaddles": false, "isFullHidppWheel": false, "hasConfigurationProfiles": false, "disableCenterSpring": false}, "activeInterfaces": [{"type": "DEVIO", "id": "046d_c336", "pid": 49974, "modelId": 0, "extendedModel": 0, "serialNumber": "808470276", "path": "usb\\vid_046d&pid_c336&mi_01\\6&a5db2a2&0&0001", "containerId": "3479ad1f-68ec-5067-940f-26fb3479c3a7", "deviceType": "KEYBOARD", "deviceName": "Gaming Keyboard G213", "keyboardLayout": "US", "firmwareVersion": "109.0.6", "firmwareName": "U109", "firmwareRevision": 0, "hardwareRevision": 0, "unitId": "808470276", "fwEntities": {}, "connectionType": "USB", "hasOnboardMode": false}], "slots": {"g213_g4_m1": {"id": "g213_g4_m1", "attribute": "MACRO_PLAYBACK", "disabled": false, "defaultCard": "0f82f693-5b78-4cf5-867e-013d00000000"}, "g213_g11_m1_shifted": {"id": "g213_g11_m1_shifted", "attribute": "MACRO_PLAYBACK", "disabled": false, "defaultCard": "0f82f693-5b78-4cf5-867e-090700000000"}, "g213_g6_m1_shifted": {"id": "g213_g6_m1_shifted", "attribute": "MACRO_PLAYBACK", "disabled": false, "defaultCard": "0f82f693-5b78-4cf5-867e-090700000000"}, "g213_g9_m1": {"id": "g213_g9_m1", "attribute": "MACRO_PLAYBACK", "disabled": false, "defaultCard": "0f82f693-5b78-4cf5-867e-014200000000"}, "g213_g5_m1_shifted": {"id": "g213_g5_m1_shifted", "attribute": "MACRO_PLAYBACK", "disabled": false, "defaultCard": "0f82f693-5b78-4cf5-867e-090700000000"}, "g213_g9_m1_shifted": {"id": "g213_g9_m1_shifted", "attribute": "MACRO_PLAYBACK", "disabled": false, "defaultCard": "0f82f693-5b78-4cf5-867e-090700000000"}, "g213_g2_m1": {"id": "g213_g2_m1", "attribute": "MACRO_PLAYBACK", "disabled": false, "defaultCard": "0f82f693-5b78-4cf5-867e-013b00000000"}, "g213_g2_m1_shifted": {"id": "g213_g2_m1_shifted", "attribute": "MACRO_PLAYBACK", "disabled": false, "defaultCard": "0f82f693-5b78-4cf5-867e-090700000000"}, "g213_g4_m1_shifted": {"id": "g213_g4_m1_shifted", "attribute": "MACRO_PLAYBACK", "disabled": false, "defaultCard": "0f82f693-5b78-4cf5-867e-090700000000"}, "g213_g8_m1_shifted": {"id": "g213_g8_m1_shifted", "attribute": "MACRO_PLAYBACK", "disabled": false, "defaultCard": "0f82f693-5b78-4cf5-867e-090700000000"}, "g213_g11_m1": {"id": "g213_g11_m1", "attribute": "MACRO_PLAYBACK", "disabled": false, "defaultCard": "0f82f693-5b78-4cf5-867e-014400000000"}, "g213_g7_m1": {"id": "g213_g7_m1", "attribute": "MACRO_PLAYBACK", "disabled": false, "defaultCard": "0f82f693-5b78-4cf5-867e-014000000000"}, "g213_g12_m1": {"id": "g213_g12_m1", "attribute": "MACRO_PLAYBACK", "disabled": false, "defaultCard": "0f82f693-5b78-4cf5-867e-014500000000"}, "g213_g8_m1": {"id": "g213_g8_m1", "attribute": "MACRO_PLAYBACK", "disabled": false, "defaultCard": "0f82f693-5b78-4cf5-867e-014100000000"}, "g213_g1_m1_shifted": {"id": "g213_g1_m1_shifted", "attribute": "MACRO_PLAYBACK", "disabled": false, "defaultCard": "0f82f693-5b78-4cf5-867e-090700000000"}, "g213_g12_m1_shifted": {"id": "g213_g12_m1_shifted", "attribute": "MACRO_PLAYBACK", "disabled": false, "defaultCard": "0f82f693-5b78-4cf5-867e-090700000000"}, "g213_g5_m1": {"id": "g213_g5_m1", "attribute": "MACRO_PLAYBACK", "disabled": false, "defaultCard": "0f82f693-5b78-4cf5-867e-013e00000000"}, "g213_g3_m1": {"id": "g213_g3_m1", "attribute": "MACRO_PLAYBACK", "disabled": false, "defaultCard": "0f82f693-5b78-4cf5-867e-013c00000000"}, "g213_disable_keys": {"id": "g213_disable_keys", "attribute": "DISABLE_KEY_SETTINGS", "disabled": false, "defaultCard": "9b85425b-8c71-4b15-808c-1205c3360000"}, "g213_lighting_setting_firmware": {"id": "g213_lighting_setting_firmware", "attribute": "FIRMWARE_LIGHTING_SETTINGS", "disabled": false, "defaultCard": "9b85425b-8c71-4b15-808c-1206c3360000"}, "g213_g6_m1": {"id": "g213_g6_m1", "attribute": "MACRO_PLAYBACK", "disabled": false, "defaultCard": "0f82f693-5b78-4cf5-867e-013f00000000"}, "g213_g10_m1": {"id": "g213_g10_m1", "attribute": "MACRO_PLAYBACK", "disabled": false, "defaultCard": "0f82f693-5b78-4cf5-867e-014300000000"}, "g213_g3_m1_shifted": {"id": "g213_g3_m1_shifted", "attribute": "MACRO_PLAYBACK", "disabled": false, "defaultCard": "0f82f693-5b78-4cf5-867e-090700000000"}, "g213_g7_m1_shifted": {"id": "g213_g7_m1_shifted", "attribute": "MACRO_PLAYBACK", "disabled": false, "defaultCard": "0f82f693-5b78-4cf5-867e-090700000000"}, "g213_g10_m1_shifted": {"id": "g213_g10_m1_shifted", "attribute": "MACRO_PLAYBACK", "disabled": false, "defaultCard": "0f82f693-5b78-4cf5-867e-090700000000"}, "g213_g1_m1": {"id": "g213_g1_m1", "attribute": "MACRO_PLAYBACK", "disabled": false, "defaultCard": "0f82f693-5b78-4cf5-867e-013a00000000"}}}]}}