 {"msgId": "180ed5ca-eee3-481c-b6c4-d6a7d67a39bf", "verb": "GET", "path": "/devices/list", "origin": "backend", "result": {"code": "SUCCESS", "what": ""}, "payload": {"@type": "type.googleapis.com/logi.protocol.devices.Device.Info.List", "deviceInfos": [{"id": "dev00000000", "pid": 49288, "state": "ACTIVE", "onboardMode": false, "individualMode": false, "resourcesAvailable": true, "connectionType": "USB", "hasWirelessInterface": false, "deviceType": "MOUSE", "deviceFamily": "", "deviceModel": "pro_wireless_mouse", "deviceBaseModel": "pro_wireless_mouse", "displayName": "PRO WIRELESS", "extendedDisplayName": "Pro Wireless Mouse", "slotPrefix": "prowirelessmouse", "thumbnail": "pipeline://core/thumbnails/pro_wireless_mouse_black.png", "deviceExt": 0, "deviceUnitId": "1909863820", "deviceSignature": "MOUSE.pro_wireless_mouse.0.1909863820", "givenName": "", "capabilities": {"lightingSupport": {"deviceCategory": "MOUSE_RGB_ZONAL", "typeMap": {"ZONE_BRANDING": "LOGO", "ZONE_PRIMARY": "PRIMARY"}, "zones": [{"zoneType": "ZONE_PRIMARY", "supportedEffects": [{"id": "OFF", "syncable": true, "fixedIntensity": false, "signature": false, "inactivityOnly": false}, {"id": "FIXED", "syncable": true, "fixedIntensity": false, "signature": false, "inactivityOnly": false}, {"id": "CYCLE", "syncable": true, "fixedIntensity": false, "signature": false, "inactivityOnly": false}, {"id": "BREATHING", "syncable": true, "fixedIntensity": false, "signature": false, "inactivityOnly": false}], "onboardCluster": "CLUSTER_DEFAULT"}, {"zoneType": "ZONE_BRANDING", "supportedEffects": [{"id": "OFF", "syncable": true, "fixedIntensity": false, "signature": false, "inactivityOnly": false}, {"id": "FIXED", "syncable": true, "fixedIntensity": false, "signature": false, "inactivityOnly": false}, {"id": "CYCLE", "syncable": true, "fixedIntensity": false, "signature": false, "inactivityOnly": false}, {"id": "BREATHING", "syncable": true, "fixedIntensity": false, "signature": false, "inactivityOnly": false}], "onboardCluster": "CLUSTER_DEFAULT"}], "isMonochrome": false, "isPerKey": false, "hideStartupEffect": false, "shutdownEffect": false, "brightnessLevels": [], "powerSavingEffect": false, "lowBatteryEffect": true, "brightnessPercentage": false, "gamma": false, "firmwareOnly": false, "offRamp": false, "activeDimming": false, "hasPositionalEffect": false}, "sleepTimer": false, "mstateSupport": {"count": 1, "timeOut": 0}, "maskableZones": {"zones": [{"id": "bottom_left", "slotIds": ["prowirelessmouse_g4_m1", "prowirelessmouse_g4_m1_shifted"], "displayIconKey": "mouse_4_buttons_bottom_left_icon", "renderIconKey": "cover_bottom_left", "enabled": false}, {"id": "top_left", "slotIds": ["prowirelessmouse_g5_m1", "prowirelessmouse_g5_m1_shifted"], "displayIconKey": "mouse_4_buttons_top_left_icon", "renderIconKey": "cover_top_left", "enabled": false}, {"id": "bottom_right", "slotIds": ["prowirelessmouse_g7_m1", "prowirelessmouse_g7_m1_shifted"], "displayIconKey": "mouse_4_buttons_bottom_right_icon", "renderIconKey": "cover_bottom_right", "enabled": false}, {"id": "top_right", "slotIds": ["prowirelessmouse_g8_m1", "prowirelessmouse_g8_m1_shifted"], "displayIconKey": "mouse_4_buttons_top_right_icon", "renderIconKey": "cover_top_right", "enabled": false}]}, "fnInversion": false, "presentSplashScreen": false, "customizableColor": false, "wirelessReportRate": false, "hybridEngine": false, "advancedSleepTimer": false, "angleSnapping": false, "excludeGShift": false, "hostRemovalSupport": false, "headphoneJack": false, "hostInfos": false, "gkeyLayout": "INVALID_GKEY_LAYOUT", "hasBatteryStatus": true, "powerOffTimer": false, "requiresBackupForDfu": false, "unifiedBattery": false, "dpiLighting": true, "nonInteractive": false, "receiverPairing": {"receiverType": "LS1", "receiverPid": 0, "pairingAction": "ACTION_POWER_CYCLE", "hasForcePairing": false}, "chargepadCompatible": true, "individuality": false, "defaultSlotFormat": "INVALID_FORMAT"}, "activeInterfaces": [{"type": "DEVIO", "id": "046d_c088", "pid": 49288, "modelId": 0, "extendedModel": 0, "serialNumber": "1909863820", "path": "usb\\vid_046d&pid_c088&mi_02\\6&3666469a&0&0002", "containerId": "19feac48-df44-5300-a741-19cce7eb9ec1", "deviceType": "MOUSE", "deviceName": "G Pro Wireless Gaming Mouse", "keyboardLayout": "INVALID_LAYOUT", "firmwareVersion": "15.2.26", "unitId": "1909863820", "firmwareName": "MPM1502", "connectionType": "USB", "hasOnboardMode": true}], "slots": {"prowirelessmouse_g7_m1_shifted": {"id": "prowirelessmouse_g7_m1_shifted", "attribute": "MACRO_PLAYBACK", "disabled": false}, "prowirelessmouse_g6_m1_shifted": {"id": "prowirelessmouse_g6_m1_shifted", "attribute": "MACRO_PLAYBACK", "disabled": false}, "prowirelessmouse_g5_m1_shifted": {"id": "prowirelessmouse_g5_m1_shifted", "attribute": "MACRO_PLAYBACK", "disabled": false}, "prowirelessmouse_mouse_settings": {"id": "prowirelessmouse_mouse_settings", "attribute": "MOUSE_SETTINGS", "disabled": false}, "prowirelessmouse_g8_m1": {"id": "prowirelessmouse_g8_m1", "attribute": "MACRO_PLAYBACK", "disabled": false}, "prowirelessmouse_g2_m1_shifted": {"id": "prowirelessmouse_g2_m1_shifted", "attribute": "MACRO_PLAYBACK", "disabled": false}, "prowirelessmouse_g4_m1_shifted": {"id": "prowirelessmouse_g4_m1_shifted", "attribute": "MACRO_PLAYBACK", "disabled": false}, "prowirelessmouse_g1_m1_shifted": {"id": "prowirelessmouse_g1_m1_shifted", "attribute": "MACRO_PLAYBACK", "disabled": false}, "prowirelessmouse_g1_m1": {"id": "prowirelessmouse_g1_m1", "attribute": "MACRO_PLAYBACK", "disabled": false}, "prowirelessmouse_lighting_setting_firmware": {"id": "prowirelessmouse_lighting_setting_firmware", "attribute": "FIRMWARE_LIGHTING_SETTINGS", "disabled": false}, "prowirelessmouse_g5_m1": {"id": "prowirelessmouse_g5_m1", "attribute": "MACRO_PLAYBACK", "disabled": false}, "prowirelessmouse_g2_m1": {"id": "prowirelessmouse_g2_m1", "attribute": "MACRO_PLAYBACK", "disabled": false}, "prowirelessmouse_g3_m1_shifted": {"id": "prowirelessmouse_g3_m1_shifted", "attribute": "MACRO_PLAYBACK", "disabled": false}, "prowirelessmouse_g4_m1": {"id": "prowirelessmouse_g4_m1", "attribute": "MACRO_PLAYBACK", "disabled": false}, "prowirelessmouse_g8_m1_shifted": {"id": "prowirelessmouse_g8_m1_shifted", "attribute": "MACRO_PLAYBACK", "disabled": false}, "prowirelessmouse_g7_m1": {"id": "prowirelessmouse_g7_m1", "attribute": "MACRO_PLAYBACK", "disabled": false}, "prowirelessmouse_g6_m1": {"id": "prowirelessmouse_g6_m1", "attribute": "MACRO_PLAYBACK", "disabled": false}, "prowirelessmouse_g3_m1": {"id": "prowirelessmouse_g3_m1", "attribute": "MACRO_PLAYBACK", "disabled": false}}}, {"id": "dev00000001", "pid": 49980, "state": "ACTIVE", "onboardMode": false, "individualMode": false, "resourcesAvailable": true, "connectionType": "USB", "hasWirelessInterface": false, "deviceType": "KEYBOARD", "deviceFamily": "", "deviceModel": "g513_ext1", "deviceBaseModel": "g513", "displayName": "G513", "extendedDisplayName": "G513 Carbon Linear", "slotPrefix": "g513", "thumbnail": "pipeline://core/thumbnails/g513.png", "deviceExt": 1, "deviceUnitId": "859195154", "deviceSignature": "KEYBOARD.g513.1.859195154", "givenName": "", "capabilities": {"lightingSupport": {"deviceCategory": "KEYBOARD_RGB_PER_KEY", "typeMap": {"PERKEY_KEYBOARD": "HID_KEYBOARD", "PERKEY_INDICATOR": "KEYBOARD_OTHER", "ZONE_PRIMARY": "PRIMARY"}, "zones": [{"zoneType": "ZONE_PRIMARY", "supportedEffects": [{"id": "OFF", "syncable": true, "fixedIntensity": false, "signature": false, "inactivityOnly": false}, {"id": "FIXED", "syncable": true, "fixedIntensity": false, "signature": false, "inactivityOnly": false}, {"id": "CYCLE", "syncable": true, "fixedIntensity": true, "signature": false, "inactivityOnly": false}, {"id": "COLORWAVE", "syncable": false, "fixedIntensity": true, "signature": false, "inactivityOnly": false}, {"id": "BREATHING", "syncable": true, "fixedIntensity": true, "signature": false, "inactivityOnly": false}, {"id": "RIPPLE", "syncable": false, "fixedIntensity": false, "signature": false, "inactivityOnly": false}], "onboardCluster": "CLUSTER_DEFAULT"}], "isMonochrome": false, "isPerKey": true, "persistence": {"zoneEffects": false, "perKeyFixed": true}, "hideStartupEffect": false, "shutdownEffect": false, "brightnessLevels": [], "powerSavingEffect": false, "lowBatteryEffect": false, "brightnessPercentage": false, "gamma": false, "firmwareOnly": false, "offRamp": false, "activeDimming": false, "hasPositionalEffect": false}, "sleepTimer": false, "mstateSupport": {"count": 1, "timeOut": 0}, "reportHidControls": {"pages": [{"page": 7, "usages": [{"usage": 58, "button": 1}, {"usage": 59, "button": 2}, {"usage": 60, "button": 3}, {"usage": 61, "button": 4}, {"usage": 62, "button": 5}, {"usage": 63, "button": 6}, {"usage": 64, "button": 7}, {"usage": 65, "button": 8}, {"usage": 66, "button": 9}, {"usage": 67, "button": 10}, {"usage": 68, "button": 11}, {"usage": 69, "button": 12}]}]}, "fnInversion": true, "presentSplashScreen": false, "customizableColor": false, "wirelessReportRate": false, "hybridEngine": false, "advancedSleepTimer": false, "angleSnapping": false, "excludeGShift": false, "hostRemovalSupport": false, "headphoneJack": false, "hostInfos": false, "gkeyLayout": "INVALID_GKEY_LAYOUT", "hasBatteryStatus": false, "powerOffTimer": false, "requiresBackupForDfu": false, "unifiedBattery": false, "dpiLighting": false, "nonInteractive": false, "chargepadCompatible": false, "individuality": false, "defaultSlotFormat": "INVALID_FORMAT"}, "activeInterfaces": [{"type": "DEVIO", "id": "046d_c33c", "pid": 49980, "modelId": 0, "extendedModel": 1, "serialNumber": "859195154", "path": "usb\\vid_046d&pid_c33c&mi_01\\6&11a9fddc&0&0001", "containerId": "3fe303d3-470e-584a-bcef-3f2ee184c00f", "deviceType": "KEYBOARD", "deviceName": "G513 SILVER", "keyboardLayout": "US", "firmwareVersion": "119.0.3", "unitId": "859195154", "firmwareName": "U11900", "connectionType": "USB", "hasOnboardMode": false}], "slots": {"g513_g1_m1_shifted": {"id": "g513_g1_m1_shifted", "attribute": "MACRO_PLAYBACK", "disabled": false}, "g513_g11_m1_shifted": {"id": "g513_g11_m1_shifted", "attribute": "MACRO_PLAYBACK", "disabled": false}, "g513_g12_m1": {"id": "g513_g12_m1", "attribute": "MACRO_PLAYBACK", "disabled": false}, "g513_g5_m1_shifted": {"id": "g513_g5_m1_shifted", "attribute": "MACRO_PLAYBACK", "disabled": false}, "g513_g3_m1_shifted": {"id": "g513_g3_m1_shifted", "attribute": "MACRO_PLAYBACK", "disabled": false}, "g513_g10_m1_shifted": {"id": "g513_g10_m1_shifted", "attribute": "MACRO_PLAYBACK", "disabled": false}, "g513_g2_m1_shifted": {"id": "g513_g2_m1_shifted", "attribute": "MACRO_PLAYBACK", "disabled": false}, "g513_g9_m1_shifted": {"id": "g513_g9_m1_shifted", "attribute": "MACRO_PLAYBACK", "disabled": false}, "g513_lighting_setting_firmware": {"id": "g513_lighting_setting_firmware", "attribute": "FIRMWARE_LIGHTING_SETTINGS", "disabled": false}, "g513_g2_m1": {"id": "g513_g2_m1", "attribute": "MACRO_PLAYBACK", "disabled": false}, "g513_g11_m1": {"id": "g513_g11_m1", "attribute": "MACRO_PLAYBACK", "disabled": false}, "g513_g8_m1_shifted": {"id": "g513_g8_m1_shifted", "attribute": "MACRO_PLAYBACK", "disabled": false}, "g513_g9_m1": {"id": "g513_g9_m1", "attribute": "MACRO_PLAYBACK", "disabled": false}, "g513_disable_keys": {"id": "g513_disable_keys", "attribute": "DISABLE_KEY_SETTINGS", "disabled": false}, "g513_g8_m1": {"id": "g513_g8_m1", "attribute": "MACRO_PLAYBACK", "disabled": false}, "g513_g12_m1_shifted": {"id": "g513_g12_m1_shifted", "attribute": "MACRO_PLAYBACK", "disabled": false}, "g513_g1_m1": {"id": "g513_g1_m1", "attribute": "MACRO_PLAYBACK", "disabled": false}, "g513_g7_m1": {"id": "g513_g7_m1", "attribute": "MACRO_PLAYBACK", "disabled": false}, "g513_g3_m1": {"id": "g513_g3_m1", "attribute": "MACRO_PLAYBACK", "disabled": false}, "g513_g4_m1": {"id": "g513_g4_m1", "attribute": "MACRO_PLAYBACK", "disabled": false}, "g513_g5_m1": {"id": "g513_g5_m1", "attribute": "MACRO_PLAYBACK", "disabled": false}, "g513_g10_m1": {"id": "g513_g10_m1", "attribute": "MACRO_PLAYBACK", "disabled": false}, "g513_g4_m1_shifted": {"id": "g513_g4_m1_shifted", "attribute": "MACRO_PLAYBACK", "disabled": false}, "g513_g6_m1": {"id": "g513_g6_m1", "attribute": "MACRO_PLAYBACK", "disabled": false}, "g513_g7_m1_shifted": {"id": "g513_g7_m1_shifted", "attribute": "MACRO_PLAYBACK", "disabled": false}, "g513_g6_m1_shifted": {"id": "g513_g6_m1_shifted", "attribute": "MACRO_PLAYBACK", "disabled": false}}}]}}