 {"msgId": "b8752690-f25a-45c6-8b13-39707cb31c76", "verb": "GET", "path": "/devices/list", "origin": "backend", "result": {"code": "SUCCESS", "what": ""}, "payload": {"@type": "type.googleapis.com/logi.protocol.devices.Device.Info.List", "deviceInfos": [{"id": "dev00000000", "pid": 2669, "firmwareName": "U116", "isSubdevice": false, "parentId": "", "state": "ACTIVE", "onboardMode": false, "individualMode": false, "resourcesAvailable": true, "connectionType": "USB", "hasWirelessInterface": false, "displayConnectionType": "USB", "deviceType": "HEADSET", "deviceFamily": "", "deviceModel": "g433", "deviceBaseModel": "g433", "displayName": "G433", "extendedDisplayName": "G433 Gaming Headset", "slotPrefix": "g433", "thumbnail": "pipeline://core/thumbnails/g433.png", "stringPackage": "", "deviceExt": 0, "deviceUnitId": "4294967295", "deviceSignature": "HEADSET.g433.0.4294967295", "givenName": "", "capabilities": {"audio": {"dtsSupported": true, "dolbySupported": false, "denoiserSupported": true, "onboardEqSupported": false, "onboardProEqSupported": false, "dtsHx2eSupported": false, "proEqSupported": false, "blueVoiceSupported": false, "hardwareNoiseReductionSupported": false, "blueVoice2Supported": false, "hidMic": false, "devioVolumeFeatures": false, "centurionEqSupported": false, "lightspeedAuxSupported": false, "audioMixingSupported": false, "rtxDenoiserSupported": false}, "sleepTimer": false, "mstateSupport": {"count": 1, "timeOut": 0}, "fnInversion": false, "presentSplashScreen": true, "customizableColor": true, "wirelessReportRate": false, "platformDisabled": {"windows": false, "osx": true}, "hybridEngine": false, "advancedSleepTimer": false, "angleSnapping": false, "excludeGShift": false, "hostRemovalSupport": false, "headphoneJack": false, "hostInfos": false, "gkeyLayout": "INVALID_GKEY_LAYOUT", "hasBatteryStatus": false, "powerOffTimer": false, "requiresBackupForDfu": false, "unifiedBattery": false, "dpiLighting": false, "hasGlobalDamping": false, "nonInteractive": false, "chargepadCompatible": false, "individuality": false, "defaultSlotFormat": "INVALID_FORMAT", "fnToggle": false, "hasPaddles": false, "isFullHidppWheel": false, "hasConfigurationProfiles": false, "disableCenterSpring": false, "renameDeviceDisplayName": false}, "activeInterfaces": [{"type": "DEVIO", "id": "046d_0a6d", "pid": 2669, "modelId": 0, "extendedModel": 255, "serialNumber": "4294967295", "path": "\\\\?\\hid#vid_046d&pid_0a6d&mi_03&col04#a&20728b08&0&0003#{4d1e55b2-f16f-11cf-88cb-001111000030}", "containerId": "76783c38-6c95-5ba7-85c4-ec2b7066de9e", "deviceType": "HEADSET", "deviceName": "G433 Gaming Headset", "keyboardLayout": "INVALID_LAYOUT", "firmwareVersion": "116.1.5", "firmwareName": "U116", "firmwareRevision": 1, "hardwareRevision": 0, "unitId": "4294967295", "fwEntities": {}, "connectionType": "USB", "hasOnboardMode": false, "parentPath": ""}, {"type": "AUDIO", "id": "", "pid": 0, "modelId": 0, "extendedModel": 0, "serialNumber": "", "path": "", "containerId": "76783c38-6c95-5ba7-85c4-ec2b7066de9e", "deviceType": "INVALID_TYPE", "deviceName": "", "keyboardLayout": "INVALID_LAYOUT", "firmwareVersion": "", "firmwareName": "", "firmwareRevision": 0, "hardwareRevision": 0, "unitId": "", "fwEntities": {}, "connectionType": "VIRTUAL", "hasOnboardMode": false, "parentPath": ""}], "slots": {"g433_acoustics": {"id": "g433_acoustics", "attribute": "ACOUSTICS", "disabled": false, "defaultCard": "9b85425b-8c71-4b15-808c-12020a6d0000"}, "g433_equalizer": {"id": "g433_equalizer", "attribute": "EQUALIZER", "disabled": false, "defaultCard": "05525ad1-71a4-45c4-aafa-d56ad1429f32"}}, "path": "\\\\?\\hid#vid_046d&pid_0a6d&mi_03&col04#a&20728b08&0&0003#{4d1e55b2-f16f-11cf-88cb-001111000030}", "parentPath": ""}, {"id": "dev00000001", "pid": 2730, "firmwareName": "U171", "isSubdevice": false, "parentId": "", "state": "ACTIVE", "onboardMode": false, "individualMode": false, "resourcesAvailable": true, "connectionType": "USB", "hasWirelessInterface": false, "displayConnectionType": "USB", "deviceType": "HEADSET", "deviceFamily": "", "deviceModel": "pro_71_gaming_headset", "deviceBaseModel": "pro_71_gaming_headset", "displayName": "PRO X", "extendedDisplayName": "PRO X Gaming Headset", "slotPrefix": "pro71headset", "thumbnail": "pipeline://core/thumbnails/pro_headset.png", "stringPackage": "", "deviceExt": 0, "deviceUnitId": "4294967295", "deviceSignature": "HEADSET.pro_71_gaming_headset.0.4294967295", "givenName": "", "capabilities": {"audio": {"dtsSupported": false, "dolbySupported": false, "denoiserSupported": true, "onboardEqSupported": false, "onboardProEqSupported": true, "dtsHx2eSupported": true, "proEqSupported": true, "blueVoiceSupported": true, "hardwareNoiseReductionSupported": true, "blueVoice2Supported": false, "hidMic": false, "devioVolumeFeatures": false, "centurionEqSupported": false, "lightspeedAuxSupported": false, "audioMixingSupported": false, "rtxDenoiserSupported": true}, "sleepTimer": false, "mstateSupport": {"count": 1, "timeOut": 0}, "fnInversion": false, "presentSplashScreen": false, "customizableColor": false, "wirelessReportRate": false, "hybridEngine": false, "advancedSleepTimer": false, "angleSnapping": false, "excludeGShift": false, "hostRemovalSupport": false, "headphoneJack": false, "hostInfos": false, "gkeyLayout": "INVALID_GKEY_LAYOUT", "hasBatteryStatus": false, "powerOffTimer": false, "requiresBackupForDfu": false, "unifiedBattery": false, "dpiLighting": false, "hasGlobalDamping": false, "nonInteractive": false, "chargepadCompatible": false, "individuality": false, "defaultSlotFormat": "INVALID_FORMAT", "fnToggle": false, "hasPaddles": false, "isFullHidppWheel": false, "hasConfigurationProfiles": false, "disableCenterSpring": false, "renameDeviceDisplayName": false}, "activeInterfaces": [{"type": "DEVIO", "id": "046d_0aaa", "pid": 2730, "modelId": 0, "extendedModel": 255, "serialNumber": "4294967295", "path": "\\\\?\\hid#vid_046d&pid_0aaa&mi_03&col04#9&320a6035&0&0003#{4d1e55b2-f16f-11cf-88cb-001111000030}", "containerId": "fc076a82-1920-5c98-9a71-7d6de398d166", "deviceType": "HEADSET", "deviceName": "PRO X", "keyboardLayout": "INVALID_LAYOUT", "firmwareVersion": "171.0.1", "firmwareName": "U171", "firmwareRevision": 0, "hardwareRevision": 0, "unitId": "4294967295", "fwEntities": {}, "connectionType": "USB", "hasOnboardMode": false, "parentPath": ""}, {"type": "AUDIO", "id": "", "pid": 0, "modelId": 0, "extendedModel": 0, "serialNumber": "", "path": "", "containerId": "fc076a82-1920-5c98-9a71-7d6de398d166", "deviceType": "INVALID_TYPE", "deviceName": "", "keyboardLayout": "INVALID_LAYOUT", "firmwareVersion": "", "firmwareName": "", "firmwareRevision": 0, "hardwareRevision": 0, "unitId": "", "fwEntities": {}, "connectionType": "VIRTUAL", "hasOnboardMode": false, "parentPath": ""}], "slots": {"pro71headset_acoustics": {"id": "pro71headset_acoustics", "attribute": "ACOUSTICS", "disabled": false, "defaultCard": "9b85425b-8c71-4b15-808c-12020aaa0000"}, "pro71headset_microphone_settings": {"id": "pro71headset_microphone_settings", "attribute": "MICROPHONE_SETTINGS", "disabled": false, "defaultCard": "9b85425b-8c71-4b15-808c-120e0aaa0000"}, "pro71headset_pro_equalizer": {"id": "pro71headset_pro_equalizer", "attribute": "PRO_EQUALIZER", "disabled": false, "defaultCard": "0487742c-a435-4379-95d6-f0b52fe4e0f8"}, "pro71headset_blue_voice_settings": {"id": "pro71headset_blue_voice_settings", "attribute": "BLUE_VOICE_SETTINGS", "disabled": false, "defaultCard": "9f102caf-0b16-4ab0-b4bc-c45cab122095"}}, "path": "\\\\?\\hid#vid_046d&pid_0aaa&mi_03&col04#9&320a6035&0&0003#{4d1e55b2-f16f-11cf-88cb-001111000030}", "parentPath": ""}, {"id": "dev00000002", "pid": 2758, "firmwareName": "BOT00", "isSubdevice": false, "parentId": "", "state": "ACTIVE", "onboardMode": false, "individualMode": false, "resourcesAvailable": true, "connectionType": "USB", "hasWirelessInterface": false, "displayConnectionType": "USB", "deviceType": "MICROPHONE", "deviceFamily": "", "deviceModel": "yeti_x_wow", "deviceBaseModel": "yeti_x_wow", "displayName": "Yeti X WoW\u00ae Edition", "extendedDisplayName": "Yeti X WoW\u00ae Edition", "slotPrefix": "yetix-wow", "thumbnail": "pipeline://core/thumbnails/yetix_wow.png", "stringPackage": "", "deviceExt": 0, "deviceUnitId": "754984960", "deviceSignature": "MICROPHONE.yeti_x_wow.0.754984960", "givenName": "", "capabilities": {"audio": {"dtsSupported": false, "dolbySupported": false, "denoiserSupported": false, "onboardEqSupported": false, "onboardProEqSupported": false, "dtsHx2eSupported": true, "proEqSupported": false, "blueVoiceSupported": false, "hardwareNoiseReductionSupported": false, "blueVoice2Supported": true, "hidMic": false, "devioVolumeFeatures": true, "centurionEqSupported": false, "lightspeedAuxSupported": false, "audioMixingSupported": false, "rtxDenoiserSupported": true}, "lightingSupport": {"deviceCategory": "MICROPHONE_RGB_ZONAL", "typeMap": {"ZONE_SEVEN": "ZONAL_SEVEN", "ZONE_TWO": "ZONAL_TWO", "ZONE_LEFT_SIDE": "LEFT_SIDE", "ZONE_SIX": "ZONAL_SIX", "ZONE_PRIMARY": "PRIMARY", "ZONE_FIVE": "ZONAL_FIVE", "ZONE_THREE": "ZONAL_THREE", "ZONE_COMBINED": "COMBINED", "ZONE_FOUR": "ZONAL_FOUR", "ZONE_ONE": "ZONAL_ONE", "ZONE_BRANDING": "LOGO", "ZONE_RIGHT_SIDE": "RIGHT_SIDE"}, "zones": [{"zoneType": "ZONE_PRIMARY", "supportedEffects": [{"id": "FIXED", "syncable": false, "fixedIntensity": false, "signature": false, "inactivityOnly": false}, {"id": "BREATHING", "syncable": false, "fixedIntensity": false, "signature": false, "inactivityOnly": false}], "defaultColor": {"rgba": {"red": 0, "green": 1, "blue": 0, "alpha": 1}, "tag": ""}, "onboardCluster": "CLUSTER_DEFAULT"}, {"zoneType": "ZONE_BRANDING", "supportedEffects": [{"id": "FIXED", "syncable": false, "fixedIntensity": false, "signature": false, "inactivityOnly": false}, {"id": "BREATHING", "syncable": false, "fixedIntensity": false, "signature": false, "inactivityOnly": false}], "defaultColor": {"rgba": {"red": 1, "green": 0, "blue": 0, "alpha": 1}, "tag": ""}, "onboardCluster": "CLUSTER_DEFAULT"}, {"zoneType": "ZONE_LEFT_SIDE", "supportedEffects": [{"id": "FIXED", "syncable": false, "fixedIntensity": false, "signature": false, "inactivityOnly": false}], "defaultColor": {"rgba": {"red": 0, "green": 0, "blue": 1, "alpha": 1}, "tag": ""}, "onboardCluster": "CLUSTER_DEFAULT"}, {"zoneType": "ZONE_RIGHT_SIDE", "supportedEffects": [{"id": "FIXED", "syncable": false, "fixedIntensity": false, "signature": false, "inactivityOnly": false}, {"id": "BREATHING", "syncable": false, "fixedIntensity": false, "signature": false, "inactivityOnly": false}], "defaultColor": {"rgba": {"red": 1, "green": 1, "blue": 1, "alpha": 1}, "tag": ""}, "onboardCluster": "CLUSTER_DEFAULT"}, {"zoneType": "ZONE_COMBINED", "supportedEffects": [{"id": "FIXED", "syncable": false, "fixedIntensity": false, "signature": false, "inactivityOnly": false}, {"id": "BREATHING", "syncable": false, "fixedIntensity": false, "signature": false, "inactivityOnly": false}], "defaultColor": {"rgba": {"red": 1, "green": 0, "blue": 1, "alpha": 1}, "tag": ""}, "onboardCluster": "CLUSTER_DEFAULT"}, {"zoneType": "ZONE_ONE", "supportedEffects": [{"id": "FIXED", "syncable": false, "fixedIntensity": false, "signature": false, "inactivityOnly": false}, {"id": "BREATHING", "syncable": false, "fixedIntensity": false, "signature": false, "inactivityOnly": false}], "defaultColor": {"rgba": {"red": 1, "green": 1, "blue": 1, "alpha": 1}, "tag": ""}, "onboardCluster": "CLUSTER_DEFAULT"}, {"zoneType": "ZONE_TWO", "supportedEffects": [{"id": "FIXED", "syncable": false, "fixedIntensity": false, "signature": false, "inactivityOnly": false}, {"id": "BREATHING", "syncable": false, "fixedIntensity": false, "signature": false, "inactivityOnly": false}], "defaultColor": {"rgba": {"red": 1, "green": 1, "blue": 1, "alpha": 1}, "tag": ""}, "onboardCluster": "CLUSTER_DEFAULT"}, {"zoneType": "ZONE_THREE", "supportedEffects": [{"id": "FIXED", "syncable": false, "fixedIntensity": false, "signature": false, "inactivityOnly": false}, {"id": "BREATHING", "syncable": false, "fixedIntensity": false, "signature": false, "inactivityOnly": false}], "defaultColor": {"rgba": {"red": 1, "green": 1, "blue": 1, "alpha": 1}, "tag": ""}, "onboardCluster": "CLUSTER_DEFAULT"}, {"zoneType": "ZONE_FOUR", "supportedEffects": [{"id": "FIXED", "syncable": false, "fixedIntensity": false, "signature": false, "inactivityOnly": false}, {"id": "BREATHING", "syncable": false, "fixedIntensity": false, "signature": false, "inactivityOnly": false}], "defaultColor": {"rgba": {"red": 1, "green": 1, "blue": 1, "alpha": 1}, "tag": ""}, "onboardCluster": "CLUSTER_DEFAULT"}, {"zoneType": "ZONE_FIVE", "supportedEffects": [{"id": "FIXED", "syncable": false, "fixedIntensity": false, "signature": false, "inactivityOnly": false}], "defaultColor": {"rgba": {"red": 0, "green": 1, "blue": 0, "alpha": 1}, "tag": ""}, "onboardCluster": "CLUSTER_DEFAULT"}, {"zoneType": "ZONE_SIX", "supportedEffects": [{"id": "FIXED", "syncable": false, "fixedIntensity": false, "signature": false, "inactivityOnly": false}], "defaultColor": {"rgba": {"red": 1, "green": 1, "blue": 0, "alpha": 1}, "tag": ""}, "onboardCluster": "CLUSTER_DEFAULT"}, {"zoneType": "ZONE_SEVEN", "supportedEffects": [{"id": "FIXED", "syncable": false, "fixedIntensity": false, "signature": false, "inactivityOnly": false}], "defaultColor": {"rgba": {"red": 1, "green": 0, "blue": 0, "alpha": 1}, "tag": ""}, "onboardCluster": "CLUSTER_DEFAULT"}], "isMonochrome": false, "isPerKey": false, "hideStartupEffect": true, "shutdownEffect": false, "brightnessLevels": [], "powerSavingEffect": false, "lowBatteryEffect": false, "brightnessPercentage": false, "gamma": false, "firmwareOnly": false, "offRamp": false, "activeDimming": false, "hasPositionalEffect": false, "hasPastelPalette": false, "hasRingLeds": false, "hasMasterSwitch": false, "needKeepAliveSignal": false}, "sleepTimer": false, "mstateSupport": {"count": 1, "timeOut": 0}, "fnInversion": false, "presentSplashScreen": false, "customizableColor": false, "wirelessReportRate": false, "hybridEngine": false, "advancedSleepTimer": false, "angleSnapping": false, "excludeGShift": false, "hostRemovalSupport": false, "microphoneSupport": {"supportedPolarPatterns": [{"id": "POLAR_PATTERN_STEREO"}, {"id": "POLAR_PATTERN_OMNI"}, {"id": "POLAR_PATTERN_CARDIOID"}, {"id": "POLAR_PATTERN_BIDIRECTIONAL"}], "supportedMicrophoneModes": [{"id": "MICROPHONE_GAIN"}, {"id": "HEADPHONE_LEVEL"}, {"id": "BLEND"}]}, "headphoneJack": true, "hostInfos": false, "gkeyLayout": "INVALID_GKEY_LAYOUT", "hasBatteryStatus": false, "powerOffTimer": false, "requiresBackupForDfu": false, "unifiedBattery": false, "dpiLighting": false, "hasGlobalDamping": false, "nonInteractive": false, "chargepadCompatible": false, "individuality": false, "defaultSlotFormat": "INVALID_FORMAT", "fnToggle": false, "hasPaddles": false, "isFullHidppWheel": false, "hasConfigurationProfiles": false, "disableCenterSpring": false, "renameDeviceDisplayName": false}, "activeInterfaces": [{"type": "DEVIO", "id": "046d_0ac6", "pid": 2758, "modelId": 0, "extendedModel": 0, "serialNumber": "754984960", "path": "usb\\vid_046d&pid_0ac6&mi_03\\9&11f38c42&1&0003", "containerId": "6c215aa6-878b-5837-95a1-88ae787505b6", "deviceType": "MICROPHONE", "deviceName": "Yeti X WoW Edition", "keyboardLayout": "INVALID_LAYOUT", "firmwareVersion": "11.5.1105", "firmwareName": "BOT00", "firmwareRevision": 1, "hardwareRevision": 0, "unitId": "754984960", "fwEntities": {}, "connectionType": "USB", "hasOnboardMode": false, "parentPath": ""}, {"type": "HIDIO", "id": "HID_046d_0ac6_ffff0001", "pid": 2758, "modelId": 0, "extendedModel": 0, "serialNumber": "", "path": "\\\\?\\HID#VID_046D&PID_0AC6&MI_03&COL04#A&7F250F7&0&0003#{4D1E55B2-F16F-11CF-88CB-001111000030}", "containerId": "6c215aa6-878b-5837-95a1-88ae787505b6", "deviceType": "MICROPHONE", "deviceName": "Yeti X WoW Edition", "keyboardLayout": "INVALID_LAYOUT", "firmwareVersion": "", "firmwareName": "", "firmwareRevision": 0, "hardwareRevision": 0, "unitId": "", "fwEntities": {}, "connectionType": "USB", "hasOnboardMode": false, "parentPath": ""}, {"type": "AUDIO", "id": "", "pid": 0, "modelId": 0, "extendedModel": 0, "serialNumber": "", "path": "", "containerId": "6c215aa6-878b-5837-95a1-88ae787505b6", "deviceType": "INVALID_TYPE", "deviceName": "", "keyboardLayout": "INVALID_LAYOUT", "firmwareVersion": "", "firmwareName": "", "firmwareRevision": 0, "hardwareRevision": 0, "unitId": "", "fwEntities": {}, "connectionType": "VIRTUAL", "hasOnboardMode": false, "parentPath": ""}], "slots": {"yetix-wow_audio_effects_settings": {"id": "yetix-wow_audio_effects_settings", "attribute": "AUDIO_EFFECTS_SETTINGS", "disabled": false, "defaultCard": "0c297c1b-3eeb-4cc1-aaa4-54209244b67a"}, "yetix-wow_microphone_settings": {"id": "yetix-wow_microphone_settings", "attribute": "MICROPHONE_SETTINGS", "disabled": false, "defaultCard": "28d186ea-1924-4452-a163-559f5571bc55"}, "yetix-wow_lighting_setting_firmware": {"id": "yetix-wow_lighting_setting_firmware", "attribute": "FIRMWARE_LIGHTING_SETTINGS", "disabled": false, "defaultCard": "18de2881-93ea-4ef2-9837-db24d328ccec"}, "yetix-wow_equalizer": {"id": "yetix-wow_equalizer", "attribute": "EQUALIZER", "disabled": false, "defaultCard": "05525ad1-71a4-45c4-aafa-d56ad1429f32"}, "yetix-wow_blue_voice_2_settings": {"id": "yetix-wow_blue_voice_2_settings", "attribute": "BLUE_VOICE_2_SETTINGS", "disabled": false, "defaultCard": "1180de4f-fd1e-4a28-a6f9-e12ed9bc72fc"}, "yetix-wow_acoustics": {"id": "yetix-wow_acoustics", "attribute": "ACOUSTICS", "disabled": false, "defaultCard": "327389c6-41c9-47fa-a4eb-589d02d9383f"}}, "path": "\\\\?\\HID#VID_046D&PID_0AC6&MI_03&COL04#A&7F250F7&0&0003#{4D1E55B2-F16F-11CF-88CB-001111000030}", "parentPath": ""}]}}