{
  "drivers": [
    {
      "drivers": [
        {
          "destination": "",
          "hardwareId": "",
          "recreateDeviceNodes": "",
          "restartServices": [
            "Audiosrv",
            "AudioEndpointBuilder"
          ],
          "source": "C:\\ProgramData\\LGHUB\\depots\\155022\\driver_audio\\logi_audio.inf",
          "type": "INF",
          "version": "2022.11.0000.0"
        }
      ],
      "packageName": "audio",
      "rebootNeeded": false
    },
    {
      "drivers": [
        {
          "destination": "",
          "hardwareId": "",
          "recreateDeviceNodes": "",
          "restartServices": [],
          "source": "C:\\ProgramData\\LGHUB\\depots\\155022\\driver_usb\\logi_win_usb.inf",
          "type": "INF",
          "version": "2021.8.195.0"
        }
      ],
      "packageName": "logi_win_usb",
      "rebootNeeded": false
    }
  ],
  "extensions": {
    "di_ffb": {
      "extensions": [
        {
          "extension": {
            "autoInstall": true,
            "installer": {
              "arguments": [
                "--install",
                "--path \"%ProgramFiles%/Logitech/Direct Input Force Feedback\"",
                "--logfile"
              ],
              "pipelineUri": "pipeline://di_ffb/di_ffb_manager.exe"
            },
            "name": "di_ffb_manager",
            "uninstaller": {
              "arguments": [
                "--uninstall",
                "--logfile"
              ],
              "pipelineUri": "pipeline://di_ffb/di_ffb_manager.exe"
            },
            "version": "1.1.1.0"
          },
          "state": {
            "error": "",
            "state": "EXTENSION_INSTALLED"
          }
        }
      ]
    },
    "driver_hid_virtual": {
      "extensions": [
        {
          "extension": {
            "autoInstall": true,
            "installer": {
              "arguments": [
                "--install",
                "--verbose",
                "--logfile"
              ],
              "pipelineUri": "pipeline://driver_hid_virtual/ghub_bus_driver.exe"
            },
            "name": "virtual_hid",
            "uninstaller": {
              "arguments": [
                "--uninstall",
                "--verbose",
                "--logfile"
              ],
              "pipelineUri": "pipeline://driver_hid_virtual/ghub_bus_driver.exe"
            },
            "version": "2022.3.0.0"
          },
          "state": {
            "error": "",
            "state": "EXTENSION_INSTALLED"
          }
        }
      ]
    }
  },
  "files": [
    {
      "path": "C:\\Program Files\\LGHUB\\chrome_100_percent.pak",
      "registerLibrary": false,
      "sha256": "662a9db6ef4197cb4b6c50648a2cafceb7fd903015828df3fee605a602370be0"
    },
    {
      "path": "C:\\Program Files\\LGHUB\\chrome_200_percent.pak",
      "registerLibrary": false,
      "sha256": "d4282ae977f23afe252e19e421c8d09696ea3b83a1e73a6aaebaaa5547c74cbc"
    },
    {
      "path": "C:\\Program Files\\LGHUB\\d3dcompiler_47.dll",
      "registerLibrary": false,
      "sha256": "662205b2feaafbce55424b65dea26833dd5619b9d137985a2a4c7ca517b50096"
    },
    {
      "path": "C:\\Program Files\\LGHUB\\data\\applications.json",
      "registerLibrary": false,
      "sha256": "ecf96bcd72c10d9610267fa7b4282288b3eb42e2845243c703fdd86f1251f380"
    },
    {
      "path": "C:\\Program Files\\LGHUB\\data\\camera_presets.json",
      "registerLibrary": false,
      "sha256": "6ebd6aac2b0d6ac3282506fe058730d387bdb74add828519a5222e099f56e3f0"
    },
    {
      "path": "C:\\Program Files\\LGHUB\\data\\card_presets.json",
      "registerLibrary": false,
      "sha256": "2c662b3444c0194616c4cbc1e03db8aa976155dafc99bebe5adf09985dedca5a"
    },
    {
      "path": "C:\\Program Files\\LGHUB\\data\\centurion_eq_presets.json",
      "registerLibrary": false,
      "sha256": "e3f49a701c6aa0d8b97b90724344afe7614fe4a33305fda6a11a1269527aeb01"
    },
    {
      "path": "C:\\Program Files\\LGHUB\\data\\eq_presets.json",
      "registerLibrary": false,
      "sha256": "a88e074eca0f3a3893ab1074fc9f17173fcfdfae52cf0a14a64d463c044a8848"
    },
    {
      "path": "C:\\Program Files\\LGHUB\\data\\lighting\\effects\\audio-visualizer-generic.json",
      "registerLibrary": false,
      "sha256": "9435fbe71be67695cc5031e9b7fddcc338a0a96a12baca9ccab2fe689f17b374"
    },
    {
      "path": "C:\\Program Files\\LGHUB\\data\\lighting\\effects\\audio-visualizer-kb-per-key.json",
      "registerLibrary": false,
      "sha256": "ab85325b6ed2d57bb03eaa8b41cffef1516928ab0866fd12331f84718434af67"
    },
    {
      "path": "C:\\Program Files\\LGHUB\\data\\lighting\\effects\\audio-visualizer-kb-zonal.json",
      "registerLibrary": false,
      "sha256": "f0cce36eaa5b41f94e2e30c04909e6b53379924a9fe3bb6a3da4f87f1ea0af48"
    },
    {
      "path": "C:\\Program Files\\LGHUB\\data\\lighting\\effects\\audio-visualizer-mouse-rgb-per-key.json",
      "registerLibrary": false,
      "sha256": "2101103b6c89336279f7154120e69e79772d9e8bd245caacc16d85fc38109316"
    },
    {
      "path": "C:\\Program Files\\LGHUB\\data\\lighting\\effects\\contrastic.json",
      "registerLibrary": false,
      "sha256": "c160ef5036687cb4651cc73e75975add3fed5108b0839ae42adfb5ed54606dc2"
    },
    {
      "path": "C:\\Program Files\\LGHUB\\data\\lighting\\effects\\lightning.json",
      "registerLibrary": false,
      "sha256": "1e5b93178163721921ab4b51fdfdff8f7609a3be7f1096f9f6bbdaa3545f431f"
    },
    {
      "path": "C:\\Program Files\\LGHUB\\data\\lighting\\effects\\mono-contrastic.json",
      "registerLibrary": false,
      "sha256": "d1e1e1fac399b498c61fe4f7a26f6debc3528bd7c787a7c466d44da87c113b33"
    },
    {
      "path": "C:\\Program Files\\LGHUB\\data\\lighting\\effects\\mono-verticool.json",
      "registerLibrary": false,
      "sha256": "88c52137fa9eee315f47800d7b47ea53b118f043e37274369bafe12c98d3f1ef"
    },
    {
      "path": "C:\\Program Files\\LGHUB\\data\\lighting\\effects\\mouse-oceanwave.json",
      "registerLibrary": false,
      "sha256": "4f50f354c11d3bf07cf7f12205b36fb088fc282d27d64a54cf98c8386914ec36"
    },
    {
      "path": "C:\\Program Files\\LGHUB\\data\\lighting\\effects\\mouse-redwhiteblue.json",
      "registerLibrary": false,
      "sha256": "0bfde5f32da146717bdb055061f9171e797e136e79093fec838d8232af98e1b4"
    },
    {
      "path": "C:\\Program Files\\LGHUB\\data\\lighting\\effects\\mouse-verticool.json",
      "registerLibrary": false,
      "sha256": "e253aea0bb61a05938727884ff343ad082fb7157055440fd329ab719d38073d3"
    },
    {
      "path": "C:\\Program Files\\LGHUB\\data\\lighting\\effects\\oceanwave.json",
      "registerLibrary": false,
      "sha256": "06fcf945a6a2f287ea384b1a3a80eb2fe697e51e1df981cf6a9789c671b44190"
    },
    {
      "path": "C:\\Program Files\\LGHUB\\data\\lighting\\effects\\redwhiteblue.json",
      "registerLibrary": false,
      "sha256": "64923427b09999ef3dfad06006f1ecea36947162d4f09e20e2031059e00fc207"
    },
    {
      "path": "C:\\Program Files\\LGHUB\\data\\lighting\\effects\\screen_sampler-kb.json",
      "registerLibrary": false,
      "sha256": "9bd8bc8ee7445ebe1745277d1ad98e8dfd29dae9476af6400888c4a48889c08b"
    },
    {
      "path": "C:\\Program Files\\LGHUB\\data\\lighting\\effects\\screen_sampler-mrpk.json",
      "registerLibrary": false,
      "sha256": "ed9639148c3c3bc3fbe5d08523b3d9713dd7886c7bfc87af5f8ac214d67824f1"
    },
    {
      "path": "C:\\Program Files\\LGHUB\\data\\lighting\\effects\\screen_sampler.json",
      "registerLibrary": false,
      "sha256": "a6a82867df6e81efe26f688246a253ba4b0bb715ea7ef0db40979041d808bb61"
    },
    {
      "path": "C:\\Program Files\\LGHUB\\data\\lighting\\effects\\verticool.json",
      "registerLibrary": false,
      "sha256": "ddc5ebd23468958659a73701aa3fc08e63077bd0cf72cdca225d68f3976dae14"
    },
    {
      "path": "C:\\Program Files\\LGHUB\\data\\lighting\\effect_prefabs.json",
      "registerLibrary": false,
      "sha256": "59595737ae6b70d2d3540c45aae1b7754f486fd56896ea6be388e5f05939bfa7"
    },
    {
      "path": "C:\\Program Files\\LGHUB\\data\\lighting\\effect_presets.json",
      "registerLibrary": false,
      "sha256": "02c1353c70428dff39fa89d297451295f476a23b541b143e1dd0ed3b18f52478"
    },
    {
      "path": "C:\\Program Files\\LGHUB\\data\\pro_eq_presets.json",
      "registerLibrary": false,
      "sha256": "a06c0c79a65054ad5ec9b5ed6e390d4fe877a56b299ccbb7cbf458ab532a4bca"
    },
    {
      "path": "C:\\Program Files\\LGHUB\\data\\sounds\\71ChannelCheckSound.wma",
      "registerLibrary": false,
      "sha256": "3a25eb44361ddcc39ea78443ef4a5f94e3a3025d569ff9af1043ce37a4376e11"
    },
    {
      "path": "C:\\Program Files\\LGHUB\\data\\video_filters.json",
      "registerLibrary": false,
      "sha256": "f6ceaf8132202d66c61c8aa32eea121a627076494b303f48197b243128dcb1ad"
    },
    {
      "path": "C:\\Program Files\\LGHUB\\ffmpeg.dll",
      "registerLibrary": false,
      "sha256": "afd04b9abc095d032adb8033c5cb1668810e26b1af04cc2e2998d507cdeecc34"
    },
    {
      "path": "C:\\Program Files\\LGHUB\\icudtl.dat",
      "registerLibrary": false,
      "sha256": "cb73d42d36839708013393ad0e4e932fdda9a1acda9275ecdbe74fe89eea8366"
    },
    {
      "path": "C:\\Program Files\\LGHUB\\lghub.exe",
      "registerLibrary": false,
      "sha256": "5d260c4ae97b686fb40daee48dea5be43685a9672fabdf14d1f05dd78940898e"
    },
    {
      "path": "C:\\Program Files\\LGHUB\\lghub_agent.exe",
      "registerLibrary": false,
      "sha256": "d62466ba40b822285a56bbeef6748606a3a9406d47e0a43426b278b5ec6a46fe"
    },
    {
      "path": "C:\\Program Files\\LGHUB\\lghub_uninstaller.exe",
      "registerLibrary": false,
      "sha256": "62a47e5c0b2a7675e0ed29db85178331a016d0a3828410f7d22c45d29a432f73"
    },
    {
      "path": "C:\\Program Files\\LGHUB\\lghub_updater.exe",
      "registerLibrary": false,
      "sha256": "7e54bcf7ad36d4eff91b02186b080676f2101d6d89a867dfc39fffd58dfe829e"
    },
    {
      "path": "C:\\Program Files\\LGHUB\\libEGL.dll",
      "registerLibrary": false,
      "sha256": "fc29235253bf12c8cf9cf1d281bae6d27cee7ffd3e742ccfdd715993289ef740"
    },
    {
      "path": "C:\\Program Files\\LGHUB\\libGLESv2.dll",
      "registerLibrary": false,
      "sha256": "caf8878e8797d62afec498dd32760dccdaf23d61836b359be0ac1e7faa6ad132"
    },
    {
      "path": "C:\\Program Files\\LGHUB\\LICENSE",
      "registerLibrary": false,
      "sha256": "5154e165bd6c2cc0cfbcd8916498c7abab0497923bafcd5cb07673fe8480087d"
    },
    {
      "path": "C:\\Program Files\\LGHUB\\LICENSES.chromium.html",
      "registerLibrary": false,
      "sha256": "d3bf6dd8892c6d77555e0b55efe98bfd18f08987ea39668bc5d0c419877aef1f"
    },
    {
      "path": "C:\\Program Files\\LGHUB\\locales\\af.pak",
      "registerLibrary": false,
      "sha256": "e6db19247e92d007323f9e0ee776c423a6a8a64ab321c9d5c964cf137e390a4d"
    },
    {
      "path": "C:\\Program Files\\LGHUB\\locales\\am.pak",
      "registerLibrary": false,
      "sha256": "9aa0bee97cd6957d3fa1dc43e3bc45b7fc4f55df6df9a33faa7aeaf6e2c46a71"
    },
    {
      "path": "C:\\Program Files\\LGHUB\\locales\\ar.pak",
      "registerLibrary": false,
      "sha256": "88645be62d0421ace7b2c44df7de67a4a83b04977049bef82b465f60f06d5560"
    },
    {
      "path": "C:\\Program Files\\LGHUB\\locales\\bg.pak",
      "registerLibrary": false,
      "sha256": "4a7d229dbd7ca53bac0438d5705a8ecad9e33213f6752e58624da1b9e9cd571b"
    },
    {
      "path": "C:\\Program Files\\LGHUB\\locales\\bn.pak",
      "registerLibrary": false,
      "sha256": "6ad844d2b22c8fbf3587ea603140deb1475dab934ac62e402dbf1c6946dc882e"
    },
    {
      "path": "C:\\Program Files\\LGHUB\\locales\\ca.pak",
      "registerLibrary": false,
      "sha256": "2b4281c355f0ef19417c3b944ef40642f2e4d0fa3730c626f77f00cef70a6d7e"
    },
    {
      "path": "C:\\Program Files\\LGHUB\\locales\\cs.pak",
      "registerLibrary": false,
      "sha256": "dee2f88b85753600284bb4acc844be1f0edd5688f98340770bc042aecbd73fb9"
    },
    {
      "path": "C:\\Program Files\\LGHUB\\locales\\da.pak",
      "registerLibrary": false,
      "sha256": "19444d709ff0b9343aef93a640c505566572a0f3121012716d2af937c08d6dd1"
    },
    {
      "path": "C:\\Program Files\\LGHUB\\locales\\de.pak",
      "registerLibrary": false,
      "sha256": "6e8983727e035e77652fb453192871e435dbab03ffb3088a86ec918ef01b7f37"
    },
    {
      "path": "C:\\Program Files\\LGHUB\\locales\\el.pak",
      "registerLibrary": false,
      "sha256": "b4bdd19191dc4bc22f8a3ecab032f034b0c0c0669e9a5ba1b42717ec0b5b418b"
    },
    {
      "path": "C:\\Program Files\\LGHUB\\locales\\en-GB.pak",
      "registerLibrary": false,
      "sha256": "e252661d412a068610ac2e2a64609f21f71c64602c579a14d7e6ee59d08fdfc1"
    },
    {
      "path": "C:\\Program Files\\LGHUB\\locales\\en-US.pak",
      "registerLibrary": false,
      "sha256": "bd67fc968d75e77f2bae7ad552c398ccc4dad8635d74814c2046f813010c45e7"
    },
    {
      "path": "C:\\Program Files\\LGHUB\\locales\\es-419.pak",
      "registerLibrary": false,
      "sha256": "376cb23e273650f9b81fd531fe8c2f6ab4f2dbc1badf02327669489a654143ca"
    },
    {
      "path": "C:\\Program Files\\LGHUB\\locales\\es.pak",
      "registerLibrary": false,
      "sha256": "e1a9180677d2989137e8dd381e6c847c47b385a6d3e965a047829479317736ae"
    },
    {
      "path": "C:\\Program Files\\LGHUB\\locales\\et.pak",
      "registerLibrary": false,
      "sha256": "8e75989893f0d59f6ccae2042231ec8e7dea6fbc78210700d0d1d3a67f6b1d59"
    },
    {
      "path": "C:\\Program Files\\LGHUB\\locales\\fa.pak",
      "registerLibrary": false,
      "sha256": "59695da5aa5c468d85f998c9f27dcc6e68bc1a9b12792355069b7cac4d223c31"
    },
    {
      "path": "C:\\Program Files\\LGHUB\\locales\\fi.pak",
      "registerLibrary": false,
      "sha256": "0b41ce33c0036aee83989ce4ffc2d096b2f6fab77634e4bb500ec70a51b4e0bd"
    },
    {
      "path": "C:\\Program Files\\LGHUB\\locales\\fil.pak",
      "registerLibrary": false,
      "sha256": "742705b1c87900f6e8f02fa112d2cf13ffaa6c09c62a7dc34a2cd6a29608dd10"
    },
    {
      "path": "C:\\Program Files\\LGHUB\\locales\\fr.pak",
      "registerLibrary": false,
      "sha256": "b7b3e4f04dadde5c228408c32c55f088372181cad5b71df515cdad8dd1ef9e6d"
    },
    {
      "path": "C:\\Program Files\\LGHUB\\locales\\gu.pak",
      "registerLibrary": false,
      "sha256": "984aed687408ebdeb291a57893034490d6acfe9d34546dcc3715f33c8907ca61"
    },
    {
      "path": "C:\\Program Files\\LGHUB\\locales\\he.pak",
      "registerLibrary": false,
      "sha256": "4e972808f0a25619462a0390105e8a869037341a30b3481b3c80d918009efdb2"
    },
    {
      "path": "C:\\Program Files\\LGHUB\\locales\\hi.pak",
      "registerLibrary": false,
      "sha256": "ba422906b81ebbcc2177459f7a0303f428590dd5008dbfc1430265dc008290ba"
    },
    {
      "path": "C:\\Program Files\\LGHUB\\locales\\hr.pak",
      "registerLibrary": false,
      "sha256": "66e85a46152b7baa26b2fd8d6af3df0ca67f54b75281aa08cf6a0f7e769aee8c"
    },
    {
      "path": "C:\\Program Files\\LGHUB\\locales\\hu.pak",
      "registerLibrary": false,
      "sha256": "df6c21a38bedd4c6d02ab60650f4c34537e238d4c72b96b2857973027542c3d8"
    },
    {
      "path": "C:\\Program Files\\LGHUB\\locales\\id.pak",
      "registerLibrary": false,
      "sha256": "788a4e41a8e6b70e714913b4894a48fdf24799f7a20320565c523b233a41a8be"
    },
    {
      "path": "C:\\Program Files\\LGHUB\\locales\\it.pak",
      "registerLibrary": false,
      "sha256": "94652279dd554461d91613fd2cf295e0c68a7fa46855c53172781b15a5b2bcb7"
    },
    {
      "path": "C:\\Program Files\\LGHUB\\locales\\ja.pak",
      "registerLibrary": false,
      "sha256": "1b3bcb7b6482cd9b005aaf30ccde3b4f3603f0a9e1d0f2209d70ecc74f7353de"
    },
    {
      "path": "C:\\Program Files\\LGHUB\\locales\\kn.pak",
      "registerLibrary": false,
      "sha256": "c06445ffccb52fca884686db4eda33d315d8340fd653c199c0fd8a07d1872720"
    },
    {
      "path": "C:\\Program Files\\LGHUB\\locales\\ko.pak",
      "registerLibrary": false,
      "sha256": "7b87b2795f4bee5d4ea37b959ef9d7815b4cc39ba3470d97006370337c3e5997"
    },
    {
      "path": "C:\\Program Files\\LGHUB\\locales\\lt.pak",
      "registerLibrary": false,
      "sha256": "da21c47633640002d0eb397d9f2685df542b6f5e53ee3ca655340750de2f3217"
    },
    {
      "path": "C:\\Program Files\\LGHUB\\locales\\lv.pak",
      "registerLibrary": false,
      "sha256": "1af1ac2692035d502e772f976c977936d0feb42f65a9096e0af2fcf8b7df03bf"
    },
    {
      "path": "C:\\Program Files\\LGHUB\\locales\\ml.pak",
      "registerLibrary": false,
      "sha256": "c990dd02ea8ccad94f5002b2b05e74ad258a9b13ec1168732cde06d0723e2a91"
    },
    {
      "path": "C:\\Program Files\\LGHUB\\locales\\mr.pak",
      "registerLibrary": false,
      "sha256": "c20543bde56b4ba78b7efd8a1fd4d6990e751ea7e243c91a2e83ca78dc0d9289"
    },
    {
      "path": "C:\\Program Files\\LGHUB\\locales\\ms.pak",
      "registerLibrary": false,
      "sha256": "d51d9f4fd2be492a751db6898b4c2843b2b6cbfe893bb66ffa4eb8e1a66e7e5f"
    },
    {
      "path": "C:\\Program Files\\LGHUB\\locales\\nb.pak",
      "registerLibrary": false,
      "sha256": "fee60b6eff88716fd8ad4a9b2da8b16827753c819671831e2d7dc2723aee3bf8"
    },
    {
      "path": "C:\\Program Files\\LGHUB\\locales\\nl.pak",
      "registerLibrary": false,
      "sha256": "361d54411d890d26fbe6d1f8e8f8258e72afca143783f9f16145b9f4f5f9333d"
    },
    {
      "path": "C:\\Program Files\\LGHUB\\locales\\pl.pak",
      "registerLibrary": false,
      "sha256": "fb1dc5b556f59b6ad642167f1df9e654517ad494559eb3f441ca8f79d56a86e0"
    },
    {
      "path": "C:\\Program Files\\LGHUB\\locales\\pt-BR.pak",
      "registerLibrary": false,
      "sha256": "1054376071aba92b165cf561b7931a18ae0b29c9ca22eda85c5c9c7e6721e49b"
    },
    {
      "path": "C:\\Program Files\\LGHUB\\locales\\pt-PT.pak",
      "registerLibrary": false,
      "sha256": "e5c382258030217591f439a4020069378c3362677258d5129c69ef8e25abd6c2"
    },
    {
      "path": "C:\\Program Files\\LGHUB\\locales\\ro.pak",
      "registerLibrary": false,
      "sha256": "d56825b2ad81fa419b428855d8b3cff01015a446b7cc989d7b17fe1b3b5f45cd"
    },
    {
      "path": "C:\\Program Files\\LGHUB\\locales\\ru.pak",
      "registerLibrary": false,
      "sha256": "f6b76bf79ea9f03d6bf8a399778a387029baf9a94ad274788514b2086b612bd8"
    },
    {
      "path": "C:\\Program Files\\LGHUB\\locales\\sk.pak",
      "registerLibrary": false,
      "sha256": "fe43904bfb0072add943ee8d44e9f92a80eb2aa55ce7157de52ea625c277db53"
    },
    {
      "path": "C:\\Program Files\\LGHUB\\locales\\sl.pak",
      "registerLibrary": false,
      "sha256": "5015c0685b66ef38c92ffc4963e144e913b646d8e855f3976e50c8039879cccf"
    },
    {
      "path": "C:\\Program Files\\LGHUB\\locales\\sr.pak",
      "registerLibrary": false,
      "sha256": "a0ef17a572ce510796886b844226b65991bbddcc71b763b91569a07ef23d2070"
    },
    {
      "path": "C:\\Program Files\\LGHUB\\locales\\sv.pak",
      "registerLibrary": false,
      "sha256": "21c7d459c55f255c6da5a6454eafc836a3bcdba9c99c76bad0f0d6fbbe7a33ef"
    },
    {
      "path": "C:\\Program Files\\LGHUB\\locales\\sw.pak",
      "registerLibrary": false,
      "sha256": "a8d904e4871efa01c72ef64bab601e6cb1de216db4a696966e90fe1b733bef17"
    },
    {
      "path": "C:\\Program Files\\LGHUB\\locales\\ta.pak",
      "registerLibrary": false,
      "sha256": "fafe173abc2ca773026b0caa24e693a0ac4c9d0ad7c40258bece10e4714dcb15"
    },
    {
      "path": "C:\\Program Files\\LGHUB\\locales\\te.pak",
      "registerLibrary": false,
      "sha256": "7fc98e50ecf3bbc04ff70a85c1157e4b02e7fc40562f996c4ea25582bb9f4ee7"
    },
    {
      "path": "C:\\Program Files\\LGHUB\\locales\\th.pak",
      "registerLibrary": false,
      "sha256": "bb8b656b1d2c4cf5f361f59b44abd4809cd774e664dbd0f90b62b97ea125e3c6"
    },
    {
      "path": "C:\\Program Files\\LGHUB\\locales\\tr.pak",
      "registerLibrary": false,
      "sha256": "e31a9cefcbef64d082b77a16a2d5dff11673f74363cf9fc34e36004a62e308d6"
    },
    {
      "path": "C:\\Program Files\\LGHUB\\locales\\uk.pak",
      "registerLibrary": false,
      "sha256": "d10af321c33d48f5e97abb1c74b76e43e63390b9022bed58437fa4d271283900"
    },
    {
      "path": "C:\\Program Files\\LGHUB\\locales\\ur.pak",
      "registerLibrary": false,
      "sha256": "ae2457b6f347d34fa8ecf524d91154ba9b80ee160196d774546c1b8924049495"
    },
    {
      "path": "C:\\Program Files\\LGHUB\\locales\\vi.pak",
      "registerLibrary": false,
      "sha256": "2ca9eb9d04ab45f479b392ca9067d353e5472f863d3b784acfcb1361c6da30d7"
    },
    {
      "path": "C:\\Program Files\\LGHUB\\locales\\zh-CN.pak",
      "registerLibrary": false,
      "sha256": "3e63b6f4557d7ad41138dff35760e301ecf08e403e95bae8d7789e2ecd620aa8"
    },
    {
      "path": "C:\\Program Files\\LGHUB\\locales\\zh-TW.pak",
      "registerLibrary": false,
      "sha256": "54469b7be7f1c7cd972e77d9853813d41b515b2ef8a3824e7fad2646b3ebb3a4"
    },
    {
      "path": "C:\\Program Files\\LGHUB\\logi_audio_conexant.dll",
      "registerLibrary": false,
      "sha256": "91386af2e28df91ff64d4a6b8db3431c726e6fac01beddba646a8795205982d4"
    },
    {
      "path": "C:\\Program Files\\LGHUB\\logi_crashpad_handler.exe",
      "registerLibrary": false,
      "sha256": "5dc45f724232e8f0515db46e3b2d024aed2215c98c5b71228e76df6f79a714cd"
    },
    {
      "path": "C:\\Program Files\\LGHUB\\platforms\\qwindows.dll",
      "registerLibrary": false,
      "sha256": "1818d596e9a12f35e02ff6a91898e696463857fb8a3f46204a6d315dc2364130"
    },
    {
      "path": "C:\\Program Files\\LGHUB\\Qt5Concurrent.dll",
      "registerLibrary": false,
      "sha256": "c250765ced629f6def5655f415e02407222cc5c712e431837f6ed43098676730"
    },
    {
      "path": "C:\\Program Files\\LGHUB\\Qt5Core.dll",
      "registerLibrary": false,
      "sha256": "971b28f2a1ab7aaac633a1262d159657bada3ad59c3df628de1d3b1a169a6f60"
    },
    {
      "path": "C:\\Program Files\\LGHUB\\Qt5Gui.dll",
      "registerLibrary": false,
      "sha256": "66b9f3d5229679ffdaecd715f4490f7b67cf2b7f2422c5a02f71f9dee1fce2f4"
    },
    {
      "path": "C:\\Program Files\\LGHUB\\Qt5Network.dll",
      "registerLibrary": false,
      "sha256": "a97f5a50fa6894043368c9748b93638bd4c062317386e6574eda664cff09d7b7"
    },
    {
      "path": "C:\\Program Files\\LGHUB\\Qt5Widgets.dll",
      "registerLibrary": false,
      "sha256": "468bc85db56d430feb67f0d4fac375c0543e57cc5c8c13bd37352f3ca2dde484"
    },
    {
      "path": "C:\\Program Files\\LGHUB\\resources\\app.asar",
      "registerLibrary": false,
      "sha256": "fc6fc9fe85faff1b7a11a81f56787df029e0af2684fa6467f9c029285637f0ad"
    },
    {
      "path": "C:\\Program Files\\LGHUB\\resources\\app.asar.unpacked\\keytar.node",
      "registerLibrary": false,
      "sha256": "ac15a63774b6b8e798d7e75a3ccb1f78a33c721482ace1f8e92ea9761030cb8f"
    },
    {
      "path": "C:\\Program Files\\LGHUB\\resources\\icon.png",
      "registerLibrary": false,
      "sha256": "67d0957daca9717fe862746dd968097c7ac30fc718cc580c2563a5a85c6d23be"
    },
    {
      "path": "C:\\Program Files\\LGHUB\\resources.pak",
      "registerLibrary": false,
      "sha256": "54a6f32a288069872561bae115d211fe3b2701d55a5048311d1cfcd541fe4659"
    },
    {
      "path": "C:\\Program Files\\LGHUB\\snapshot_blob.bin",
      "registerLibrary": false,
      "sha256": "2590aa136bc101f1075e42cd8939c7679ceb35b773c989be2ada49acaffd01a5"
    },
    {
      "path": "C:\\Program Files\\LGHUB\\system_tray\\af-ZA\\Microsoft.ui.xaml.dll.mui",
      "registerLibrary": false,
      "sha256": "a7c429c8b95a59436637110dfd7c5e25614da49e59ee9015cc59e37d843446cb"
    },
    {
      "path": "C:\\Program Files\\LGHUB\\system_tray\\af-ZA\\Microsoft.UI.Xaml.Phone.dll.mui",
      "registerLibrary": false,
      "sha256": "5a14208e045c65fbf17b2685d02ac6a5a500089059fed864b8d5eab9ea0b65a2"
    },
    {
      "path": "C:\\Program Files\\LGHUB\\system_tray\\App.xbf",
      "registerLibrary": false,
      "sha256": "33cd273b38cad58e3f9b73db539994a923798639c2aca44737767b48204a33f1"
    },
    {
      "path": "C:\\Program Files\\LGHUB\\system_tray\\ar-SA\\Microsoft.ui.xaml.dll.mui",
      "registerLibrary": false,
      "sha256": "bb7150918c744f196983adcb1653f9fcfe84e490e57db3c98379bd8c99151374"
    },
    {
      "path": "C:\\Program Files\\LGHUB\\system_tray\\ar-SA\\Microsoft.UI.Xaml.Phone.dll.mui",
      "registerLibrary": false,
      "sha256": "0523dbcf2b9090c6403b92ee6879c8910695cca3d10075e1878d1e7a8724c14d"
    },
    {
      "path": "C:\\Program Files\\LGHUB\\system_tray\\az-Latn-AZ\\Microsoft.ui.xaml.dll.mui",
      "registerLibrary": false,
      "sha256": "7266efb88d364aca5eef6ecf7b52dc791b5bae4958659f4f70c144bf1f81ece6"
    },
    {
      "path": "C:\\Program Files\\LGHUB\\system_tray\\az-Latn-AZ\\Microsoft.UI.Xaml.Phone.dll.mui",
      "registerLibrary": false,
      "sha256": "7c47a4bb4b8644b81624cb88cda322e6eb8bccd12328584d4f9826edc17a9b33"
    },
    {
      "path": "C:\\Program Files\\LGHUB\\system_tray\\bg-BG\\Microsoft.ui.xaml.dll.mui",
      "registerLibrary": false,
      "sha256": "47419465a7cdecfcb3551150fb144152c5076e75f23734b0cad52a33505a88ee"
    },
    {
      "path": "C:\\Program Files\\LGHUB\\system_tray\\bg-BG\\Microsoft.UI.Xaml.Phone.dll.mui",
      "registerLibrary": false,
      "sha256": "abf0361240bc9eb479931a577b2d3f09e8b6d875a1669152d4f76a7722c0b06f"
    },
    {
      "path": "C:\\Program Files\\LGHUB\\system_tray\\bs-Latn-BA\\Microsoft.ui.xaml.dll.mui",
      "registerLibrary": false,
      "sha256": "a12d80d9029daa7848eada83f3adaa347c21a8c058246ff3b2d2dcb91fdbfd31"
    },
    {
      "path": "C:\\Program Files\\LGHUB\\system_tray\\bs-Latn-BA\\Microsoft.UI.Xaml.Phone.dll.mui",
      "registerLibrary": false,
      "sha256": "f4b0ef4cce3f6257c214ad202b85ef3a9b0d3a8e1e9d63193b0ec5e21ae1d1f7"
    },
    {
      "path": "C:\\Program Files\\LGHUB\\system_tray\\ca-ES\\Microsoft.ui.xaml.dll.mui",
      "registerLibrary": false,
      "sha256": "0f3f8a2def1ebb925043b001c86f3a7769483bd461aeea63d6bb8f0b50340c52"
    },
    {
      "path": "C:\\Program Files\\LGHUB\\system_tray\\ca-ES\\Microsoft.UI.Xaml.Phone.dll.mui",
      "registerLibrary": false,
      "sha256": "8a0013658d8af90e878e42c009d30b90f8039597d1aad830bc25da388336ccaa"
    },
    {
      "path": "C:\\Program Files\\LGHUB\\system_tray\\components\\AudioMixerControl.xbf",
      "registerLibrary": false,
      "sha256": "868d263e1554299961d05faff72b8753805ee44b163207d61a969ad6c6606cfe"
    },
    {
      "path": "C:\\Program Files\\LGHUB\\system_tray\\components\\BatteryStatus.xbf",
      "registerLibrary": false,
      "sha256": "bb263b42b89e3641140e34e687124b07501aa9c28925021480d0d7e9423fafb6"
    },
    {
      "path": "C:\\Program Files\\LGHUB\\system_tray\\components\\ButtonControl.xbf",
      "registerLibrary": false,
      "sha256": "0402e3e55b0707f787a9d6822ccdac70da56726cccfd32287726da003f770e70"
    },
    {
      "path": "C:\\Program Files\\LGHUB\\system_tray\\components\\ConnectionStatus.xbf",
      "registerLibrary": false,
      "sha256": "58810d7e7dcf88f07245b827582f89939acbd2eee298679b6be2323c72658307"
    },
    {
      "path": "C:\\Program Files\\LGHUB\\system_tray\\components\\ControlLayout.xbf",
      "registerLibrary": false,
      "sha256": "d56565829a44d566c4b9440f0e69bddaab9bd81376f4e7ed2c89f51db9dcb761"
    },
    {
      "path": "C:\\Program Files\\LGHUB\\system_tray\\components\\GlyphButtonControl.xbf",
      "registerLibrary": false,
      "sha256": "d595f140e6b74ae22b9afdc89f756b8644665715558ebc80e5971d6efa286808"
    },
    {
      "path": "C:\\Program Files\\LGHUB\\system_tray\\components\\IconStatus.xbf",
      "registerLibrary": false,
      "sha256": "f64dbe0de4bee460404654b57eb9444709ea482a54238030ddb3f1ae5dba2993"
    },
    {
      "path": "C:\\Program Files\\LGHUB\\system_tray\\components\\LabelControl.xbf",
      "registerLibrary": false,
      "sha256": "8ccba6d2fb2c4d85652758bb9b4911d276d3f72092bec4768fe2bfb495e3ecdf"
    },
    {
      "path": "C:\\Program Files\\LGHUB\\system_tray\\components\\ListItem.xbf",
      "registerLibrary": false,
      "sha256": "1000bd4dd2b2c0869e8829ccf063436fdfcbcc9120f11dbc543d4646e6859179"
    },
    {
      "path": "C:\\Program Files\\LGHUB\\system_tray\\components\\ListItemRender.xbf",
      "registerLibrary": false,
      "sha256": "ecac1352f4dcd79eaef7c69df008eaff1cf1415f9bccea6e48ae58d7c0f06fb4"
    },
    {
      "path": "C:\\Program Files\\LGHUB\\system_tray\\components\\SeparatorControl.xbf",
      "registerLibrary": false,
      "sha256": "22fb1d1920514d656c08e2ec8b315767ac58f0042677c55d4a1d102f43603f42"
    },
    {
      "path": "C:\\Program Files\\LGHUB\\system_tray\\components\\SliderControl.xbf",
      "registerLibrary": false,
      "sha256": "472ebda8e3ab3cdf7496c20af8729362f75c524575d01408939a549f41d550b6"
    },
    {
      "path": "C:\\Program Files\\LGHUB\\system_tray\\components\\TextStatus.xbf",
      "registerLibrary": false,
      "sha256": "453272dcc148e3f238e451ca4bb626152fd7c3e7b006d41d036b620ff30f1781"
    },
    {
      "path": "C:\\Program Files\\LGHUB\\system_tray\\components\\ToggleControl.xbf",
      "registerLibrary": false,
      "sha256": "d566b646874ea1965e64eaf6af7f3971a52bc11c7e682a1bb1d5ed5aa73ce51f"
    },
    {
      "path": "C:\\Program Files\\LGHUB\\system_tray\\components\\ViewPresenter.xbf",
      "registerLibrary": false,
      "sha256": "0f2649dc95ec150dacbb39a26bcb8c3d87323bf5574dc632bc9c3bb7682d2143"
    },
    {
      "path": "C:\\Program Files\\LGHUB\\system_tray\\CoreMessagingXP.dll",
      "registerLibrary": false,
      "sha256": "c5fb00e8641903c1e24c2a8b1e6812f5ab45c8b819f883e55829c354aca53497"
    },
    {
      "path": "C:\\Program Files\\LGHUB\\system_tray\\cs-CZ\\Microsoft.ui.xaml.dll.mui",
      "registerLibrary": false,
      "sha256": "82117e7ecf21081f4055da6cb1a7b8f3ad4c08840ebf9d015a1f2d6fa195537a"
    },
    {
      "path": "C:\\Program Files\\LGHUB\\system_tray\\cs-CZ\\Microsoft.UI.Xaml.Phone.dll.mui",
      "registerLibrary": false,
      "sha256": "3c17924e72da82939cc58399890a51f17695c2484129fdf6ee47a3a758253ba3"
    },
    {
      "path": "C:\\Program Files\\LGHUB\\system_tray\\cy-GB\\Microsoft.ui.xaml.dll.mui",
      "registerLibrary": false,
      "sha256": "fbf99622c14311c133ee85f70a7018014d1206edffb8fedde0eb5ca15056b8ac"
    },
    {
      "path": "C:\\Program Files\\LGHUB\\system_tray\\cy-GB\\Microsoft.UI.Xaml.Phone.dll.mui",
      "registerLibrary": false,
      "sha256": "f281693209e02986cce8f58dbe8be2a7be5e363dbd594c2e825b81fd69d92e31"
    },
    {
      "path": "C:\\Program Files\\LGHUB\\system_tray\\da-DK\\Microsoft.ui.xaml.dll.mui",
      "registerLibrary": false,
      "sha256": "3159b677bce478eda4b3cccfb185b8246c0792b1a5cc804b9d16daac8204e352"
    },
    {
      "path": "C:\\Program Files\\LGHUB\\system_tray\\da-DK\\Microsoft.UI.Xaml.Phone.dll.mui",
      "registerLibrary": false,
      "sha256": "f88b036f9ac741095744cbe7ea352257d9448fce5156217a69f141a900782c1e"
    },
    {
      "path": "C:\\Program Files\\LGHUB\\system_tray\\dcompi.dll",
      "registerLibrary": false,
      "sha256": "748821ce094b751ea325ad48dbbf41d252876bd7373c18fae2c10194038e69df"
    },
    {
      "path": "C:\\Program Files\\LGHUB\\system_tray\\de-DE\\Microsoft.ui.xaml.dll.mui",
      "registerLibrary": false,
      "sha256": "e8f57ba622bbb67b76274763c1fa74b22fc375c431876f3b75acb76c5c795f96"
    },
    {
      "path": "C:\\Program Files\\LGHUB\\system_tray\\de-DE\\Microsoft.UI.Xaml.Phone.dll.mui",
      "registerLibrary": false,
      "sha256": "b5fdadb03076e4dd2d6d319d8833eb9025d1089118da77be8a9075916ee6dec8"
    },
    {
      "path": "C:\\Program Files\\LGHUB\\system_tray\\dwmcorei.dll",
      "registerLibrary": false,
      "sha256": "96b640e9272163e38cabdb9df698950268bbca3c6a734c7e0ef75f7fd4c1970b"
    },
    {
      "path": "C:\\Program Files\\LGHUB\\system_tray\\DwmSceneI.dll",
      "registerLibrary": false,
      "sha256": "3c1337932a5536dcc1141e7f68f7a2076eff65d7572d166272ed41b5147bdf00"
    },
    {
      "path": "C:\\Program Files\\LGHUB\\system_tray\\DWriteCore.dll",
      "registerLibrary": false,
      "sha256": "920794bfc6cee25176630ec67576a95f9da357382ed90aae2a1c687654c0e6e7"
    },
    {
      "path": "C:\\Program Files\\LGHUB\\system_tray\\el-GR\\Microsoft.ui.xaml.dll.mui",
      "registerLibrary": false,
      "sha256": "cf65322d34d0a23885286dbf4d766472d5cd4c61e6081a7a0fbb16c4e85ee64b"
    },
    {
      "path": "C:\\Program Files\\LGHUB\\system_tray\\el-GR\\Microsoft.UI.Xaml.Phone.dll.mui",
      "registerLibrary": false,
      "sha256": "b44e5b6a7007369f74ce58ab66020031fb571e8f39a50fffeac7efc707652bd3"
    },
    {
      "path": "C:\\Program Files\\LGHUB\\system_tray\\en-GB\\Microsoft.ui.xaml.dll.mui",
      "registerLibrary": false,
      "sha256": "4f614b5359dfe9ad246c532a9edf7afb33913675e7c880553cd73fc6defdd751"
    },
    {
      "path": "C:\\Program Files\\LGHUB\\system_tray\\en-GB\\Microsoft.UI.Xaml.Phone.dll.mui",
      "registerLibrary": false,
      "sha256": "21f051395a36ce22f3f9ff7f834aacf62efba17aad791ffb1af172cdcf66b85d"
    },
    {
      "path": "C:\\Program Files\\LGHUB\\system_tray\\en-us\\Microsoft.ui.xaml.dll.mui",
      "registerLibrary": false,
      "sha256": "8eb694817070929135b18a0067ea6f8158071eac4d53ab16263e5986f4d35cbb"
    },
    {
      "path": "C:\\Program Files\\LGHUB\\system_tray\\en-us\\Microsoft.UI.Xaml.Phone.dll.mui",
      "registerLibrary": false,
      "sha256": "b9eaffb8ae26cbe649d0b151352277ec6a262dad72fd3d28775de63465a4927c"
    },
    {
      "path": "C:\\Program Files\\LGHUB\\system_tray\\es-ES\\Microsoft.ui.xaml.dll.mui",
      "registerLibrary": false,
      "sha256": "7c1c8081f63f96a2023bd68755a95c5b441e24577efd13cbbbc9186a3d76318d"
    },
    {
      "path": "C:\\Program Files\\LGHUB\\system_tray\\es-ES\\Microsoft.UI.Xaml.Phone.dll.mui",
      "registerLibrary": false,
      "sha256": "2f8ce4686db8212b06cb73768836717c3b3f27faaeb22f159261a98a4b635fe9"
    },
    {
      "path": "C:\\Program Files\\LGHUB\\system_tray\\es-MX\\Microsoft.ui.xaml.dll.mui",
      "registerLibrary": false,
      "sha256": "ea2f85ffed8f9c58aba19dd6235a34c99c5dfc658526697d73821a961f558557"
    },
    {
      "path": "C:\\Program Files\\LGHUB\\system_tray\\es-MX\\Microsoft.UI.Xaml.Phone.dll.mui",
      "registerLibrary": false,
      "sha256": "1789590079b18bc536152ed478297b60bb092f5ebef091d6a5c56cceeebb4c75"
    },
    {
      "path": "C:\\Program Files\\LGHUB\\system_tray\\et-EE\\Microsoft.ui.xaml.dll.mui",
      "registerLibrary": false,
      "sha256": "d895afdb191f4b14dbc1df5b58e3910404126b390e90ce2a35104459b66c945e"
    },
    {
      "path": "C:\\Program Files\\LGHUB\\system_tray\\et-EE\\Microsoft.UI.Xaml.Phone.dll.mui",
      "registerLibrary": false,
      "sha256": "ab002054930ad5dd8bbbdc9dc7ba74ea917c3cfa2a696c311e0b45b9d6db20e9"
    },
    {
      "path": "C:\\Program Files\\LGHUB\\system_tray\\eu-ES\\Microsoft.ui.xaml.dll.mui",
      "registerLibrary": false,
      "sha256": "5d9aba40da3c92cab349542c2bc312ab5a5496a7f2210f4d2547d086296dc8ea"
    },
    {
      "path": "C:\\Program Files\\LGHUB\\system_tray\\eu-ES\\Microsoft.UI.Xaml.Phone.dll.mui",
      "registerLibrary": false,
      "sha256": "f4e1c8970aeab524943981e96454784db6221d416bb5f4eb8f959a50d47669d2"
    },
    {
      "path": "C:\\Program Files\\LGHUB\\system_tray\\fa-IR\\Microsoft.ui.xaml.dll.mui",
      "registerLibrary": false,
      "sha256": "62ece7f987fdee60d80ce469a02aff086c87f4b90717be3018fb3fc1b8ffa44f"
    },
    {
      "path": "C:\\Program Files\\LGHUB\\system_tray\\fa-IR\\Microsoft.UI.Xaml.Phone.dll.mui",
      "registerLibrary": false,
      "sha256": "514ae3f53954172fa9ae2d640eb9cd7ae119d99542d1a150eb0655c2a8fb5152"
    },
    {
      "path": "C:\\Program Files\\LGHUB\\system_tray\\fi-FI\\Microsoft.ui.xaml.dll.mui",
      "registerLibrary": false,
      "sha256": "065e540ad971b837300bfa4aa9c483511deb3c180fcb385b8878c071194f7036"
    },
    {
      "path": "C:\\Program Files\\LGHUB\\system_tray\\fi-FI\\Microsoft.UI.Xaml.Phone.dll.mui",
      "registerLibrary": false,
      "sha256": "1f2eae0d78009611dd37f213dff9c59e5e1fbb726583aa8028a49289c5b9cc3c"
    },
    {
      "path": "C:\\Program Files\\LGHUB\\system_tray\\fr-CA\\Microsoft.ui.xaml.dll.mui",
      "registerLibrary": false,
      "sha256": "3a14a850df37114e7b7a9846429d2b8f867f6505752dd4f3797ea8cfc9fb5117"
    },
    {
      "path": "C:\\Program Files\\LGHUB\\system_tray\\fr-CA\\Microsoft.UI.Xaml.Phone.dll.mui",
      "registerLibrary": false,
      "sha256": "e7d08c5f7d45bcfc1a86889a7b304a875e875ed22179037d8dd8dd5f60a82de1"
    },
    {
      "path": "C:\\Program Files\\LGHUB\\system_tray\\fr-FR\\Microsoft.ui.xaml.dll.mui",
      "registerLibrary": false,
      "sha256": "293409494252c138d50010e83e8e8f4d3980d1b4ce15ee51ee15289164a7cd1c"
    },
    {
      "path": "C:\\Program Files\\LGHUB\\system_tray\\fr-FR\\Microsoft.UI.Xaml.Phone.dll.mui",
      "registerLibrary": false,
      "sha256": "4b49f043a2a5ab218d9d85203e95055a2e5aa5db9fcdb17e05addde1423f5793"
    },
    {
      "path": "C:\\Program Files\\LGHUB\\system_tray\\gl-ES\\Microsoft.ui.xaml.dll.mui",
      "registerLibrary": false,
      "sha256": "6575795c61d30171f98d90e6b3152b5adff103c2bda8a94877f701891e170724"
    },
    {
      "path": "C:\\Program Files\\LGHUB\\system_tray\\gl-ES\\Microsoft.UI.Xaml.Phone.dll.mui",
      "registerLibrary": false,
      "sha256": "5a6455dabf0b65c51d4a5b7875e1a62087a81187c6008bc7ac50362c16e95bad"
    },
    {
      "path": "C:\\Program Files\\LGHUB\\system_tray\\he-IL\\Microsoft.ui.xaml.dll.mui",
      "registerLibrary": false,
      "sha256": "f59a9ae201c1fdc2169a4bc3f31974976722e75be14590cb6530f5c23c06543a"
    },
    {
      "path": "C:\\Program Files\\LGHUB\\system_tray\\he-IL\\Microsoft.UI.Xaml.Phone.dll.mui",
      "registerLibrary": false,
      "sha256": "102f2578d3cbade4039e583f44d7cb3c1fc1d4360158bbff9855abafa73dc259"
    },
    {
      "path": "C:\\Program Files\\LGHUB\\system_tray\\hi-IN\\Microsoft.ui.xaml.dll.mui",
      "registerLibrary": false,
      "sha256": "a4316b27b7664b5ae5e21a6c6e1c7ffa4b1f3876eb8f38f0cee11d004cf0eed5"
    },
    {
      "path": "C:\\Program Files\\LGHUB\\system_tray\\hi-IN\\Microsoft.UI.Xaml.Phone.dll.mui",
      "registerLibrary": false,
      "sha256": "77b20f81fcc7446024cc764cbbcd434d6c4f086916533f32eef45a9b670d355a"
    },
    {
      "path": "C:\\Program Files\\LGHUB\\system_tray\\hr-HR\\Microsoft.ui.xaml.dll.mui",
      "registerLibrary": false,
      "sha256": "b62b9b55543b8d251eb18a597008fecb8cbf26cffaeccd8761ae1c8e815a14f0"
    },
    {
      "path": "C:\\Program Files\\LGHUB\\system_tray\\hr-HR\\Microsoft.UI.Xaml.Phone.dll.mui",
      "registerLibrary": false,
      "sha256": "07750f016d12d78a750373c41df7da5afb8f17b1e36398df2da4457298ee92c1"
    },
    {
      "path": "C:\\Program Files\\LGHUB\\system_tray\\hu-HU\\Microsoft.ui.xaml.dll.mui",
      "registerLibrary": false,
      "sha256": "3457dafdf0c410cb0f77f9e12bace62d6d349b93a04e55775ad39252da49cbb7"
    },
    {
      "path": "C:\\Program Files\\LGHUB\\system_tray\\hu-HU\\Microsoft.UI.Xaml.Phone.dll.mui",
      "registerLibrary": false,
      "sha256": "92c4e270c065bb640b629d055bda76513e061a6727cf636de2f59d19c9f10b85"
    },
    {
      "path": "C:\\Program Files\\LGHUB\\system_tray\\id-ID\\Microsoft.ui.xaml.dll.mui",
      "registerLibrary": false,
      "sha256": "82d1165debc9032adfec4e9cefd45752c8d875dd4fea24172523fa6b5ffecc4e"
    },
    {
      "path": "C:\\Program Files\\LGHUB\\system_tray\\id-ID\\Microsoft.UI.Xaml.Phone.dll.mui",
      "registerLibrary": false,
      "sha256": "529a292eb1316896488feb0d83304d776c0a51fef24f31cc9aebe67e06ef51cc"
    },
    {
      "path": "C:\\Program Files\\LGHUB\\system_tray\\is-IS\\Microsoft.ui.xaml.dll.mui",
      "registerLibrary": false,
      "sha256": "3185b637f5458abdc4f0e20e42e609b48febcab5f100ec964b31777c4645edda"
    },
    {
      "path": "C:\\Program Files\\LGHUB\\system_tray\\is-IS\\Microsoft.UI.Xaml.Phone.dll.mui",
      "registerLibrary": false,
      "sha256": "06c9adc09956a8e744fcb5b331c2a4d1a00c992a242978e37af2a4c15750c205"
    },
    {
      "path": "C:\\Program Files\\LGHUB\\system_tray\\it-IT\\Microsoft.ui.xaml.dll.mui",
      "registerLibrary": false,
      "sha256": "39acc3abcb0bd1906fcf802cd8fedab6c033daea12dd3fc52733c75afe0316ee"
    },
    {
      "path": "C:\\Program Files\\LGHUB\\system_tray\\it-IT\\Microsoft.UI.Xaml.Phone.dll.mui",
      "registerLibrary": false,
      "sha256": "dc3a64e927a730993243b49a8770e42b0b19e942d8abd8dc86733acf4a268f96"
    },
    {
      "path": "C:\\Program Files\\LGHUB\\system_tray\\ja-JP\\Microsoft.ui.xaml.dll.mui",
      "registerLibrary": false,
      "sha256": "9de1335afa29c4c93df576711ccadc10a1de2e9e4da67eee5dfd71d8d596831f"
    },
    {
      "path": "C:\\Program Files\\LGHUB\\system_tray\\ja-JP\\Microsoft.UI.Xaml.Phone.dll.mui",
      "registerLibrary": false,
      "sha256": "d6f83c1ef5ad0420511cb313b3fd02e753d420ffc626b9f94774f9268f4f9fdf"
    },
    {
      "path": "C:\\Program Files\\LGHUB\\system_tray\\ka-GE\\Microsoft.ui.xaml.dll.mui",
      "registerLibrary": false,
      "sha256": "fb706b5edf29c919a5a910356ca3453da654772cee39213efdb213d556d9e4a2"
    },
    {
      "path": "C:\\Program Files\\LGHUB\\system_tray\\ka-GE\\Microsoft.UI.Xaml.Phone.dll.mui",
      "registerLibrary": false,
      "sha256": "77171e62c11ce0f4766746de04c3c71889cde6daff3ea0ee9c3711a4e2bb36f1"
    },
    {
      "path": "C:\\Program Files\\LGHUB\\system_tray\\kk-KZ\\Microsoft.ui.xaml.dll.mui",
      "registerLibrary": false,
      "sha256": "e8aebd77a37a8d741afbc72a098e5383ac358f65d0ab85f0233f447300143273"
    },
    {
      "path": "C:\\Program Files\\LGHUB\\system_tray\\kk-KZ\\Microsoft.UI.Xaml.Phone.dll.mui",
      "registerLibrary": false,
      "sha256": "c7f790940d81d888885751d7842c2f31f3c3fa83bd6e115b12b4c8a760760203"
    },
    {
      "path": "C:\\Program Files\\LGHUB\\system_tray\\ko-KR\\Microsoft.ui.xaml.dll.mui",
      "registerLibrary": false,
      "sha256": "582656dc5d6b95cb17fd519cc2e8ee3fd0884059854a89c0f8a3803d8e983b28"
    },
    {
      "path": "C:\\Program Files\\LGHUB\\system_tray\\ko-KR\\Microsoft.UI.Xaml.Phone.dll.mui",
      "registerLibrary": false,
      "sha256": "827df409cf54749dcb2f4c87f92d8ec9de3d1ef256ee66eb556cf68816e541c8"
    },
    {
      "path": "C:\\Program Files\\LGHUB\\system_tray\\lghub_system_tray.exe",
      "registerLibrary": false,
      "sha256": "44a82246846eee3c788f8300cde4b391dc01f71b98d2e24211557849d6072996"
    },
    {
      "path": "C:\\Program Files\\LGHUB\\system_tray\\logi_crashpad_handler.exe",
      "registerLibrary": false,
      "sha256": "3bf8f45889f9bc4311c70fb663b2393f3206992272e0c174b8fe15374482c8d4"
    },
    {
      "path": "C:\\Program Files\\LGHUB\\system_tray\\logi_system_tray.winmd",
      "registerLibrary": false,
      "sha256": "bd0e6f9c65f4e497a754f0e2bf4ae32bcd27e6af5a59a224a1853f2e29d860dd"
    },
    {
      "path": "C:\\Program Files\\LGHUB\\system_tray\\lt-LT\\Microsoft.ui.xaml.dll.mui",
      "registerLibrary": false,
      "sha256": "4dfd8c10422dea23b2d0d7ee6fd74969e425b0945a4d707ebb2df523e036657a"
    },
    {
      "path": "C:\\Program Files\\LGHUB\\system_tray\\lt-LT\\Microsoft.UI.Xaml.Phone.dll.mui",
      "registerLibrary": false,
      "sha256": "d2836319bea88a3e058370df6b1454993fe9fdb55af44150ebef307faf6e0ae1"
    },
    {
      "path": "C:\\Program Files\\LGHUB\\system_tray\\lv-LV\\Microsoft.ui.xaml.dll.mui",
      "registerLibrary": false,
      "sha256": "1b34d274504741aaf9e71149ce5c92b788017cb6cde9bcb2c862fe7f0e59a31e"
    },
    {
      "path": "C:\\Program Files\\LGHUB\\system_tray\\lv-LV\\Microsoft.UI.Xaml.Phone.dll.mui",
      "registerLibrary": false,
      "sha256": "60acfc3a80f7022a59400b68316cc7f9682233d007c2c5e43ce73ef478f36f88"
    },
    {
      "path": "C:\\Program Files\\LGHUB\\system_tray\\MainWindow.xbf",
      "registerLibrary": false,
      "sha256": "ed11b159389397ac214ebf54d22ed0dd6131be5e7d39ff0eea94733d288cdb61"
    },
    {
      "path": "C:\\Program Files\\LGHUB\\system_tray\\marshal.dll",
      "registerLibrary": false,
      "sha256": "5a22c0c909fd3d73f495703642d07b387c4d2fd579239e8e2936c396f0f597c2"
    },
    {
      "path": "C:\\Program Files\\LGHUB\\system_tray\\Microsoft.DirectManipulation.dll",
      "registerLibrary": false,
      "sha256": "fa856189a5c676fc16b6843154440e0c1e81a8d3d230627259ca753c5902b01b"
    },
    {
      "path": "C:\\Program Files\\LGHUB\\system_tray\\Microsoft.Foundation.winmd",
      "registerLibrary": false,
      "sha256": "a10551e39fb0417c302e0bdd63049ae976ddd725f861687078eccaeb07c177a3"
    },
    {
      "path": "C:\\Program Files\\LGHUB\\system_tray\\Microsoft.Graphics.Display.dll",
      "registerLibrary": false,
      "sha256": "40ab848fd937f1ea43d545a7638e20384d3499727ed510358573c1d39f905949"
    },
    {
      "path": "C:\\Program Files\\LGHUB\\system_tray\\Microsoft.Graphics.winmd",
      "registerLibrary": false,
      "sha256": "5b42466dac779fd1325608e27fe26a3253977e793c5b4e4905db7cb09db5ef48"
    },
    {
      "path": "C:\\Program Files\\LGHUB\\system_tray\\Microsoft.InputStateManager.dll",
      "registerLibrary": false,
      "sha256": "98468c91da812c430fe27648a0802eeefbb33e54e37906ce6f2644409a41eb23"
    },
    {
      "path": "C:\\Program Files\\LGHUB\\system_tray\\Microsoft.Internal.FrameworkUdk.dll",
      "registerLibrary": false,
      "sha256": "c81e8724d75f0185f35f5864ef801a194c32829145c61ccbc68aba8efc882c41"
    },
    {
      "path": "C:\\Program Files\\LGHUB\\system_tray\\Microsoft.UI.Composition.OSSupport.dll",
      "registerLibrary": false,
      "sha256": "c09de127e81d34fcbfd92642e98ad0af7df62dc50bad3bb44384a8ad93da9c6e"
    },
    {
      "path": "C:\\Program Files\\LGHUB\\system_tray\\Microsoft.UI.Input.dll",
      "registerLibrary": false,
      "sha256": "00b3d178de3a01c8d109784f7747ab9ede64f86fd0fcebdbbd5743f849e2fba5"
    },
    {
      "path": "C:\\Program Files\\LGHUB\\system_tray\\Microsoft.UI.Text.winmd",
      "registerLibrary": false,
      "sha256": "3a0db86900090295cbdce0c2337d6e6eef9b7f8fa80413248e6d68d85abff66a"
    },
    {
      "path": "C:\\Program Files\\LGHUB\\system_tray\\Microsoft.UI.Windowing.Core.dll",
      "registerLibrary": false,
      "sha256": "da28bb76a05b1209f8d53d0d6bfc4a5d3a5ae2d6d136d5eccb6f978bb9eb924c"
    },
    {
      "path": "C:\\Program Files\\LGHUB\\system_tray\\Microsoft.UI.winmd",
      "registerLibrary": false,
      "sha256": "76099516c45b0cae1071a94a230388861ff40ef366e54963fe844ac34ef68a7c"
    },
    {
      "path": "C:\\Program Files\\LGHUB\\system_tray\\Microsoft.UI.Xaml\\Assets\\NoiseAsset_256x256_PNG.png",
      "registerLibrary": false,
      "sha256": "4f2aa94a2e345a32dae689176b86c644bef87081ff9daef8c77417731862031b"
    },
    {
      "path": "C:\\Program Files\\LGHUB\\system_tray\\Microsoft.UI.Xaml.Controls.dll",
      "registerLibrary": false,
      "sha256": "bbd9b81451edfcc876e5b01017c7b74527ee0082fea391558698ec2a5b1eee8a"
    },
    {
      "path": "C:\\Program Files\\LGHUB\\system_tray\\Microsoft.UI.Xaml.Controls.pri",
      "registerLibrary": false,
      "sha256": "9a89a754ed47c9e3db4369382ad294b3d9bb7a2de22b45326e08d06c1724dfb2"
    },
    {
      "path": "C:\\Program Files\\LGHUB\\system_tray\\Microsoft.ui.xaml.dll",
      "registerLibrary": false,
      "sha256": "a64dc0ba09e3ab8b7315d5820a219a79418bdbc73e74cb5788b08e15b803049a"
    },
    {
      "path": "C:\\Program Files\\LGHUB\\system_tray\\Microsoft.UI.Xaml.Internal.dll",
      "registerLibrary": false,
      "sha256": "5214062cd6f0f332398e99ea626dacf44e5813e3414ab486647596423ba2a237"
    },
    {
      "path": "C:\\Program Files\\LGHUB\\system_tray\\Microsoft.UI.Xaml.Phone.dll",
      "registerLibrary": false,
      "sha256": "2236bf672234b1bf572561fc98547cfd610ba8c5277280c5799432459c33fb53"
    },
    {
      "path": "C:\\Program Files\\LGHUB\\system_tray\\Microsoft.ui.xaml.resources.19h1.dll",
      "registerLibrary": false,
      "sha256": "2e16f0e8b78582b18bbc5c8eef37c3f7b90243aa15a5e9f9cedd5c1b0319b3be"
    },
    {
      "path": "C:\\Program Files\\LGHUB\\system_tray\\Microsoft.ui.xaml.resources.common.dll",
      "registerLibrary": false,
      "sha256": "94453d5225c89eb81768df67d9113e472719864131f82846860623b19af0c03d"
    },
    {
      "path": "C:\\Program Files\\LGHUB\\system_tray\\Microsoft.UI.Xaml.winmd",
      "registerLibrary": false,
      "sha256": "543459724189cf081265ad592a18e194aff93da72d32e4f1dd5b5ffab20f0f13"
    },
    {
      "path": "C:\\Program Files\\LGHUB\\system_tray\\Microsoft.Web.WebView2.Core.dll",
      "registerLibrary": false,
      "sha256": "0dcdc02e051f324710d1af538361f7f162570deadc0cba2ff87e52e94e5238a7"
    },
    {
      "path": "C:\\Program Files\\LGHUB\\system_tray\\Microsoft.Web.WebView2.Core.winmd",
      "registerLibrary": false,
      "sha256": "2e429ce169dbad440b89b63e69c53a66480ff7b1f95f977b3ab245e27432da8f"
    },
    {
      "path": "C:\\Program Files\\LGHUB\\system_tray\\Microsoft.Windows.ApplicationModel.DynamicDependency.winmd",
      "registerLibrary": false,
      "sha256": "872c183176f759c19ca00d8a6f1ae264a2388630f76d2d71ee5529c90172a3c5"
    },
    {
      "path": "C:\\Program Files\\LGHUB\\system_tray\\Microsoft.Windows.ApplicationModel.Resources.dll",
      "registerLibrary": false,
      "sha256": "39ed25b06af0b8c7951313e697d3f109560b3dfd2d70b0af445e961de81cc899"
    },
    {
      "path": "C:\\Program Files\\LGHUB\\system_tray\\Microsoft.Windows.ApplicationModel.Resources.winmd",
      "registerLibrary": false,
      "sha256": "52c00e00563e75398d38556bf9a68db5160492bdb7734174cf1d4689ed611830"
    },
    {
      "path": "C:\\Program Files\\LGHUB\\system_tray\\Microsoft.Windows.ApplicationModel.WindowsAppRuntime.winmd",
      "registerLibrary": false,
      "sha256": "97242be17f88187051ff7a5d913db24f3c01c5b1f67d9a7e934b777543ba1993"
    },
    {
      "path": "C:\\Program Files\\LGHUB\\system_tray\\Microsoft.Windows.AppLifecycle.winmd",
      "registerLibrary": false,
      "sha256": "f73c0516cb7d17fa900ca96be359b881b5bb3c99c6882693be2813ad98620e32"
    },
    {
      "path": "C:\\Program Files\\LGHUB\\system_tray\\Microsoft.Windows.AppNotifications.Builder.winmd",
      "registerLibrary": false,
      "sha256": "c1aad4d65a79f8f8ab6534bfa8b4b3176f1bf3160408ff44fb772dc6a66bca9d"
    },
    {
      "path": "C:\\Program Files\\LGHUB\\system_tray\\Microsoft.Windows.AppNotifications.winmd",
      "registerLibrary": false,
      "sha256": "d3615f3a6c83b625f985b8302772b7cef7bc445494745c6ea7702233680f339c"
    },
    {
      "path": "C:\\Program Files\\LGHUB\\system_tray\\Microsoft.Windows.PushNotifications.winmd",
      "registerLibrary": false,
      "sha256": "ad7013a608416eb7174eedecd288de1329aa90021d117d6f3b9bd6302c1e109a"
    },
    {
      "path": "C:\\Program Files\\LGHUB\\system_tray\\Microsoft.Windows.Security.AccessControl.winmd",
      "registerLibrary": false,
      "sha256": "6f59d6d289badfe8171eac41cd2b83022584d836806b4750fa9cfe6d659fa748"
    },
    {
      "path": "C:\\Program Files\\LGHUB\\system_tray\\Microsoft.Windows.System.Power.winmd",
      "registerLibrary": false,
      "sha256": "a47cc129ec87298e1ad54f4404ff54066dcb8c7e32fd38e2afa637ea51a381f3"
    },
    {
      "path": "C:\\Program Files\\LGHUB\\system_tray\\Microsoft.Windows.System.winmd",
      "registerLibrary": false,
      "sha256": "e7912f16377bdb8471fd3a26248276fc6ac0cab7f35f747d4c10f21f5fc402e5"
    },
    {
      "path": "C:\\Program Files\\LGHUB\\system_tray\\Microsoft.Windows.Widgets.dll",
      "registerLibrary": false,
      "sha256": "8226e0ce5f488268800ce7fb85dc93b1f8228103a5ae91c9db24ba5dda80ffd1"
    },
    {
      "path": "C:\\Program Files\\LGHUB\\system_tray\\Microsoft.Windows.Widgets.winmd",
      "registerLibrary": false,
      "sha256": "b7f10dda49cf7a68c41b66326f9b11a23c28d8ed29a011d1b30bd674adbcf7e3"
    },
    {
      "path": "C:\\Program Files\\LGHUB\\system_tray\\Microsoft.WindowsAppRuntime.Bootstrap.dll",
      "registerLibrary": false,
      "sha256": "08a2c286693039100be5352bda2424160c1053bb625cf54075a88a0947d75a61"
    },
    {
      "path": "C:\\Program Files\\LGHUB\\system_tray\\Microsoft.WindowsAppRuntime.dll",
      "registerLibrary": false,
      "sha256": "9a3c79407efafdd6185336eb3d11a5b2ae78b11b35d5d73145538c6dc0154f50"
    },
    {
      "path": "C:\\Program Files\\LGHUB\\system_tray\\Microsoft.WindowsAppRuntime.Insights.Resource.dll",
      "registerLibrary": false,
      "sha256": "266bdb10f5e60a53edad839f85a25ded87591490e610ba6e449271c5034bc6d3"
    },
    {
      "path": "C:\\Program Files\\LGHUB\\system_tray\\Microsoft.WindowsAppRuntime.Release.Net.dll",
      "registerLibrary": false,
      "sha256": "20c93d21716081074bd6bc63647b004891a4adfd9c61b2b0eb71134b5e483890"
    },
    {
      "path": "C:\\Program Files\\LGHUB\\system_tray\\MRM.dll",
      "registerLibrary": false,
      "sha256": "7b6ff5da1c3b076a4319498048e3909584731f9f82b3f640fd8167addd316c93"
    },
    {
      "path": "C:\\Program Files\\LGHUB\\system_tray\\ms-MY\\Microsoft.ui.xaml.dll.mui",
      "registerLibrary": false,
      "sha256": "9237c3219228da181f04076b00ec6e7e3803f56b339d6dd1855104fd35041cf5"
    },
    {
      "path": "C:\\Program Files\\LGHUB\\system_tray\\ms-MY\\Microsoft.UI.Xaml.Phone.dll.mui",
      "registerLibrary": false,
      "sha256": "feab3b5a388b75e6346d0b4f8de1ede98a9f8f12451ea10fe3af66ca9f75d2f0"
    },
    {
      "path": "C:\\Program Files\\LGHUB\\system_tray\\nb-NO\\Microsoft.ui.xaml.dll.mui",
      "registerLibrary": false,
      "sha256": "d5b0e1b175e123177b818192ab7c471e4bbd11aa4c27543362623d48b4ad74f1"
    },
    {
      "path": "C:\\Program Files\\LGHUB\\system_tray\\nb-NO\\Microsoft.UI.Xaml.Phone.dll.mui",
      "registerLibrary": false,
      "sha256": "95c17522bee07188f6b12acca17bcf2e27d0a916b7711c07070de1f69596ce3c"
    },
    {
      "path": "C:\\Program Files\\LGHUB\\system_tray\\nl-NL\\Microsoft.ui.xaml.dll.mui",
      "registerLibrary": false,
      "sha256": "98a0f29f6a2596e21d4e215ec6ce85474661898e9d2e25ca4ed6481bae2b56e1"
    },
    {
      "path": "C:\\Program Files\\LGHUB\\system_tray\\nl-NL\\Microsoft.UI.Xaml.Phone.dll.mui",
      "registerLibrary": false,
      "sha256": "cc3442c9e45785acd8f3f6265dd562a669b3ea609fc238336175fcc56037e8c9"
    },
    {
      "path": "C:\\Program Files\\LGHUB\\system_tray\\nn-NO\\Microsoft.ui.xaml.dll.mui",
      "registerLibrary": false,
      "sha256": "2f8cc023e5927f924b265c69f2e07c504e67a21402fb2e70dc1f60bc23041e6f"
    },
    {
      "path": "C:\\Program Files\\LGHUB\\system_tray\\nn-NO\\Microsoft.UI.Xaml.Phone.dll.mui",
      "registerLibrary": false,
      "sha256": "2ecd0829e770f131e3dd12e5aa564cca78d22c26896929963d073ede86523e5b"
    },
    {
      "path": "C:\\Program Files\\LGHUB\\system_tray\\pl-PL\\Microsoft.ui.xaml.dll.mui",
      "registerLibrary": false,
      "sha256": "5ecb00bf7c938ef292ed432807c450e2bad88d73a5e8120c050c231067bee325"
    },
    {
      "path": "C:\\Program Files\\LGHUB\\system_tray\\pl-PL\\Microsoft.UI.Xaml.Phone.dll.mui",
      "registerLibrary": false,
      "sha256": "f40ae05579eb0c79ea2be7da2d2ff88cc29ce7854114226eb637fa85e774440f"
    },
    {
      "path": "C:\\Program Files\\LGHUB\\system_tray\\pt-BR\\Microsoft.ui.xaml.dll.mui",
      "registerLibrary": false,
      "sha256": "6f9f22bf2d4b606cae6773bab36ec243bcc37693515d5869575abcb0326c9b27"
    },
    {
      "path": "C:\\Program Files\\LGHUB\\system_tray\\pt-BR\\Microsoft.UI.Xaml.Phone.dll.mui",
      "registerLibrary": false,
      "sha256": "7f367f31ea11c3fcd47fb5051639d7af7cd72f6457aa550cb9fd40a7fa1f23a9"
    },
    {
      "path": "C:\\Program Files\\LGHUB\\system_tray\\pt-PT\\Microsoft.ui.xaml.dll.mui",
      "registerLibrary": false,
      "sha256": "2ca633322d46129d012d5c71a5f122c1e7dbc45b4f54d50d475afe7a073dd572"
    },
    {
      "path": "C:\\Program Files\\LGHUB\\system_tray\\pt-PT\\Microsoft.UI.Xaml.Phone.dll.mui",
      "registerLibrary": false,
      "sha256": "de748d02aa67e8f6a737ed37e7e2fa688d0f27088dc587699013486846fb70d8"
    },
    {
      "path": "C:\\Program Files\\LGHUB\\system_tray\\PushNotificationsLongRunningTask.ProxyStub.dll",
      "registerLibrary": false,
      "sha256": "1302e7eb235b7179013e7a74f099d5c092747e6dfb08a1667e432925e1b2c063"
    },
    {
      "path": "C:\\Program Files\\LGHUB\\system_tray\\resources.pri",
      "registerLibrary": false,
      "sha256": "8ea78739e5a1ff15c34cbb1203889d97fb7a7df26ff13fe52cf9dd0ee706ed90"
    },
    {
      "path": "C:\\Program Files\\LGHUB\\system_tray\\ro-RO\\Microsoft.ui.xaml.dll.mui",
      "registerLibrary": false,
      "sha256": "c523bee90d4199e89d0687682fa6c0597955d3f4f5fcfa65d95da6f3737c7e18"
    },
    {
      "path": "C:\\Program Files\\LGHUB\\system_tray\\ro-RO\\Microsoft.UI.Xaml.Phone.dll.mui",
      "registerLibrary": false,
      "sha256": "a0f330f43c0ad7edff2ed2c38b3362bb4f2aef4d3307e654ea351a34f2111765"
    },
    {
      "path": "C:\\Program Files\\LGHUB\\system_tray\\ru-RU\\Microsoft.ui.xaml.dll.mui",
      "registerLibrary": false,
      "sha256": "c77ef7d05e944aa933f958e5b805a6177ff900185fabfb577e438fa95aa75812"
    },
    {
      "path": "C:\\Program Files\\LGHUB\\system_tray\\ru-RU\\Microsoft.UI.Xaml.Phone.dll.mui",
      "registerLibrary": false,
      "sha256": "ac81325a64a045b310c8d6df17009b7a285cd2ef805e2018c4338e1d90c4f4ba"
    },
    {
      "path": "C:\\Program Files\\LGHUB\\system_tray\\sk-SK\\Microsoft.ui.xaml.dll.mui",
      "registerLibrary": false,
      "sha256": "2851b0d1f0aaccd98b26f872b44ee98fbe10e3ab3617993452197a6c0c6d296b"
    },
    {
      "path": "C:\\Program Files\\LGHUB\\system_tray\\sk-SK\\Microsoft.UI.Xaml.Phone.dll.mui",
      "registerLibrary": false,
      "sha256": "b639f98c5f309e301e3d3fcce7c9105f9f78cf37602c3e0118895044cae1d3b3"
    },
    {
      "path": "C:\\Program Files\\LGHUB\\system_tray\\sl-SI\\Microsoft.ui.xaml.dll.mui",
      "registerLibrary": false,
      "sha256": "935eb57793ff981504dc88eb32ec8395bb5805377eb8585ddf581263bade3778"
    },
    {
      "path": "C:\\Program Files\\LGHUB\\system_tray\\sl-SI\\Microsoft.UI.Xaml.Phone.dll.mui",
      "registerLibrary": false,
      "sha256": "de200c3c211f5fa1e84600453dfc68a75e5b0ad273c05da160c7b7d5ec250414"
    },
    {
      "path": "C:\\Program Files\\LGHUB\\system_tray\\sq-AL\\Microsoft.ui.xaml.dll.mui",
      "registerLibrary": false,
      "sha256": "f6f5d880fdd02f441fc362bc83149d6ad793e3306b04347bf8f93af6c30cb665"
    },
    {
      "path": "C:\\Program Files\\LGHUB\\system_tray\\sq-AL\\Microsoft.UI.Xaml.Phone.dll.mui",
      "registerLibrary": false,
      "sha256": "a5ac75f0315f797e4c941c9ad5aa3ac2a5c5c0a2a45ed1505c5cf7f8752fc17c"
    },
    {
      "path": "C:\\Program Files\\LGHUB\\system_tray\\sr-Cyrl-RS\\Microsoft.ui.xaml.dll.mui",
      "registerLibrary": false,
      "sha256": "d8ac1adedaa5990506a7a03a181faba0d8ed42463f5ba704ef74ff83e299c543"
    },
    {
      "path": "C:\\Program Files\\LGHUB\\system_tray\\sr-Cyrl-RS\\Microsoft.UI.Xaml.Phone.dll.mui",
      "registerLibrary": false,
      "sha256": "2a187a295bb98e3cb55b3795f63c722625fb6879720b4f268a15bf2aa8879c7b"
    },
    {
      "path": "C:\\Program Files\\LGHUB\\system_tray\\sr-Latn-RS\\Microsoft.ui.xaml.dll.mui",
      "registerLibrary": false,
      "sha256": "f3c92112c76f921ea04c17c90b7ed758309010741005c8417732b6fcdb2f36a1"
    },
    {
      "path": "C:\\Program Files\\LGHUB\\system_tray\\sr-Latn-RS\\Microsoft.UI.Xaml.Phone.dll.mui",
      "registerLibrary": false,
      "sha256": "84c67567da235ca654439755378f9fa3f09bf46bc999d7458725157a488e1bd8"
    },
    {
      "path": "C:\\Program Files\\LGHUB\\system_tray\\sv-SE\\Microsoft.ui.xaml.dll.mui",
      "registerLibrary": false,
      "sha256": "20978ef7cd067d98e81fd43c438893b466999b827931daa777414737ae43fe7c"
    },
    {
      "path": "C:\\Program Files\\LGHUB\\system_tray\\sv-SE\\Microsoft.UI.Xaml.Phone.dll.mui",
      "registerLibrary": false,
      "sha256": "b5958817764afc9d0e2c2a3b809845999f831a95384c09b2b731eba62d7878d6"
    },
    {
      "path": "C:\\Program Files\\LGHUB\\system_tray\\th-TH\\Microsoft.ui.xaml.dll.mui",
      "registerLibrary": false,
      "sha256": "6ee62885ec03837806fced7c661293800ad0226b68658520c869a3ffe09456ed"
    },
    {
      "path": "C:\\Program Files\\LGHUB\\system_tray\\th-TH\\Microsoft.UI.Xaml.Phone.dll.mui",
      "registerLibrary": false,
      "sha256": "7f013537dcdbd36a8361668bf183323c44651cf7709db77368328e0043ccd9bd"
    },
    {
      "path": "C:\\Program Files\\LGHUB\\system_tray\\tr-TR\\Microsoft.ui.xaml.dll.mui",
      "registerLibrary": false,
      "sha256": "e8391453f9a7b78bbbe2a753e2e237957e756f4b6e31e3ed3216e8bb20f143ea"
    },
    {
      "path": "C:\\Program Files\\LGHUB\\system_tray\\tr-TR\\Microsoft.UI.Xaml.Phone.dll.mui",
      "registerLibrary": false,
      "sha256": "85d2f1cfdb2111c76b805f63270bca3be397160a02064eadd4fdf25dd2d705b2"
    },
    {
      "path": "C:\\Program Files\\LGHUB\\system_tray\\uk-UA\\Microsoft.ui.xaml.dll.mui",
      "registerLibrary": false,
      "sha256": "fa830de90e7675a76c1ad3f95ab5df075adff662b263df07ddcd2155c2455fb5"
    },
    {
      "path": "C:\\Program Files\\LGHUB\\system_tray\\uk-UA\\Microsoft.UI.Xaml.Phone.dll.mui",
      "registerLibrary": false,
      "sha256": "121bea2ac171cc46f3f2362674cbce7e3f2ab4a0c9efb01ae102bf31b9e17469"
    },
    {
      "path": "C:\\Program Files\\LGHUB\\system_tray\\vi-VN\\Microsoft.ui.xaml.dll.mui",
      "registerLibrary": false,
      "sha256": "42a3e61c636405a8f82da2364a292489bd1b5b057da81b6f4722ed1c0e618a5b"
    },
    {
      "path": "C:\\Program Files\\LGHUB\\system_tray\\vi-VN\\Microsoft.UI.Xaml.Phone.dll.mui",
      "registerLibrary": false,
      "sha256": "90da151ff661bbce7aa16d18b0991fa9b0e1a5e6d4e9140972d97d07e8acf3f3"
    },
    {
      "path": "C:\\Program Files\\LGHUB\\system_tray\\WindowsAppRuntime.png",
      "registerLibrary": false,
      "sha256": "c702c6a10a5bbde4dbfe1a607367c4f1bd88b44a576eb95394a9d70753694503"
    },
    {
      "path": "C:\\Program Files\\LGHUB\\system_tray\\WindowsAppSdk.AppxDeploymentExtensions.Desktop.dll",
      "registerLibrary": false,
      "sha256": "93d7c7a00266c7a47e4baf9182da8dc6722d21ddfdb4be08bb438dd8619dacc2"
    },
    {
      "path": "C:\\Program Files\\LGHUB\\system_tray\\WinUIEdit.dll",
      "registerLibrary": false,
      "sha256": "161028219bd5dc6923ed1c123e192a759614f941eddeabc96bb01c68610e5b5d"
    },
    {
      "path": "C:\\Program Files\\LGHUB\\system_tray\\wuceffectsi.dll",
      "registerLibrary": false,
      "sha256": "119f8a62ea192d3926cfd3360041d5c63a9022037ded98703aedc0823fa4ef95"
    },
    {
      "path": "C:\\Program Files\\LGHUB\\system_tray\\zh-CN\\Microsoft.ui.xaml.dll.mui",
      "registerLibrary": false,
      "sha256": "5a7fb133c2007da5c4a97e4af65685a44fd1ff196a6d0d186f35a3afcd139cc5"
    },
    {
      "path": "C:\\Program Files\\LGHUB\\system_tray\\zh-CN\\Microsoft.UI.Xaml.Phone.dll.mui",
      "registerLibrary": false,
      "sha256": "fa7b3f23deaa832db88ce062e4255c944e7f8503ba656bce720a1fe3bfe0de51"
    },
    {
      "path": "C:\\Program Files\\LGHUB\\system_tray\\zh-TW\\Microsoft.ui.xaml.dll.mui",
      "registerLibrary": false,
      "sha256": "d6011ecfe631157f0767fff1728c8330b2d408653cdee7f3619b9382c7e6336d"
    },
    {
      "path": "C:\\Program Files\\LGHUB\\system_tray\\zh-TW\\Microsoft.UI.Xaml.Phone.dll.mui",
      "registerLibrary": false,
      "sha256": "0caa2b5029e30d42f047f9aefafaf8a64fb1ddb5a80be9329210c560de626cfc"
    },
    {
      "path": "C:\\Program Files\\LGHUB\\v8_context_snapshot.bin",
      "registerLibrary": false,
      "sha256": "f59fa568139442c7f547fc8a5a0fd090ddc8427cc409e2fcef0518a9dcb47a96"
    },
    {
      "path": "C:\\Program Files\\LGHUB\\version",
      "registerLibrary": false,
      "sha256": "7e9af7e8b198ae957b6391de33d9a5c809793d0f605da6316676a70baaad2745"
    },
    {
      "path": "C:\\Program Files\\LGHUB\\vk_swiftshader.dll",
      "registerLibrary": false,
      "sha256": "ac82577e92dcd170870f292b0be2739ba4f0dacbf2b7a4fada5e529d9da1cf90"
    },
    {
      "path": "C:\\Program Files\\LGHUB\\vk_swiftshader_icd.json",
      "registerLibrary": false,
      "sha256": "32d83ff113fef532a9f97e0d2831f8656628ab1c99e9060f0332b1532839afd9"
    },
    {
      "path": "C:\\Program Files\\LGHUB\\vulkan-1.dll",
      "registerLibrary": false,
      "sha256": "e89413d0b1ff3762257ae5ee751a8ba521223dabde0834db5df6b1dba3a3f2e0"
    },
    {
      "path": "C:\\Program Files\\LGHUB\\sdks/trueforce_sdk_x86.dll",
      "registerLibrary": true,
      "sha256": "0bbfdb2dc5a65cff851edd71e09a1684a39cd83dc17a67af98ddda60c2eda3e2"
    },
    {
      "path": "C:\\Program Files\\LGHUB\\sdks/trueforce_sdk_x64.dll",
      "registerLibrary": true,
      "sha256": "548331f331d4dd32c2379ef173fd9f08a79234a75e6bb904be300301e90bfdbb"
    },
    {
      "path": "C:\\Program Files\\LGHUB\\sdks/sdk_legacy_led_x86.dll",
      "registerLibrary": true,
      "sha256": "c16ffb677b992a1b6850e4cde0ea92246091d4caaf8b1a2fa49f9c70ece888ae"
    },
    {
      "path": "C:\\Program Files\\LGHUB\\sdks/sdk_legacy_led_x64.dll",
      "registerLibrary": true,
      "sha256": "79ecaf9373f4599a84ee286471d1e0a903446ce60c80608996dfdae5a31b3d22"
    },
    {
      "path": "C:\\Program Files\\LGHUB\\sdks/sdk_legacy_steering_wheel_x64.dll",
      "registerLibrary": true,
      "sha256": "6744c0f825ff35f218a2d9c13742fef0d7723d40f302b9831f3d0f86379688e9"
    },
    {
      "path": "C:\\Program Files\\LGHUB\\sdks/sdk_legacy_steering_wheel_x86.dll",
      "registerLibrary": true,
      "sha256": "48807e5e3a13f3e6c24412bc8cec54b60822685b64d98d4709ba10f5083a910e"
    },
    {
      "path": "C:\\Users\\a4tech\\AppData\\Local\\LGHUB\\integrations\\applet_discord\\config.json",
      "registerLibrary": false,
      "sha256": "df818820b31755a470ff3c6199942d48385818a11096616c7e734d79f74796a8"
    },
    {
      "path": "C:\\Users\\a4tech\\AppData\\Local\\LGHUB\\integrations\\applet_obs\\config.json",
      "registerLibrary": false,
      "sha256": "f399794f7d8137ab1b8dedba0452ab0fb87e7aeb566e3237094c62480ee33cc8"
    },
    {
      "path": "C:\\Users\\a4tech\\AppData\\Local\\LGHUB\\integrations\\applet_assetto_corsa\\config.json",
      "registerLibrary": false,
      "sha256": "6329eab464c7e29d0264f888703343c0a062a2282a710011ce1d776a736d63b6"
    },
    {
      "path": "C:\\Users\\a4tech\\AppData\\Local\\LGHUB\\integrations\\applet_assetto_corsa\\AssettoCorsaArxApplet.exe",
      "registerLibrary": false,
      "sha256": "26de612cd51dacb93fedbdc444f84b1eb71ee94764fd14c11f05874b0519b3f4"
    },
    {
      "path": "C:\\Users\\a4tech\\AppData\\Local\\LGHUB\\integrations\\applet_assetto_corsa\\applet_files\\acBackground.png",
      "registerLibrary": false,
      "sha256": "815c076c753611ba44d7c9ce410acdc844383b492aa4ff5cd337675bd6f834cd"
    },
    {
      "path": "C:\\Users\\a4tech\\AppData\\Local\\LGHUB\\integrations\\applet_assetto_corsa\\applet_files\\acLogo.png",
      "registerLibrary": false,
      "sha256": "02b9e72eddc73e7b863f6f84b821213407307a3e1a71df7cdae465285b122997"
    },
    {
      "path": "C:\\Users\\a4tech\\AppData\\Local\\LGHUB\\integrations\\applet_assetto_corsa\\applet_files\\acLogoOpaque.png",
      "registerLibrary": false,
      "sha256": "9a6eadfd048283262eccd195dbb8af9550c377c734f54242d8d6ceccb060f90d"
    },
    {
      "path": "C:\\Users\\a4tech\\AppData\\Local\\LGHUB\\integrations\\applet_assetto_corsa\\applet_files\\index.html",
      "registerLibrary": false,
      "sha256": "afbae05c66e56e296ce94191960d3a03f9d3db6f39b6543515b0352720672d93"
    },
    {
      "path": "C:\\Users\\a4tech\\AppData\\Local\\LGHUB\\integrations\\applet_assetto_corsa\\applet_files\\jquery-1.11.1.min.js",
      "registerLibrary": false,
      "sha256": "540bc6dec1dd4b92ea4d3fb903f69eabf6d919afd48f4e312b163c28cff0f441"
    },
    {
      "path": "C:\\Users\\a4tech\\AppData\\Local\\LGHUB\\integrations\\applet_assetto_corsa\\applet_files\\jquery.mobile-1.4.2-onlyEvents.js",
      "registerLibrary": false,
      "sha256": "71616cc59712466b3e0a26919e694ba4bf3560a246d224cdec266c91c220a3fe"
    },
    {
      "path": "C:\\Users\\a4tech\\AppData\\Local\\LGHUB\\integrations\\applet_assetto_corsa\\applet_files\\jquery.svg.js",
      "registerLibrary": false,
      "sha256": "472781d4e49afa540b8b71f8d48bea979bce8e0c0f82f641c24881dda37e6df5"
    },
    {
      "path": "C:\\Users\\a4tech\\AppData\\Local\\LGHUB\\integrations\\applet_assetto_corsa\\applet_files\\jquery.svganim.js",
      "registerLibrary": false,
      "sha256": "93c65c680e21b2c94bf06f8804e64a09303b80f8d434202e371fd98d7e2c0a62"
    },
    {
      "path": "C:\\Users\\a4tech\\AppData\\Local\\LGHUB\\integrations\\applet_assetto_corsa\\applet_files\\script.js",
      "registerLibrary": false,
      "sha256": "54b870eaf3f321309584e7bd0e8d243265b42da6cb6fa90edd18e261f6b7a59a"
    },
    {
      "path": "C:\\Users\\a4tech\\AppData\\Local\\LGHUB\\integrations\\applet_assetto_corsa\\applet_files\\styleSheet.css",
      "registerLibrary": false,
      "sha256": "0b0ee8dc51f1a4834af8a7552e9a4f477192e3708fe1747d5a7bbcdfdc1eac8c"
    },
    {
      "path": "C:\\Users\\a4tech\\AppData\\Local\\LGHUB\\integrations\\applet_assetto_corsa\\applet_files\\styleSheetPhone.css",
      "registerLibrary": false,
      "sha256": "3296d02227c8aad4722052b86bdc293eb41771c9ed27befe7ba0ebae9ab169f5"
    },
    {
      "path": "C:\\Users\\a4tech\\AppData\\Local\\LGHUB\\integrations\\applet_assetto_corsa\\applet_files\\svgController.js",
      "registerLibrary": false,
      "sha256": "1b6aaf4b763ed9f7e586f9359c26632a44a508087e13c26517e964840bdbf15b"
    },
    {
      "path": "C:\\Users\\a4tech\\AppData\\Local\\LGHUB\\integrations\\applet_csgo\\config.json",
      "registerLibrary": false,
      "sha256": "bfe5a7c1bbfebbca8a4e8e50e63cfd84ca5fa69830da4f9f10b4b89fe8a993e2"
    },
    {
      "path": "C:\\Users\\a4tech\\AppData\\Local\\LGHUB\\integrations\\applet_csgo\\CS_GO_Arx_Applet.exe",
      "registerLibrary": false,
      "sha256": "2a41b603659deb830dd28a42d0902115b94ea3d54d8fd7126ee2225e83e1e49b"
    },
    {
      "path": "C:\\Users\\a4tech\\AppData\\Local\\LGHUB\\integrations\\applet_csgo\\Applet_files\\gamestate_integration_logitech.cfg",
      "registerLibrary": false,
      "sha256": "a2b904036ab6fe53ba8e42de3fa36d2d8f081aa2bc0c6767e249057df8aebdcf"
    },
    {
      "path": "C:\\Users\\a4tech\\AppData\\Local\\LGHUB\\integrations\\applet_dota2\\config.json",
      "registerLibrary": false,
      "sha256": "911695851daa5ab00c63b001173a58c9ab52279f193e1246afffd6d771469255"
    },
    {
      "path": "C:\\Users\\a4tech\\AppData\\Local\\LGHUB\\integrations\\applet_dota2\\Dota2ArxApplet.exe",
      "registerLibrary": false,
      "sha256": "bba69cd8af761611c31b45b1006a7a1e797510729b4eab65b1f954b76f7458e4"
    },
    {
      "path": "C:\\Users\\a4tech\\AppData\\Local\\LGHUB\\integrations\\applet_dota2\\Applet_Files\\gamestate_integration_logitech.cfg",
      "registerLibrary": false,
      "sha256": "4e39af721910e0165676a92d9f89b88df9448cf6c960af2b878dd9d0a023fc0f"
    },
    {
      "path": "C:\\Users\\a4tech\\AppData\\Local\\LGHUB\\integrations\\applet_overwolf\\config.json",
      "registerLibrary": false,
      "sha256": "a6315cc17f4cde41a04a19e2796fcc04fb21daaed74fc3045e2493ca211acb63"
    }
  ],
  "folders": [
    {
      "path": "C:\\Program Files\\LGHUB\\system_tray\\af-ZA"
    },
    {
      "path": "C:\\Program Files\\LGHUB\\system_tray\\ar-SA"
    },
    {
      "path": "C:\\Program Files\\LGHUB\\system_tray\\az-Latn-AZ"
    },
    {
      "path": "C:\\Program Files\\LGHUB\\system_tray\\bg-BG"
    },
    {
      "path": "C:\\Program Files\\LGHUB\\system_tray\\bs-Latn-BA"
    },
    {
      "path": "C:\\Program Files\\LGHUB\\system_tray\\ca-ES"
    },
    {
      "path": "C:\\Program Files\\LGHUB\\system_tray\\components"
    },
    {
      "path": "C:\\Program Files\\LGHUB\\system_tray\\cs-CZ"
    },
    {
      "path": "C:\\Program Files\\LGHUB\\system_tray\\cy-GB"
    },
    {
      "path": "C:\\Program Files\\LGHUB\\system_tray\\da-DK"
    },
    {
      "path": "C:\\Program Files\\LGHUB\\system_tray\\de-DE"
    },
    {
      "path": "C:\\Program Files\\LGHUB\\system_tray\\el-GR"
    },
    {
      "path": "C:\\Program Files\\LGHUB\\system_tray\\en-GB"
    },
    {
      "path": "C:\\Program Files\\LGHUB\\system_tray\\en-us"
    },
    {
      "path": "C:\\Program Files\\LGHUB\\system_tray\\es-ES"
    },
    {
      "path": "C:\\Program Files\\LGHUB\\system_tray\\es-MX"
    },
    {
      "path": "C:\\Program Files\\LGHUB\\system_tray\\et-EE"
    },
    {
      "path": "C:\\Program Files\\LGHUB\\system_tray\\eu-ES"
    },
    {
      "path": "C:\\Program Files\\LGHUB\\system_tray\\fa-IR"
    },
    {
      "path": "C:\\Program Files\\LGHUB\\system_tray\\fi-FI"
    },
    {
      "path": "C:\\Program Files\\LGHUB\\system_tray\\fr-CA"
    },
    {
      "path": "C:\\Program Files\\LGHUB\\system_tray\\fr-FR"
    },
    {
      "path": "C:\\Program Files\\LGHUB\\system_tray\\gl-ES"
    },
    {
      "path": "C:\\Program Files\\LGHUB\\system_tray\\he-IL"
    },
    {
      "path": "C:\\Program Files\\LGHUB\\system_tray\\hi-IN"
    },
    {
      "path": "C:\\Program Files\\LGHUB\\system_tray\\hr-HR"
    },
    {
      "path": "C:\\Program Files\\LGHUB\\system_tray\\hu-HU"
    },
    {
      "path": "C:\\Program Files\\LGHUB\\system_tray\\id-ID"
    },
    {
      "path": "C:\\Program Files\\LGHUB\\system_tray\\is-IS"
    },
    {
      "path": "C:\\Program Files\\LGHUB\\system_tray\\it-IT"
    },
    {
      "path": "C:\\Program Files\\LGHUB\\system_tray\\ja-JP"
    },
    {
      "path": "C:\\Program Files\\LGHUB\\system_tray\\ka-GE"
    },
    {
      "path": "C:\\Program Files\\LGHUB\\system_tray\\kk-KZ"
    },
    {
      "path": "C:\\Program Files\\LGHUB\\system_tray\\ko-KR"
    },
    {
      "path": "C:\\Program Files\\LGHUB\\system_tray\\lt-LT"
    },
    {
      "path": "C:\\Program Files\\LGHUB\\system_tray\\lv-LV"
    },
    {
      "path": "C:\\Program Files\\LGHUB\\system_tray\\Microsoft.UI.Xaml"
    },
    {
      "path": "C:\\Program Files\\LGHUB\\system_tray\\Microsoft.UI.Xaml\\Assets"
    },
    {
      "path": "C:\\Program Files\\LGHUB\\system_tray\\ms-MY"
    },
    {
      "path": "C:\\Program Files\\LGHUB\\system_tray\\nb-NO"
    },
    {
      "path": "C:\\Program Files\\LGHUB\\system_tray\\nl-NL"
    },
    {
      "path": "C:\\Program Files\\LGHUB\\system_tray\\nn-NO"
    },
    {
      "path": "C:\\Program Files\\LGHUB\\system_tray\\pl-PL"
    },
    {
      "path": "C:\\Program Files\\LGHUB\\system_tray\\pt-BR"
    },
    {
      "path": "C:\\Program Files\\LGHUB\\system_tray\\pt-PT"
    },
    {
      "path": "C:\\Program Files\\LGHUB\\system_tray\\ro-RO"
    },
    {
      "path": "C:\\Program Files\\LGHUB\\system_tray\\ru-RU"
    },
    {
      "path": "C:\\Program Files\\LGHUB\\system_tray\\sk-SK"
    },
    {
      "path": "C:\\Program Files\\LGHUB\\system_tray\\sl-SI"
    },
    {
      "path": "C:\\Program Files\\LGHUB\\system_tray\\sq-AL"
    },
    {
      "path": "C:\\Program Files\\LGHUB\\system_tray\\sr-Cyrl-RS"
    },
    {
      "path": "C:\\Program Files\\LGHUB\\system_tray\\sr-Latn-RS"
    },
    {
      "path": "C:\\Program Files\\LGHUB\\system_tray\\sv-SE"
    },
    {
      "path": "C:\\Program Files\\LGHUB\\system_tray\\th-TH"
    },
    {
      "path": "C:\\Program Files\\LGHUB\\system_tray\\tr-TR"
    },
    {
      "path": "C:\\Program Files\\LGHUB\\system_tray\\uk-UA"
    },
    {
      "path": "C:\\Program Files\\LGHUB\\system_tray\\vi-VN"
    },
    {
      "path": "C:\\Program Files\\LGHUB\\system_tray\\zh-CN"
    },
    {
      "path": "C:\\Program Files\\LGHUB\\system_tray\\zh-TW"
    }
  ],
  "processControl": {
    "identifiers": [
      "lghub_system_tray",
      "lghub",
      "lghub_installer",
      "lghub_agent"
    ]
  },
  "product": {
    "guid": "{521c89be-637f-4274-a840-baaf7460c2b2}",
    "icon": "{frontend_root}/lghub.exe",
    "linkAbout": "http://www.logitechg.com",
    "linkHelp": "http://support.logitech.com",
    "name": "{brand} G HUB",
    "publisher": "{brand}",
    "version": "2022.11.342756"
  },
  "renamedItems": [],
  "services": [
    {
      "asConsoleUser": false,
      "command": {
        "arguments": [
          "--run-as-service"
        ],
        "executable": "C:\\Program Files\\LGHUB\\lghub_updater.exe"
      },
      "service": "LGHUBUpdaterService"
    },
    {
      "asConsoleUser": true,
      "command": {
        "arguments": [
          "--minimized"
        ],
        "executable": "C:\\Program Files\\LGHUB\\system_tray\\lghub_system_tray.exe"
      },
      "service": "LGHUB"
    }
  ],
  "shortcuts": [
    {
      "description": "",
      "name": "{brand} G HUB",
      "onDesktop": true,
      "onStartMenu": true,
      "path": "{backend_root}/system_tray/lghub_system_tray.exe"
    }
  ],
  "uninstaller": {
    "arguments": [
      "--uninstall"
    ],
    "executable": "C:\\Program Files\\LGHUB\\lghub_updater.exe"
  }
}