 {"msgId": "6dc7618c-fd81-4721-b49f-908d07aa261a", "verb": "GET", "path": "/devices/list", "origin": "backend", "result": {"code": "SUCCESS", "what": ""}, "payload": {"@type": "type.googleapis.com/logi.protocol.devices.Device.Info.List", "deviceInfos": [{"id": "dev00000000", "pid": 2695, "firmwareName": "U129", "isSubdevice": false, "state": "ACTIVE", "onboardMode": false, "individualMode": false, "resourcesAvailable": true, "connectionType": "USB", "hasWirelessInterface": false, "displayConnectionType": "WIRELESS", "deviceType": "HEADSET", "deviceFamily": "", "deviceModel": "g933s", "deviceBaseModel": "g935", "displayName": "G933s", "extendedDisplayName": "G933s Wireless 7.1 LIGHTSYNC Gaming Headset", "slotPrefix": "g935", "thumbnail": "pipeline://core/thumbnails/g933s.png", "stringPackage": "", "deviceExt": 1, "deviceUnitId": "4294967295", "deviceSignature": "HEADSET.g935.1.4294967295", "givenName": "", "capabilities": {"audio": {"dtsSupported": false, "dolbySupported": false, "denoiserSupported": true, "onboardEqSupported": true, "onboardProEqSupported": false, "dtsHx2eSupported": true, "proEqSupported": false, "blueVoiceSupported": false, "hardwareNoiseReductionSupported": false, "blueVoice2Supported": false, "hidMic": true, "devioVolumeFeatures": false, "centurionEqSupported": false, "lightspeedAuxSupported": false}, "lightingSupport": {"deviceCategory": "HEADSET_RGB_ZONAL", "typeMap": {"ZONE_PRIMARY": "PRIMARY", "ZONE_BRANDING": "LOGO"}, "zones": [{"zoneType": "ZONE_PRIMARY", "supportedEffects": [{"id": "OFF", "syncable": true, "fixedIntensity": false, "signature": false, "inactivityOnly": false}, {"id": "FIXED", "syncable": true, "fixedIntensity": false, "signature": false, "inactivityOnly": false}, {"id": "CYCLE", "syncable": true, "fixedIntensity": false, "signature": false, "inactivityOnly": false}, {"id": "BREATHING", "syncable": true, "fixedIntensity": false, "signature": false, "inactivityOnly": false}], "onboardCluster": "CLUSTER_DEFAULT"}, {"zoneType": "ZONE_BRANDING", "supportedEffects": [{"id": "OFF", "syncable": true, "fixedIntensity": false, "signature": false, "inactivityOnly": false}, {"id": "FIXED", "syncable": true, "fixedIntensity": false, "signature": false, "inactivityOnly": false}, {"id": "CYCLE", "syncable": true, "fixedIntensity": false, "signature": false, "inactivityOnly": false}, {"id": "BREATHING", "syncable": true, "fixedIntensity": false, "signature": false, "inactivityOnly": false}], "onboardCluster": "CLUSTER_DEFAULT"}], "isMonochrome": false, "isPerKey": false, "persistence": {"zoneEffects": true, "perKeyFixed": false}, "hideStartupEffect": false, "shutdownEffect": false, "brightnessLevels": [], "powerSavingEffect": false, "lowBatteryEffect": false, "brightnessPercentage": false, "gamma": true, "firmwareOnly": false, "offRamp": false, "activeDimming": false, "hasPositionalEffect": false, "hasPastelPalette": false, "hasRingLeds": false, "hasMasterSwitch": false, "needKeepAliveSignal": false}, "sleepTimer": true, "mstateSupport": {"count": 1, "timeOut": 0}, "fnInversion": false, "presentSplashScreen": false, "customizableColor": false, "wirelessReportRate": false, "hybridEngine": false, "advancedSleepTimer": true, "angleSnapping": false, "excludeGShift": false, "hostRemovalSupport": false, "headphoneJack": false, "hostInfos": false, "gkeyLayout": "INVALID_GKEY_LAYOUT", "hasBatteryStatus": true, "powerOffTimer": false, "requiresBackupForDfu": false, "notificationSupport": {}, "unifiedBattery": false, "dpiLighting": false, "nonInteractive": false, "chargepadCompatible": false, "individuality": false, "defaultSlotFormat": "INVALID_FORMAT", "fnToggle": false}, "activeInterfaces": [{"type": "DEVIO", "id": "046d_0a87", "pid": 2695, "modelId": 0, "extendedModel": 1, "serialNumber": "4294967295", "path": "\\\\?\\hid#vid_046d&pid_0a87&mi_03&col03#9&1c814880&0&0002#{4d1e55b2-f16f-11cf-88cb-001111000030}", "containerId": "761bb527-d4f7-11ec-a559-103d1c9c2772", "deviceType": "HEADSET", "deviceName": "G933s Gaming Headset", "keyboardLayout": "INVALID_LAYOUT", "firmwareVersion": "129.0.12", "firmwareName": "U129", "firmwareRevision": 0, "hardwareRevision": 0, "unitId": "4294967295", "connectionType": "USB", "hasOnboardMode": false}, {"type": "HIDIO", "id": "HID_046d_0a87_000b0001", "pid": 2695, "modelId": 0, "extendedModel": 0, "serialNumber": "", "path": "\\\\?\\HID#VID_046D&PID_0A87&MI_03&COL02#9&1C814880&0&0001#{4D1E55B2-F16F-11CF-88CB-001111000030}", "containerId": "761bb527-d4f7-11ec-a559-103d1c9c2772", "deviceType": "INVALID_TYPE", "deviceName": "", "keyboardLayout": "INVALID_LAYOUT", "firmwareVersion": "", "firmwareName": "", "firmwareRevision": 0, "hardwareRevision": 0, "unitId": "", "connectionType": "USB", "hasOnboardMode": false}, {"type": "AUDIO", "id": "", "pid": 0, "modelId": 0, "extendedModel": 0, "serialNumber": "", "path": "", "containerId": "761bb527-d4f7-11ec-a559-103d1c9c2772", "deviceType": "INVALID_TYPE", "deviceName": "", "keyboardLayout": "INVALID_LAYOUT", "firmwareVersion": "", "firmwareName": "", "firmwareRevision": 0, "hardwareRevision": 0, "unitId": "", "connectionType": "VIRTUAL", "hasOnboardMode": false}], "slots": {"g935_g3_m1": {"id": "g935_g3_m1", "attribute": "MACRO_PLAYBACK", "disabled": false}, "g935_lighting_setting_firmware": {"id": "g935_lighting_setting_firmware", "attribute": "FIRMWARE_LIGHTING_SETTINGS", "disabled": false}, "g935_g1_m1": {"id": "g935_g1_m1", "attribute": "MACRO_PLAYBACK", "disabled": false}, "g935_g1_m1_shifted": {"id": "g935_g1_m1_shifted", "attribute": "MACRO_PLAYBACK", "disabled": false}, "g935_g2_m1_shifted": {"id": "g935_g2_m1_shifted", "attribute": "MACRO_PLAYBACK", "disabled": false}, "g935_g2_m1": {"id": "g935_g2_m1", "attribute": "MACRO_PLAYBACK", "disabled": false}, "g935_acoustics": {"id": "g935_acoustics", "attribute": "ACOUSTICS", "disabled": false}, "g935_g3_m1_shifted": {"id": "g935_g3_m1_shifted", "attribute": "MACRO_PLAYBACK", "disabled": false}, "g935_equalizer": {"id": "g935_equalizer", "attribute": "EQUALIZER", "disabled": false}}}]}}