 {"msgId": "396fab43-2a65-4d7e-9263-98b6dd22657c", "verb": "GET", "path": "/devices/list", "origin": "backend", "result": {"code": "SUCCESS", "what": ""}, "payload": {"@type": "type.googleapis.com/logi.protocol.devices.Device.Info.List", "deviceInfos": [{"id": "dev00000000", "pid": 49288, "state": "ACTIVE", "onboardMode": false, "individualMode": false, "resourcesAvailable": true, "connectionType": "USB", "hasWirelessInterface": false, "deviceType": "MOUSE", "deviceFamily": "", "deviceModel": "pro_wireless_mouse", "displayName": "PRO WIRELESS", "extendedDisplayName": "Pro Wireless Mouse", "slotPrefix": "prowirelessmouse", "thumbnail": "pipeline://core/thumbnails/pro_wireless_mouse_black.png", "deviceExt": 0, "deviceUnitId": "1909863820", "deviceSignature": "MOUSE.pro_wireless_mouse.0.1909863820", "givenName": "", "capabilities": {"lightingSupport": {"deviceCategory": "MOUSE_RGB_ZONAL", "typeMap": {"ZONE_PRIMARY": "PRIMARY", "ZONE_BRANDING": "LOGO"}, "zones": [{"zoneType": "ZONE_PRIMARY", "supportedEffects": [{"id": "OFF", "syncable": true, "fixedIntensity": false, "signature": false, "inactivityOnly": false}, {"id": "FIXED", "syncable": true, "fixedIntensity": false, "signature": false, "inactivityOnly": false}, {"id": "CYCLE", "syncable": true, "fixedIntensity": false, "signature": false, "inactivityOnly": false}, {"id": "BREATHING", "syncable": true, "fixedIntensity": false, "signature": false, "inactivityOnly": false}], "onboardCluster": "CLUSTER_DEFAULT"}, {"zoneType": "ZONE_BRANDING", "supportedEffects": [{"id": "OFF", "syncable": true, "fixedIntensity": false, "signature": false, "inactivityOnly": false}, {"id": "FIXED", "syncable": true, "fixedIntensity": false, "signature": false, "inactivityOnly": false}, {"id": "CYCLE", "syncable": true, "fixedIntensity": false, "signature": false, "inactivityOnly": false}, {"id": "BREATHING", "syncable": true, "fixedIntensity": false, "signature": false, "inactivityOnly": false}], "onboardCluster": "CLUSTER_DEFAULT"}], "isMonochrome": false, "isPerKey": false, "hideStartupEffect": false, "shutdownEffect": false, "brightnessLevels": [], "powerSavingEffect": false, "lowBatteryEffect": true, "brightnessPercentage": false, "gamma": false, "firmwareOnly": false, "offRamp": false, "activeDimming": false, "hasPositionalEffect": false}, "sleepTimer": false, "mstateSupport": {"count": 1, "timeOut": 0}, "maskableZones": {"zones": [{"id": "bottom_left", "slotIds": ["prowirelessmouse_g4_m1", "prowirelessmouse_g4_m1_shifted"], "displayIconKey": "mouse_4_buttons_bottom_left_icon", "renderIconKey": "cover_bottom_left", "enabled": false}, {"id": "top_left", "slotIds": ["prowirelessmouse_g5_m1", "prowirelessmouse_g5_m1_shifted"], "displayIconKey": "mouse_4_buttons_top_left_icon", "renderIconKey": "cover_top_left", "enabled": false}, {"id": "bottom_right", "slotIds": ["prowirelessmouse_g7_m1", "prowirelessmouse_g7_m1_shifted"], "displayIconKey": "mouse_4_buttons_bottom_right_icon", "renderIconKey": "cover_bottom_right", "enabled": false}, {"id": "top_right", "slotIds": ["prowirelessmouse_g8_m1", "prowirelessmouse_g8_m1_shifted"], "displayIconKey": "mouse_4_buttons_top_right_icon", "renderIconKey": "cover_top_right", "enabled": false}]}, "fnInversion": false, "presentSplashScreen": false, "customizableColor": false, "wirelessReportRate": false, "hybridEngine": false, "advancedSleepTimer": false, "angleSnapping": false, "excludeGShift": false, "hostRemovalSupport": false, "headphoneJack": false, "hostInfos": false, "gkeyLayout": "INVALID_GKEY_LAYOUT", "hasBatteryStatus": true, "powerOffTimer": false, "requiresBackupForDfu": false, "unifiedBattery": false, "dpiLighting": true, "nonInteractive": false, "receiverPairing": {"receiverType": "LS1", "receiverPid": 0, "pairingAction": "ACTION_POWER_CYCLE", "hasForcePairing": false}, "chargepadCompatible": true, "individuality": false}, "activeInterfaces": [{"type": "DEVIO", "id": "046d_c088", "pid": 49288, "modelId": 0, "extendedModel": 0, "serialNumber": "1909863820", "path": "usb\\vid_046d&pid_c088&mi_02\\6&3666469a&0&0002", "containerId": "19feac48-df44-5300-a741-19cce7eb9ec1", "deviceType": "MOUSE", "deviceName": "G Pro Wireless Gaming Mouse", "keyboardLayout": "INVALID_LAYOUT", "firmwareVersion": "15.2.26", "unitId": "1909863820", "connectionType": "USB", "hasOnboardMode": true}], "slots": {"prowirelessmouse_g1_m1_shifted": {"id": "prowirelessmouse_g1_m1_shifted", "attribute": "MACRO_PLAYBACK", "disabled": false}, "prowirelessmouse_g6_m1": {"id": "prowirelessmouse_g6_m1", "attribute": "MACRO_PLAYBACK", "disabled": false}, "prowirelessmouse_g2_m1": {"id": "prowirelessmouse_g2_m1", "attribute": "MACRO_PLAYBACK", "disabled": false}, "prowirelessmouse_g8_m1_shifted": {"id": "prowirelessmouse_g8_m1_shifted", "attribute": "MACRO_PLAYBACK", "disabled": false}, "prowirelessmouse_g5_m1": {"id": "prowirelessmouse_g5_m1", "attribute": "MACRO_PLAYBACK", "disabled": false}, "prowirelessmouse_lighting_setting_firmware": {"id": "prowirelessmouse_lighting_setting_firmware", "attribute": "FIRMWARE_LIGHTING_SETTINGS", "disabled": false}, "prowirelessmouse_g3_m1_shifted": {"id": "prowirelessmouse_g3_m1_shifted", "attribute": "MACRO_PLAYBACK", "disabled": false}, "prowirelessmouse_g2_m1_shifted": {"id": "prowirelessmouse_g2_m1_shifted", "attribute": "MACRO_PLAYBACK", "disabled": false}, "prowirelessmouse_g4_m1_shifted": {"id": "prowirelessmouse_g4_m1_shifted", "attribute": "MACRO_PLAYBACK", "disabled": false}, "prowirelessmouse_g4_m1": {"id": "prowirelessmouse_g4_m1", "attribute": "MACRO_PLAYBACK", "disabled": false}, "prowirelessmouse_g3_m1": {"id": "prowirelessmouse_g3_m1", "attribute": "MACRO_PLAYBACK", "disabled": false}, "prowirelessmouse_g7_m1_shifted": {"id": "prowirelessmouse_g7_m1_shifted", "attribute": "MACRO_PLAYBACK", "disabled": false}, "prowirelessmouse_mouse_settings": {"id": "prowirelessmouse_mouse_settings", "attribute": "MOUSE_SETTINGS", "disabled": false}, "prowirelessmouse_g7_m1": {"id": "prowirelessmouse_g7_m1", "attribute": "MACRO_PLAYBACK", "disabled": false}, "prowirelessmouse_g5_m1_shifted": {"id": "prowirelessmouse_g5_m1_shifted", "attribute": "MACRO_PLAYBACK", "disabled": false}, "prowirelessmouse_g1_m1": {"id": "prowirelessmouse_g1_m1", "attribute": "MACRO_PLAYBACK", "disabled": false}, "prowirelessmouse_g8_m1": {"id": "prowirelessmouse_g8_m1", "attribute": "MACRO_PLAYBACK", "disabled": false}, "prowirelessmouse_g6_m1_shifted": {"id": "prowirelessmouse_g6_m1_shifted", "attribute": "MACRO_PLAYBACK", "disabled": false}}}, {"id": "dev00000001", "pid": 49977, "state": "ACTIVE", "onboardMode": false, "individualMode": false, "resourcesAvailable": true, "connectionType": "USB", "hasWirelessInterface": false, "deviceType": "KEYBOARD", "deviceFamily": "", "deviceModel": "pro_keyboard", "displayName": "PRO", "extendedDisplayName": "PRO Mechanical gaming keyboard", "slotPrefix": "prokeyboard", "thumbnail": "pipeline://core/thumbnails/pro_keyboard.png", "deviceExt": 0, "deviceUnitId": "842549001", "deviceSignature": "KEYBOARD.pro_keyboard.0.842549001", "givenName": "", "capabilities": {"lightingSupport": {"deviceCategory": "KEYBOARD_RGB_PER_KEY", "typeMap": {"ZONE_PRIMARY": "PRIMARY", "ZONE_BRANDING": "LOGO", "PERKEY_INDICATOR": "KEYBOARD_OTHER", "PERKEY_BRANDING": "LOGO", "PERKEY_KEYBOARD": "HID_KEYBOARD"}, "zones": [{"zoneType": "ZONE_PRIMARY", "supportedEffects": [{"id": "OFF", "syncable": true, "fixedIntensity": false, "signature": false, "inactivityOnly": false}, {"id": "FIXED", "syncable": true, "fixedIntensity": false, "signature": false, "inactivityOnly": false}, {"id": "CYCLE", "syncable": true, "fixedIntensity": true, "signature": false, "inactivityOnly": false}, {"id": "COLORWAVE", "syncable": false, "fixedIntensity": true, "signature": false, "inactivityOnly": false}, {"id": "BREATHING", "syncable": true, "fixedIntensity": true, "signature": false, "inactivityOnly": false}], "onboardCluster": "CLUSTER_DEFAULT"}, {"zoneType": "ZONE_BRANDING", "supportedEffects": [{"id": "OFF", "syncable": true, "fixedIntensity": false, "signature": false, "inactivityOnly": false}, {"id": "FIXED", "syncable": true, "fixedIntensity": false, "signature": false, "inactivityOnly": false}, {"id": "CYCLE", "syncable": true, "fixedIntensity": true, "signature": false, "inactivityOnly": false}, {"id": "BREATHING", "syncable": true, "fixedIntensity": true, "signature": false, "inactivityOnly": false}], "onboardCluster": "CLUSTER_DEFAULT"}], "isMonochrome": false, "isPerKey": true, "persistence": {"zoneEffects": false, "perKeyFixed": true}, "hideStartupEffect": false, "shutdownEffect": false, "brightnessLevels": [], "powerSavingEffect": false, "lowBatteryEffect": false, "brightnessPercentage": false, "gamma": false, "firmwareOnly": false, "offRamp": false, "activeDimming": false, "hasPositionalEffect": false}, "sleepTimer": false, "mstateSupport": {"count": 1, "timeOut": 0}, "reportHidControls": {"pages": [{"page": 7, "usages": [{"usage": 58, "button": 1}, {"usage": 59, "button": 2}, {"usage": 60, "button": 3}, {"usage": 61, "button": 4}, {"usage": 62, "button": 5}, {"usage": 63, "button": 6}, {"usage": 64, "button": 7}, {"usage": 65, "button": 8}, {"usage": 66, "button": 9}, {"usage": 67, "button": 10}, {"usage": 68, "button": 11}, {"usage": 69, "button": 12}]}]}, "fnInversion": true, "presentSplashScreen": false, "customizableColor": false, "wirelessReportRate": false, "hybridEngine": false, "advancedSleepTimer": false, "angleSnapping": false, "excludeGShift": false, "hostRemovalSupport": false, "headphoneJack": false, "hostInfos": false, "gkeyLayout": "INVALID_GKEY_LAYOUT", "hasBatteryStatus": false, "powerOffTimer": false, "requiresBackupForDfu": false, "unifiedBattery": false, "dpiLighting": false, "nonInteractive": false, "chargepadCompatible": false, "individuality": false}, "activeInterfaces": [{"type": "DEVIO", "id": "046d_c339", "pid": 49977, "modelId": 0, "extendedModel": 0, "serialNumber": "842549001", "path": "usb\\vid_046d&pid_c339&mi_01\\8&2e7f3860&0&0001", "containerId": "f78c5765-c6e4-5af7-a646-5a5ec658098c", "deviceType": "KEYBOARD", "deviceName": "Pro Gaming Keyboard", "keyboardLayout": "US", "firmwareVersion": "113.1.13", "unitId": "842549001", "connectionType": "USB", "hasOnboardMode": false}], "slots": {"prokeyboard_g4_m1": {"id": "prokeyboard_g4_m1", "attribute": "MACRO_PLAYBACK", "disabled": false}, "prokeyboard_g2_m1": {"id": "prokeyboard_g2_m1", "attribute": "MACRO_PLAYBACK", "disabled": false}, "prokeyboard_disable_keys": {"id": "prokeyboard_disable_keys", "attribute": "DISABLE_KEY_SETTINGS", "disabled": false}, "prokeyboard_g2_m1_shifted": {"id": "prokeyboard_g2_m1_shifted", "attribute": "MACRO_PLAYBACK", "disabled": false}, "prokeyboard_g12_m1_shifted": {"id": "prokeyboard_g12_m1_shifted", "attribute": "MACRO_PLAYBACK", "disabled": false}, "prokeyboard_g4_m1_shifted": {"id": "prokeyboard_g4_m1_shifted", "attribute": "MACRO_PLAYBACK", "disabled": false}, "prokeyboard_g10_m1": {"id": "prokeyboard_g10_m1", "attribute": "MACRO_PLAYBACK", "disabled": false}, "prokeyboard_g3_m1_shifted": {"id": "prokeyboard_g3_m1_shifted", "attribute": "MACRO_PLAYBACK", "disabled": false}, "prokeyboard_g3_m1": {"id": "prokeyboard_g3_m1", "attribute": "MACRO_PLAYBACK", "disabled": false}, "prokeyboard_g10_m1_shifted": {"id": "prokeyboard_g10_m1_shifted", "attribute": "MACRO_PLAYBACK", "disabled": false}, "prokeyboard_g8_m1_shifted": {"id": "prokeyboard_g8_m1_shifted", "attribute": "MACRO_PLAYBACK", "disabled": false}, "prokeyboard_g8_m1": {"id": "prokeyboard_g8_m1", "attribute": "MACRO_PLAYBACK", "disabled": false}, "prokeyboard_g1_m1_shifted": {"id": "prokeyboard_g1_m1_shifted", "attribute": "MACRO_PLAYBACK", "disabled": false}, "prokeyboard_g7_m1_shifted": {"id": "prokeyboard_g7_m1_shifted", "attribute": "MACRO_PLAYBACK", "disabled": false}, "prokeyboard_g11_m1_shifted": {"id": "prokeyboard_g11_m1_shifted", "attribute": "MACRO_PLAYBACK", "disabled": false}, "prokeyboard_g5_m1": {"id": "prokeyboard_g5_m1", "attribute": "MACRO_PLAYBACK", "disabled": false}, "prokeyboard_g6_m1_shifted": {"id": "prokeyboard_g6_m1_shifted", "attribute": "MACRO_PLAYBACK", "disabled": false}, "prokeyboard_g6_m1": {"id": "prokeyboard_g6_m1", "attribute": "MACRO_PLAYBACK", "disabled": false}, "prokeyboard_g9_m1_shifted": {"id": "prokeyboard_g9_m1_shifted", "attribute": "MACRO_PLAYBACK", "disabled": false}, "prokeyboard_lighting_setting_firmware": {"id": "prokeyboard_lighting_setting_firmware", "attribute": "FIRMWARE_LIGHTING_SETTINGS", "disabled": false}, "prokeyboard_g1_m1": {"id": "prokeyboard_g1_m1", "attribute": "MACRO_PLAYBACK", "disabled": false}, "prokeyboard_g12_m1": {"id": "prokeyboard_g12_m1", "attribute": "MACRO_PLAYBACK", "disabled": false}, "prokeyboard_g5_m1_shifted": {"id": "prokeyboard_g5_m1_shifted", "attribute": "MACRO_PLAYBACK", "disabled": false}, "prokeyboard_g7_m1": {"id": "prokeyboard_g7_m1", "attribute": "MACRO_PLAYBACK", "disabled": false}, "prokeyboard_g11_m1": {"id": "prokeyboard_g11_m1", "attribute": "MACRO_PLAYBACK", "disabled": false}, "prokeyboard_g9_m1": {"id": "prokeyboard_g9_m1", "attribute": "MACRO_PLAYBACK", "disabled": false}}}]}}