 {"msgId": "01cecc0f-a15a-453c-aea4-8b8d34bf5327", "verb": "GET", "path": "/devices/list", "origin": "backend", "result": {"code": "SUCCESS", "what": ""}, "payload": {"@type": "type.googleapis.com/logi.protocol.devices.Device.Info.List", "deviceInfos": [{"id": "dev00000000", "pid": 16518, "firmwareName": "MPM22", "isSubdevice": false, "state": "ACTIVE", "onboardMode": false, "individualMode": false, "resourcesAvailable": true, "connectionType": "WIRELESS", "hasWirelessInterface": true, "displayConnectionType": "LIGHTSPEED", "deviceType": "MOUSE", "deviceFamily": "", "deviceModel": "g703_hero", "deviceBaseModel": "g703_hero", "displayName": "G703 LIGHTSPEED", "extendedDisplayName": "G703 LIGHTSPEED Wireless Gaming Mouse", "slotPrefix": "g703hero", "thumbnail": "pipeline://core/thumbnails/g703.png", "stringPackage": "", "deviceExt": 0, "deviceUnitId": "4204350379", "deviceSignature": "MOUSE.g703_hero.0.4204350379", "givenName": "", "capabilities": {"lightingSupport": {"deviceCategory": "MOUSE_RGB_ZONAL", "typeMap": {"ZONE_BRANDING": "LOGO", "ZONE_PRIMARY": "PRIMARY"}, "zones": [{"zoneType": "ZONE_PRIMARY", "supportedEffects": [{"id": "OFF", "syncable": true, "fixedIntensity": false, "signature": false, "inactivityOnly": false}, {"id": "FIXED", "syncable": true, "fixedIntensity": false, "signature": false, "inactivityOnly": false}, {"id": "CYCLE", "syncable": true, "fixedIntensity": false, "signature": false, "inactivityOnly": false}, {"id": "BREATHING", "syncable": true, "fixedIntensity": false, "signature": false, "inactivityOnly": false}], "onboardCluster": "CLUSTER_DEFAULT"}, {"zoneType": "ZONE_BRANDING", "supportedEffects": [{"id": "OFF", "syncable": true, "fixedIntensity": false, "signature": false, "inactivityOnly": false}, {"id": "FIXED", "syncable": true, "fixedIntensity": false, "signature": false, "inactivityOnly": false}, {"id": "CYCLE", "syncable": true, "fixedIntensity": false, "signature": false, "inactivityOnly": false}, {"id": "BREATHING", "syncable": true, "fixedIntensity": false, "signature": false, "inactivityOnly": false}], "onboardCluster": "CLUSTER_DEFAULT"}], "isMonochrome": false, "isPerKey": false, "hideStartupEffect": false, "shutdownEffect": false, "brightnessLevels": [], "powerSavingEffect": true, "lowBatteryEffect": true, "brightnessPercentage": false, "gamma": false, "firmwareOnly": false, "offRamp": false, "activeDimming": false, "hasPositionalEffect": false, "hasPastelPalette": false, "hasRingLeds": false, "hasMasterSwitch": false, "needKeepAliveSignal": false}, "sleepTimer": false, "mstateSupport": {"count": 1, "timeOut": 0}, "fnInversion": false, "presentSplashScreen": false, "customizableColor": false, "wirelessReportRate": false, "hybridEngine": false, "advancedSleepTimer": false, "angleSnapping": false, "excludeGShift": false, "hostRemovalSupport": false, "headphoneJack": false, "hostInfos": false, "gkeyLayout": "INVALID_GKEY_LAYOUT", "hasBatteryStatus": true, "powerOffTimer": false, "requiresBackupForDfu": false, "unifiedBattery": false, "dpiLighting": false, "nonInteractive": false, "receiverPairing": {"receiverType": "LS1", "receiverPid": 0, "pairingAction": "ACTION_POWER_CYCLE", "hasForcePairing": false}, "chargepadCompatible": true, "individuality": false, "defaultSlotFormat": "INVALID_FORMAT", "fnToggle": false}, "activeInterfaces": [{"type": "DEVIO", "id": "046d_4086", "pid": 16518, "modelId": 0, "extendedModel": 0, "serialNumber": "4204350379", "path": "usb\\vid_046d&pid_c539&mi_02\\8&1f591f2a&0&0002:0", "containerId": "", "deviceType": "MOUSE", "deviceName": "G703 LIGHTSPEED Wireless Gaming Mouse w/ HERO", "keyboardLayout": "INVALID_LAYOUT", "firmwareVersion": "22.2.15", "firmwareName": "MPM22", "firmwareRevision": 2, "hardwareRevision": 0, "unitId": "4204350379", "connectionType": "WIRELESS", "hasOnboardMode": true}], "slots": {"g703hero_mouse_settings": {"id": "g703hero_mouse_settings", "attribute": "MOUSE_SETTINGS", "disabled": false}, "g703hero_g5_m1_shifted": {"id": "g703hero_g5_m1_shifted", "attribute": "MACRO_PLAYBACK", "disabled": false}, "g703hero_g6_m1_shifted": {"id": "g703hero_g6_m1_shifted", "attribute": "MACRO_PLAYBACK", "disabled": false}, "g703hero_g2_m1_shifted": {"id": "g703hero_g2_m1_shifted", "attribute": "MACRO_PLAYBACK", "disabled": false}, "g703hero_g4_m1_shifted": {"id": "g703hero_g4_m1_shifted", "attribute": "MACRO_PLAYBACK", "disabled": false}, "g703hero_g3_m1": {"id": "g703hero_g3_m1", "attribute": "MACRO_PLAYBACK", "disabled": false}, "g703hero_g6_m1": {"id": "g703hero_g6_m1", "attribute": "MACRO_PLAYBACK", "disabled": false}, "g703hero_g1_m1": {"id": "g703hero_g1_m1", "attribute": "MACRO_PLAYBACK", "disabled": false}, "g703hero_lighting_setting_firmware": {"id": "g703hero_lighting_setting_firmware", "attribute": "FIRMWARE_LIGHTING_SETTINGS", "disabled": false}, "g703hero_g5_m1": {"id": "g703hero_g5_m1", "attribute": "MACRO_PLAYBACK", "disabled": false}, "g703hero_g1_m1_shifted": {"id": "g703hero_g1_m1_shifted", "attribute": "MACRO_PLAYBACK", "disabled": false}, "g703hero_g3_m1_shifted": {"id": "g703hero_g3_m1_shifted", "attribute": "MACRO_PLAYBACK", "disabled": false}, "g703hero_g2_m1": {"id": "g703hero_g2_m1", "attribute": "MACRO_PLAYBACK", "disabled": false}, "g703hero_g4_m1": {"id": "g703hero_g4_m1", "attribute": "MACRO_PLAYBACK", "disabled": false}}}, {"id": "dev00000001", "pid": 16511, "firmwareName": "MPM17", "isSubdevice": false, "state": "ACTIVE", "onboardMode": false, "individualMode": false, "resourcesAvailable": true, "connectionType": "WIRELESS", "hasWirelessInterface": true, "displayConnectionType": "LIGHTSPEED", "deviceType": "MOUSE", "deviceFamily": "", "deviceModel": "g502_wireless", "deviceBaseModel": "g502_wireless", "displayName": "G502 LIGHTSPEED", "extendedDisplayName": "G502 LIGHTSPEED Wireless Gaming Mouse", "slotPrefix": "g502wireless", "thumbnail": "pipeline://core/thumbnails/g502_wireless.png", "stringPackage": "", "deviceExt": 0, "deviceUnitId": "666426200", "deviceSignature": "MOUSE.g502_wireless.0.666426200", "givenName": "", "capabilities": {"lightingSupport": {"deviceCategory": "MOUSE_RGB_ZONAL", "typeMap": {"ZONE_PRIMARY": "PRIMARY", "ZONE_BRANDING": "LOGO"}, "zones": [{"zoneType": "ZONE_PRIMARY", "supportedEffects": [{"id": "OFF", "syncable": true, "fixedIntensity": false, "signature": false, "inactivityOnly": false}, {"id": "FIXED", "syncable": true, "fixedIntensity": false, "signature": false, "inactivityOnly": false}, {"id": "CYCLE", "syncable": true, "fixedIntensity": false, "signature": false, "inactivityOnly": false}, {"id": "BREATHING", "syncable": true, "fixedIntensity": false, "signature": false, "inactivityOnly": false}], "onboardCluster": "CLUSTER_DEFAULT"}, {"zoneType": "ZONE_BRANDING", "supportedEffects": [{"id": "OFF", "syncable": true, "fixedIntensity": false, "signature": false, "inactivityOnly": false}, {"id": "FIXED", "syncable": true, "fixedIntensity": false, "signature": false, "inactivityOnly": false}, {"id": "CYCLE", "syncable": true, "fixedIntensity": false, "signature": false, "inactivityOnly": false}, {"id": "BREATHING", "syncable": true, "fixedIntensity": false, "signature": false, "inactivityOnly": false}], "onboardCluster": "CLUSTER_DEFAULT"}], "isMonochrome": false, "isPerKey": false, "hideStartupEffect": false, "shutdownEffect": false, "brightnessLevels": [], "powerSavingEffect": false, "lowBatteryEffect": true, "brightnessPercentage": false, "gamma": false, "firmwareOnly": false, "offRamp": false, "activeDimming": false, "hasPositionalEffect": false, "hasPastelPalette": false, "hasRingLeds": false, "hasMasterSwitch": false, "needKeepAliveSignal": false}, "sleepTimer": false, "mstateSupport": {"count": 1, "timeOut": 0}, "fnInversion": false, "presentSplashScreen": false, "customizableColor": false, "wirelessReportRate": false, "hybridEngine": false, "advancedSleepTimer": false, "angleSnapping": false, "excludeGShift": false, "hostRemovalSupport": false, "headphoneJack": false, "hostInfos": false, "gkeyLayout": "INVALID_GKEY_LAYOUT", "hasBatteryStatus": true, "powerOffTimer": false, "requiresBackupForDfu": false, "unifiedBattery": false, "dpiLighting": true, "nonInteractive": false, "receiverPairing": {"receiverType": "LS1", "receiverPid": 0, "pairingAction": "ACTION_POWER_CYCLE", "hasForcePairing": false}, "chargepadCompatible": true, "individuality": false, "defaultSlotFormat": "INVALID_FORMAT", "fnToggle": false}, "activeInterfaces": [{"type": "DEVIO", "id": "046d_407f", "pid": 16511, "modelId": 0, "extendedModel": 0, "serialNumber": "666426200", "path": "usb\\vid_046d&pid_c539&mi_02\\8&3298c42a&0&0002:0", "containerId": "", "deviceType": "MOUSE", "deviceName": "G502 LIGHTSPEED Wireless Gaming Mouse", "keyboardLayout": "INVALID_LAYOUT", "firmwareVersion": "17.0.8", "firmwareName": "MPM17", "firmwareRevision": 0, "hardwareRevision": 0, "unitId": "666426200", "connectionType": "WIRELESS", "hasOnboardMode": true}], "slots": {"g502wireless_g2_m1": {"id": "g502wireless_g2_m1", "attribute": "MACRO_PLAYBACK", "disabled": false}, "g502wireless_g8_m1_shifted": {"id": "g502wireless_g8_m1_shifted", "attribute": "MACRO_PLAYBACK", "disabled": false}, "g502wireless_g7_m1_shifted": {"id": "g502wireless_g7_m1_shifted", "attribute": "MACRO_PLAYBACK", "disabled": false}, "g502wireless_g6_m1": {"id": "g502wireless_g6_m1", "attribute": "MACRO_PLAYBACK", "disabled": false}, "g502wireless_g1_m1_shifted": {"id": "g502wireless_g1_m1_shifted", "attribute": "MACRO_PLAYBACK", "disabled": false}, "g502wireless_g11_m1": {"id": "g502wireless_g11_m1", "attribute": "MACRO_PLAYBACK", "disabled": false}, "g502wireless_g7_m1": {"id": "g502wireless_g7_m1", "attribute": "MACRO_PLAYBACK", "disabled": false}, "g502wireless_g5_m1": {"id": "g502wireless_g5_m1", "attribute": "MACRO_PLAYBACK", "disabled": false}, "g502wireless_g9_m1": {"id": "g502wireless_g9_m1", "attribute": "MACRO_PLAYBACK", "disabled": false}, "g502wireless_g10_m1_shifted": {"id": "g502wireless_g10_m1_shifted", "attribute": "MACRO_PLAYBACK", "disabled": false}, "g502wireless_lighting_setting_firmware": {"id": "g502wireless_lighting_setting_firmware", "attribute": "FIRMWARE_LIGHTING_SETTINGS", "disabled": false}, "g502wireless_g3_m1_shifted": {"id": "g502wireless_g3_m1_shifted", "attribute": "MACRO_PLAYBACK", "disabled": false}, "g502wireless_g10_m1": {"id": "g502wireless_g10_m1", "attribute": "MACRO_PLAYBACK", "disabled": false}, "g502wireless_mouse_settings": {"id": "g502wireless_mouse_settings", "attribute": "MOUSE_SETTINGS", "disabled": false}, "g502wireless_g2_m1_shifted": {"id": "g502wireless_g2_m1_shifted", "attribute": "MACRO_PLAYBACK", "disabled": false}, "g502wireless_g11_m1_shifted": {"id": "g502wireless_g11_m1_shifted", "attribute": "MACRO_PLAYBACK", "disabled": false}, "g502wireless_g8_m1": {"id": "g502wireless_g8_m1", "attribute": "MACRO_PLAYBACK", "disabled": false}, "g502wireless_g1_m1": {"id": "g502wireless_g1_m1", "attribute": "MACRO_PLAYBACK", "disabled": false}, "g502wireless_g3_m1": {"id": "g502wireless_g3_m1", "attribute": "MACRO_PLAYBACK", "disabled": false}, "g502wireless_g5_m1_shifted": {"id": "g502wireless_g5_m1_shifted", "attribute": "MACRO_PLAYBACK", "disabled": false}, "g502wireless_g4_m1": {"id": "g502wireless_g4_m1", "attribute": "MACRO_PLAYBACK", "disabled": false}, "g502wireless_g9_m1_shifted": {"id": "g502wireless_g9_m1_shifted", "attribute": "MACRO_PLAYBACK", "disabled": false}, "g502wireless_g6_m1_shifted": {"id": "g502wireless_g6_m1_shifted", "attribute": "MACRO_PLAYBACK", "disabled": false}, "g502wireless_g4_m1_shifted": {"id": "g502wireless_g4_m1_shifted", "attribute": "MACRO_PLAYBACK", "disabled": false}}}]}}