 {"msgId": "d3211d4e-18fd-42c8-96d3-cc08e4fe1aee", "verb": "GET", "path": "/devices/list", "origin": "backend", "result": {"code": "SUCCESS", "what": ""}, "payload": {"@type": "type.googleapis.com/logi.protocol.devices.Device.Info.List", "deviceInfos": [{"id": "dev00000000", "pid": 2727, "state": "ACTIVE", "onboardMode": false, "individualMode": false, "resourcesAvailable": true, "connectionType": "USB", "hasWirelessInterface": false, "deviceType": "HEADSET", "deviceFamily": "", "deviceModel": "pro_gaming_headset", "deviceBaseModel": "pro_gaming_headset", "displayName": "PRO", "extendedDisplayName": "Pro Gaming Headset", "slotPrefix": "proheadset", "thumbnail": "pipeline://core/thumbnails/pro_headset.png", "deviceExt": 0, "deviceUnitId": "4294967295", "deviceSignature": "HEADSET.pro_gaming_headset.0.4294967295", "givenName": "", "capabilities": {"audio": {"dtsSupported": false, "dolbySupported": false, "denoiserSupported": true, "onboardEqSupported": false, "onboardProEqSupported": true, "dtsHx2eSupported": false, "proEqSupported": true, "blueVoiceSupported": false, "hardwareNoiseReductionSupported": true, "blueVoice2Supported": false, "hidMic": false, "devioVolumeFeatures": false}, "sleepTimer": false, "mstateSupport": {"count": 1, "timeOut": 0}, "fnInversion": false, "presentSplashScreen": false, "customizableColor": false, "wirelessReportRate": false, "hybridEngine": false, "advancedSleepTimer": false, "angleSnapping": false, "excludeGShift": false, "hostRemovalSupport": false, "headphoneJack": false, "hostInfos": false, "gkeyLayout": "INVALID_GKEY_LAYOUT", "hasBatteryStatus": false, "powerOffTimer": false, "requiresBackupForDfu": false, "unifiedBattery": false, "dpiLighting": false, "nonInteractive": false, "chargepadCompatible": false, "individuality": false, "defaultSlotFormat": "INVALID_FORMAT"}, "activeInterfaces": [{"type": "DEVIO", "id": "046d_0aa7", "pid": 2727, "modelId": 0, "extendedModel": 255, "serialNumber": "4294967295", "path": "\\\\?\\hid#vid_046d&pid_0aa7&mi_03&col04#a&2f9ca338&0&0003#{4d1e55b2-f16f-11cf-88cb-001111000030}", "containerId": "37163cfc-3ad8-5ad9-8234-a8b8fb75587e", "deviceType": "HEADSET", "deviceName": "PRO", "keyboardLayout": "INVALID_LAYOUT", "firmwareVersion": "171.0.1", "unitId": "4294967295", "firmwareName": "U17100", "connectionType": "USB", "hasOnboardMode": false}, {"type": "AUDIO", "id": "", "pid": 0, "modelId": 0, "extendedModel": 0, "serialNumber": "", "path": "", "containerId": "37163cfc-3ad8-5ad9-8234-a8b8fb75587e", "deviceType": "INVALID_TYPE", "deviceName": "", "keyboardLayout": "INVALID_LAYOUT", "firmwareVersion": "", "unitId": "", "firmwareName": "", "connectionType": "VIRTUAL", "hasOnboardMode": false}], "slots": {"proheadset_acoustics": {"id": "proheadset_acoustics", "attribute": "ACOUSTICS", "disabled": false}, "proheadset_pro_equalizer": {"id": "proheadset_pro_equalizer", "attribute": "PRO_EQUALIZER", "disabled": false}}}, {"id": "dev00000001", "pid": 49298, "state": "ACTIVE", "onboardMode": false, "individualMode": false, "resourcesAvailable": true, "connectionType": "USB", "hasWirelessInterface": false, "deviceType": "MOUSE", "deviceFamily": "", "deviceModel": "g203", "deviceBaseModel": "g203", "displayName": "G203 LIGHTSYNC", "extendedDisplayName": "G203 LIGHTSYNC Gaming Mouse", "slotPrefix": "g102g203", "thumbnail": "pipeline://core/thumbnails/g203_black.png", "deviceExt": 0, "deviceUnitId": "855652608", "deviceSignature": "MOUSE.g203.0.855652608", "givenName": "", "capabilities": {"lightingSupport": {"deviceCategory": "MOUSE_RGB_PER_KEY", "typeMap": {"PERKEY_COSMETIC": "", "ZONE_BRANDING": "LOGO"}, "zones": [{"zoneType": "ZONE_BRANDING", "supportedEffects": [{"id": "OFF", "syncable": true, "fixedIntensity": false, "signature": false, "inactivityOnly": false}, {"id": "FIXED", "syncable": true, "fixedIntensity": false, "signature": false, "inactivityOnly": false}, {"id": "CYCLE", "syncable": true, "fixedIntensity": false, "signature": false, "inactivityOnly": false}, {"id": "BREATHING", "syncable": true, "fixedIntensity": false, "signature": false, "inactivityOnly": false}, {"id": "COLORWAVE", "syncable": false, "fixedIntensity": false, "signature": false, "inactivityOnly": false}, {"id": "DECOMPOSITION", "syncable": false, "fixedIntensity": false, "signature": false, "inactivityOnly": false}], "onboardCluster": "CLUSTER_DEFAULT"}], "isMonochrome": false, "isPerKey": true, "hideStartupEffect": false, "shutdownEffect": false, "brightnessLevels": [], "powerSavingEffect": false, "lowBatteryEffect": false, "brightnessPercentage": false, "gamma": false, "firmwareOnly": false, "offRamp": false, "activeDimming": false, "hasPositionalEffect": false}, "sleepTimer": false, "mstateSupport": {"count": 1, "timeOut": 0}, "fnInversion": false, "presentSplashScreen": false, "customizableColor": false, "wirelessReportRate": false, "dpiInfoOverride": {"range": {"min": 200, "max": 8000, "steps": 50, "maxLevels": 0}}, "hybridEngine": false, "advancedSleepTimer": false, "angleSnapping": false, "excludeGShift": false, "hostRemovalSupport": false, "headphoneJack": false, "hostInfos": false, "gkeyLayout": "INVALID_GKEY_LAYOUT", "hasBatteryStatus": false, "powerOffTimer": false, "requiresBackupForDfu": false, "unifiedBattery": false, "dpiLighting": false, "nonInteractive": false, "chargepadCompatible": false, "individuality": false, "defaultSlotFormat": "INVALID_FORMAT"}, "activeInterfaces": [{"type": "DEVIO", "id": "046d_c092", "pid": 49298, "modelId": 0, "extendedModel": 0, "serialNumber": "855652608", "path": "usb\\vid_046d&pid_c092&mi_01\\9&4a8d5f4&0&0001", "containerId": "574270b2-1bc1-529c-bfc2-a57ab80fca0e", "deviceType": "MOUSE", "deviceName": "G203 LIGHTSYNC Gaming Mouse", "keyboardLayout": "INVALID_LAYOUT", "firmwareVersion": "152.0.10", "unitId": "855652608", "firmwareName": "U15200", "connectionType": "USB", "hasOnboardMode": true}], "slots": {"g102g203_g3_m1": {"id": "g102g203_g3_m1", "attribute": "MACRO_PLAYBACK", "disabled": false}, "g102g203_g4_m1_shifted": {"id": "g102g203_g4_m1_shifted", "attribute": "MACRO_PLAYBACK", "disabled": false}, "g102g203_g2_m1_shifted": {"id": "g102g203_g2_m1_shifted", "attribute": "MACRO_PLAYBACK", "disabled": false}, "g102g203_g5_m1_shifted": {"id": "g102g203_g5_m1_shifted", "attribute": "MACRO_PLAYBACK", "disabled": false}, "g102g203_g6_m1": {"id": "g102g203_g6_m1", "attribute": "MACRO_PLAYBACK", "disabled": false}, "g102g203_g5_m1": {"id": "g102g203_g5_m1", "attribute": "MACRO_PLAYBACK", "disabled": false}, "g102g203_g1_m1": {"id": "g102g203_g1_m1", "attribute": "MACRO_PLAYBACK", "disabled": false}, "g102g203_g1_m1_shifted": {"id": "g102g203_g1_m1_shifted", "attribute": "MACRO_PLAYBACK", "disabled": false}, "g102g203_g4_m1": {"id": "g102g203_g4_m1", "attribute": "MACRO_PLAYBACK", "disabled": false}, "g102g203_g3_m1_shifted": {"id": "g102g203_g3_m1_shifted", "attribute": "MACRO_PLAYBACK", "disabled": false}, "g102g203_g6_m1_shifted": {"id": "g102g203_g6_m1_shifted", "attribute": "MACRO_PLAYBACK", "disabled": false}, "g102g203_mouse_settings": {"id": "g102g203_mouse_settings", "attribute": "MOUSE_SETTINGS", "disabled": false}, "g102g203_g2_m1": {"id": "g102g203_g2_m1", "attribute": "MACRO_PLAYBACK", "disabled": false}, "g102g203_lighting_setting_firmware": {"id": "g102g203_lighting_setting_firmware", "attribute": "FIRMWARE_LIGHTING_SETTINGS", "disabled": false}}}]}}