 {"msgId": "b940a01a-5abe-4b68-a5eb-3ae4fe1a856c", "verb": "GET", "path": "/devices/list", "origin": "backend", "result": {"code": "SUCCESS", "what": ""}, "payload": {"@type": "type.googleapis.com/logi.protocol.devices.Device.Info.List", "deviceInfos": [{"id": "dev00000000", "pid": 49982, "firmwareName": "MPK09", "isSubdevice": false, "state": "ACTIVE", "onboardMode": false, "individualMode": false, "resourcesAvailable": true, "connectionType": "USB", "hasWirelessInterface": false, "displayConnectionType": "USB", "deviceType": "KEYBOARD", "deviceFamily": "", "deviceModel": "g915", "deviceBaseModel": "g915", "displayName": "G915", "extendedDisplayName": "G915 Wireless RGB Mechanical Gaming Keyboard", "slotPrefix": "g915", "thumbnail": "pipeline://core/thumbnails/g915.png", "stringPackage": "", "deviceExt": 0, "deviceUnitId": "3968435321", "deviceSignature": "KEYBOARD.g915.0.3968435321", "givenName": "", "capabilities": {"lightingSupport": {"deviceCategory": "KEYBOARD_RGB_PER_KEY", "typeMap": {"PERKEY_CONSUMER": "HID_CONSUMER", "PERKEY_INDICATOR": "KEYBOARD_OTHER", "ZONE_PRIMARY": "PRIMARY", "ZONE_BRANDING": "LOGO", "PERKEY_KEYBOARD": "HID_KEYBOARD", "PERKEY_BRANDING": "LOGO", "PERKEY_GKEY": "G_KEY"}, "zones": [{"zoneType": "ZONE_PRIMARY", "supportedEffects": [{"id": "OFF", "syncable": true, "fixedIntensity": false, "signature": false, "inactivityOnly": false}, {"id": "FIXED", "syncable": true, "fixedIntensity": false, "signature": false, "inactivityOnly": false}, {"id": "CYCLE", "syncable": true, "fixedIntensity": false, "signature": false, "inactivityOnly": false}, {"id": "COLORWAVE", "syncable": false, "fixedIntensity": false, "signature": false, "inactivityOnly": false}, {"id": "BREATHING", "syncable": true, "fixedIntensity": false, "signature": false, "inactivityOnly": false}, {"id": "RIPPLE", "syncable": false, "fixedIntensity": false, "signature": false, "inactivityOnly": false}, {"id": "CUSTOM", "syncable": false, "fixedIntensity": true, "signature": false, "inactivityOnly": false}], "onboardCluster": "CLUSTER_DEFAULT"}, {"zoneType": "ZONE_BRANDING", "supportedEffects": [{"id": "OFF", "syncable": true, "fixedIntensity": false, "signature": false, "inactivityOnly": false}, {"id": "FIXED", "syncable": true, "fixedIntensity": false, "signature": false, "inactivityOnly": false}, {"id": "CYCLE", "syncable": true, "fixedIntensity": false, "signature": false, "inactivityOnly": false}, {"id": "BREATHING", "syncable": true, "fixedIntensity": false, "signature": false, "inactivityOnly": false}], "onboardCluster": "CLUSTER_DEFAULT"}], "isMonochrome": false, "isPerKey": true, "persistence": {"zoneEffects": false, "perKeyFixed": false, "customEffects": {"slots": 2, "entityOffset": 3}}, "hideStartupEffect": true, "shutdownEffect": false, "brightnessLevels": [], "powerSavingEffect": true, "lowBatteryEffect": true, "brightnessPercentage": true, "gamma": false, "firmwareOnly": false, "offRamp": false, "activeDimming": false, "hasPositionalEffect": false, "hasPastelPalette": false, "hasRingLeds": false, "hasMasterSwitch": false, "needKeepAliveSignal": false}, "sleepTimer": false, "mstateSupport": {"count": 3, "timeOut": 0}, "fnInversion": false, "presentSplashScreen": true, "customizableColor": false, "wirelessReportRate": false, "hybridEngine": false, "advancedSleepTimer": false, "angleSnapping": false, "excludeGShift": false, "hostRemovalSupport": false, "headphoneJack": false, "hostInfos": false, "gkeyLayout": "GKEY_LEFT_COLUMN_5", "hasBatteryStatus": true, "powerOffTimer": false, "requiresBackupForDfu": false, "unifiedBattery": false, "dpiLighting": false, "nonInteractive": false, "receiverPairing": {"receiverType": "LS2", "receiverPid": 0, "pairingAction": "ACTION_LONG_PRESS_LIGHTSPEED", "hasForcePairing": false}, "chargepadCompatible": false, "individuality": false, "defaultSlotFormat": "INVALID_FORMAT", "fnToggle": false}, "activeInterfaces": [{"type": "DEVIO", "id": "046d_c33e", "pid": 49982, "modelId": 0, "extendedModel": 0, "serialNumber": "3968435321", "path": "IOService:/AppleACPIPlatformExpert/PCI0@0/AppleACPIPCI/XHC1@14/XHC1@14000000/HS10@14600000/USBHub3p-2[A]@14600000/AppleUSB20Hub@14600000/AppleUSB20HubPort@14630000/USBHub3p-2[4-7]@14630000/AppleUSB20Hub@14630000/AppleUSB20HubPort@14631000/G915 WIRELESS RGB MECHANICAL GAMING KEYBOARD@14631000/IOUSBHostInterface@2/AppleUserUSBHostHIDDevice", "containerId": "0x14631000", "deviceType": "KEYBOARD", "deviceName": "G915 WIRELESS RGB MECHANICAL GAMING KEYBOARD", "keyboardLayout": "US", "firmwareVersion": "9.3.41", "firmwareName": "MPK09", "firmwareRevision": 3, "hardwareRevision": 0, "unitId": "3968435321", "connectionType": "USB", "hasOnboardMode": true}], "slots": {"g915_g4_m3": {"id": "g915_g4_m3", "attribute": "MACRO_PLAYBACK", "disabled": false, "defaultCard": "0f82f693-5b78-4cf5-867e-013d00000000"}, "g915_g1_m1_shifted": {"id": "g915_g1_m1_shifted", "attribute": "MACRO_PLAYBACK", "disabled": false, "defaultCard": "0f82f693-5b78-4cf5-867e-090700000000"}, "g915_g3_m1": {"id": "g915_g3_m1", "attribute": "MACRO_PLAYBACK", "disabled": false, "defaultCard": "0f82f693-5b78-4cf5-867e-013c00000000"}, "g915_g1_m2": {"id": "g915_g1_m2", "attribute": "MACRO_PLAYBACK", "disabled": false, "defaultCard": "0f82f693-5b78-4cf5-867e-013a00000000"}, "g915_g2_m2": {"id": "g915_g2_m2", "attribute": "MACRO_PLAYBACK", "disabled": false, "defaultCard": "0f82f693-5b78-4cf5-867e-013b00000000"}, "g915_g3_m1_shifted": {"id": "g915_g3_m1_shifted", "attribute": "MACRO_PLAYBACK", "disabled": false, "defaultCard": "0f82f693-5b78-4cf5-867e-090700000000"}, "g915_g4_m2_shifted": {"id": "g915_g4_m2_shifted", "attribute": "MACRO_PLAYBACK", "disabled": false, "defaultCard": "0f82f693-5b78-4cf5-867e-090700000000"}, "g915_g5_m2_shifted": {"id": "g915_g5_m2_shifted", "attribute": "MACRO_PLAYBACK", "disabled": false, "defaultCard": "0f82f693-5b78-4cf5-867e-090700000000"}, "g915_g2_m3": {"id": "g915_g2_m3", "attribute": "MACRO_PLAYBACK", "disabled": false, "defaultCard": "0f82f693-5b78-4cf5-867e-013b00000000"}, "g915_g1_m2_shifted": {"id": "g915_g1_m2_shifted", "attribute": "MACRO_PLAYBACK", "disabled": false, "defaultCard": "0f82f693-5b78-4cf5-867e-090700000000"}, "g915_g1_m1": {"id": "g915_g1_m1", "attribute": "MACRO_PLAYBACK", "disabled": false, "defaultCard": "0f82f693-5b78-4cf5-867e-013a00000000"}, "g915_disable_keys": {"id": "g915_disable_keys", "attribute": "DISABLE_KEY_SETTINGS", "disabled": false, "defaultCard": "9b85425b-8c71-4b15-808c-1205c33e0000"}, "g915_g4_m1_shifted": {"id": "g915_g4_m1_shifted", "attribute": "MACRO_PLAYBACK", "disabled": false, "defaultCard": "0f82f693-5b78-4cf5-867e-090700000000"}, "g915_g3_m2_shifted": {"id": "g915_g3_m2_shifted", "attribute": "MACRO_PLAYBACK", "disabled": false, "defaultCard": "0f82f693-5b78-4cf5-867e-090700000000"}, "g915_g3_m3_shifted": {"id": "g915_g3_m3_shifted", "attribute": "MACRO_PLAYBACK", "disabled": false, "defaultCard": "0f82f693-5b78-4cf5-867e-090700000000"}, "g915_g5_m1_shifted": {"id": "g915_g5_m1_shifted", "attribute": "MACRO_PLAYBACK", "disabled": false, "defaultCard": "0f82f693-5b78-4cf5-867e-090700000000"}, "g915_g4_m1": {"id": "g915_g4_m1", "attribute": "MACRO_PLAYBACK", "disabled": false, "defaultCard": "0f82f693-5b78-4cf5-867e-013d00000000"}, "g915_g1_m3": {"id": "g915_g1_m3", "attribute": "MACRO_PLAYBACK", "disabled": false, "defaultCard": "0f82f693-5b78-4cf5-867e-013a00000000"}, "g915_g3_m3": {"id": "g915_g3_m3", "attribute": "MACRO_PLAYBACK", "disabled": false, "defaultCard": "0f82f693-5b78-4cf5-867e-013c00000000"}, "g915_g2_m2_shifted": {"id": "g915_g2_m2_shifted", "attribute": "MACRO_PLAYBACK", "disabled": false, "defaultCard": "0f82f693-5b78-4cf5-867e-090700000000"}, "g915_g3_m2": {"id": "g915_g3_m2", "attribute": "MACRO_PLAYBACK", "disabled": false, "defaultCard": "0f82f693-5b78-4cf5-867e-013c00000000"}, "g915_g4_m2": {"id": "g915_g4_m2", "attribute": "MACRO_PLAYBACK", "disabled": false, "defaultCard": "0f82f693-5b78-4cf5-867e-013d00000000"}, "g915_g2_m1_shifted": {"id": "g915_g2_m1_shifted", "attribute": "MACRO_PLAYBACK", "disabled": false, "defaultCard": "0f82f693-5b78-4cf5-867e-090700000000"}, "g915_g5_m3_shifted": {"id": "g915_g5_m3_shifted", "attribute": "MACRO_PLAYBACK", "disabled": false, "defaultCard": "0f82f693-5b78-4cf5-867e-090700000000"}, "g915_g2_m1": {"id": "g915_g2_m1", "attribute": "MACRO_PLAYBACK", "disabled": false, "defaultCard": "0f82f693-5b78-4cf5-867e-013b00000000"}, "g915_g4_m3_shifted": {"id": "g915_g4_m3_shifted", "attribute": "MACRO_PLAYBACK", "disabled": false, "defaultCard": "0f82f693-5b78-4cf5-867e-090700000000"}, "g915_lighting_setting_firmware": {"id": "g915_lighting_setting_firmware", "attribute": "FIRMWARE_LIGHTING_SETTINGS", "disabled": false, "defaultCard": "9b85425b-8c71-4b15-808c-1206c33e0000"}, "g915_g1_m3_shifted": {"id": "g915_g1_m3_shifted", "attribute": "MACRO_PLAYBACK", "disabled": false, "defaultCard": "0f82f693-5b78-4cf5-867e-090700000000"}, "g915_g2_m3_shifted": {"id": "g915_g2_m3_shifted", "attribute": "MACRO_PLAYBACK", "disabled": false, "defaultCard": "0f82f693-5b78-4cf5-867e-090700000000"}, "g915_g5_m2": {"id": "g915_g5_m2", "attribute": "MACRO_PLAYBACK", "disabled": false, "defaultCard": "0f82f693-5b78-4cf5-867e-013e00000000"}, "g915_g5_m3": {"id": "g915_g5_m3", "attribute": "MACRO_PLAYBACK", "disabled": false, "defaultCard": "0f82f693-5b78-4cf5-867e-013e00000000"}, "g915_g5_m1": {"id": "g915_g5_m1", "attribute": "MACRO_PLAYBACK", "disabled": false, "defaultCard": "0f82f693-5b78-4cf5-867e-013e00000000"}}}, {"id": "dev00000001", "pid": 49297, "firmwareName": "MPM23", "isSubdevice": false, "state": "ACTIVE", "onboardMode": false, "individualMode": false, "resourcesAvailable": true, "connectionType": "USB", "hasWirelessInterface": false, "displayConnectionType": "USB", "deviceType": "MOUSE", "deviceFamily": "", "deviceModel": "g903_hero", "deviceBaseModel": "g903_hero", "displayName": "G903 LIGHTSPEED", "extendedDisplayName": "G903 LIGHTSPEED Wireless Gaming Mouse", "slotPrefix": "g903hero", "thumbnail": "pipeline://core/thumbnails/g900.png", "stringPackage": "", "deviceExt": 0, "deviceUnitId": "1583455988", "deviceSignature": "MOUSE.g903_hero.0.1583455988", "givenName": "", "capabilities": {"lightingSupport": {"deviceCategory": "MOUSE_RGB_ZONAL", "typeMap": {"ZONE_BRANDING": "LOGO", "ZONE_PRIMARY": "PRIMARY"}, "zones": [{"zoneType": "ZONE_PRIMARY", "supportedEffects": [{"id": "OFF", "syncable": true, "fixedIntensity": false, "signature": false, "inactivityOnly": false}, {"id": "FIXED", "syncable": true, "fixedIntensity": false, "signature": false, "inactivityOnly": false}, {"id": "CYCLE", "syncable": true, "fixedIntensity": false, "signature": false, "inactivityOnly": false}, {"id": "BREATHING", "syncable": true, "fixedIntensity": false, "signature": false, "inactivityOnly": false}], "onboardCluster": "CLUSTER_DEFAULT"}, {"zoneType": "ZONE_BRANDING", "supportedEffects": [{"id": "OFF", "syncable": true, "fixedIntensity": false, "signature": false, "inactivityOnly": false}, {"id": "FIXED", "syncable": true, "fixedIntensity": false, "signature": false, "inactivityOnly": false}, {"id": "CYCLE", "syncable": true, "fixedIntensity": false, "signature": false, "inactivityOnly": false}, {"id": "BREATHING", "syncable": true, "fixedIntensity": false, "signature": false, "inactivityOnly": false}], "onboardCluster": "CLUSTER_DEFAULT"}], "isMonochrome": false, "isPerKey": false, "hideStartupEffect": false, "shutdownEffect": false, "brightnessLevels": [], "powerSavingEffect": true, "lowBatteryEffect": true, "brightnessPercentage": false, "gamma": false, "firmwareOnly": false, "offRamp": false, "activeDimming": false, "hasPositionalEffect": false, "hasPastelPalette": false, "hasRingLeds": false, "hasMasterSwitch": false, "needKeepAliveSignal": false}, "sleepTimer": false, "mstateSupport": {"count": 1, "timeOut": 0}, "maskableZones": {"zones": [{"id": "left_side", "slotIds": ["g903hero_g4_m1", "g903hero_g4_m1_shifted", "g903hero_g5_m1", "g903hero_g5_m1_shifted"], "displayIconKey": "mouse_2_buttons_left_icon", "renderIconKey": "cover_image_left", "enabled": false}, {"id": "right_side", "slotIds": ["g903hero_g6_m1", "g903hero_g6_m1_shifted", "g903hero_g7_m1", "g903hero_g7_m1_shifted"], "displayIconKey": "mouse_2_buttons_right_icon", "renderIconKey": "cover_image_right", "enabled": false}]}, "fnInversion": false, "presentSplashScreen": false, "customizableColor": false, "wirelessReportRate": false, "hybridEngine": false, "advancedSleepTimer": false, "angleSnapping": false, "excludeGShift": false, "onboardCycleId": {"value": 11}, "hostRemovalSupport": false, "headphoneJack": false, "hostInfos": false, "gkeyLayout": "INVALID_GKEY_LAYOUT", "hasBatteryStatus": true, "powerOffTimer": false, "requiresBackupForDfu": false, "unifiedBattery": false, "dpiLighting": true, "nonInteractive": false, "receiverPairing": {"receiverType": "LS1", "receiverPid": 0, "pairingAction": "ACTION_POWER_CYCLE", "hasForcePairing": false}, "chargepadCompatible": true, "individuality": false, "defaultSlotFormat": "INVALID_FORMAT", "fnToggle": false}, "activeInterfaces": [{"type": "DEVIO", "id": "046d_c091", "pid": 49297, "modelId": 0, "extendedModel": 0, "serialNumber": "1583455988", "path": "IOService:/AppleACPIPlatformExpert/PCI0@0/AppleACPIPCI/XHC1@14/XHC1@14000000/HS10@14600000/USBHub3p-2[A]@14600000/AppleUSB20Hub@14600000/AppleUSB20HubPort@14640000/USBHub3p-2[0-3]@14640000/AppleUSB20Hub@14640000/AppleUSB20HubPort@14643000/G903 LIGHTSPEED Wireless Gaming Mouse w/ HERO@14643000/IOUSBHostInterface@2/AppleUserUSBHostHIDDevice", "containerId": "0x14643000", "deviceType": "MOUSE", "deviceName": "G903 LIGHTSPEED Wireless Gaming Mouse w/ HERO", "keyboardLayout": "INVALID_LAYOUT", "firmwareVersion": "23.1.13", "firmwareName": "MPM23", "firmwareRevision": 1, "hardwareRevision": 0, "unitId": "1583455988", "connectionType": "USB", "hasOnboardMode": true}], "slots": {"g903hero_g9_m1": {"id": "g903hero_g9_m1", "attribute": "MACRO_PLAYBACK", "disabled": false, "defaultCard": "0f82f693-5b78-4cf5-867e-040100000000"}, "g903hero_lighting_setting_firmware": {"id": "g903hero_lighting_setting_firmware", "attribute": "FIRMWARE_LIGHTING_SETTINGS", "disabled": false, "defaultCard": "9b85425b-8c71-4b15-808c-1206c0910000"}, "g903hero_g6_m1_shifted": {"id": "g903hero_g6_m1_shifted", "attribute": "MACRO_PLAYBACK", "disabled": false, "defaultCard": "0f82f693-5b78-4cf5-867e-090700000000"}, "g903hero_g11_m1_shifted": {"id": "g903hero_g11_m1_shifted", "attribute": "MACRO_PLAYBACK", "disabled": false, "defaultCard": "0f82f693-5b78-4cf5-867e-090700000000"}, "g903hero_g12_m1_shifted": {"id": "g903hero_g12_m1_shifted", "attribute": "MACRO_PLAYBACK", "disabled": false, "defaultCard": "0f82f693-5b78-4cf5-867e-090700000000"}, "g903hero_g5_m1_shifted": {"id": "g903hero_g5_m1_shifted", "attribute": "MACRO_PLAYBACK", "disabled": false, "defaultCard": "0f82f693-5b78-4cf5-867e-090700000000"}, "g903hero_g7_m1_shifted": {"id": "g903hero_g7_m1_shifted", "attribute": "MACRO_PLAYBACK", "disabled": false, "defaultCard": "0f82f693-5b78-4cf5-867e-090700000000"}, "g903hero_g6_m1": {"id": "g903hero_g6_m1", "attribute": "MACRO_PLAYBACK", "disabled": false, "defaultCard": "0f82f693-5b78-4cf5-867e-020400000000"}, "g903hero_g10_m1_shifted": {"id": "g903hero_g10_m1_shifted", "attribute": "MACRO_PLAYBACK", "disabled": false, "defaultCard": "0f82f693-5b78-4cf5-867e-090700000000"}, "g903hero_g2_m1_shifted": {"id": "g903hero_g2_m1_shifted", "attribute": "MACRO_PLAYBACK", "disabled": false, "defaultCard": "0f82f693-5b78-4cf5-867e-090700000000"}, "g903hero_g3_m1_shifted": {"id": "g903hero_g3_m1_shifted", "attribute": "MACRO_PLAYBACK", "disabled": false, "defaultCard": "0f82f693-5b78-4cf5-867e-090700000000"}, "g903hero_g11_m1": {"id": "g903hero_g11_m1", "attribute": "MACRO_PLAYBACK", "disabled": false, "defaultCard": "0f82f693-5b78-4cf5-867e-040c00000000"}, "g903hero_g1_m1": {"id": "g903hero_g1_m1", "attribute": "MACRO_PLAYBACK", "disabled": false, "defaultCard": "0f82f693-5b78-4cf5-867e-020100000000"}, "g903hero_g9_m1_shifted": {"id": "g903hero_g9_m1_shifted", "attribute": "MACRO_PLAYBACK", "disabled": false, "defaultCard": "0f82f693-5b78-4cf5-867e-090700000000"}, "g903hero_g3_m1": {"id": "g903hero_g3_m1", "attribute": "MACRO_PLAYBACK", "disabled": false, "defaultCard": "0f82f693-5b78-4cf5-867e-020300000000"}, "g903hero_g7_m1": {"id": "g903hero_g7_m1", "attribute": "MACRO_PLAYBACK", "disabled": false, "defaultCard": "0f82f693-5b78-4cf5-867e-020500000000"}, "g903hero_g2_m1": {"id": "g903hero_g2_m1", "attribute": "MACRO_PLAYBACK", "disabled": false, "defaultCard": "0f82f693-5b78-4cf5-867e-020200000000"}, "g903hero_g5_m1": {"id": "g903hero_g5_m1", "attribute": "MACRO_PLAYBACK", "disabled": false, "defaultCard": "0f82f693-5b78-4cf5-867e-020500000000"}, "g903hero_mouse_settings": {"id": "g903hero_mouse_settings", "attribute": "MOUSE_SETTINGS", "disabled": false, "defaultCard": "9b85425b-8c71-4b15-808c-1204c0910000"}, "g903hero_g1_m1_shifted": {"id": "g903hero_g1_m1_shifted", "attribute": "MACRO_PLAYBACK", "disabled": false, "defaultCard": "0f82f693-5b78-4cf5-867e-090700000000"}, "g903hero_g4_m1": {"id": "g903hero_g4_m1", "attribute": "MACRO_PLAYBACK", "disabled": false, "defaultCard": "0f82f693-5b78-4cf5-867e-020400000000"}, "g903hero_g4_m1_shifted": {"id": "g903hero_g4_m1_shifted", "attribute": "MACRO_PLAYBACK", "disabled": false, "defaultCard": "0f82f693-5b78-4cf5-867e-090700000000"}, "g903hero_g8_m1_shifted": {"id": "g903hero_g8_m1_shifted", "attribute": "MACRO_PLAYBACK", "disabled": false, "defaultCard": "0f82f693-5b78-4cf5-867e-090700000000"}, "g903hero_g8_m1": {"id": "g903hero_g8_m1", "attribute": "MACRO_PLAYBACK", "disabled": false, "defaultCard": "0f82f693-5b78-4cf5-867e-040200000000"}, "g903hero_g10_m1": {"id": "g903hero_g10_m1", "attribute": "MACRO_PLAYBACK", "disabled": false, "defaultCard": "0f82f693-5b78-4cf5-867e-040b00000000"}, "g903hero_g12_m1": {"id": "g903hero_g12_m1", "attribute": "MACRO_PLAYBACK", "disabled": false, "defaultCard": "0f82f693-5b78-4cf5-867e-090100000000"}}}, {"id": "dev00000002", "pid": 49284, "firmwareName": "U107", "isSubdevice": false, "state": "ACTIVE", "onboardMode": false, "individualMode": false, "resourcesAvailable": true, "connectionType": "USB", "hasWirelessInterface": false, "displayConnectionType": "USB", "deviceType": "MOUSE", "deviceFamily": "", "deviceModel": "g203_ext2", "deviceBaseModel": "g203", "displayName": "G203", "extendedDisplayName": "G203 Prodigy Gaming Mouse", "slotPrefix": "g203", "thumbnail": "pipeline://core/thumbnails/g203_black.png", "stringPackage": "", "deviceExt": 2, "deviceUnitId": "859326215", "deviceSignature": "MOUSE.g203.2.859326215", "givenName": "", "capabilities": {"lightingSupport": {"deviceCategory": "MOUSE_RGB_ZONAL", "typeMap": {"ZONE_BRANDING": "LOGO"}, "zones": [{"zoneType": "ZONE_BRANDING", "supportedEffects": [{"id": "OFF", "syncable": true, "fixedIntensity": false, "signature": false, "inactivityOnly": false}, {"id": "FIXED", "syncable": true, "fixedIntensity": false, "signature": false, "inactivityOnly": false}, {"id": "CYCLE", "syncable": true, "fixedIntensity": false, "signature": false, "inactivityOnly": false}, {"id": "BREATHING", "syncable": true, "fixedIntensity": false, "signature": false, "inactivityOnly": false}], "onboardCluster": "CLUSTER_DEFAULT"}], "isMonochrome": false, "isPerKey": false, "hideStartupEffect": false, "shutdownEffect": false, "brightnessLevels": [], "powerSavingEffect": false, "lowBatteryEffect": false, "brightnessPercentage": false, "gamma": false, "firmwareOnly": false, "offRamp": false, "activeDimming": false, "hasPositionalEffect": false, "hasPastelPalette": false, "hasRingLeds": false, "hasMasterSwitch": false, "needKeepAliveSignal": false}, "sleepTimer": false, "mstateSupport": {"count": 1, "timeOut": 0}, "fnInversion": false, "presentSplashScreen": false, "customizableColor": false, "wirelessReportRate": false, "hybridEngine": false, "advancedSleepTimer": false, "angleSnapping": false, "excludeGShift": false, "hostRemovalSupport": false, "headphoneJack": false, "hostInfos": false, "gkeyLayout": "INVALID_GKEY_LAYOUT", "hasBatteryStatus": false, "powerOffTimer": false, "requiresBackupForDfu": false, "unifiedBattery": false, "dpiLighting": false, "nonInteractive": false, "chargepadCompatible": false, "individuality": false, "defaultSlotFormat": "INVALID_FORMAT", "fnToggle": false}, "activeInterfaces": [{"type": "DEVIO", "id": "046d_c084", "pid": 49284, "modelId": 0, "extendedModel": 2, "serialNumber": "859326215", "path": "IOService:/AppleACPIPlatformExpert/PCI0@0/AppleACPIPCI/XHC1@14/XHC1@14000000/HS10@14600000/USBHub3p-2[A]@14600000/AppleUSB20Hub@14600000/AppleUSB20HubPort@14640000/USBHub3p-2[0-3]@14640000/AppleUSB20Hub@14640000/AppleUSB20HubPort@14644000/G203 Prodigy Gaming Mouse@14644000/IOUSBHostInterface@1/AppleUserUSBHostHIDDevice", "containerId": "0x14644000", "deviceType": "MOUSE", "deviceName": "G203 Prodigy Gaming Mouse", "keyboardLayout": "INVALID_LAYOUT", "firmwareVersion": "107.3.15", "firmwareName": "U107", "firmwareRevision": 3, "hardwareRevision": 0, "unitId": "859326215", "connectionType": "USB", "hasOnboardMode": true}], "slots": {"g203_g5_m1": {"id": "g203_g5_m1", "attribute": "MACRO_PLAYBACK", "disabled": false, "defaultCard": "0f82f693-5b78-4cf5-867e-020500000000"}, "g203_g3_m1": {"id": "g203_g3_m1", "attribute": "MACRO_PLAYBACK", "disabled": false, "defaultCard": "0f82f693-5b78-4cf5-867e-020300000000"}, "g203_g5_m1_shifted": {"id": "g203_g5_m1_shifted", "attribute": "MACRO_PLAYBACK", "disabled": false, "defaultCard": "0f82f693-5b78-4cf5-867e-090700000000"}, "g203_g3_m1_shifted": {"id": "g203_g3_m1_shifted", "attribute": "MACRO_PLAYBACK", "disabled": false, "defaultCard": "0f82f693-5b78-4cf5-867e-090700000000"}, "g203_g2_m1": {"id": "g203_g2_m1", "attribute": "MACRO_PLAYBACK", "disabled": false, "defaultCard": "0f82f693-5b78-4cf5-867e-020200000000"}, "g203_g6_m1_shifted": {"id": "g203_g6_m1_shifted", "attribute": "MACRO_PLAYBACK", "disabled": false, "defaultCard": "0f82f693-5b78-4cf5-867e-090700000000"}, "g203_g6_m1": {"id": "g203_g6_m1", "attribute": "MACRO_PLAYBACK", "disabled": false, "defaultCard": "0f82f693-5b78-4cf5-867e-040400000000"}, "g203_g1_m1_shifted": {"id": "g203_g1_m1_shifted", "attribute": "MACRO_PLAYBACK", "disabled": false, "defaultCard": "0f82f693-5b78-4cf5-867e-090700000000"}, "g203_g4_m1_shifted": {"id": "g203_g4_m1_shifted", "attribute": "MACRO_PLAYBACK", "disabled": false, "defaultCard": "0f82f693-5b78-4cf5-867e-090700000000"}, "g203_lighting_setting_firmware": {"id": "g203_lighting_setting_firmware", "attribute": "FIRMWARE_LIGHTING_SETTINGS", "disabled": false, "defaultCard": "9b85425b-8c71-4b15-808c-1206c0840000"}, "g203_g1_m1": {"id": "g203_g1_m1", "attribute": "MACRO_PLAYBACK", "disabled": false, "defaultCard": "0f82f693-5b78-4cf5-867e-020100000000"}, "g203_g4_m1": {"id": "g203_g4_m1", "attribute": "MACRO_PLAYBACK", "disabled": false, "defaultCard": "0f82f693-5b78-4cf5-867e-020400000000"}, "g203_g2_m1_shifted": {"id": "g203_g2_m1_shifted", "attribute": "MACRO_PLAYBACK", "disabled": false, "defaultCard": "0f82f693-5b78-4cf5-867e-090700000000"}, "g203_mouse_settings": {"id": "g203_mouse_settings", "attribute": "MOUSE_SETTINGS", "disabled": false, "defaultCard": "9b85425b-8c71-4b15-808c-1204c0840000"}}}]}}