{
  "drivers": [],
  "extensions": {
    "driver_hid_virtual": {
      "extensions": [
        {
          "extension": {
            "autoInstall": true,
            "installer": {
              "arguments": [
                "--install",
                "--verbose",
                "--logfile"
              ],
              "pipelineUri": "pipeline://driver_hid_virtual/ghub_bus_driver.exe"
            },
            "name": "virtual_hid",
            "uninstaller": {
              "arguments": [
                "--uninstall",
                "--verbose",
                "--logfile"
              ],
              "pipelineUri": "pipeline://driver_hid_virtual/ghub_bus_driver.exe"
            },
            "version": ""
          },
          "state": {
            "error": "",
            "state": "EXTENSION_INSTALLED"
          }
        }
      ]
    }
  },
  "files": [
    {
      "path": "C:\\Program Files\\LGHUB\\lghub.exe",
      "registerLibrary": false,
      "sha256": "9422dc85bfb69a154e35908158263ae5ed4626ed83b3d9902f0770e266259369"
    },
    {
      "path": "C:\\Program Files\\LGHUB\\lghub_agent.exe",
      "registerLibrary": false,
      "sha256": "b05beba6b41ab857cb2557e7bc2ec6acc08bc6b8cb605d256c079f69d3951811"
    },
    {
      "path": "C:\\Program Files\\LGHUB\\lghub_updater.exe",
      "registerLibrary": false,
      "sha256": "dcc87bbe099c7b1f5a3b37f00d62d79bac1c6a90dbbc2888a01d09edc7df0cf3"
    },
    {
      "path": "C:\\Program Files\\LGHUB\\lghub_uninstaller.exe",
      "registerLibrary": false,
      "sha256": "f882484c0576aaec846079b121f8a2028d99ac891d56024fe81d41b4859b0136"
    },
    {
      "path": "C:\\Program Files\\LGHUB\\data\\applications.json",
      "registerLibrary": false,
      "sha256": "359f8fb355eda0e221ad0fd9cc83489610dd4f3c46096dcd76359536291c2df1"
    },
    {
      "path": "C:\\Program Files\\LGHUB\\data\\camera_presets.json",
      "registerLibrary": false,
      "sha256": "6ebd6aac2b0d6ac3282506fe058730d387bdb74add828519a5222e099f56e3f0"
    },
    {
      "path": "C:\\Program Files\\LGHUB\\data\\card_presets.json",
      "registerLibrary": false,
      "sha256": "54cbd7f20a958ff2945fca4d3308458b630803b3c1cf56e023c7253da4fedb8a"
    },
    {
      "path": "C:\\Program Files\\LGHUB\\data\\devices\\devices_0001.json",
      "registerLibrary": false,
      "sha256": "4539ecf2885c8622bf2c7fcf43a1804335807abee2eb2736e8d81e9c23a4bec3"
    },
    {
      "path": "C:\\Program Files\\LGHUB\\data\\devices\\devices_0002.json",
      "registerLibrary": false,
      "sha256": "4a68eca9f8c8fff8a8f0eefd86143a8add0f3d3b0fd310a2cbea35d85e9fc649"
    },
    {
      "path": "C:\\Program Files\\LGHUB\\data\\devices\\devices_0003.json",
      "registerLibrary": false,
      "sha256": "bb0ac8edaea584f0004f849572b048c8ae3664b0d1e0add8a76252e395c4acd8"
    },
    {
      "path": "C:\\Program Files\\LGHUB\\data\\devices\\devices_0005.json",
      "registerLibrary": false,
      "sha256": "1b9980862bf4c60a346ab73ab8280818317084fab7775d59ebb066f22ef920dd"
    },
    {
      "path": "C:\\Program Files\\LGHUB\\data\\devices\\devices_0006.json",
      "registerLibrary": false,
      "sha256": "a19afca8330f17d77fc2505ef75bed3e6be961f7612f95be961b6791c66a531a"
    },
    {
      "path": "C:\\Program Files\\LGHUB\\data\\devices\\devices_0007.json",
      "registerLibrary": false,
      "sha256": "630ea2e8fb100125955d50710442086082d2e6401dacbf706a539c9e2344c361"
    },
    {
      "path": "C:\\Program Files\\LGHUB\\data\\devices\\devices_0008.json",
      "registerLibrary": false,
      "sha256": "c13146e2854d8b30574ff890ce5825a03c00af12bcc9576315ecd7d93d0639b2"
    },
    {
      "path": "C:\\Program Files\\LGHUB\\data\\devices\\devices_0011.json",
      "registerLibrary": false,
      "sha256": "167a3f5d497e6d5904b9285cf9e0972f883c6133a85bb9ad1a2d1c7bc5dfa372"
    },
    {
      "path": "C:\\Program Files\\LGHUB\\data\\devices\\devices_0013.json",
      "registerLibrary": false,
      "sha256": "153c85c5301ba17f954628da90bff7bb09465a23903e22f869ef374474575251"
    },
    {
      "path": "C:\\Program Files\\LGHUB\\data\\devices\\devices_0015.json",
      "registerLibrary": false,
      "sha256": "bc70fbaf376d18fcd3c8c70bd6919b1e2c1f19e759f89840319d6b4a6dcbac49"
    },
    {
      "path": "C:\\Program Files\\LGHUB\\data\\devices\\microphones.json",
      "registerLibrary": false,
      "sha256": "bd532ab7049a35ecbea7696d757c53928d5065632a2d40c83667d1b0cfcc8af2"
    },
    {
      "path": "C:\\Program Files\\LGHUB\\data\\devices.json",
      "registerLibrary": false,
      "sha256": "8d945f1f968e2a397bb0ada9873c0042e111f74f7e9d8fe81296c109d62fc96c"
    },
    {
      "path": "C:\\Program Files\\LGHUB\\data\\eq_presets.json",
      "registerLibrary": false,
      "sha256": "a88e074eca0f3a3893ab1074fc9f17173fcfdfae52cf0a14a64d463c044a8848"
    },
    {
      "path": "C:\\Program Files\\LGHUB\\data\\lighting\\effects\\audio-visualizer-generic.json",
      "registerLibrary": false,
      "sha256": "9435fbe71be67695cc5031e9b7fddcc338a0a96a12baca9ccab2fe689f17b374"
    },
    {
      "path": "C:\\Program Files\\LGHUB\\data\\lighting\\effects\\audio-visualizer-kb-per-key.json",
      "registerLibrary": false,
      "sha256": "88c3f52a21f87c8c06ddf5ae97b736e8e88ab42bcb5d7a411adce00bf099573b"
    },
    {
      "path": "C:\\Program Files\\LGHUB\\data\\lighting\\effects\\audio-visualizer-kb-zonal.json",
      "registerLibrary": false,
      "sha256": "f0cce36eaa5b41f94e2e30c04909e6b53379924a9fe3bb6a3da4f87f1ea0af48"
    },
    {
      "path": "C:\\Program Files\\LGHUB\\data\\lighting\\effects\\audio-visualizer-mouse-rgb-per-key.json",
      "registerLibrary": false,
      "sha256": "5e2246bed347cdacfbe5e36788a21ca6553a4ed95e82d4447624ed1c1d0c8170"
    },
    {
      "path": "C:\\Program Files\\LGHUB\\data\\lighting\\effects\\contrastic.json",
      "registerLibrary": false,
      "sha256": "9d541c9ea0977b23b512c367ec73ed8e5b42dc89442a465ea139683bd18a5e4c"
    },
    {
      "path": "C:\\Program Files\\LGHUB\\data\\lighting\\effects\\lightning.json",
      "registerLibrary": false,
      "sha256": "9da2c8578f8d86ae6dc93a2379da716f28528e94ab7b03cb0528d36e01ee62a4"
    },
    {
      "path": "C:\\Program Files\\LGHUB\\data\\lighting\\effects\\mono-contrastic.json",
      "registerLibrary": false,
      "sha256": "d1e1e1fac399b498c61fe4f7a26f6debc3528bd7c787a7c466d44da87c113b33"
    },
    {
      "path": "C:\\Program Files\\LGHUB\\data\\lighting\\effects\\mono-verticool.json",
      "registerLibrary": false,
      "sha256": "88c52137fa9eee315f47800d7b47ea53b118f043e37274369bafe12c98d3f1ef"
    },
    {
      "path": "C:\\Program Files\\LGHUB\\data\\lighting\\effects\\mouse-oceanwave.json",
      "registerLibrary": false,
      "sha256": "e4a56fa1c4800a6e926fafb11e7df07c68d6c75f432b6496529734d555290e3e"
    },
    {
      "path": "C:\\Program Files\\LGHUB\\data\\lighting\\effects\\mouse-redwhiteblue.json",
      "registerLibrary": false,
      "sha256": "8b5ef016217dc386cab9bd9d06586fc484e3cc976480bb82bfec9e23e1bf8421"
    },
    {
      "path": "C:\\Program Files\\LGHUB\\data\\lighting\\effects\\mouse-verticool.json",
      "registerLibrary": false,
      "sha256": "5de96cde8ebb35a6918559e0b1a545e7ee29c1980f5ab9a007e456498fd36222"
    },
    {
      "path": "C:\\Program Files\\LGHUB\\data\\lighting\\effects\\oceanwave.json",
      "registerLibrary": false,
      "sha256": "b12b9c1cfadaea6729b8d10664afa4a2f4cb15dda0767892f6b3b24a34a1ce9f"
    },
    {
      "path": "C:\\Program Files\\LGHUB\\data\\lighting\\effects\\redwhiteblue.json",
      "registerLibrary": false,
      "sha256": "aada1c8352897a1ac0beea2ad25e038f7c670591184572adba1a128025c60110"
    },
    {
      "path": "C:\\Program Files\\LGHUB\\data\\lighting\\effects\\screen_sampler-kb.json",
      "registerLibrary": false,
      "sha256": "9bd8bc8ee7445ebe1745277d1ad98e8dfd29dae9476af6400888c4a48889c08b"
    },
    {
      "path": "C:\\Program Files\\LGHUB\\data\\lighting\\effects\\screen_sampler-mrpk.json",
      "registerLibrary": false,
      "sha256": "2be3ef4800a715135094499cccad262efab609af4ad8ac8733fe23dfe0327e63"
    },
    {
      "path": "C:\\Program Files\\LGHUB\\data\\lighting\\effects\\screen_sampler.json",
      "registerLibrary": false,
      "sha256": "a6a82867df6e81efe26f688246a253ba4b0bb715ea7ef0db40979041d808bb61"
    },
    {
      "path": "C:\\Program Files\\LGHUB\\data\\lighting\\effects\\verticool.json",
      "registerLibrary": false,
      "sha256": "07a43589f931b1f02e6a387afa70a200f09d7b9d7665722454808e831bc5295d"
    },
    {
      "path": "C:\\Program Files\\LGHUB\\data\\lighting\\effect_prefabs.json",
      "registerLibrary": false,
      "sha256": "9f1161db03155c8e47d94e6f6304c8eada3cb878b80733bf2725910778d25e1c"
    },
    {
      "path": "C:\\Program Files\\LGHUB\\data\\lighting\\effect_presets.json",
      "registerLibrary": false,
      "sha256": "02c1353c70428dff39fa89d297451295f476a23b541b143e1dd0ed3b18f52478"
    },
    {
      "path": "C:\\Program Files\\LGHUB\\data\\pro_eq_presets.json",
      "registerLibrary": false,
      "sha256": "a06c0c79a65054ad5ec9b5ed6e390d4fe877a56b299ccbb7cbf458ab532a4bca"
    },
    {
      "path": "C:\\Program Files\\LGHUB\\data\\receivers\\receivers_0001.json",
      "registerLibrary": false,
      "sha256": "813dffcba94af302f443e26b241e2f85becc752eb1cf403985c451426d3b866d"
    },
    {
      "path": "C:\\Program Files\\LGHUB\\data\\receivers\\receivers_0002.json",
      "registerLibrary": false,
      "sha256": "b5699eea7c59896afdb7d2818c51858d3381e6d2c9e803be9455aa82f62ea346"
    },
    {
      "path": "C:\\Program Files\\LGHUB\\data\\receivers\\receivers_0003.json",
      "registerLibrary": false,
      "sha256": "e093e189f01beae71c6121e5f977dda09cbcc0f49ee4e40918b663aee810f235"
    },
    {
      "path": "C:\\Program Files\\LGHUB\\data\\receivers.json",
      "registerLibrary": false,
      "sha256": "5a8a546efd13b4e6728e6662a47c70fe9670457ef3497331e696199d7da1db57"
    },
    {
      "path": "C:\\Program Files\\LGHUB\\data\\sounds\\71ChannelCheckSound.wma",
      "registerLibrary": false,
      "sha256": "3a25eb44361ddcc39ea78443ef4a5f94e3a3025d569ff9af1043ce37a4376e11"
    },
    {
      "path": "C:\\Program Files\\LGHUB\\data\\strings\\common\\cs-CZ.yaml",
      "registerLibrary": false,
      "sha256": "b4af6ca24184b4d2ea45aaa44815c3980f63b2808fbbb0b8a63ed556ca8ab486"
    },
    {
      "path": "C:\\Program Files\\LGHUB\\data\\strings\\common\\da-DK.yaml",
      "registerLibrary": false,
      "sha256": "f6268b657959c1fac734ff2a283a3c928877a13e61cfe8679dbc596bb811a0d6"
    },
    {
      "path": "C:\\Program Files\\LGHUB\\data\\strings\\common\\de-DE.yaml",
      "registerLibrary": false,
      "sha256": "a70b7827dc5858e6c8b8f983deb5d63f8517219a09849e5ace5b9c8ccbf8c978"
    },
    {
      "path": "C:\\Program Files\\LGHUB\\data\\strings\\common\\en-US.yaml",
      "registerLibrary": false,
      "sha256": "ba1b9dc44daa57c9666ed9b962253a15e258946f6bf0fa975bd2902024fb5c49"
    },
    {
      "path": "C:\\Program Files\\LGHUB\\data\\strings\\common\\es-ES.yaml",
      "registerLibrary": false,
      "sha256": "711e6f4997ce200b5bc829657c68c4ee7ce30f8dc3816b0ff9c0c8d7212d8bab"
    },
    {
      "path": "C:\\Program Files\\LGHUB\\data\\strings\\common\\fi-FI.yaml",
      "registerLibrary": false,
      "sha256": "699f65fe831480a7bd5fad668d90d71232508d9bfafd3401ff344de8130801ab"
    },
    {
      "path": "C:\\Program Files\\LGHUB\\data\\strings\\common\\fr-FR.yaml",
      "registerLibrary": false,
      "sha256": "eaa4a25922333f773f4eaa1d6b8ab2ff1baf80a9dc853ebdaec96ca2a0f091d8"
    },
    {
      "path": "C:\\Program Files\\LGHUB\\data\\strings\\common\\hu-HU.yaml",
      "registerLibrary": false,
      "sha256": "b05bea343963bf59a24cbd18f63db79820833ae8aa5fc924025f442bd4aadb8e"
    },
    {
      "path": "C:\\Program Files\\LGHUB\\data\\strings\\common\\it-IT.yaml",
      "registerLibrary": false,
      "sha256": "f292fd16eabcd4b5923a59be5703abab71e65739eb000b828ce70ca8b56b8407"
    },
    {
      "path": "C:\\Program Files\\LGHUB\\data\\strings\\common\\ja-JP.yaml",
      "registerLibrary": false,
      "sha256": "d5739b92b8c4e3ce5546b61ab226135959138c4296945cd491ba3f92a89e6a9c"
    },
    {
      "path": "C:\\Program Files\\LGHUB\\data\\strings\\common\\ko-KR.yaml",
      "registerLibrary": false,
      "sha256": "9493cef951362f3de43fa17d93667513872dfc12a00816087e00c198daa012dd"
    },
    {
      "path": "C:\\Program Files\\LGHUB\\data\\strings\\common\\nb-NO.yaml",
      "registerLibrary": false,
      "sha256": "b2f9ef760b9f3467b90332742155c066c8c8e40bb6b8299130f463ed6af9ae95"
    },
    {
      "path": "C:\\Program Files\\LGHUB\\data\\strings\\common\\nl-NL.yaml",
      "registerLibrary": false,
      "sha256": "27ecbd0050653a322e98ca4a12df7b9a7d6f5247e76d87d73738fa6d7b8ece67"
    },
    {
      "path": "C:\\Program Files\\LGHUB\\data\\strings\\common\\pl-PL.yaml",
      "registerLibrary": false,
      "sha256": "cc7fb5bd2f7132c4e84aa8cdbbd70e6a193a93d611c03a0bc7a71f82a917a109"
    },
    {
      "path": "C:\\Program Files\\LGHUB\\data\\strings\\common\\pt-BR.yaml",
      "registerLibrary": false,
      "sha256": "029245f5750362ec42a063703c060358f9e7e3543aaa21fcfd5ffd21b8c9e759"
    },
    {
      "path": "C:\\Program Files\\LGHUB\\data\\strings\\common\\ru-RU.yaml",
      "registerLibrary": false,
      "sha256": "2919860213760084dcafbac51c834d7eac464f46f0ed7fcb96afffc5e86b5d35"
    },
    {
      "path": "C:\\Program Files\\LGHUB\\data\\strings\\common\\sv-SE.yaml",
      "registerLibrary": false,
      "sha256": "da02b1002158b404ce8fc9e063f2f399212a21b6c09bbf0030a6003ce190fbf4"
    },
    {
      "path": "C:\\Program Files\\LGHUB\\data\\strings\\common\\tr-TR.yaml",
      "registerLibrary": false,
      "sha256": "d09c9c5d2fbc1005b781cad78464e7e8c4a6ed31c557d75496253dde51b64b0d"
    },
    {
      "path": "C:\\Program Files\\LGHUB\\data\\strings\\common\\zh-CN.yaml",
      "registerLibrary": false,
      "sha256": "ba03fa7c528e9183709ccd0f24196d6e200a166392ae1b38517dd9c710026614"
    },
    {
      "path": "C:\\Program Files\\LGHUB\\data\\strings\\common\\zh-TW.yaml",
      "registerLibrary": false,
      "sha256": "d564eead8c7e04a2af7e920fbe858f62b8b8116917d476c316480055a91133d0"
    },
    {
      "path": "C:\\Program Files\\LGHUB\\data\\video_filters.json",
      "registerLibrary": false,
      "sha256": "f6ceaf8132202d66c61c8aa32eea121a627076494b303f48197b243128dcb1ad"
    },
    {
      "path": "C:\\Program Files\\LGHUB\\locales\\am.pak",
      "registerLibrary": false,
      "sha256": "68c1862f7859abb1114e2ba352e95843c1b72436870bde98bff79a7b976e7fdd"
    },
    {
      "path": "C:\\Program Files\\LGHUB\\locales\\ar.pak",
      "registerLibrary": false,
      "sha256": "3b54952d90f37bd1d76e63464a9a5499fe1b8b0db6e0f30ca029e0768b9c7b74"
    },
    {
      "path": "C:\\Program Files\\LGHUB\\locales\\bg.pak",
      "registerLibrary": false,
      "sha256": "19ba7f27e7950df34cfecc8e3dfd68e64bd096141e8f54e4c4fb765450040c1a"
    },
    {
      "path": "C:\\Program Files\\LGHUB\\locales\\bn.pak",
      "registerLibrary": false,
      "sha256": "b375fd830d598819af858bd17f8f84431725578fc4ae656dd28e95fda2435585"
    },
    {
      "path": "C:\\Program Files\\LGHUB\\locales\\ca.pak",
      "registerLibrary": false,
      "sha256": "152755d4fb86eb089fd59f4124f6f3407a591ad2e735ff0770f22f0e20b4a56a"
    },
    {
      "path": "C:\\Program Files\\LGHUB\\locales\\cs.pak",
      "registerLibrary": false,
      "sha256": "cc6d83368650ef16106b5387817a35543a7fc9978dc848ccc48f62ab1095cffd"
    },
    {
      "path": "C:\\Program Files\\LGHUB\\locales\\da.pak",
      "registerLibrary": false,
      "sha256": "e9a4763dce8e08fb13ebf28f6d0071529adfac6bb71c5af01bc975eb9a47f01c"
    },
    {
      "path": "C:\\Program Files\\LGHUB\\locales\\de.pak",
      "registerLibrary": false,
      "sha256": "c47776ecd40fa3cd3c8342a77ac5c841778de33b82af05bc22cf426e0d0fc220"
    },
    {
      "path": "C:\\Program Files\\LGHUB\\locales\\el.pak",
      "registerLibrary": false,
      "sha256": "f83eb97d6ddd4e6ee38f4b3f3e8ba9ecf5b712e37822162a91d0d8a29c1450f2"
    },
    {
      "path": "C:\\Program Files\\LGHUB\\locales\\en-GB.pak",
      "registerLibrary": false,
      "sha256": "ca42d6cce0e64fba4f10f61f393ac74e63364f86a7fa62c0632f29950ee0e5f5"
    },
    {
      "path": "C:\\Program Files\\LGHUB\\locales\\en-US.pak",
      "registerLibrary": false,
      "sha256": "a453fe4e06016aac08b58a1569074f3be985a730b5ca1e345cb3e286b042acf5"
    },
    {
      "path": "C:\\Program Files\\LGHUB\\locales\\es-419.pak",
      "registerLibrary": false,
      "sha256": "ae6d834adfaaf9b1ae60513c232d98f59496e93436eed2114fe1f322a5aa3da8"
    },
    {
      "path": "C:\\Program Files\\LGHUB\\locales\\es.pak",
      "registerLibrary": false,
      "sha256": "00c7a1e751599c9fa28c6d61d4f7150d98d22708932173e9d18ca385ed06ba79"
    },
    {
      "path": "C:\\Program Files\\LGHUB\\locales\\et.pak",
      "registerLibrary": false,
      "sha256": "e352f03c09c1b5f396e1580bdd7911efe525f7ca306a4d04391724f20e8b3a21"
    },
    {
      "path": "C:\\Program Files\\LGHUB\\locales\\fa.pak",
      "registerLibrary": false,
      "sha256": "73e17a4a96eff210349b7349e9eca2caa3c88a1e28c5a5d45d129791bf47e636"
    },
    {
      "path": "C:\\Program Files\\LGHUB\\locales\\fi.pak",
      "registerLibrary": false,
      "sha256": "5fadf7152337659f9ef833fb99d9fc73257409d231be7d0deac95ac6f0de3c39"
    },
    {
      "path": "C:\\Program Files\\LGHUB\\locales\\fil.pak",
      "registerLibrary": false,
      "sha256": "e318914046b66d1c77e0aaf17547fb757313adf68f244792de93ec1c8820bb2b"
    },
    {
      "path": "C:\\Program Files\\LGHUB\\locales\\fr.pak",
      "registerLibrary": false,
      "sha256": "83c7c6d4a6b7076e0ffffb7932b837abd0a0d08522a7a061645e10c0b7e51cfb"
    },
    {
      "path": "C:\\Program Files\\LGHUB\\locales\\gu.pak",
      "registerLibrary": false,
      "sha256": "fa84e5692aa3f1da2b7f2c3024279986405c1784d8cab39d8b2648bc0a178a9b"
    },
    {
      "path": "C:\\Program Files\\LGHUB\\locales\\he.pak",
      "registerLibrary": false,
      "sha256": "31ed1ac7d7b392c4c79c223240d97588494892d5dddfa62fc664cac39bdb791f"
    },
    {
      "path": "C:\\Program Files\\LGHUB\\locales\\hi.pak",
      "registerLibrary": false,
      "sha256": "5aa42687e1729624c09f7038722622cd501d5420060182820e6dccea71a4647d"
    },
    {
      "path": "C:\\Program Files\\LGHUB\\locales\\hr.pak",
      "registerLibrary": false,
      "sha256": "7876ad2719dd22ec9784ab78651d8114c51961991295961713011486de9edad5"
    },
    {
      "path": "C:\\Program Files\\LGHUB\\locales\\hu.pak",
      "registerLibrary": false,
      "sha256": "bdf02941626eff00aee71ea9c69f8ddeb10b9dacdbfd23b18c462e3ed8992c26"
    },
    {
      "path": "C:\\Program Files\\LGHUB\\locales\\id.pak",
      "registerLibrary": false,
      "sha256": "5562fc84ce5fb3b1c3fc182fbdb407c34c17aa35c1a77ece7d373e00b34dbba2"
    },
    {
      "path": "C:\\Program Files\\LGHUB\\locales\\it.pak",
      "registerLibrary": false,
      "sha256": "0d0fddbf81be8b6c76d861e6ca9fdd9081cff9457965e61555e9a795d68280ca"
    },
    {
      "path": "C:\\Program Files\\LGHUB\\locales\\ja.pak",
      "registerLibrary": false,
      "sha256": "5d3fd035145e1d71e2055ba7cac11661909f82481382a9f630ea3b8bbe07404b"
    },
    {
      "path": "C:\\Program Files\\LGHUB\\locales\\kn.pak",
      "registerLibrary": false,
      "sha256": "53fdd5982ec4fcbf8ff5a4fe2b26f15a39966310e3973d9fc77a7dd37bbf4758"
    },
    {
      "path": "C:\\Program Files\\LGHUB\\locales\\ko.pak",
      "registerLibrary": false,
      "sha256": "d033a66618d40c765618e580935952936c38e173db17485b1a6e0087606fc209"
    },
    {
      "path": "C:\\Program Files\\LGHUB\\locales\\lt.pak",
      "registerLibrary": false,
      "sha256": "88a628af217379ac67dcde950f01c7ef5a05bc4dcd835f3257d950ac1b8b76ef"
    },
    {
      "path": "C:\\Program Files\\LGHUB\\locales\\lv.pak",
      "registerLibrary": false,
      "sha256": "a945582f2a2b2452f34b24310c6de9684a6efce00aabf550964a6ad986a02693"
    },
    {
      "path": "C:\\Program Files\\LGHUB\\locales\\ml.pak",
      "registerLibrary": false,
      "sha256": "a5a540e3b2294acc9dc24f99502c573f6f2d445227fb694c94bbdedf4c86c385"
    },
    {
      "path": "C:\\Program Files\\LGHUB\\locales\\mr.pak",
      "registerLibrary": false,
      "sha256": "a0161835ed702254dd177955cf0ab7bfe66974b874e61d970b09a12ab3118036"
    },
    {
      "path": "C:\\Program Files\\LGHUB\\locales\\ms.pak",
      "registerLibrary": false,
      "sha256": "42f52b16fa57089ae067b31745ff66148539fe4e4076922702369f734193aa01"
    },
    {
      "path": "C:\\Program Files\\LGHUB\\locales\\nb.pak",
      "registerLibrary": false,
      "sha256": "b1df79cdf81aa4cb344221fd5b3107407065a38689b8b272cc566bd5a225effd"
    },
    {
      "path": "C:\\Program Files\\LGHUB\\locales\\nl.pak",
      "registerLibrary": false,
      "sha256": "052a92225f9f42f7dd6adb2c64aae922f5184cddf51fff9e93353ef4760f50cf"
    },
    {
      "path": "C:\\Program Files\\LGHUB\\locales\\pl.pak",
      "registerLibrary": false,
      "sha256": "9170264e1ded3046c24c6654f29a90836db54f8a6a30c76fb779465c7d716891"
    },
    {
      "path": "C:\\Program Files\\LGHUB\\locales\\pt-BR.pak",
      "registerLibrary": false,
      "sha256": "8efbb34337c48a2be1aedb2e29199465645108b92665b6008fbc8094e022e9cb"
    },
    {
      "path": "C:\\Program Files\\LGHUB\\locales\\pt-PT.pak",
      "registerLibrary": false,
      "sha256": "d2783d886c460451d4b99193e3106ad49f11a77c59371d2c7b35db422f10dc72"
    },
    {
      "path": "C:\\Program Files\\LGHUB\\locales\\ro.pak",
      "registerLibrary": false,
      "sha256": "b049f2ce600e7db401853ec1f80869632fe0aa6b1b78d603c4081e50e12519bd"
    },
    {
      "path": "C:\\Program Files\\LGHUB\\locales\\ru.pak",
      "registerLibrary": false,
      "sha256": "8383db1d566c1a71cf7e7774d0118175057bde8add5013cb8c3c53f125942652"
    },
    {
      "path": "C:\\Program Files\\LGHUB\\locales\\sk.pak",
      "registerLibrary": false,
      "sha256": "93bcaed59a2d35336259046dfc3a999f5bad9ac6b4ff51fffb50accb53460985"
    },
    {
      "path": "C:\\Program Files\\LGHUB\\locales\\sl.pak",
      "registerLibrary": false,
      "sha256": "955eceb6351376225d48ffbd08c383ae8b73156e2c1354d7cd04bb1bdd694ed9"
    },
    {
      "path": "C:\\Program Files\\LGHUB\\locales\\sr.pak",
      "registerLibrary": false,
      "sha256": "1876b00f2f1d20d5d2b2d04d248f689600bdd990da26ab854af963aa3993f28f"
    },
    {
      "path": "C:\\Program Files\\LGHUB\\locales\\sv.pak",
      "registerLibrary": false,
      "sha256": "f9e30c4b576254a2eafec07407248ca1d7053d73f69f77e696a290a8af81271c"
    },
    {
      "path": "C:\\Program Files\\LGHUB\\locales\\sw.pak",
      "registerLibrary": false,
      "sha256": "fde18d5c53274b4d720f6a875618b736c567872ad3bed7211ffe2f12e639966a"
    },
    {
      "path": "C:\\Program Files\\LGHUB\\locales\\ta.pak",
      "registerLibrary": false,
      "sha256": "15a42b72c5bb73de08cf9f56ba87ed4a83939bd4d4e5a7ba637f185f96f7afee"
    },
    {
      "path": "C:\\Program Files\\LGHUB\\locales\\te.pak",
      "registerLibrary": false,
      "sha256": "7a6c75a16ed9a52df60335c9caa531b668fcfabdd1faca9b95518b579738f4a4"
    },
    {
      "path": "C:\\Program Files\\LGHUB\\locales\\th.pak",
      "registerLibrary": false,
      "sha256": "7be2d12296aec939505130f60552c472be82eac7a9ab36c02886e1429ed07a42"
    },
    {
      "path": "C:\\Program Files\\LGHUB\\locales\\tr.pak",
      "registerLibrary": false,
      "sha256": "2d03145aecb936f60b54155d041404a977258f99b0e2a20155f54428cf896326"
    },
    {
      "path": "C:\\Program Files\\LGHUB\\locales\\uk.pak",
      "registerLibrary": false,
      "sha256": "d67d54f56dea0f8a629ff280c296b785c22808b79cbc2aa62031d25658784d8e"
    },
    {
      "path": "C:\\Program Files\\LGHUB\\locales\\vi.pak",
      "registerLibrary": false,
      "sha256": "86fc51c7b23ef16d20814cc6444e50514774cd1cb9bc11ca82751768498ced0f"
    },
    {
      "path": "C:\\Program Files\\LGHUB\\locales\\zh-CN.pak",
      "registerLibrary": false,
      "sha256": "888ea625dcff463502991ef60c140243307fd5513e951913b9f1086617e7a62f"
    },
    {
      "path": "C:\\Program Files\\LGHUB\\locales\\zh-TW.pak",
      "registerLibrary": false,
      "sha256": "b7e168269d7be0b837d683a87cbc7cc8d4686f0bdc92a886fde8a321ed855e0a"
    },
    {
      "path": "C:\\Program Files\\LGHUB\\platforms\\qwindows.dll",
      "registerLibrary": false,
      "sha256": "cfb111adddae646f6a1dc8b4491b302366e44ff4555ba11c3e124d3a921865d1"
    },
    {
      "path": "C:\\Program Files\\LGHUB\\resources\\app.asar",
      "registerLibrary": false,
      "sha256": "af371f6926f71d79f3eaa212a05fd0ce486995d4765a4ca3df5c2716f882a107"
    },
    {
      "path": "C:\\Program Files\\LGHUB\\resources\\app.asar.unpacked\\node_modules\\keytar\\build\\Release\\keytar.node",
      "registerLibrary": false,
      "sha256": "f0aa98eaa4389a089b785504b18fb2f9562aa8ea65ba83bb06624eb647ed256c"
    },
    {
      "path": "C:\\Program Files\\LGHUB\\resources\\icon.png",
      "registerLibrary": false,
      "sha256": "67d0957daca9717fe862746dd968097c7ac30fc718cc580c2563a5a85c6d23be"
    },
    {
      "path": "C:\\Program Files\\LGHUB\\resources.pak",
      "registerLibrary": false,
      "sha256": "6c97bf22bba8016992d4f7284e85c35513e34d47763df50cbb772fbeb922ecfb"
    },
    {
      "path": "C:\\Program Files\\LGHUB\\d3dcompiler_47.dll",
      "registerLibrary": false,
      "sha256": "a1b03d270a439b51e9be9e7227c1265f8f2f24d65e8c7b6e0c4bddea84ea13a1"
    },
    {
      "path": "C:\\Program Files\\LGHUB\\ffmpeg.dll",
      "registerLibrary": false,
      "sha256": "e0adcf31b04550f878a548c0017ddd8955278a1db76b5a1d7905560f96dde267"
    },
    {
      "path": "C:\\Program Files\\LGHUB\\icudtl.dat",
      "registerLibrary": false,
      "sha256": "b62b7240837172959299dc3be44fffa83dc374353154eca1612e1bde330aa8fa"
    },
    {
      "path": "C:\\Program Files\\LGHUB\\libEGL.dll",
      "registerLibrary": false,
      "sha256": "26f524c79b55cfd234f80539cb78a00a3b53ddaaa1e6577c02c8492e0b35321e"
    },
    {
      "path": "C:\\Program Files\\LGHUB\\libGLESv2.dll",
      "registerLibrary": false,
      "sha256": "12a4b49c492f1a008c91a6961eebac9783ba94f51e28e8e2d5fde94f256c081d"
    },
    {
      "path": "C:\\Program Files\\LGHUB\\Qt5Concurrent.dll",
      "registerLibrary": false,
      "sha256": "ad15ba21141c03e9e0cca1a0911d2e2782bc5313513b7cb3ae1d5ae1c3fc514c"
    },
    {
      "path": "C:\\Program Files\\LGHUB\\Qt5Core.dll",
      "registerLibrary": false,
      "sha256": "12acb9716b9fd665d832571d9934413288a90139c67f9347484d5ae3a00901cf"
    },
    {
      "path": "C:\\Program Files\\LGHUB\\Qt5Gui.dll",
      "registerLibrary": false,
      "sha256": "2021131083a068f35626eb85b8fd66d82ace3214af306a21ca29881b8c41f5ad"
    },
    {
      "path": "C:\\Program Files\\LGHUB\\Qt5Network.dll",
      "registerLibrary": false,
      "sha256": "76a70467b42e0b6e195238504748905f833b289deeaae70724f206e7c1a12026"
    },
    {
      "path": "C:\\Program Files\\LGHUB\\Qt5Widgets.dll",
      "registerLibrary": false,
      "sha256": "d6eebdccb322b1c23d70e335462299dcc9aae599c09948b198316aecd4282baa"
    },
    {
      "path": "C:\\Program Files\\LGHUB\\snapshot_blob.bin",
      "registerLibrary": false,
      "sha256": "afa5b66321198b4b046274e764f6a000b98764577b32367f06cc2e7dc4c44153"
    },
    {
      "path": "C:\\Program Files\\LGHUB\\v8_context_snapshot.bin",
      "registerLibrary": false,
      "sha256": "b261a32d2432c05c99aec5e8b4ef7f7ec8b0d0bf812082b6a113c23669ec2c54"
    },
    {
      "path": "C:\\Program Files\\LGHUB\\version",
      "registerLibrary": false,
      "sha256": "e139fb38fefad95b69d9cead1cf9f27639aabed29c6406406a0ada1b50d1e2da"
    },
    {
      "path": "C:\\Program Files\\LGHUB\\trueforce_sdk_x86.dll",
      "registerLibrary": true,
      "sha256": "11befeb1a7f858c5f1750046276f696059497e96a1df6af79418e73bf64c9567"
    },
    {
      "path": "C:\\Program Files\\LGHUB\\trueforce_sdk_x64.dll",
      "registerLibrary": true,
      "sha256": "df4d0537cd0462e8a0454cc08ef2ddc1a15a2aa0ab47411598574702c5b87d86"
    },
    {
      "path": "C:\\Program Files\\LGHUB\\hidpp_forcefeedback_x86.dll",
      "registerLibrary": true,
      "sha256": "5eadf1912d5daded01bac110c8f6fd34549c955bf424f70c30eedd51b5cf58cd"
    },
    {
      "path": "C:\\Program Files\\LGHUB\\hidpp_forcefeedback_x64.dll",
      "registerLibrary": true,
      "sha256": "bd0d039959630e26bd777433bf03afc92c21a53c64819163e3377898cf8db67e"
    },
    {
      "path": "C:\\Program Files\\LGHUB\\legacy_forcefeedback_x86.dll",
      "registerLibrary": true,
      "sha256": "34d9491eabc4950c8957cdde011fc4f30cead772943515b0fe958c4696e33c53"
    },
    {
      "path": "C:\\Program Files\\LGHUB\\legacy_forcefeedback_x64.dll",
      "registerLibrary": true,
      "sha256": "c0bad41e7020bebee55a4e7e99b22b7d7bdc2d8f4c7acead44e9792b3c4273a0"
    },
    {
      "path": "C:\\Program Files\\LGHUB\\sdk_legacy_led_x86.dll",
      "registerLibrary": true,
      "sha256": "3d6919427b892f90bdc8279b77315da047ec452bb2c639bf89b05205a86047bb"
    },
    {
      "path": "C:\\Program Files\\LGHUB\\sdk_legacy_led_x64.dll",
      "registerLibrary": true,
      "sha256": "8d31c95551342fc74f02b3ac44fd0ef35dc7bcaf5e274ac709840eaf9a6eb0c7"
    },
    {
      "path": "C:\\Program Files\\LGHUB\\sdk_legacy_steering_wheel_x64.dll",
      "registerLibrary": true,
      "sha256": "c0193efc103f1c365066f5f4b3abfc5cfa557c27b7cdf74b5917de2de643db00"
    },
    {
      "path": "C:\\Program Files\\LGHUB\\sdk_legacy_steering_wheel_x86.dll",
      "registerLibrary": true,
      "sha256": "083d3b8242b189e6557a829e1cc11d9bca5f811392255d9b24ad9f4fcd4ed637"
    },
    {
      "path": "C:\\Program Files\\LGHUB\\legacy_arx_control_sdk_x86.dll",
      "registerLibrary": true,
      "sha256": "2d8f10d0cffed3d1d3022586f75cb585782c4621432ed71740c9b6423d7312f0"
    },
    {
      "path": "C:\\Program Files\\LGHUB\\legacy_arx_control_sdk_x64.dll",
      "registerLibrary": true,
      "sha256": "e6312720ce41d51b179f9065bee1296a8a5fef2f8adae888d5e709a1a69a8824"
    },
    {
      "path": "C:\\Program Files\\LGHUB\\logi_audio_conexant.dll",
      "registerLibrary": false,
      "sha256": "781a48908b56c494f6e780e3465311d04d9f5525f4591848f3b9dd85076d7dc7"
    },
    {
      "path": "C:\\Program Files\\LGHUB\\logi_crashpad_handler.exe",
      "registerLibrary": false,
      "sha256": "8fc02ff7d24f70995cd4ccbf1f8742be6402abcd7959f071993d888637b37681"
    },
    {
      "path": "C:\\Users\\Lenovo-QA\\AppData\\Local\\LGHUB\\integrations\\applet_overwolf\\config.json",
      "registerLibrary": false,
      "sha256": "a6315cc17f4cde41a04a19e2796fcc04fb21daaed74fc3045e2493ca211acb63"
    },
    {
      "path": "C:\\Users\\Lenovo-QA\\AppData\\Local\\LGHUB\\integrations\\applet_discord\\config.json",
      "registerLibrary": false,
      "sha256": "df818820b31755a470ff3c6199942d48385818a11096616c7e734d79f74796a8"
    },
    {
      "path": "C:\\Users\\Lenovo-QA\\AppData\\Local\\LGHUB\\integrations\\applet_obs\\config.json",
      "registerLibrary": false,
      "sha256": "f399794f7d8137ab1b8dedba0452ab0fb87e7aeb566e3237094c62480ee33cc8"
    },
    {
      "path": "C:\\Users\\Lenovo-QA\\AppData\\Local\\LGHUB\\integrations\\applet_assetto_corsa\\config.json",
      "registerLibrary": false,
      "sha256": "6329eab464c7e29d0264f888703343c0a062a2282a710011ce1d776a736d63b6"
    },
    {
      "path": "C:\\Users\\Lenovo-QA\\AppData\\Local\\LGHUB\\integrations\\applet_assetto_corsa\\AssettoCorsaArxApplet.exe",
      "registerLibrary": false,
      "sha256": "26de612cd51dacb93fedbdc444f84b1eb71ee94764fd14c11f05874b0519b3f4"
    },
    {
      "path": "C:\\Users\\Lenovo-QA\\AppData\\Local\\LGHUB\\integrations\\applet_assetto_corsa\\applet_files\\acBackground.png",
      "registerLibrary": false,
      "sha256": "815c076c753611ba44d7c9ce410acdc844383b492aa4ff5cd337675bd6f834cd"
    },
    {
      "path": "C:\\Users\\Lenovo-QA\\AppData\\Local\\LGHUB\\integrations\\applet_assetto_corsa\\applet_files\\acLogo.png",
      "registerLibrary": false,
      "sha256": "02b9e72eddc73e7b863f6f84b821213407307a3e1a71df7cdae465285b122997"
    },
    {
      "path": "C:\\Users\\Lenovo-QA\\AppData\\Local\\LGHUB\\integrations\\applet_assetto_corsa\\applet_files\\acLogoOpaque.png",
      "registerLibrary": false,
      "sha256": "9a6eadfd048283262eccd195dbb8af9550c377c734f54242d8d6ceccb060f90d"
    },
    {
      "path": "C:\\Users\\Lenovo-QA\\AppData\\Local\\LGHUB\\integrations\\applet_assetto_corsa\\applet_files\\index.html",
      "registerLibrary": false,
      "sha256": "afbae05c66e56e296ce94191960d3a03f9d3db6f39b6543515b0352720672d93"
    },
    {
      "path": "C:\\Users\\Lenovo-QA\\AppData\\Local\\LGHUB\\integrations\\applet_assetto_corsa\\applet_files\\jquery-1.11.1.min.js",
      "registerLibrary": false,
      "sha256": "540bc6dec1dd4b92ea4d3fb903f69eabf6d919afd48f4e312b163c28cff0f441"
    },
    {
      "path": "C:\\Users\\Lenovo-QA\\AppData\\Local\\LGHUB\\integrations\\applet_assetto_corsa\\applet_files\\jquery.mobile-1.4.2-onlyEvents.js",
      "registerLibrary": false,
      "sha256": "71616cc59712466b3e0a26919e694ba4bf3560a246d224cdec266c91c220a3fe"
    },
    {
      "path": "C:\\Users\\Lenovo-QA\\AppData\\Local\\LGHUB\\integrations\\applet_assetto_corsa\\applet_files\\jquery.svg.js",
      "registerLibrary": false,
      "sha256": "472781d4e49afa540b8b71f8d48bea979bce8e0c0f82f641c24881dda37e6df5"
    },
    {
      "path": "C:\\Users\\Lenovo-QA\\AppData\\Local\\LGHUB\\integrations\\applet_assetto_corsa\\applet_files\\jquery.svganim.js",
      "registerLibrary": false,
      "sha256": "93c65c680e21b2c94bf06f8804e64a09303b80f8d434202e371fd98d7e2c0a62"
    },
    {
      "path": "C:\\Users\\Lenovo-QA\\AppData\\Local\\LGHUB\\integrations\\applet_assetto_corsa\\applet_files\\script.js",
      "registerLibrary": false,
      "sha256": "54b870eaf3f321309584e7bd0e8d243265b42da6cb6fa90edd18e261f6b7a59a"
    },
    {
      "path": "C:\\Users\\Lenovo-QA\\AppData\\Local\\LGHUB\\integrations\\applet_assetto_corsa\\applet_files\\styleSheet.css",
      "registerLibrary": false,
      "sha256": "0b0ee8dc51f1a4834af8a7552e9a4f477192e3708fe1747d5a7bbcdfdc1eac8c"
    },
    {
      "path": "C:\\Users\\Lenovo-QA\\AppData\\Local\\LGHUB\\integrations\\applet_assetto_corsa\\applet_files\\styleSheetPhone.css",
      "registerLibrary": false,
      "sha256": "3296d02227c8aad4722052b86bdc293eb41771c9ed27befe7ba0ebae9ab169f5"
    },
    {
      "path": "C:\\Users\\Lenovo-QA\\AppData\\Local\\LGHUB\\integrations\\applet_assetto_corsa\\applet_files\\svgController.js",
      "registerLibrary": false,
      "sha256": "1b6aaf4b763ed9f7e586f9359c26632a44a508087e13c26517e964840bdbf15b"
    },
    {
      "path": "C:\\Users\\Lenovo-QA\\AppData\\Local\\LGHUB\\integrations\\applet_csgo\\config.json",
      "registerLibrary": false,
      "sha256": "bfe5a7c1bbfebbca8a4e8e50e63cfd84ca5fa69830da4f9f10b4b89fe8a993e2"
    },
    {
      "path": "C:\\Users\\Lenovo-QA\\AppData\\Local\\LGHUB\\integrations\\applet_csgo\\CS_GO_Arx_Applet.exe",
      "registerLibrary": false,
      "sha256": "4a65592bb2016c0aec1567316c5e8f6b5218b8fac7549de9ff0066fe987d24d4"
    },
    {
      "path": "C:\\Users\\Lenovo-QA\\AppData\\Local\\LGHUB\\integrations\\applet_csgo\\Applet_files\\background.jpeg",
      "registerLibrary": false,
      "sha256": "5c549a142d2a4d6310f007e8b7dc10cbc099a4941e160772b07044b760638a29"
    },
    {
      "path": "C:\\Users\\Lenovo-QA\\AppData\\Local\\LGHUB\\integrations\\applet_csgo\\Applet_files\\counter.png",
      "registerLibrary": false,
      "sha256": "304d1d294f3f9ea4270a6dc77cf7f835bf1a3f4a3803b0d3f648119ee9c326be"
    },
    {
      "path": "C:\\Users\\Lenovo-QA\\AppData\\Local\\LGHUB\\integrations\\applet_csgo\\Applet_files\\gamestate_integration_logitech.cfg",
      "registerLibrary": false,
      "sha256": "a2b904036ab6fe53ba8e42de3fa36d2d8f081aa2bc0c6767e249057df8aebdcf"
    },
    {
      "path": "C:\\Users\\Lenovo-QA\\AppData\\Local\\LGHUB\\integrations\\applet_csgo\\Applet_files\\healthLogo.png",
      "registerLibrary": false,
      "sha256": "78ae02373e43d98912a9502079a97856d098862877a09af1807338778ec676c9"
    },
    {
      "path": "C:\\Users\\Lenovo-QA\\AppData\\Local\\LGHUB\\integrations\\applet_csgo\\Applet_files\\index.html",
      "registerLibrary": false,
      "sha256": "5efb343c8e7abaf136027b98c04cd2436946fbe8ab829ee6e5765904e9fcf363"
    },
    {
      "path": "C:\\Users\\Lenovo-QA\\AppData\\Local\\LGHUB\\integrations\\applet_csgo\\Applet_files\\jquery-1.10.1.js",
      "registerLibrary": false,
      "sha256": "ff30a1dd8b05bbc1e11cf9677e1f102d9ef7b50ee8496c4a29fd16fed64cf0fb"
    },
    {
      "path": "C:\\Users\\Lenovo-QA\\AppData\\Local\\LGHUB\\integrations\\applet_csgo\\Applet_files\\script.js",
      "registerLibrary": false,
      "sha256": "5b29acee73426da5985475b44233ad0ba8bda155962c421858ff18c7a26ccd2e"
    },
    {
      "path": "C:\\Users\\Lenovo-QA\\AppData\\Local\\LGHUB\\integrations\\applet_csgo\\Applet_files\\shieldLogo.png",
      "registerLibrary": false,
      "sha256": "84c4807e2fe66a3a5b4899f4ef590c8e7b3b9117a2e9d7635253386b4e79cc4f"
    },
    {
      "path": "C:\\Users\\Lenovo-QA\\AppData\\Local\\LGHUB\\integrations\\applet_csgo\\Applet_files\\style.css",
      "registerLibrary": false,
      "sha256": "4c866158d8eaca2b2c5dd865d1bf0ffed1f3de8318e30398067a54ed36c2648d"
    },
    {
      "path": "C:\\Users\\Lenovo-QA\\AppData\\Local\\LGHUB\\integrations\\applet_csgo\\Applet_files\\terrorist.png",
      "registerLibrary": false,
      "sha256": "6858183295d645cb93a1eac62af75ae4111a15107e3b8d440dea12f039eed172"
    },
    {
      "path": "C:\\Users\\Lenovo-QA\\AppData\\Local\\LGHUB\\integrations\\applet_dota2\\config.json",
      "registerLibrary": false,
      "sha256": "911695851daa5ab00c63b001173a58c9ab52279f193e1246afffd6d771469255"
    },
    {
      "path": "C:\\Users\\Lenovo-QA\\AppData\\Local\\LGHUB\\integrations\\applet_dota2\\Dota2ArxApplet.exe",
      "registerLibrary": false,
      "sha256": "2c6c2589abebda54f2e56a90f710d14cb23082c14ad9bf8538f11721bbcffcde"
    },
    {
      "path": "C:\\Users\\Lenovo-QA\\AppData\\Local\\LGHUB\\integrations\\applet_dota2\\Applet_Files\\background.png",
      "registerLibrary": false,
      "sha256": "418f60dc46bd2ccd417eb2eb9a8e5f560ac1d8979162a7f11b858679e9cf75a4"
    },
    {
      "path": "C:\\Users\\Lenovo-QA\\AppData\\Local\\LGHUB\\integrations\\applet_dota2\\Applet_Files\\dotaBadge.png",
      "registerLibrary": false,
      "sha256": "14cdb5b9e2cde211b9289197aae8f0fc7b381ffc5a6aee9773bc22a5ce78c0df"
    },
    {
      "path": "C:\\Users\\Lenovo-QA\\AppData\\Local\\LGHUB\\integrations\\applet_dota2\\Applet_Files\\empty_item.png",
      "registerLibrary": false,
      "sha256": "c01eb28cb2a14027573982c7b071829408f81414009aec3db99e5868457038f8"
    },
    {
      "path": "C:\\Users\\Lenovo-QA\\AppData\\Local\\LGHUB\\integrations\\applet_dota2\\Applet_Files\\gamestate_integration_logitech.cfg",
      "registerLibrary": false,
      "sha256": "4e39af721910e0165676a92d9f89b88df9448cf6c960af2b878dd9d0a023fc0f"
    },
    {
      "path": "C:\\Users\\Lenovo-QA\\AppData\\Local\\LGHUB\\integrations\\applet_dota2\\Applet_Files\\gold.png",
      "registerLibrary": false,
      "sha256": "b883e30a9c314f2248d37d81103cd17c3ac5ed21578c94d319b5ad40a648c9c4"
    },
    {
      "path": "C:\\Users\\Lenovo-QA\\AppData\\Local\\LGHUB\\integrations\\applet_dota2\\Applet_Files\\goldIcon.png",
      "registerLibrary": false,
      "sha256": "c0c03a2e67d5b18b36780b41491517439847bff7a6aa199a0f985ea4b2e36ffe"
    },
    {
      "path": "C:\\Users\\Lenovo-QA\\AppData\\Local\\LGHUB\\integrations\\applet_dota2\\Applet_Files\\health.png",
      "registerLibrary": false,
      "sha256": "ca6c7d93aca212f0d5cfa95e6f6e4d3b77f1cf40086af4c501e94ffb34af3b4e"
    },
    {
      "path": "C:\\Users\\Lenovo-QA\\AppData\\Local\\LGHUB\\integrations\\applet_dota2\\Applet_Files\\index.html",
      "registerLibrary": false,
      "sha256": "210b03033087ad8774537c7d097a9bbeac4b5e77742c55b0417f39e39d727ed8"
    },
    {
      "path": "C:\\Users\\Lenovo-QA\\AppData\\Local\\LGHUB\\integrations\\applet_dota2\\Applet_Files\\jquery-ui-1.11.4.min.js",
      "registerLibrary": false,
      "sha256": "fea24b936201e256b41bfc7a4293b7485a5d7ec0a716eac929b13eb480cb1d1a"
    },
    {
      "path": "C:\\Users\\Lenovo-QA\\AppData\\Local\\LGHUB\\integrations\\applet_dota2\\Applet_Files\\mana.png",
      "registerLibrary": false,
      "sha256": "a8f392460b7c73b1bb5e131154b57c4eca5a5c34aeee7772db14f3c0c9201094"
    },
    {
      "path": "C:\\Users\\Lenovo-QA\\AppData\\Local\\LGHUB\\integrations\\applet_dota2\\Applet_Files\\orb.png",
      "registerLibrary": false,
      "sha256": "530c721656e1e6179f8ebfdfc202b3a6d770c9e811fdf1e259c862e56b9e0319"
    },
    {
      "path": "C:\\Users\\Lenovo-QA\\AppData\\Local\\LGHUB\\integrations\\applet_dota2\\Applet_Files\\pro.html",
      "registerLibrary": false,
      "sha256": "12fc002db6c4b79cd512da437541c5f51866e83d83d7102a056f97c051c8d821"
    },
    {
      "path": "C:\\Users\\Lenovo-QA\\AppData\\Local\\LGHUB\\integrations\\applet_dota2\\Applet_Files\\script.js",
      "registerLibrary": false,
      "sha256": "b28a70efc79752fcac3215399081d942c7b8ed582792dcbce0c0d1751adc5496"
    },
    {
      "path": "C:\\Users\\Lenovo-QA\\AppData\\Local\\LGHUB\\integrations\\applet_dota2\\Applet_Files\\style.css",
      "registerLibrary": false,
      "sha256": "6a2d76b2f1bc3b4022185c5c5d1d89ff5109bf4dbbefa4126ca48807c09a7b59"
    },
    {
      "path": "C:\\Users\\Lenovo-QA\\AppData\\Local\\LGHUB\\integrations\\applet_dota2\\Applet_Files\\tempHero.png",
      "registerLibrary": false,
      "sha256": "0112d18afa1b26b89254cfbcd47e9846cae38c672b18fd2d4f2bfbd82b4a358a"
    }
  ],
  "folders": [
    {
      "path": "C:/Program Files\\LGHUB\\data"
    },
    {
      "path": "C:/Program Files\\LGHUB\\data\\devices"
    },
    {
      "path": "C:/Program Files\\LGHUB\\data\\lighting"
    },
    {
      "path": "C:/Program Files\\LGHUB\\data\\lighting\\effects"
    },
    {
      "path": "C:/Program Files\\LGHUB\\data\\receivers"
    },
    {
      "path": "C:/Program Files\\LGHUB\\data\\sounds"
    },
    {
      "path": "C:/Program Files\\LGHUB\\data\\strings"
    },
    {
      "path": "C:/Program Files\\LGHUB\\data\\strings\\common"
    },
    {
      "path": "C:/Program Files\\LGHUB\\locales"
    },
    {
      "path": "C:/Program Files\\LGHUB\\platforms"
    },
    {
      "path": "C:/Program Files\\LGHUB\\resources"
    },
    {
      "path": "C:/Program Files\\LGHUB\\resources\\app.asar.unpacked"
    },
    {
      "path": "C:/Program Files\\LGHUB\\resources\\app.asar.unpacked\\node_modules"
    },
    {
      "path": "C:/Program Files\\LGHUB\\resources\\app.asar.unpacked\\node_modules\\keytar"
    },
    {
      "path": "C:/Program Files\\LGHUB\\resources\\app.asar.unpacked\\node_modules\\keytar\\build"
    },
    {
      "path": "C:/Program Files\\LGHUB\\resources\\app.asar.unpacked\\node_modules\\keytar\\build\\Release"
    }
  ],
  "processControl": {
    "identifiers": [
      "lghub",
      "lghub_installer",
      "lghub_agent"
    ]
  },
  "product": {
    "guid": "{521c89be-637f-4274-a840-baaf7460c2b2}",
    "icon": "{frontend_root}/lghub.exe",
    "linkAbout": "http://www.logitechg.com",
    "linkHelp": "http://support.logitech.com",
    "name": "{brand} G HUB",
    "publisher": "{brand}",
    "version": "2022.5.259219"
  },
  "renamedItems": [],
  "services": [
    {
      "asConsoleUser": false,
      "command": {
        "arguments": [
          "--run-as-service"
        ],
        "executable": "C:\\Program Files\\LGHUB\\lghub_updater.exe"
      },
      "service": "LGHUBUpdaterService"
    },
    {
      "asConsoleUser": true,
      "command": {
        "arguments": [
          "--background"
        ],
        "executable": "C:\\Program Files\\LGHUB\\lghub.exe"
      },
      "service": "LGHUB"
    }
  ],
  "shortcuts": [
    {
      "description": "",
      "name": "{brand} G HUB",
      "onDesktop": true,
      "onStartMenu": true,
      "path": "{frontend_root}/lghub.exe"
    }
  ],
  "uninstaller": {
    "arguments": [
      "--uninstall"
    ],
    "executable": "C:\\Program Files\\LGHUB\\lghub_updater.exe"
  }
}