 {"msgId": "ed9a1d0e-40c7-452c-b8fc-7fb0d13ec228", "verb": "GET", "path": "/devices/list", "origin": "backend", "result": {"code": "SUCCESS", "what": ""}, "payload": {"@type": "type.googleapis.com/logi.protocol.devices.Device.Info.List", "deviceInfos": [{"id": "dev00000000", "pid": 2730, "firmwareName": "U171", "isSubdevice": false, "parentId": "", "state": "ACTIVE", "onboardMode": false, "individualMode": false, "resourcesAvailable": true, "connectionType": "USB", "hasWirelessInterface": false, "displayConnectionType": "USB", "deviceType": "HEADSET", "deviceFamily": "", "deviceModel": "pro_71_gaming_headset", "deviceBaseModel": "pro_71_gaming_headset", "displayName": "PRO X", "extendedDisplayName": "PRO X Gaming Headset", "slotPrefix": "pro71headset", "thumbnail": "pipeline://core/thumbnails/pro_headset.png", "stringPackage": "", "deviceExt": 0, "deviceUnitId": "", "deviceSignature": "", "givenName": "", "capabilities": {"audio": {"dtsSupported": false, "dolbySupported": false, "denoiserSupported": true, "onboardEqSupported": false, "onboardProEqSupported": true, "dtsHx2eSupported": true, "proEqSupported": true, "blueVoiceSupported": true, "hardwareNoiseReductionSupported": true, "blueVoice2Supported": false, "hidMic": false, "devioVolumeFeatures": false, "centurionEqSupported": false, "lightspeedAuxSupported": false, "audioMixingSupported": false, "rtxDenoiserSupported": true}, "sleepTimer": false, "mstateSupport": {"count": 1, "timeOut": 0}, "fnInversion": false, "presentSplashScreen": false, "customizableColor": false, "wirelessReportRate": false, "hybridEngine": false, "advancedSleepTimer": false, "angleSnapping": false, "excludeGShift": false, "hostRemovalSupport": false, "headphoneJack": false, "hostInfos": false, "gkeyLayout": "INVALID_GKEY_LAYOUT", "hasBatteryStatus": false, "powerOffTimer": false, "requiresBackupForDfu": false, "unifiedBattery": false, "dpiLighting": false, "hasGlobalDamping": false, "nonInteractive": false, "chargepadCompatible": false, "individuality": false, "defaultSlotFormat": "INVALID_FORMAT", "fnToggle": false, "isFullHidppWheel": false, "hasConfigurationProfiles": false, "disableCenterSpring": false, "renameDeviceDisplayName": false, "systemTraySupport": false}, "activeInterfaces": [{"type": "DEVIO", "id": "046d_0aaa", "pid": 2730, "modelId": 0, "extendedModel": 255, "serialNumber": "", "path": "\\\\?\\hid#vid_046d&pid_0aaa&mi_03&col04#9&320a6035&0&0003#{4d1e55b2-f16f-11cf-88cb-001111000030}", "containerId": "fc076a82-1920-5c98-9a71-7d6de398d166", "deviceType": "HEADSET", "deviceName": "PRO X", "keyboardLayout": "INVALID_LAYOUT", "firmwareVersion": "171.0.1", "firmwareName": "U171", "firmwareRevision": 0, "hardwareRevision": 0, "unitId": "", "fwEntities": {}, "connectionType": "USB", "hasOnboardMode": false, "parentPath": ""}, {"type": "AUDIO", "id": "", "pid": 0, "modelId": 0, "extendedModel": 0, "serialNumber": "", "path": "", "containerId": "fc076a82-1920-5c98-9a71-7d6de398d166", "deviceType": "INVALID_TYPE", "deviceName": "", "keyboardLayout": "INVALID_LAYOUT", "firmwareVersion": "", "firmwareName": "", "firmwareRevision": 0, "hardwareRevision": 0, "unitId": "", "fwEntities": {}, "connectionType": "VIRTUAL", "hasOnboardMode": false, "parentPath": ""}], "slots": {"pro71headset_pro_equalizer": {"id": "pro71headset_pro_equalizer", "attribute": "PRO_EQUALIZER", "disabled": false, "defaultCard": "0487742c-a435-4379-95d6-f0b52fe4e0f8"}, "pro71headset_blue_voice_settings": {"id": "pro71headset_blue_voice_settings", "attribute": "BLUE_VOICE_SETTINGS", "disabled": false, "defaultCard": "9f102caf-0b16-4ab0-b4bc-c45cab122095"}, "pro71headset_microphone_settings": {"id": "pro71headset_microphone_settings", "attribute": "MICROPHONE_SETTINGS", "disabled": false, "defaultCard": "9b85425b-8c71-4b15-808c-120e0aaa0000"}, "pro71headset_acoustics": {"id": "pro71headset_acoustics", "attribute": "ACOUSTICS", "disabled": false, "defaultCard": "9b85425b-8c71-4b15-808c-12020aaa0000"}}, "path": "\\\\?\\hid#vid_046d&pid_0aaa&mi_03&col04#9&320a6035&0&0003#{4d1e55b2-f16f-11cf-88cb-001111000030}", "parentPath": ""}, {"id": "dev00000001", "pid": 0, "firmwareName": "U152", "isSubdevice": false, "parentId": "", "state": "ABSENT", "onboardMode": false, "individualMode": false, "resourcesAvailable": true, "connectionType": "INVALID_CONNECTION", "hasWirelessInterface": false, "displayConnectionType": "INVALID_DISPLAY_CONNECTION", "deviceType": "MOUSE", "deviceFamily": "", "deviceModel": "g203_lightsync", "deviceBaseModel": "g203_lightsync", "displayName": "G203 LIGHTSYNC", "extendedDisplayName": "G203 LIGHTSYNC Gaming Mouse", "slotPrefix": "g102g203", "thumbnail": "pipeline://core/thumbnails/g203_black.png", "stringPackage": "", "deviceExt": 0, "deviceUnitId": "855652608", "deviceSignature": "MOUSE.g203_lightsync.0.855652608", "givenName": "", "capabilities": {"lightingSupport": {"deviceCategory": "MOUSE_RGB_PER_KEY", "typeMap": {"ZONE_BRANDING": "LOGO", "PERKEY_COSMETIC": ""}, "zones": [{"zoneType": "ZONE_BRANDING", "supportedEffects": [{"id": "OFF", "syncable": true, "fixedIntensity": false, "signature": false, "inactivityOnly": false}, {"id": "FIXED", "syncable": true, "fixedIntensity": false, "signature": false, "inactivityOnly": false}, {"id": "CYCLE", "syncable": true, "fixedIntensity": false, "signature": false, "inactivityOnly": false}, {"id": "BREATHING", "syncable": true, "fixedIntensity": false, "signature": false, "inactivityOnly": false}, {"id": "COLORWAVE", "syncable": false, "fixedIntensity": false, "signature": false, "inactivityOnly": false}, {"id": "DECOMPOSITION", "syncable": false, "fixedIntensity": false, "signature": false, "inactivityOnly": false}], "onboardCluster": "CLUSTER_DEFAULT"}], "isMonochrome": false, "isPerKey": true, "hideStartupEffect": false, "shutdownEffect": false, "brightnessLevels": [], "powerSavingEffect": false, "lowBatteryEffect": false, "brightnessPercentage": false, "gamma": false, "firmwareOnly": false, "offRamp": false, "activeDimming": false, "hasPositionalEffect": false, "hasPastelPalette": false, "hasRingLeds": false, "hasMasterSwitch": false, "needKeepAliveSignal": false}, "sleepTimer": false, "mstateSupport": {"count": 1, "timeOut": 0}, "fnInversion": false, "presentSplashScreen": false, "customizableColor": false, "wirelessReportRate": false, "dpiInfoOverride": {"range": {"min": 200, "max": 8000, "steps": 50, "maxLevels": 0}}, "hybridEngine": false, "advancedSleepTimer": false, "onboardProfiles": {"disableProfileNaming": false, "profilesAlwaysActive": false, "supportsOnboardMode": true}, "angleSnapping": false, "excludeGShift": false, "hostRemovalSupport": false, "headphoneJack": false, "hostInfos": false, "gkeyLayout": "INVALID_GKEY_LAYOUT", "hasBatteryStatus": false, "powerOffTimer": false, "requiresBackupForDfu": false, "unifiedBattery": false, "dpiLighting": false, "hasGlobalDamping": false, "nonInteractive": false, "chargepadCompatible": false, "individuality": false, "defaultSlotFormat": "INVALID_FORMAT", "fnToggle": false, "isFullHidppWheel": false, "hasConfigurationProfiles": false, "disableCenterSpring": false, "renameDeviceDisplayName": false, "systemTraySupport": false}, "activeInterfaces": [], "slots": {}, "path": "usb\\vid_046d&pid_c092&mi_01\\8&4a8d5f4&0&0001", "parentPath": ""}, {"id": "dev00000002", "pid": 49301, "firmwareName": "MPM27", "isSubdevice": false, "parentId": "", "state": "ACTIVE", "onboardMode": false, "individualMode": false, "resourcesAvailable": true, "connectionType": "USB", "hasWirelessInterface": false, "displayConnectionType": "USB", "deviceType": "MOUSE", "deviceFamily": "", "deviceModel": "g502x_plus_ext1", "deviceBaseModel": "g502x_plus", "displayName": "G502 X PLUS", "extendedDisplayName": "G502 X PLUS Wireless Gaming Mouse", "slotPrefix": "g502x-plus", "thumbnail": "pipeline://core/thumbnails/8af88374-4965-4e00-8565-d1b97962b4c0", "stringPackage": "81b39626-9f66-4cc4-9c87-2137b1d1b078/strings", "deviceExt": 1, "deviceUnitId": "1909045832", "deviceSignature": "MOUSE.g502x_plus.1.1909045832", "givenName": "", "capabilities": {"lightingSupport": {"deviceCategory": "MOUSE_RGB_PER_KEY", "typeMap": {"PERKEY_COSMETIC": "", "ZONE_ALL": "ALL", "ZONE_PRIMARY": "PRIMARY"}, "zones": [{"zoneType": "ZONE_PRIMARY", "supportedEffects": [{"id": "OFF", "syncable": true, "fixedIntensity": false, "signature": false, "inactivityOnly": false}, {"id": "FIXED", "syncable": true, "fixedIntensity": false, "signature": false, "inactivityOnly": false}, {"id": "CYCLE", "syncable": true, "fixedIntensity": false, "signature": false, "inactivityOnly": false}, {"id": "BREATHING", "syncable": true, "fixedIntensity": false, "signature": false, "inactivityOnly": false}], "onboardCluster": "CLUSTER_ONE"}, {"zoneType": "ZONE_ALL", "supportedEffects": [{"id": "COLORWAVE", "syncable": true, "fixedIntensity": false, "signature": false, "inactivityOnly": false}, {"id": "SNIPE_PULSE_CP", "syncable": false, "fixedIntensity": false, "signature": true, "inactivityOnly": false}, {"id": "NEURAL_WAVE_CP", "syncable": false, "fixedIntensity": false, "signature": true, "inactivityOnly": true}, {"id": "CUSTOM", "syncable": false, "fixedIntensity": false, "signature": false, "inactivityOnly": false}], "onboardCluster": "CLUSTER_DEFAULT"}], "isMonochrome": false, "isPerKey": true, "persistence": {"zoneEffects": false, "perKeyFixed": false, "customEffects": {"slots": 6, "entityOffset": 2}}, "hideStartupEffect": false, "shutdownEffect": false, "brightnessLevels": [], "powerSavingEffect": true, "lowBatteryEffect": false, "brightnessPercentage": false, "gamma": false, "firmwareOnly": false, "offRamp": false, "activeDimming": false, "hasPositionalEffect": false, "hasPastelPalette": false, "hasRingLeds": false, "hasMasterSwitch": false, "needKeepAliveSignal": false}, "sleepTimer": false, "mstateSupport": {"count": 1, "timeOut": 0}, "fnInversion": false, "presentSplashScreen": true, "customizableColor": false, "wirelessReportRate": false, "dpiIndicatorLed": {"zoneType": "INVALID", "steps": {"1": {"tag": "", "hex": "#FFFFFF"}, "3": {"tag": "", "hex": "#28FFDC"}, "5": {"tag": "", "hex": "#DC14FF"}, "2": {"tag": "", "hex": "#FF6400"}, "4": {"tag": "", "hex": "#FFFF14"}}}, "hybridEngine": false, "advancedSleepTimer": false, "onboardProfiles": {"disableProfileNaming": false, "profilesAlwaysActive": false, "supportsOnboardMode": true}, "angleSnapping": false, "excludeGShift": false, "hostRemovalSupport": false, "headphoneJack": false, "scrollControls": {"scrollUp": 13, "scrollDown": 12}, "hostInfos": false, "gkeyLayout": "INVALID_GKEY_LAYOUT", "hasBatteryStatus": true, "powerOffTimer": false, "requiresBackupForDfu": false, "unifiedBattery": true, "dpiLighting": false, "hasGlobalDamping": false, "nonInteractive": false, "receiverPairing": {"receiverType": "LS2", "receiverPid": 0, "pairingAction": "ACTION_POWER_CYCLE", "hasForcePairing": true}, "chargepadCompatible": true, "individuality": false, "defaultSlotFormat": "INVALID_FORMAT", "fnToggle": false, "isFullHidppWheel": false, "hasConfigurationProfiles": false, "disableCenterSpring": false, "renameDeviceDisplayName": false, "systemTraySupport": false}, "activeInterfaces": [{"type": "DEVIO", "id": "046d_c095", "pid": 49301, "modelId": 0, "extendedModel": 1, "serialNumber": "1909045832", "path": "usb\\vid_046d&pid_c095&mi_02\\8&e2463b9&0&0002", "containerId": "c97711ae-97a5-5c57-95b4-23bc03926ce3", "deviceType": "MOUSE", "deviceName": "Logitech G502 X PLUS Wireless Gaming Mouse", "keyboardLayout": "INVALID_LAYOUT", "firmwareVersion": "27.0.6", "firmwareName": "MPM27", "firmwareRevision": 0, "hardwareRevision": 0, "unitId": "1909045832", "fwEntities": {}, "connectionType": "USB", "hasOnboardMode": true, "parentPath": ""}], "slots": {"g502x-plus_g10_m1_shifted": {"id": "g502x-plus_g10_m1_shifted", "attribute": "MACRO_PLAYBACK", "disabled": false, "defaultCard": "0f82f693-5b78-4cf5-867e-090700000000"}, "g502x-plus_g5_m1_shifted": {"id": "g502x-plus_g5_m1_shifted", "attribute": "MACRO_PLAYBACK", "disabled": false, "defaultCard": "0f82f693-5b78-4cf5-867e-090700000000"}, "g502x-plus_g2_m1_shifted": {"id": "g502x-plus_g2_m1_shifted", "attribute": "MACRO_PLAYBACK", "disabled": false, "defaultCard": "0f82f693-5b78-4cf5-867e-090700000000"}, "g502x-plus_g11_m1_shifted": {"id": "g502x-plus_g11_m1_shifted", "attribute": "MACRO_PLAYBACK", "disabled": false, "defaultCard": "0f82f693-5b78-4cf5-867e-090700000000"}, "g502x-plus_scroll2_m1": {"id": "g502x-plus_scroll2_m1", "attribute": "MACRO_PLAYBACK", "disabled": false, "defaultCard": "0f82f693-5b78-4cf5-867e-040a00000000"}, "g502x-plus_g1_m1_shifted": {"id": "g502x-plus_g1_m1_shifted", "attribute": "MACRO_PLAYBACK", "disabled": false, "defaultCard": "0f82f693-5b78-4cf5-867e-090700000000"}, "g502x-plus_scroll1_m1_shifted": {"id": "g502x-plus_scroll1_m1_shifted", "attribute": "MACRO_PLAYBACK", "disabled": false, "defaultCard": "0f82f693-5b78-4cf5-867e-090700000000"}, "g502x-plus_g8_m1": {"id": "g502x-plus_g8_m1", "attribute": "MACRO_PLAYBACK", "disabled": false, "defaultCard": "0f82f693-5b78-4cf5-867e-040c00000000"}, "g502x-plus_lighting_setting_firmware": {"id": "g502x-plus_lighting_setting_firmware", "attribute": "FIRMWARE_LIGHTING_SETTINGS", "disabled": false, "defaultCard": "cc50ee6c-ae5e-40bf-b89b-0d3267825de3"}, "g502x-plus_g4_m1_shifted": {"id": "g502x-plus_g4_m1_shifted", "attribute": "MACRO_PLAYBACK", "disabled": false, "defaultCard": "0f82f693-5b78-4cf5-867e-090700000000"}, "g502x-plus_g10_m1": {"id": "g502x-plus_g10_m1", "attribute": "MACRO_PLAYBACK", "disabled": false, "defaultCard": "0f82f693-5b78-4cf5-867e-040100000000"}, "g502x-plus_mouse_settings": {"id": "g502x-plus_mouse_settings", "attribute": "MOUSE_SETTINGS", "disabled": false, "defaultCard": "1ed21572-a4f0-4630-bfae-bf221fb73628"}, "g502x-plus_g7_m1_shifted": {"id": "g502x-plus_g7_m1_shifted", "attribute": "MACRO_PLAYBACK", "disabled": false, "defaultCard": "0f82f693-5b78-4cf5-867e-090700000000"}, "g502x-plus_scroll1_m1": {"id": "g502x-plus_scroll1_m1", "attribute": "MACRO_PLAYBACK", "disabled": false, "defaultCard": "0f82f693-5b78-4cf5-867e-040900000000"}, "g502x-plus_g3_m1": {"id": "g502x-plus_g3_m1", "attribute": "MACRO_PLAYBACK", "disabled": false, "defaultCard": "0f82f693-5b78-4cf5-867e-020300000000"}, "g502x-plus_scroll2_m1_shifted": {"id": "g502x-plus_scroll2_m1_shifted", "attribute": "MACRO_PLAYBACK", "disabled": false, "defaultCard": "0f82f693-5b78-4cf5-867e-090700000000"}, "g502x-plus_g9_m1": {"id": "g502x-plus_g9_m1", "attribute": "MACRO_PLAYBACK", "disabled": false, "defaultCard": "0f82f693-5b78-4cf5-867e-090100000000"}, "g502x-plus_g6_m1_shifted": {"id": "g502x-plus_g6_m1_shifted", "attribute": "MACRO_PLAYBACK", "disabled": false, "defaultCard": "0f82f693-5b78-4cf5-867e-090700000000"}, "g502x-plus_g3_m1_shifted": {"id": "g502x-plus_g3_m1_shifted", "attribute": "MACRO_PLAYBACK", "disabled": false, "defaultCard": "0f82f693-5b78-4cf5-867e-090700000000"}, "g502x-plus_g2_m1": {"id": "g502x-plus_g2_m1", "attribute": "MACRO_PLAYBACK", "disabled": false, "defaultCard": "0f82f693-5b78-4cf5-867e-020200000000"}, "g502x-plus_g7_m1": {"id": "g502x-plus_g7_m1", "attribute": "MACRO_PLAYBACK", "disabled": false, "defaultCard": "0f82f693-5b78-4cf5-867e-040b00000000"}, "g502x-plus_g11_m1": {"id": "g502x-plus_g11_m1", "attribute": "MACRO_PLAYBACK", "disabled": false, "defaultCard": "0f82f693-5b78-4cf5-867e-040200000000"}, "g502x-plus_g1_m1": {"id": "g502x-plus_g1_m1", "attribute": "MACRO_PLAYBACK", "disabled": false, "defaultCard": "0f82f693-5b78-4cf5-867e-020100000000"}, "g502x-plus_g5_m1": {"id": "g502x-plus_g5_m1", "attribute": "MACRO_PLAYBACK", "disabled": false, "defaultCard": "0f82f693-5b78-4cf5-867e-040300000000"}, "g502x-plus_g9_m1_shifted": {"id": "g502x-plus_g9_m1_shifted", "attribute": "MACRO_PLAYBACK", "disabled": false, "defaultCard": "0f82f693-5b78-4cf5-867e-090700000000"}, "g502x-plus_g8_m1_shifted": {"id": "g502x-plus_g8_m1_shifted", "attribute": "MACRO_PLAYBACK", "disabled": false, "defaultCard": "0f82f693-5b78-4cf5-867e-090700000000"}, "g502x-plus_g6_m1": {"id": "g502x-plus_g6_m1", "attribute": "MACRO_PLAYBACK", "disabled": false, "defaultCard": "0f82f693-5b78-4cf5-867e-020500000000"}, "g502x-plus_g4_m1": {"id": "g502x-plus_g4_m1", "attribute": "MACRO_PLAYBACK", "disabled": false, "defaultCard": "0f82f693-5b78-4cf5-867e-020400000000"}}, "path": "usb\\vid_046d&pid_c095&mi_02\\8&e2463b9&0&0002", "parentPath": ""}]}}