 {"msgId": "a7c425ba-72ce-42d0-8acb-ef6f4ffe3612", "verb": "GET", "path": "/devices/list", "origin": "backend", "result": {"code": "SUCCESS", "what": ""}, "payload": {"@type": "type.googleapis.com/logi.protocol.devices.Device.Info.List", "deviceInfos": [{"id": "dev00000000", "pid": 49980, "state": "ACTIVE", "onboardMode": false, "resourcesAvailable": true, "connectionType": "USB", "hasWirelessInterface": false, "deviceType": "KEYBOARD", "deviceModel": "g513", "displayName": "G513", "extendedDisplayName": "G513 Carbon Tactile", "slotPrefix": "g513", "thumbnail": "pipeline://core/thumbnails/g513.png", "capabilities": {"lightingSupport": {"deviceCategory": "KEYBOARD_RGB_PER_KEY", "typeMap": {"PERKEY_KEYBOARD": "HID_KEYBOARD", "ZONE_PRIMARY": "PRIMARY", "PERKEY_INDICATOR": "KEYBOARD_OTHER"}, "zones": [{"zoneType": "ZONE_PRIMARY", "supportedEffects": [{"id": "OFF", "syncable": true, "fixedIntensity": false, "signature": false, "inactivityOnly": false}, {"id": "FIXED", "syncable": true, "fixedIntensity": false, "signature": false, "inactivityOnly": false}, {"id": "CYCLE", "syncable": true, "fixedIntensity": true, "signature": false, "inactivityOnly": false}, {"id": "COLORWAVE", "syncable": false, "fixedIntensity": true, "signature": false, "inactivityOnly": false}, {"id": "BREATHING", "syncable": true, "fixedIntensity": true, "signature": false, "inactivityOnly": false}, {"id": "RIPPLE", "syncable": false, "fixedIntensity": false, "signature": false, "inactivityOnly": false}], "onboardCluster": "CLUSTER_DEFAULT"}], "isMonochrome": false, "isPerKey": true, "persistence": {"zoneEffects": false, "perKeyFixed": true}, "hideStartupEffect": false, "shudownEffect": false, "brightnessLevels": [], "powerSavingEffect": false, "lowBatteryEffect": false, "brightnessPercentage": false, "gamma": false, "firmwareOnly": false, "offRamp": false, "activeDimming": false}, "sleepTimer": false, "mstateSupport": {"count": 1, "timeOut": 0}, "reportHidControls": {"pages": [{"page": 7, "usages": [{"usage": 58, "button": 1}, {"usage": 59, "button": 2}, {"usage": 60, "button": 3}, {"usage": 61, "button": 4}, {"usage": 62, "button": 5}, {"usage": 63, "button": 6}, {"usage": 64, "button": 7}, {"usage": 65, "button": 8}, {"usage": 66, "button": 9}, {"usage": 67, "button": 10}, {"usage": 68, "button": 11}, {"usage": 69, "button": 12}]}]}, "fnInversion": true, "presentSplashScreen": false, "customizableColor": false, "wirelessReportRate": false, "hybridEngine": false, "advancedSleepTimer": false, "angleSnapping": false, "excludeGShift": false, "hostRemovalSupport": false, "headphoneJack": false, "hostInfos": false, "gkeyLayout": "INVALID_GKEY_LAYOUT", "hasBatteryStatus": false, "powerOffTimer": false, "requiresBackupForDfu": false, "unifiedBattery": false, "dpiLighting": false, "nonInteractive": false}, "activeInterfaces": [{"type": "DEVIO", "id": "046d_c33c", "pid": 49980, "modelId": 0, "extendedModel": 0, "serialNumber": "859195154", "path": "usb\\vid_046d&pid_c33c&mi_01\\8&343f6f1c&0&0001", "containerId": "4190024b-aaf1-5915-9568-48ea46848cd8", "deviceType": "KEYBOARD", "deviceName": "G512 CARBON", "keyboardLayout": "US", "firmwareVersion": "119.0.3", "isReceiver": false, "connectionType": "USB", "hasOnboardMode": false}], "slots": {"g513_g11_m1_shifted": {"id": "g513_g11_m1_shifted", "attribute": "MACRO_PLAYBACK", "disabled": false}, "g513_g8_m1": {"id": "g513_g8_m1", "attribute": "MACRO_PLAYBACK", "disabled": false}, "g513_g5_m1": {"id": "g513_g5_m1", "attribute": "MACRO_PLAYBACK", "disabled": false}, "g513_g6_m1": {"id": "g513_g6_m1", "attribute": "MACRO_PLAYBACK", "disabled": false}, "g513_g9_m1": {"id": "g513_g9_m1", "attribute": "MACRO_PLAYBACK", "disabled": false}, "g513_g7_m1_shifted": {"id": "g513_g7_m1_shifted", "attribute": "MACRO_PLAYBACK", "disabled": false}, "g513_g9_m1_shifted": {"id": "g513_g9_m1_shifted", "attribute": "MACRO_PLAYBACK", "disabled": false}, "g513_g7_m1": {"id": "g513_g7_m1", "attribute": "MACRO_PLAYBACK", "disabled": false}, "g513_g3_m1": {"id": "g513_g3_m1", "attribute": "MACRO_PLAYBACK", "disabled": false}, "g513_g5_m1_shifted": {"id": "g513_g5_m1_shifted", "attribute": "MACRO_PLAYBACK", "disabled": false}, "g513_g1_m1": {"id": "g513_g1_m1", "attribute": "MACRO_PLAYBACK", "disabled": false}, "g513_g1_m1_shifted": {"id": "g513_g1_m1_shifted", "attribute": "MACRO_PLAYBACK", "disabled": false}, "g513_g2_m1": {"id": "g513_g2_m1", "attribute": "MACRO_PLAYBACK", "disabled": false}, "g513_g10_m1": {"id": "g513_g10_m1", "attribute": "MACRO_PLAYBACK", "disabled": false}, "g513_g3_m1_shifted": {"id": "g513_g3_m1_shifted", "attribute": "MACRO_PLAYBACK", "disabled": false}, "g513_g8_m1_shifted": {"id": "g513_g8_m1_shifted", "attribute": "MACRO_PLAYBACK", "disabled": false}, "g513_g11_m1": {"id": "g513_g11_m1", "attribute": "MACRO_PLAYBACK", "disabled": false}, "g513_g6_m1_shifted": {"id": "g513_g6_m1_shifted", "attribute": "MACRO_PLAYBACK", "disabled": false}, "g513_g2_m1_shifted": {"id": "g513_g2_m1_shifted", "attribute": "MACRO_PLAYBACK", "disabled": false}, "g513_g12_m1": {"id": "g513_g12_m1", "attribute": "MACRO_PLAYBACK", "disabled": false}, "g513_g10_m1_shifted": {"id": "g513_g10_m1_shifted", "attribute": "MACRO_PLAYBACK", "disabled": false}, "g513_disable_keys": {"id": "g513_disable_keys", "attribute": "DISABLE_KEY_SETTINGS", "disabled": false}, "g513_lighting_setting_firmware": {"id": "g513_lighting_setting_firmware", "attribute": "FIRMWARE_LIGHTING_SETTINGS", "disabled": false}, "g513_g4_m1_shifted": {"id": "g513_g4_m1_shifted", "attribute": "MACRO_PLAYBACK", "disabled": false}, "g513_g12_m1_shifted": {"id": "g513_g12_m1_shifted", "attribute": "MACRO_PLAYBACK", "disabled": false}, "g513_g4_m1": {"id": "g513_g4_m1", "attribute": "MACRO_PLAYBACK", "disabled": false}}}]}}