{
  "drivers": [
    {
      "drivers": [
        {
          "destination": "",
          "hardwareId": "root\\LGHUBVirtualBus",
          "recreateDeviceNodes": "",
          "restartServices": [],
          "source": "C:\\ProgramData\\LGHUB\\depots\\105051\\driver_hid_virtual\\logi_joy_bus_enum.inf",
          "type": "INF",
          "version": "2018.3.55"
        },
        {
          "destination": "",
          "hardwareId": "",
          "recreateDeviceNodes": "",
          "restartServices": [],
          "source": "C:\\ProgramData\\LGHUB\\depots\\105051\\driver_hid_virtual\\logi_joy_vir_hid.inf",
          "type": "INF",
          "version": "2019.3.38699.0"
        }
      ],
      "packageName": "virtual_hid",
      "rebootNeeded": false
    }
  ],
  "extensions": {},
  "files": [
    {
      "path": "C:\\Program Files\\LGHUB\\lghub.exe",
      "registerLibrary": false,
      "sha256": "6bc254c50a632213afe51c88637c14f4b26b4402b48d5731b3687956df276641"
    },
    {
      "path": "C:\\Program Files\\LGHUB\\lghub_agent.exe",
      "registerLibrary": false,
      "sha256": "d920863d78f4bc9b41883fcccb21d73f9bb7842b49bb8b9ef022b348ec30e348"
    },
    {
      "path": "C:\\Program Files\\LGHUB\\lghub_updater.exe",
      "registerLibrary": false,
      "sha256": "bfb736ec0fc701d210430fdf2bbd147dcd95416ba9fdb84b35fe78bc625e7169"
    },
    {
      "path": "C:\\Program Files\\LGHUB\\lghub_uninstaller.exe",
      "registerLibrary": false,
      "sha256": "710d4f989f2e9c49664e1c23c6bb6726dff7aad9caf04b80f6a9d73356c390f8"
    },
    {
      "path": "C:\\Program Files\\LGHUB\\data\\applications.json",
      "registerLibrary": false,
      "sha256": "c1590bc82ade7b5df6085cc0ef7265c111f99aac7a8397e9fab09be0cce2f52e"
    },
    {
      "path": "C:\\Program Files\\LGHUB\\data\\camera_presets.json",
      "registerLibrary": false,
      "sha256": "6ebd6aac2b0d6ac3282506fe058730d387bdb74add828519a5222e099f56e3f0"
    },
    {
      "path": "C:\\Program Files\\LGHUB\\data\\card_presets.json",
      "registerLibrary": false,
      "sha256": "54cbd7f20a958ff2945fca4d3308458b630803b3c1cf56e023c7253da4fedb8a"
    },
    {
      "path": "C:\\Program Files\\LGHUB\\data\\devices\\devices_0001.json",
      "registerLibrary": false,
      "sha256": "a70bd411de6de1ddcf51eedc7eb97f007db6db0f1aec9e5dcce5b7ebd3dcdb92"
    },
    {
      "path": "C:\\Program Files\\LGHUB\\data\\devices\\devices_0002.json",
      "registerLibrary": false,
      "sha256": "e51d59055acd54dd04fae4dc5ab92ff70e53870bda19a766220efab23c47ffef"
    },
    {
      "path": "C:\\Program Files\\LGHUB\\data\\devices\\devices_0003.json",
      "registerLibrary": false,
      "sha256": "bb0ac8edaea584f0004f849572b048c8ae3664b0d1e0add8a76252e395c4acd8"
    },
    {
      "path": "C:\\Program Files\\LGHUB\\data\\devices\\devices_0005.json",
      "registerLibrary": false,
      "sha256": "1b9980862bf4c60a346ab73ab8280818317084fab7775d59ebb066f22ef920dd"
    },
    {
      "path": "C:\\Program Files\\LGHUB\\data\\devices\\devices_0006.json",
      "registerLibrary": false,
      "sha256": "4af66faf14311bd5de68828e93032a31e94ee01c8e2ee481444e20005c2d3e1e"
    },
    {
      "path": "C:\\Program Files\\LGHUB\\data\\devices\\microphones.json",
      "registerLibrary": false,
      "sha256": "ed25704f7c4c759cc4d6d556786e259a30c5783ac943d60fe95275f4ec4328d9"
    },
    {
      "path": "C:\\Program Files\\LGHUB\\data\\devices.json",
      "registerLibrary": false,
      "sha256": "e3da53c78e4405f2f0d87bc74e8dc7e933e10f5e7f256585a49f664ef7edf86f"
    },
    {
      "path": "C:\\Program Files\\LGHUB\\data\\eq_presets.json",
      "registerLibrary": false,
      "sha256": "a88e074eca0f3a3893ab1074fc9f17173fcfdfae52cf0a14a64d463c044a8848"
    },
    {
      "path": "C:\\Program Files\\LGHUB\\data\\lighting\\effects\\audio-visualizer-generic.json",
      "registerLibrary": false,
      "sha256": "9435fbe71be67695cc5031e9b7fddcc338a0a96a12baca9ccab2fe689f17b374"
    },
    {
      "path": "C:\\Program Files\\LGHUB\\data\\lighting\\effects\\audio-visualizer-kb-per-key.json",
      "registerLibrary": false,
      "sha256": "88c3f52a21f87c8c06ddf5ae97b736e8e88ab42bcb5d7a411adce00bf099573b"
    },
    {
      "path": "C:\\Program Files\\LGHUB\\data\\lighting\\effects\\audio-visualizer-kb-zonal.json",
      "registerLibrary": false,
      "sha256": "f0cce36eaa5b41f94e2e30c04909e6b53379924a9fe3bb6a3da4f87f1ea0af48"
    },
    {
      "path": "C:\\Program Files\\LGHUB\\data\\lighting\\effects\\audio-visualizer-mouse-rgb-per-key.json",
      "registerLibrary": false,
      "sha256": "5e2246bed347cdacfbe5e36788a21ca6553a4ed95e82d4447624ed1c1d0c8170"
    },
    {
      "path": "C:\\Program Files\\LGHUB\\data\\lighting\\effects\\contrastic.json",
      "registerLibrary": false,
      "sha256": "9d541c9ea0977b23b512c367ec73ed8e5b42dc89442a465ea139683bd18a5e4c"
    },
    {
      "path": "C:\\Program Files\\LGHUB\\data\\lighting\\effects\\lightning.json",
      "registerLibrary": false,
      "sha256": "9da2c8578f8d86ae6dc93a2379da716f28528e94ab7b03cb0528d36e01ee62a4"
    },
    {
      "path": "C:\\Program Files\\LGHUB\\data\\lighting\\effects\\mono-contrastic.json",
      "registerLibrary": false,
      "sha256": "d1e1e1fac399b498c61fe4f7a26f6debc3528bd7c787a7c466d44da87c113b33"
    },
    {
      "path": "C:\\Program Files\\LGHUB\\data\\lighting\\effects\\mono-verticool.json",
      "registerLibrary": false,
      "sha256": "88c52137fa9eee315f47800d7b47ea53b118f043e37274369bafe12c98d3f1ef"
    },
    {
      "path": "C:\\Program Files\\LGHUB\\data\\lighting\\effects\\mouse-oceanwave.json",
      "registerLibrary": false,
      "sha256": "e4a56fa1c4800a6e926fafb11e7df07c68d6c75f432b6496529734d555290e3e"
    },
    {
      "path": "C:\\Program Files\\LGHUB\\data\\lighting\\effects\\mouse-redwhiteblue.json",
      "registerLibrary": false,
      "sha256": "8b5ef016217dc386cab9bd9d06586fc484e3cc976480bb82bfec9e23e1bf8421"
    },
    {
      "path": "C:\\Program Files\\LGHUB\\data\\lighting\\effects\\mouse-verticool.json",
      "registerLibrary": false,
      "sha256": "5de96cde8ebb35a6918559e0b1a545e7ee29c1980f5ab9a007e456498fd36222"
    },
    {
      "path": "C:\\Program Files\\LGHUB\\data\\lighting\\effects\\oceanwave.json",
      "registerLibrary": false,
      "sha256": "b12b9c1cfadaea6729b8d10664afa4a2f4cb15dda0767892f6b3b24a34a1ce9f"
    },
    {
      "path": "C:\\Program Files\\LGHUB\\data\\lighting\\effects\\redwhiteblue.json",
      "registerLibrary": false,
      "sha256": "aada1c8352897a1ac0beea2ad25e038f7c670591184572adba1a128025c60110"
    },
    {
      "path": "C:\\Program Files\\LGHUB\\data\\lighting\\effects\\screen_sampler-kb.json",
      "registerLibrary": false,
      "sha256": "9bd8bc8ee7445ebe1745277d1ad98e8dfd29dae9476af6400888c4a48889c08b"
    },
    {
      "path": "C:\\Program Files\\LGHUB\\data\\lighting\\effects\\screen_sampler-mrpk.json",
      "registerLibrary": false,
      "sha256": "2be3ef4800a715135094499cccad262efab609af4ad8ac8733fe23dfe0327e63"
    },
    {
      "path": "C:\\Program Files\\LGHUB\\data\\lighting\\effects\\screen_sampler.json",
      "registerLibrary": false,
      "sha256": "a6a82867df6e81efe26f688246a253ba4b0bb715ea7ef0db40979041d808bb61"
    },
    {
      "path": "C:\\Program Files\\LGHUB\\data\\lighting\\effects\\verticool.json",
      "registerLibrary": false,
      "sha256": "07a43589f931b1f02e6a387afa70a200f09d7b9d7665722454808e831bc5295d"
    },
    {
      "path": "C:\\Program Files\\LGHUB\\data\\lighting\\effect_prefabs.json",
      "registerLibrary": false,
      "sha256": "cb12dd7a6b5fe5cc22561b8a0bc133f0c34e9e9d8ca85d4a8db2dd4181027ceb"
    },
    {
      "path": "C:\\Program Files\\LGHUB\\data\\lighting\\effect_presets.json",
      "registerLibrary": false,
      "sha256": "02c1353c70428dff39fa89d297451295f476a23b541b143e1dd0ed3b18f52478"
    },
    {
      "path": "C:\\Program Files\\LGHUB\\data\\pro_eq_presets.json",
      "registerLibrary": false,
      "sha256": "a06c0c79a65054ad5ec9b5ed6e390d4fe877a56b299ccbb7cbf458ab532a4bca"
    },
    {
      "path": "C:\\Program Files\\LGHUB\\data\\receivers\\receivers_0001.json",
      "registerLibrary": false,
      "sha256": "813dffcba94af302f443e26b241e2f85becc752eb1cf403985c451426d3b866d"
    },
    {
      "path": "C:\\Program Files\\LGHUB\\data\\receivers\\receivers_0002.json",
      "registerLibrary": false,
      "sha256": "b5699eea7c59896afdb7d2818c51858d3381e6d2c9e803be9455aa82f62ea346"
    },
    {
      "path": "C:\\Program Files\\LGHUB\\data\\receivers.json",
      "registerLibrary": false,
      "sha256": "649ebdc0f9dc03a0c17b4b67508adde5fcac72dc83d91d2ef8b23ef9e7124c80"
    },
    {
      "path": "C:\\Program Files\\LGHUB\\data\\sounds\\71ChannelCheckSound.wma",
      "registerLibrary": false,
      "sha256": "3a25eb44361ddcc39ea78443ef4a5f94e3a3025d569ff9af1043ce37a4376e11"
    },
    {
      "path": "C:\\Program Files\\LGHUB\\data\\strings\\cs-CZ.yaml",
      "registerLibrary": false,
      "sha256": "566d28a27ae23831a3b88c2fb402ded99a11615d076287856c2b2f0b208ca51d"
    },
    {
      "path": "C:\\Program Files\\LGHUB\\data\\strings\\da-DK.yaml",
      "registerLibrary": false,
      "sha256": "8c73b47f9f57e4f5107a9acf9ec26f5dabfa70e8545d19a01e60e88daa3ac213"
    },
    {
      "path": "C:\\Program Files\\LGHUB\\data\\strings\\de-DE.yaml",
      "registerLibrary": false,
      "sha256": "d7837575eac0669026375a0fb84e6e83206d84774a1a8456d8026057e6f332b1"
    },
    {
      "path": "C:\\Program Files\\LGHUB\\data\\strings\\en-US.yaml",
      "registerLibrary": false,
      "sha256": "107f0d5d9f81e8aa230ddebc00d0c61d18abfc28aff258435de73c4ebb484c02"
    },
    {
      "path": "C:\\Program Files\\LGHUB\\data\\strings\\es-ES.yaml",
      "registerLibrary": false,
      "sha256": "2f27d6ae22cbf47e01de205395eae72fd5ca416bb2e5121c29813c60049d5476"
    },
    {
      "path": "C:\\Program Files\\LGHUB\\data\\strings\\fi-FI.yaml",
      "registerLibrary": false,
      "sha256": "740a01ed3d7b9c0f05e4553caf80739c307ae72d39dbbbf8af0563be0fb8f217"
    },
    {
      "path": "C:\\Program Files\\LGHUB\\data\\strings\\fr-FR.yaml",
      "registerLibrary": false,
      "sha256": "74b6d26ae04ad90db516a4b8ad52256497839d81e5e54c9084e52f7d14424613"
    },
    {
      "path": "C:\\Program Files\\LGHUB\\data\\strings\\hu-HU.yaml",
      "registerLibrary": false,
      "sha256": "9381fbd25682d5fa03492b64b039c68803ee3659afff26a51b7e7b3d72cce3f6"
    },
    {
      "path": "C:\\Program Files\\LGHUB\\data\\strings\\it-IT.yaml",
      "registerLibrary": false,
      "sha256": "3ede24dbe8d18b4bb2ae67ca182f0aac8945c4a88d1756b2eb742bee814b940c"
    },
    {
      "path": "C:\\Program Files\\LGHUB\\data\\strings\\ja-JP.yaml",
      "registerLibrary": false,
      "sha256": "5bb6da4f9162e099e406925c9de6a30adb83141ba098f6988309eedf9825da60"
    },
    {
      "path": "C:\\Program Files\\LGHUB\\data\\strings\\ko-KR.yaml",
      "registerLibrary": false,
      "sha256": "6609dd08906ea5c446002e633f3e505e3b79f207bc4536271bed839b5e84006b"
    },
    {
      "path": "C:\\Program Files\\LGHUB\\data\\strings\\nb-NO.yaml",
      "registerLibrary": false,
      "sha256": "7b42f999a255c8d6d692b2f46d83ce09e5f733cab9ba7a368643dbcdbd1e0ff7"
    },
    {
      "path": "C:\\Program Files\\LGHUB\\data\\strings\\nl-NL.yaml",
      "registerLibrary": false,
      "sha256": "d73262dde9fbc9428b4357506e84b18b814bb7939fcffb92d24fb86cfe807c83"
    },
    {
      "path": "C:\\Program Files\\LGHUB\\data\\strings\\pl-PL.yaml",
      "registerLibrary": false,
      "sha256": "50fb2fcd8f0805da405100f3c63cc903127d3997b73a5c86b0bf8bfb505ae490"
    },
    {
      "path": "C:\\Program Files\\LGHUB\\data\\strings\\pt-BR.yaml",
      "registerLibrary": false,
      "sha256": "207c50f61511aed91ec57311160fb77cb18c57b7a601571a38784b3bbe101e58"
    },
    {
      "path": "C:\\Program Files\\LGHUB\\data\\strings\\ru-RU.yaml",
      "registerLibrary": false,
      "sha256": "a7935a85b90d0a7909ed61df74361ca90bcc885d59b7fab310b3ce70ac9a539b"
    },
    {
      "path": "C:\\Program Files\\LGHUB\\data\\strings\\sv-SE.yaml",
      "registerLibrary": false,
      "sha256": "72ed40979d024532f5c24994b3780594df6bd1fd6eb859587886b15ec6f4898a"
    },
    {
      "path": "C:\\Program Files\\LGHUB\\data\\strings\\tr-TR.yaml",
      "registerLibrary": false,
      "sha256": "a3e38f90d48646de4dd71ff6d310c0c72ad194adc1ba5c8d7d9c8598a1b08a35"
    },
    {
      "path": "C:\\Program Files\\LGHUB\\data\\strings\\zh-CN.yaml",
      "registerLibrary": false,
      "sha256": "c64f174543de1f2be039edfa61664904ec4f12d1ec768c0b32d4d73e22a03a8e"
    },
    {
      "path": "C:\\Program Files\\LGHUB\\data\\strings\\zh-TW.yaml",
      "registerLibrary": false,
      "sha256": "011e4b95f212bf1badbbec747f7fa826e75652281d3b7ccccd4e7d5fcc2d5215"
    },
    {
      "path": "C:\\Program Files\\LGHUB\\data\\video_filters.json",
      "registerLibrary": false,
      "sha256": "f6ceaf8132202d66c61c8aa32eea121a627076494b303f48197b243128dcb1ad"
    },
    {
      "path": "C:\\Program Files\\LGHUB\\locales\\am.pak",
      "registerLibrary": false,
      "sha256": "5f323c0bd185d5bd5f7ea737018f14fd6ea500ba5440bc74f5c09b635518eadc"
    },
    {
      "path": "C:\\Program Files\\LGHUB\\locales\\ar.pak",
      "registerLibrary": false,
      "sha256": "e7f9a474399c0ca0daf28c6153f6ec7ae87423e66c8ffe0849407471d20b6237"
    },
    {
      "path": "C:\\Program Files\\LGHUB\\locales\\bg.pak",
      "registerLibrary": false,
      "sha256": "bd3a3aacc3cee9864404755eee9542e0f21efbebd4a71e5333d15783d4ce18c9"
    },
    {
      "path": "C:\\Program Files\\LGHUB\\locales\\bn.pak",
      "registerLibrary": false,
      "sha256": "b4ed891e8b38452623348da12d325b52407446114cba664a8e25a26a7cfaf773"
    },
    {
      "path": "C:\\Program Files\\LGHUB\\locales\\ca.pak",
      "registerLibrary": false,
      "sha256": "9a4e286a58bb9a58e9e30d982783663c9bce40730cb6dad4c37980038040919e"
    },
    {
      "path": "C:\\Program Files\\LGHUB\\locales\\cs.pak",
      "registerLibrary": false,
      "sha256": "c00829fc57c7e1e5419fe3202f114d394a590b8b32b1e55af42772c93755945d"
    },
    {
      "path": "C:\\Program Files\\LGHUB\\locales\\da.pak",
      "registerLibrary": false,
      "sha256": "6da77a20fd6fbb228b2de5f197225342da18cbc58d26ebf542cf20d23e00f033"
    },
    {
      "path": "C:\\Program Files\\LGHUB\\locales\\de.pak",
      "registerLibrary": false,
      "sha256": "e964d841b9588b7412f1ff86f004e6b052f993bf2153e4dc4bee6c5536be1744"
    },
    {
      "path": "C:\\Program Files\\LGHUB\\locales\\el.pak",
      "registerLibrary": false,
      "sha256": "b624633365c19e6e3cbe200b39889711994809796dbee7988883165d0cc1d6c2"
    },
    {
      "path": "C:\\Program Files\\LGHUB\\locales\\en-GB.pak",
      "registerLibrary": false,
      "sha256": "4a5e6439c6731a5273970c8c053b4a89018c57f1d9be81d85f24978233675442"
    },
    {
      "path": "C:\\Program Files\\LGHUB\\locales\\en-US.pak",
      "registerLibrary": false,
      "sha256": "781ef5aa8dce072a3e7732f39a7e991c497c70bfaec2264369d0d790ab7660a4"
    },
    {
      "path": "C:\\Program Files\\LGHUB\\locales\\es-419.pak",
      "registerLibrary": false,
      "sha256": "2e1cf9d3e3eebe607da44873cfe37b9a84615962e3450313c3947920d4de4fda"
    },
    {
      "path": "C:\\Program Files\\LGHUB\\locales\\es.pak",
      "registerLibrary": false,
      "sha256": "b927984d25359f3d7a20d71aa4b16d2ec4c574461177825b5221865f416d1e71"
    },
    {
      "path": "C:\\Program Files\\LGHUB\\locales\\et.pak",
      "registerLibrary": false,
      "sha256": "9cdefc472c67247e67da040b984e800cc8b903a1b39c742e6962ff5c423f391e"
    },
    {
      "path": "C:\\Program Files\\LGHUB\\locales\\fa.pak",
      "registerLibrary": false,
      "sha256": "7e8f7f42300178f001ea5f74c63db25d813b7c25989114dc7673c76fd92a72c9"
    },
    {
      "path": "C:\\Program Files\\LGHUB\\locales\\fi.pak",
      "registerLibrary": false,
      "sha256": "4e538a14f1dbc872a85fdb4be1e19145553ecfa3b07ee7c810b690c52b889684"
    },
    {
      "path": "C:\\Program Files\\LGHUB\\locales\\fil.pak",
      "registerLibrary": false,
      "sha256": "cb536b478feffd3b55ec53676cce84cefc9e000c1205273bafcdaf6ee6edd381"
    },
    {
      "path": "C:\\Program Files\\LGHUB\\locales\\fr.pak",
      "registerLibrary": false,
      "sha256": "f3bfcd6a297a7634c24f2fbd3de96f02588b0603d4a7618bb7588f6c091beb2e"
    },
    {
      "path": "C:\\Program Files\\LGHUB\\locales\\gu.pak",
      "registerLibrary": false,
      "sha256": "1d4d407233a4c78d5a9a242b43b21aa89fb68a0632bc52b0a515d69491632e85"
    },
    {
      "path": "C:\\Program Files\\LGHUB\\locales\\he.pak",
      "registerLibrary": false,
      "sha256": "4a9862ee8e139ae74e6336e0207d484e1a1ae0f689b5f1cc06b6fea66d2090d9"
    },
    {
      "path": "C:\\Program Files\\LGHUB\\locales\\hi.pak",
      "registerLibrary": false,
      "sha256": "06424570167c9bdd7e13b115a632d6ab58de7a4fa14f8d094627bd12d85e9318"
    },
    {
      "path": "C:\\Program Files\\LGHUB\\locales\\hr.pak",
      "registerLibrary": false,
      "sha256": "cc48d7deaf73103e22e3e5900503396e2a2c9e5bf1450a4df8ce94179b1e47a2"
    },
    {
      "path": "C:\\Program Files\\LGHUB\\locales\\hu.pak",
      "registerLibrary": false,
      "sha256": "61ae4e65474cb4ecf5edb2ec9bb9ea2b7a47bbf769f81c8fee1282c13b209783"
    },
    {
      "path": "C:\\Program Files\\LGHUB\\locales\\id.pak",
      "registerLibrary": false,
      "sha256": "e07be6b1a095f235a4babb2ad5e8018c8c1b2f7cd6feab170124d25898e764c6"
    },
    {
      "path": "C:\\Program Files\\LGHUB\\locales\\it.pak",
      "registerLibrary": false,
      "sha256": "4e2089d3fd90977f9a3a88b2af7fa9ff3b9864969d2f4582431626ae1f37c158"
    },
    {
      "path": "C:\\Program Files\\LGHUB\\locales\\ja.pak",
      "registerLibrary": false,
      "sha256": "275307a3a9708c0698565f10941c57d42e1d2f55709a025d37e588699b5a985e"
    },
    {
      "path": "C:\\Program Files\\LGHUB\\locales\\kn.pak",
      "registerLibrary": false,
      "sha256": "1a3fa5261b58113ae1a5cf140abd93e812b4a866a19a4c54929fffee5f42b18b"
    },
    {
      "path": "C:\\Program Files\\LGHUB\\locales\\ko.pak",
      "registerLibrary": false,
      "sha256": "0a46cce08401a72e44178349a61cdbae5fd78ca4f071bff2bf5f2e8c877a25f8"
    },
    {
      "path": "C:\\Program Files\\LGHUB\\locales\\lt.pak",
      "registerLibrary": false,
      "sha256": "225e5784a7a616f83d81e6f3fdc5510e975e9fbde741b673deece5ded1604a9d"
    },
    {
      "path": "C:\\Program Files\\LGHUB\\locales\\lv.pak",
      "registerLibrary": false,
      "sha256": "d58b6308b64a1cda4ee0b2b395672728ce7abb73c44961fc911386569caee60e"
    },
    {
      "path": "C:\\Program Files\\LGHUB\\locales\\ml.pak",
      "registerLibrary": false,
      "sha256": "e51d9a02ad11cb9825368da9a17af7294b7e6bf11079e2072e4bec028ecaf20f"
    },
    {
      "path": "C:\\Program Files\\LGHUB\\locales\\mr.pak",
      "registerLibrary": false,
      "sha256": "4293afacf1c4dce2423c368a45fec4b33aac7232e7b7c1919aa8a5a20fb026a1"
    },
    {
      "path": "C:\\Program Files\\LGHUB\\locales\\ms.pak",
      "registerLibrary": false,
      "sha256": "83248a2aaefb87fc19454afa34bf5df99b95b98f823b534de0bae552c8260d93"
    },
    {
      "path": "C:\\Program Files\\LGHUB\\locales\\nb.pak",
      "registerLibrary": false,
      "sha256": "21f3efe54a2a0ed9e2f618b2a50f89b44957bc7c779e7f88c1f10b310cea8bd5"
    },
    {
      "path": "C:\\Program Files\\LGHUB\\locales\\nl.pak",
      "registerLibrary": false,
      "sha256": "e94551ca94505f068ecd0619af676b7b3a869f6068af87f0f537cace8055ba4b"
    },
    {
      "path": "C:\\Program Files\\LGHUB\\locales\\pl.pak",
      "registerLibrary": false,
      "sha256": "c57c2e534da554e42388815cd3e848630ed46e1e61e640a6f3d4fd7cbdfb2aed"
    },
    {
      "path": "C:\\Program Files\\LGHUB\\locales\\pt-BR.pak",
      "registerLibrary": false,
      "sha256": "ed9adacad575344216ee986e9c04908a5093aa7a0ebfbf2549df4c668a35f356"
    },
    {
      "path": "C:\\Program Files\\LGHUB\\locales\\pt-PT.pak",
      "registerLibrary": false,
      "sha256": "da64b5178bb41be0684cb3ef1204becb457520fe4960c3252f5ccd6a9ee9e29a"
    },
    {
      "path": "C:\\Program Files\\LGHUB\\locales\\ro.pak",
      "registerLibrary": false,
      "sha256": "99730524e53ca07481f8cdbbdace228aed42abc19d2277d26c42f47653f3cf07"
    },
    {
      "path": "C:\\Program Files\\LGHUB\\locales\\ru.pak",
      "registerLibrary": false,
      "sha256": "ec6654ffd877ec62d8afcf90469ecef5790e17c7306654cfe4b905de449b06d8"
    },
    {
      "path": "C:\\Program Files\\LGHUB\\locales\\sk.pak",
      "registerLibrary": false,
      "sha256": "d7baa6b1c0355e1ce9088c6eb508235c7a640ba70cc7ad84c9ac607026400495"
    },
    {
      "path": "C:\\Program Files\\LGHUB\\locales\\sl.pak",
      "registerLibrary": false,
      "sha256": "48e9004441f8afb200601ec2843a03892076deb1706e1d3a7bbdbfcdd137ab57"
    },
    {
      "path": "C:\\Program Files\\LGHUB\\locales\\sr.pak",
      "registerLibrary": false,
      "sha256": "68a04bae37629675c49d9aaeb68a1da974aac427b61151a18f3210499702202d"
    },
    {
      "path": "C:\\Program Files\\LGHUB\\locales\\sv.pak",
      "registerLibrary": false,
      "sha256": "c63e812fee929492974c9b5dfa14a7587258e6fabed355a105015b296246b068"
    },
    {
      "path": "C:\\Program Files\\LGHUB\\locales\\sw.pak",
      "registerLibrary": false,
      "sha256": "8b07bfafa5c97be2da9b6146535b7848d88a44d43a45ab06dfae286d93fd64ce"
    },
    {
      "path": "C:\\Program Files\\LGHUB\\locales\\ta.pak",
      "registerLibrary": false,
      "sha256": "22eb9d73331e92c898b27546a9e775fa8df0fdada391734a9291b2a016662652"
    },
    {
      "path": "C:\\Program Files\\LGHUB\\locales\\te.pak",
      "registerLibrary": false,
      "sha256": "2dd8a542ee0778ee39639380208c584d9eec8932d1307bd5563e1eab320fe0d8"
    },
    {
      "path": "C:\\Program Files\\LGHUB\\locales\\th.pak",
      "registerLibrary": false,
      "sha256": "cffd61f7954ca10038529d14fda6a4e34c8ea1a9f202ead0b0c2db93143ef485"
    },
    {
      "path": "C:\\Program Files\\LGHUB\\locales\\tr.pak",
      "registerLibrary": false,
      "sha256": "b1b66bfec0aff21c64ec8ba3f19008501f196f80e7e41b2e8ae73114357df458"
    },
    {
      "path": "C:\\Program Files\\LGHUB\\locales\\uk.pak",
      "registerLibrary": false,
      "sha256": "fa035595c375522d09f9de5a545f5339fcd3ddb224fb19f1828a7958b7dff3e8"
    },
    {
      "path": "C:\\Program Files\\LGHUB\\locales\\vi.pak",
      "registerLibrary": false,
      "sha256": "044c48581c2395a8eb0f85b5905e1b4cce1fc1fef2196710cef06e197afdfa99"
    },
    {
      "path": "C:\\Program Files\\LGHUB\\locales\\zh-CN.pak",
      "registerLibrary": false,
      "sha256": "690dafdeb5be360e8b3a84c711d0d48b3cfc74c871b89a8f03f8058738ca9834"
    },
    {
      "path": "C:\\Program Files\\LGHUB\\locales\\zh-TW.pak",
      "registerLibrary": false,
      "sha256": "8187e67cde3292c6f18ea0a40f8f8d3f2cd604e62feec9ec40c71b5d2bcdec9d"
    },
    {
      "path": "C:\\Program Files\\LGHUB\\platforms\\qwindows.dll",
      "registerLibrary": false,
      "sha256": "f240e971c468033cb9f411b5d8fd6383ac23c5a79b23c0c5421d409138b20d58"
    },
    {
      "path": "C:\\Program Files\\LGHUB\\resources\\app.asar",
      "registerLibrary": false,
      "sha256": "eccc42da18b1b35fd286a33a6db1b75ef4b282e912459cf919abd4ed41d46950"
    },
    {
      "path": "C:\\Program Files\\LGHUB\\resources\\app.asar.unpacked\\node_modules\\keytar\\build\\Release\\keytar.node",
      "registerLibrary": false,
      "sha256": "7e24646a7e0449960a08949bcd12947a8a546d6953fd43bc3aadebb1a8f9d884"
    },
    {
      "path": "C:\\Program Files\\LGHUB\\resources\\icon.png",
      "registerLibrary": false,
      "sha256": "67d0957daca9717fe862746dd968097c7ac30fc718cc580c2563a5a85c6d23be"
    },
    {
      "path": "C:\\Program Files\\LGHUB\\resources.pak",
      "registerLibrary": false,
      "sha256": "612788ccedb1d0ec4614f32f1adb127d8ddba22d29c97090a8c6c5a7c80dcad6"
    },
    {
      "path": "C:\\Program Files\\LGHUB\\d3dcompiler_47.dll",
      "registerLibrary": false,
      "sha256": "250ffba5e7078a45a7af4556b9352d45a7accf3289b20b44dcddd5becbbe9f8f"
    },
    {
      "path": "C:\\Program Files\\LGHUB\\ffmpeg.dll",
      "registerLibrary": false,
      "sha256": "d7ff40ab432102574bad42b4e7a786a333ce39b90abf940c32bce569878b3335"
    },
    {
      "path": "C:\\Program Files\\LGHUB\\icudtl.dat",
      "registerLibrary": false,
      "sha256": "6e0b6b0d9e14c905f2278dbf25b7bb58cc0622b7680e3b6ff617a1d42348736b"
    },
    {
      "path": "C:\\Program Files\\LGHUB\\libEGL.dll",
      "registerLibrary": false,
      "sha256": "0a3a1afab0e7ea80f3e1bd7c60f301e63e5218dae9c8b78d1f44c6bc4a0ed2a8"
    },
    {
      "path": "C:\\Program Files\\LGHUB\\libGLESv2.dll",
      "registerLibrary": false,
      "sha256": "9433c5e813df2c9d9b10adf9f2f1e20509d70aa2ce80fe3a8f396f2f0c1b4b98"
    },
    {
      "path": "C:\\Program Files\\LGHUB\\Qt5Concurrent.dll",
      "registerLibrary": false,
      "sha256": "49860ea0bd73f62832e0a033a489127942c5674d691fe83981e59727447699a2"
    },
    {
      "path": "C:\\Program Files\\LGHUB\\Qt5Core.dll",
      "registerLibrary": false,
      "sha256": "1b427a014443462887874eb55af04fbbf0d1c3304ef2b59b7ccc9a2e4527cfa4"
    },
    {
      "path": "C:\\Program Files\\LGHUB\\Qt5Gui.dll",
      "registerLibrary": false,
      "sha256": "79002e9f90d9fa438f764f1cabfec250ce13b716ddb50599133e820e559ae39d"
    },
    {
      "path": "C:\\Program Files\\LGHUB\\Qt5Network.dll",
      "registerLibrary": false,
      "sha256": "382a7d99f9bbd7a0d5e76f3e76063d0fdd03785fb3a1799351aa5842a1be5ecf"
    },
    {
      "path": "C:\\Program Files\\LGHUB\\Qt5Widgets.dll",
      "registerLibrary": false,
      "sha256": "38253e650b7c287edbb787df6466667715d843f1963ed0a44dcd89b821eb875a"
    },
    {
      "path": "C:\\Program Files\\LGHUB\\snapshot_blob.bin",
      "registerLibrary": false,
      "sha256": "b031d2cd92d7d2014d451e485bc14dc209c411bd08d29f6e651417d9f0548d18"
    },
    {
      "path": "C:\\Program Files\\LGHUB\\v8_context_snapshot.bin",
      "registerLibrary": false,
      "sha256": "7f0fe67734bc04adf9e949510ecc57678a24afbce5bc310d600ef587058c8a59"
    },
    {
      "path": "C:\\Program Files\\LGHUB\\version",
      "registerLibrary": false,
      "sha256": "415eca077dcbfe19e5ec4c77540ac3e13f40da09f8ac0ad1bbd958c1a3e6710e"
    },
    {
      "path": "C:\\Program Files\\LGHUB\\trueforce_sdk_x86.dll",
      "registerLibrary": true,
      "sha256": "f7ee9b4bb5027d7d8b0cb5b5e14cff4548e9307b2287c39188224e310eaee4e1"
    },
    {
      "path": "C:\\Program Files\\LGHUB\\trueforce_sdk_x64.dll",
      "registerLibrary": true,
      "sha256": "a6dd215b0f8b9cd0d3669c5b9991752a30c0aad48f091c276b017e71e1f81d53"
    },
    {
      "path": "C:\\Program Files\\LGHUB\\hidpp_forcefeedback_x86.dll",
      "registerLibrary": true,
      "sha256": "68a07469ef9c79bd533c993a4f6f41ec1ac2ddd7cc7df9e03e3d02b72339585c"
    },
    {
      "path": "C:\\Program Files\\LGHUB\\hidpp_forcefeedback_x64.dll",
      "registerLibrary": true,
      "sha256": "097349465ad78eb6fdd16b01c986f06753623d5b1ffcab007b3bd7eea2915731"
    },
    {
      "path": "C:\\Program Files\\LGHUB\\legacy_forcefeedback_x86.dll",
      "registerLibrary": true,
      "sha256": "d0ee93c023cdb5b043af854d16b4cab419cba327949112d0d05436baa62dd9a9"
    },
    {
      "path": "C:\\Program Files\\LGHUB\\legacy_forcefeedback_x64.dll",
      "registerLibrary": true,
      "sha256": "9bd94d9c2be60a8803e0313559ae3381695d97a98f8d29ec65f119d0019b1d34"
    },
    {
      "path": "C:\\Program Files\\LGHUB\\sdk_legacy_led_x86.dll",
      "registerLibrary": true,
      "sha256": "ccb43d84aba7a88acf87eb8a6fd953c04db00b24b0cd61fc9c98abd0dd72e6d0"
    },
    {
      "path": "C:\\Program Files\\LGHUB\\sdk_legacy_led_x64.dll",
      "registerLibrary": true,
      "sha256": "01a43d4d110019b2ec465bc337933ddf6facd44705210e3f9ce429fb975846a6"
    },
    {
      "path": "C:\\Program Files\\LGHUB\\sdk_legacy_steering_wheel_x64.dll",
      "registerLibrary": true,
      "sha256": "fd67a78149c33e44d12ca7021ffc37c6489362decfab53c1a4d60aaa9e84c486"
    },
    {
      "path": "C:\\Program Files\\LGHUB\\sdk_legacy_steering_wheel_x86.dll",
      "registerLibrary": true,
      "sha256": "369d3b9aa0905b000c94036adb80305aba3f68999b4feeeaa75c2c1b32257b49"
    },
    {
      "path": "C:\\Program Files\\LGHUB\\legacy_arx_control_sdk_x86.dll",
      "registerLibrary": true,
      "sha256": "8a209320f2de75b0e6d86fe32b35a220fc1ee2a5b610d7377018105c3ce645c1"
    },
    {
      "path": "C:\\Program Files\\LGHUB\\legacy_arx_control_sdk_x64.dll",
      "registerLibrary": true,
      "sha256": "d5b9cc2e524f9f49cb878f8346975eaf14fdabadda7e6ce415feb2b73b9c903c"
    },
    {
      "path": "C:\\Program Files\\LGHUB\\logi_audio_conexant.dll",
      "registerLibrary": false,
      "sha256": "0ad6484deec3010f835f1567f038eff11b0bb47f24f8c3fb16c02cb244e317bf"
    },
    {
      "path": "C:\\Program Files\\LGHUB\\logi_crashpad_handler.exe",
      "registerLibrary": false,
      "sha256": "a7e29acd04db3b1f1525b709f6026cc0d49ff759e018df096c69caa7171fb752"
    },
    {
      "path": "C:\\Users\\Lenovo-QA\\AppData\\Local\\LGHUB\\integrations\\applet_overwolf\\config.json",
      "registerLibrary": false,
      "sha256": "a6315cc17f4cde41a04a19e2796fcc04fb21daaed74fc3045e2493ca211acb63"
    },
    {
      "path": "C:\\Users\\Lenovo-QA\\AppData\\Local\\LGHUB\\integrations\\applet_discord\\config.json",
      "registerLibrary": false,
      "sha256": "df818820b31755a470ff3c6199942d48385818a11096616c7e734d79f74796a8"
    },
    {
      "path": "C:\\Users\\Lenovo-QA\\AppData\\Local\\LGHUB\\integrations\\applet_obs\\config.json",
      "registerLibrary": false,
      "sha256": "f399794f7d8137ab1b8dedba0452ab0fb87e7aeb566e3237094c62480ee33cc8"
    },
    {
      "path": "C:\\Users\\Lenovo-QA\\AppData\\Local\\LGHUB\\integrations\\applet_assetto_corsa\\config.json",
      "registerLibrary": false,
      "sha256": "6329eab464c7e29d0264f888703343c0a062a2282a710011ce1d776a736d63b6"
    },
    {
      "path": "C:\\Users\\Lenovo-QA\\AppData\\Local\\LGHUB\\integrations\\applet_assetto_corsa\\AssettoCorsaArxApplet.exe",
      "registerLibrary": false,
      "sha256": "26de612cd51dacb93fedbdc444f84b1eb71ee94764fd14c11f05874b0519b3f4"
    },
    {
      "path": "C:\\Users\\Lenovo-QA\\AppData\\Local\\LGHUB\\integrations\\applet_assetto_corsa\\applet_files\\acBackground.png",
      "registerLibrary": false,
      "sha256": "815c076c753611ba44d7c9ce410acdc844383b492aa4ff5cd337675bd6f834cd"
    },
    {
      "path": "C:\\Users\\Lenovo-QA\\AppData\\Local\\LGHUB\\integrations\\applet_assetto_corsa\\applet_files\\acLogo.png",
      "registerLibrary": false,
      "sha256": "02b9e72eddc73e7b863f6f84b821213407307a3e1a71df7cdae465285b122997"
    },
    {
      "path": "C:\\Users\\Lenovo-QA\\AppData\\Local\\LGHUB\\integrations\\applet_assetto_corsa\\applet_files\\acLogoOpaque.png",
      "registerLibrary": false,
      "sha256": "9a6eadfd048283262eccd195dbb8af9550c377c734f54242d8d6ceccb060f90d"
    },
    {
      "path": "C:\\Users\\Lenovo-QA\\AppData\\Local\\LGHUB\\integrations\\applet_assetto_corsa\\applet_files\\index.html",
      "registerLibrary": false,
      "sha256": "afbae05c66e56e296ce94191960d3a03f9d3db6f39b6543515b0352720672d93"
    },
    {
      "path": "C:\\Users\\Lenovo-QA\\AppData\\Local\\LGHUB\\integrations\\applet_assetto_corsa\\applet_files\\jquery-1.11.1.min.js",
      "registerLibrary": false,
      "sha256": "540bc6dec1dd4b92ea4d3fb903f69eabf6d919afd48f4e312b163c28cff0f441"
    },
    {
      "path": "C:\\Users\\Lenovo-QA\\AppData\\Local\\LGHUB\\integrations\\applet_assetto_corsa\\applet_files\\jquery.mobile-1.4.2-onlyEvents.js",
      "registerLibrary": false,
      "sha256": "71616cc59712466b3e0a26919e694ba4bf3560a246d224cdec266c91c220a3fe"
    },
    {
      "path": "C:\\Users\\Lenovo-QA\\AppData\\Local\\LGHUB\\integrations\\applet_assetto_corsa\\applet_files\\jquery.svg.js",
      "registerLibrary": false,
      "sha256": "472781d4e49afa540b8b71f8d48bea979bce8e0c0f82f641c24881dda37e6df5"
    },
    {
      "path": "C:\\Users\\Lenovo-QA\\AppData\\Local\\LGHUB\\integrations\\applet_assetto_corsa\\applet_files\\jquery.svganim.js",
      "registerLibrary": false,
      "sha256": "93c65c680e21b2c94bf06f8804e64a09303b80f8d434202e371fd98d7e2c0a62"
    },
    {
      "path": "C:\\Users\\Lenovo-QA\\AppData\\Local\\LGHUB\\integrations\\applet_assetto_corsa\\applet_files\\script.js",
      "registerLibrary": false,
      "sha256": "54b870eaf3f321309584e7bd0e8d243265b42da6cb6fa90edd18e261f6b7a59a"
    },
    {
      "path": "C:\\Users\\Lenovo-QA\\AppData\\Local\\LGHUB\\integrations\\applet_assetto_corsa\\applet_files\\styleSheet.css",
      "registerLibrary": false,
      "sha256": "0b0ee8dc51f1a4834af8a7552e9a4f477192e3708fe1747d5a7bbcdfdc1eac8c"
    },
    {
      "path": "C:\\Users\\Lenovo-QA\\AppData\\Local\\LGHUB\\integrations\\applet_assetto_corsa\\applet_files\\styleSheetPhone.css",
      "registerLibrary": false,
      "sha256": "3296d02227c8aad4722052b86bdc293eb41771c9ed27befe7ba0ebae9ab169f5"
    },
    {
      "path": "C:\\Users\\Lenovo-QA\\AppData\\Local\\LGHUB\\integrations\\applet_assetto_corsa\\applet_files\\svgController.js",
      "registerLibrary": false,
      "sha256": "1b6aaf4b763ed9f7e586f9359c26632a44a508087e13c26517e964840bdbf15b"
    },
    {
      "path": "C:\\Users\\Lenovo-QA\\AppData\\Local\\LGHUB\\integrations\\applet_csgo\\config.json",
      "registerLibrary": false,
      "sha256": "c0806041c49b559b82f5a35b05b90a1aec8c3bf4299e5bd5f0900314e32a76e7"
    },
    {
      "path": "C:\\Users\\Lenovo-QA\\AppData\\Local\\LGHUB\\integrations\\applet_csgo\\CS_GO_Arx_Applet.exe",
      "registerLibrary": false,
      "sha256": "8d55dadb750b4a5cc88dd77352087c3a0c6639be1c015370f0ae2b1eddcab726"
    },
    {
      "path": "C:\\Users\\Lenovo-QA\\AppData\\Local\\LGHUB\\integrations\\applet_csgo\\Applet_files\\background.jpeg",
      "registerLibrary": false,
      "sha256": "5c549a142d2a4d6310f007e8b7dc10cbc099a4941e160772b07044b760638a29"
    },
    {
      "path": "C:\\Users\\Lenovo-QA\\AppData\\Local\\LGHUB\\integrations\\applet_csgo\\Applet_files\\counter.png",
      "registerLibrary": false,
      "sha256": "304d1d294f3f9ea4270a6dc77cf7f835bf1a3f4a3803b0d3f648119ee9c326be"
    },
    {
      "path": "C:\\Users\\Lenovo-QA\\AppData\\Local\\LGHUB\\integrations\\applet_csgo\\Applet_files\\gamestate_integration_logitech.cfg",
      "registerLibrary": false,
      "sha256": "a2b904036ab6fe53ba8e42de3fa36d2d8f081aa2bc0c6767e249057df8aebdcf"
    },
    {
      "path": "C:\\Users\\Lenovo-QA\\AppData\\Local\\LGHUB\\integrations\\applet_csgo\\Applet_files\\healthLogo.png",
      "registerLibrary": false,
      "sha256": "78ae02373e43d98912a9502079a97856d098862877a09af1807338778ec676c9"
    },
    {
      "path": "C:\\Users\\Lenovo-QA\\AppData\\Local\\LGHUB\\integrations\\applet_csgo\\Applet_files\\index.html",
      "registerLibrary": false,
      "sha256": "5efb343c8e7abaf136027b98c04cd2436946fbe8ab829ee6e5765904e9fcf363"
    },
    {
      "path": "C:\\Users\\Lenovo-QA\\AppData\\Local\\LGHUB\\integrations\\applet_csgo\\Applet_files\\jquery-1.10.1.js",
      "registerLibrary": false,
      "sha256": "ff30a1dd8b05bbc1e11cf9677e1f102d9ef7b50ee8496c4a29fd16fed64cf0fb"
    },
    {
      "path": "C:\\Users\\Lenovo-QA\\AppData\\Local\\LGHUB\\integrations\\applet_csgo\\Applet_files\\script.js",
      "registerLibrary": false,
      "sha256": "5b29acee73426da5985475b44233ad0ba8bda155962c421858ff18c7a26ccd2e"
    },
    {
      "path": "C:\\Users\\Lenovo-QA\\AppData\\Local\\LGHUB\\integrations\\applet_csgo\\Applet_files\\shieldLogo.png",
      "registerLibrary": false,
      "sha256": "84c4807e2fe66a3a5b4899f4ef590c8e7b3b9117a2e9d7635253386b4e79cc4f"
    },
    {
      "path": "C:\\Users\\Lenovo-QA\\AppData\\Local\\LGHUB\\integrations\\applet_csgo\\Applet_files\\style.css",
      "registerLibrary": false,
      "sha256": "4c866158d8eaca2b2c5dd865d1bf0ffed1f3de8318e30398067a54ed36c2648d"
    },
    {
      "path": "C:\\Users\\Lenovo-QA\\AppData\\Local\\LGHUB\\integrations\\applet_csgo\\Applet_files\\terrorist.png",
      "registerLibrary": false,
      "sha256": "6858183295d645cb93a1eac62af75ae4111a15107e3b8d440dea12f039eed172"
    },
    {
      "path": "C:\\Users\\Lenovo-QA\\AppData\\Local\\LGHUB\\integrations\\applet_dota2\\config.json",
      "registerLibrary": false,
      "sha256": "911695851daa5ab00c63b001173a58c9ab52279f193e1246afffd6d771469255"
    },
    {
      "path": "C:\\Users\\Lenovo-QA\\AppData\\Local\\LGHUB\\integrations\\applet_dota2\\Dota2ArxApplet.exe",
      "registerLibrary": false,
      "sha256": "b5e66f21f27e6ade01db56a499a01949245bc90ccf2fbe1a8bac87d4ffce5a74"
    },
    {
      "path": "C:\\Users\\Lenovo-QA\\AppData\\Local\\LGHUB\\integrations\\applet_dota2\\Applet_Files\\background.png",
      "registerLibrary": false,
      "sha256": "418f60dc46bd2ccd417eb2eb9a8e5f560ac1d8979162a7f11b858679e9cf75a4"
    },
    {
      "path": "C:\\Users\\Lenovo-QA\\AppData\\Local\\LGHUB\\integrations\\applet_dota2\\Applet_Files\\dotaBadge.png",
      "registerLibrary": false,
      "sha256": "14cdb5b9e2cde211b9289197aae8f0fc7b381ffc5a6aee9773bc22a5ce78c0df"
    },
    {
      "path": "C:\\Users\\Lenovo-QA\\AppData\\Local\\LGHUB\\integrations\\applet_dota2\\Applet_Files\\empty_item.png",
      "registerLibrary": false,
      "sha256": "c01eb28cb2a14027573982c7b071829408f81414009aec3db99e5868457038f8"
    },
    {
      "path": "C:\\Users\\Lenovo-QA\\AppData\\Local\\LGHUB\\integrations\\applet_dota2\\Applet_Files\\gamestate_integration_logitech.cfg",
      "registerLibrary": false,
      "sha256": "4e39af721910e0165676a92d9f89b88df9448cf6c960af2b878dd9d0a023fc0f"
    },
    {
      "path": "C:\\Users\\Lenovo-QA\\AppData\\Local\\LGHUB\\integrations\\applet_dota2\\Applet_Files\\gold.png",
      "registerLibrary": false,
      "sha256": "b883e30a9c314f2248d37d81103cd17c3ac5ed21578c94d319b5ad40a648c9c4"
    },
    {
      "path": "C:\\Users\\Lenovo-QA\\AppData\\Local\\LGHUB\\integrations\\applet_dota2\\Applet_Files\\goldIcon.png",
      "registerLibrary": false,
      "sha256": "c0c03a2e67d5b18b36780b41491517439847bff7a6aa199a0f985ea4b2e36ffe"
    },
    {
      "path": "C:\\Users\\Lenovo-QA\\AppData\\Local\\LGHUB\\integrations\\applet_dota2\\Applet_Files\\health.png",
      "registerLibrary": false,
      "sha256": "ca6c7d93aca212f0d5cfa95e6f6e4d3b77f1cf40086af4c501e94ffb34af3b4e"
    },
    {
      "path": "C:\\Users\\Lenovo-QA\\AppData\\Local\\LGHUB\\integrations\\applet_dota2\\Applet_Files\\index.html",
      "registerLibrary": false,
      "sha256": "210b03033087ad8774537c7d097a9bbeac4b5e77742c55b0417f39e39d727ed8"
    },
    {
      "path": "C:\\Users\\Lenovo-QA\\AppData\\Local\\LGHUB\\integrations\\applet_dota2\\Applet_Files\\jquery-ui-1.11.4.min.js",
      "registerLibrary": false,
      "sha256": "fea24b936201e256b41bfc7a4293b7485a5d7ec0a716eac929b13eb480cb1d1a"
    },
    {
      "path": "C:\\Users\\Lenovo-QA\\AppData\\Local\\LGHUB\\integrations\\applet_dota2\\Applet_Files\\mana.png",
      "registerLibrary": false,
      "sha256": "a8f392460b7c73b1bb5e131154b57c4eca5a5c34aeee7772db14f3c0c9201094"
    },
    {
      "path": "C:\\Users\\Lenovo-QA\\AppData\\Local\\LGHUB\\integrations\\applet_dota2\\Applet_Files\\orb.png",
      "registerLibrary": false,
      "sha256": "530c721656e1e6179f8ebfdfc202b3a6d770c9e811fdf1e259c862e56b9e0319"
    },
    {
      "path": "C:\\Users\\Lenovo-QA\\AppData\\Local\\LGHUB\\integrations\\applet_dota2\\Applet_Files\\pro.html",
      "registerLibrary": false,
      "sha256": "12fc002db6c4b79cd512da437541c5f51866e83d83d7102a056f97c051c8d821"
    },
    {
      "path": "C:\\Users\\Lenovo-QA\\AppData\\Local\\LGHUB\\integrations\\applet_dota2\\Applet_Files\\script.js",
      "registerLibrary": false,
      "sha256": "b28a70efc79752fcac3215399081d942c7b8ed582792dcbce0c0d1751adc5496"
    },
    {
      "path": "C:\\Users\\Lenovo-QA\\AppData\\Local\\LGHUB\\integrations\\applet_dota2\\Applet_Files\\style.css",
      "registerLibrary": false,
      "sha256": "6a2d76b2f1bc3b4022185c5c5d1d89ff5109bf4dbbefa4126ca48807c09a7b59"
    },
    {
      "path": "C:\\Users\\Lenovo-QA\\AppData\\Local\\LGHUB\\integrations\\applet_dota2\\Applet_Files\\tempHero.png",
      "registerLibrary": false,
      "sha256": "0112d18afa1b26b89254cfbcd47e9846cae38c672b18fd2d4f2bfbd82b4a358a"
    }
  ],
  "folders": [
    {
      "path": "C:/Program Files\\LGHUB\\data"
    },
    {
      "path": "C:/Program Files\\LGHUB\\data\\devices"
    },
    {
      "path": "C:/Program Files\\LGHUB\\data\\lighting"
    },
    {
      "path": "C:/Program Files\\LGHUB\\data\\lighting\\effects"
    },
    {
      "path": "C:/Program Files\\LGHUB\\data\\receivers"
    },
    {
      "path": "C:/Program Files\\LGHUB\\data\\sounds"
    },
    {
      "path": "C:/Program Files\\LGHUB\\data\\strings"
    },
    {
      "path": "C:/Program Files\\LGHUB\\locales"
    },
    {
      "path": "C:/Program Files\\LGHUB\\platforms"
    },
    {
      "path": "C:/Program Files\\LGHUB\\resources"
    },
    {
      "path": "C:/Program Files\\LGHUB\\resources\\app.asar.unpacked"
    },
    {
      "path": "C:/Program Files\\LGHUB\\resources\\app.asar.unpacked\\node_modules"
    },
    {
      "path": "C:/Program Files\\LGHUB\\resources\\app.asar.unpacked\\node_modules\\keytar"
    },
    {
      "path": "C:/Program Files\\LGHUB\\resources\\app.asar.unpacked\\node_modules\\keytar\\build"
    },
    {
      "path": "C:/Program Files\\LGHUB\\resources\\app.asar.unpacked\\node_modules\\keytar\\build\\Release"
    }
  ],
  "processControl": {
    "identifiers": [
      "lghub",
      "lghub_installer",
      "lghub_agent"
    ]
  },
  "product": {
    "guid": "{521c89be-637f-4274-a840-baaf7460c2b2}",
    "icon": "{frontend_root}/lghub.exe",
    "linkAbout": "http://www.logitechg.com",
    "linkHelp": "http://support.logitech.com",
    "name": "{brand} G HUB",
    "publisher": "{brand}",
    "version": "2021.12.2938"
  },
  "renamedItems": [],
  "services": [
    {
      "asConsoleUser": false,
      "command": {
        "arguments": [
          "--run-as-service"
        ],
        "executable": "C:\\Program Files\\LGHUB\\lghub_updater.exe"
      },
      "service": "LGHUBUpdaterService"
    },
    {
      "asConsoleUser": true,
      "command": {
        "arguments": [
          "--background"
        ],
        "executable": "C:\\Program Files\\LGHUB\\lghub.exe"
      },
      "service": "LGHUB"
    }
  ],
  "shortcuts": [
    {
      "description": "",
      "name": "{brand} G HUB",
      "onDesktop": true,
      "onStartMenu": true,
      "path": "{frontend_root}/lghub.exe"
    }
  ],
  "uninstaller": {
    "arguments": [
      "--uninstall"
    ],
    "executable": "C:\\Program Files\\LGHUB\\lghub_updater.exe"
  }
}