 {"msgId": "30ba3c9e-570d-41ad-ac35-762c7eb5b77c", "verb": "GET", "path": "/devices/list", "origin": "backend", "result": {"code": "SUCCESS", "what": ""}, "payload": {"@type": "type.googleapis.com/logi.protocol.devices.Device.Info.List", "deviceInfos": [{"id": "dev00000000", "pid": 16492, "state": "NOT_CONNECTED", "onboardMode": false, "individualMode": false, "resourcesAvailable": true, "connectionType": "WIRELESS", "hasWirelessInterface": true, "deviceType": "MOUSE", "deviceFamily": "", "deviceModel": "g603", "deviceBaseModel": "g603", "displayName": "G603", "extendedDisplayName": "G603 Lightspeed Wireless Gaming Mouse", "slotPrefix": "g603", "thumbnail": "pipeline://core/thumbnails/g603.png", "deviceExt": 0, "deviceUnitId": "3373205957", "deviceSignature": "MOUSE.g603.0.3373205957", "givenName": "", "capabilities": {"sleepTimer": false, "mstateSupport": {"count": 1, "timeOut": 0}, "fnInversion": false, "presentSplashScreen": false, "customizableColor": false, "wirelessReportRate": false, "dpiIndicatorLed": {"zoneType": "LOGO", "steps": {"5": {"tag": "", "hex": "#00a9e0"}, "3": {"tag": "", "hex": "#fd7600"}, "1": {"tag": "", "hex": "#f8e71c"}, "2": {"tag": "", "hex": "#ffffff"}, "4": {"tag": "", "hex": "#e9168c"}}}, "hybridEngine": false, "advancedSleepTimer": false, "angleSnapping": false, "excludeGShift": false, "hostRemovalSupport": false, "headphoneJack": false, "hostInfos": false, "gkeyLayout": "INVALID_GKEY_LAYOUT", "hasBatteryStatus": true, "powerOffTimer": false, "reportRatesOverride": {"rates": [1000, 500, 250, 125]}, "requiresBackupForDfu": false, "unifiedBattery": false, "dpiLighting": false, "nonInteractive": false, "receiverPairing": {"receiverType": "LS1", "receiverPid": 0, "pairingAction": "ACTION_POWER_CYCLE", "hasForcePairing": false}, "chargepadCompatible": false, "individuality": false, "defaultSlotFormat": "INVALID_FORMAT"}, "activeInterfaces": [], "slots": {}}]}}