 {"msgId": "7abdbe68-b5aa-448c-ad5f-d101540374c0", "verb": "GET", "path": "/devices/list", "origin": "backend", "result": {"code": "SUCCESS", "what": ""}, "payload": {"@type": "type.googleapis.com/logi.protocol.devices.Device.Info.List", "deviceInfos": [{"id": "dev00000002", "pid": 49283, "state": "ACTIVE", "onboardMode": false, "resourcesAvailable": true, "connectionType": "USB", "hasWirelessInterface": false, "deviceType": "MOUSE", "deviceModel": "g403_wired", "displayName": "G403", "extendedDisplayName": "G403 Prodigy Gaming Mouse", "slotPrefix": "g403-1", "thumbnail": "pipeline://core/thumbnails/g403_wired.png", "capabilities": {"lightingSupport": {"deviceCategory": "MOUSE_RGB_ZONAL", "typeMap": {"ZONE_BRANDING": "LOGO", "ZONE_PRIMARY": "PRIMARY"}, "zones": [{"zoneType": "ZONE_PRIMARY", "supportedEffects": [{"id": "OFF", "syncable": true, "fixedIntensity": false, "signature": false, "inactivityOnly": false}, {"id": "FIXED", "syncable": true, "fixedIntensity": false, "signature": false, "inactivityOnly": false}, {"id": "CYCLE", "syncable": true, "fixedIntensity": false, "signature": false, "inactivityOnly": false}, {"id": "BREATHING", "syncable": true, "fixedIntensity": false, "signature": false, "inactivityOnly": false}], "onboardCluster": "CLUSTER_DEFAULT"}, {"zoneType": "ZONE_BRANDING", "supportedEffects": [{"id": "OFF", "syncable": true, "fixedIntensity": false, "signature": false, "inactivityOnly": false}, {"id": "FIXED", "syncable": true, "fixedIntensity": false, "signature": false, "inactivityOnly": false}, {"id": "CYCLE", "syncable": true, "fixedIntensity": false, "signature": false, "inactivityOnly": false}, {"id": "BREATHING", "syncable": true, "fixedIntensity": false, "signature": false, "inactivityOnly": false}], "onboardCluster": "CLUSTER_DEFAULT"}], "isMonochrome": false, "isPerKey": false, "hideStartupEffect": false, "shudownEffect": false, "brightnessLevels": [], "powerSavingEffect": false, "lowBatteryEffect": false, "brightnessPercentage": false, "gamma": false, "firmwareOnly": false, "offRamp": false, "activeDimming": false}, "sleepTimer": false, "mstateSupport": {"count": 1, "timeOut": 0}, "fnInversion": false, "presentSplashScreen": false, "customizableColor": false, "wirelessReportRate": false, "hybridEngine": false, "advancedSleepTimer": false, "angleSnapping": true, "excludeGShift": false, "hostRemovalSupport": false, "headphoneJack": false, "hostInfos": false, "gkeyLayout": "INVALID_GKEY_LAYOUT", "hasBatteryStatus": false, "powerOffTimer": false, "requiresBackupForDfu": false, "unifiedBattery": false, "dpiLighting": false, "nonInteractive": false, "chargepadCompatible": false}, "activeInterfaces": [{"type": "DEVIO", "id": "046d_c083", "pid": 49283, "modelId": 0, "extendedModel": 0, "serialNumber": "876037906", "path": "IOService:/AppleACPIPlatformExpert/PCI0@0/AppleACPIPCI/XHC1@14/XHC1@14000000/HS10@14600000/USBHub3p-2[A]@14600000/AppleUSB20Hub@14600000/AppleUSB20HubPort@14630000/USBHub3p-2[4-7]@14630000/AppleUSB20Hub@14630000/AppleUSB20HubPort@14633000/G403 Prodigy Gaming Mouse@14633000/IOUSBHostInterface@1/AppleUserUSBHostHIDDevice", "containerId": "0x14633000", "deviceType": "MOUSE", "deviceName": "G403 Prodigy Gaming Mouse", "keyboardLayout": "INVALID_LAYOUT", "firmwareVersion": "108.1.12", "connectionType": "USB", "hasOnboardMode": true}], "slots": {"g403-1_lighting_setting_firmware": {"id": "g403-1_lighting_setting_firmware", "attribute": "FIRMWARE_LIGHTING_SETTINGS", "disabled": false}, "g403-1_g4_m1_shifted": {"id": "g403-1_g4_m1_shifted", "attribute": "MACRO_PLAYBACK", "disabled": false}, "g403-1_g2_m1_shifted": {"id": "g403-1_g2_m1_shifted", "attribute": "MACRO_PLAYBACK", "disabled": false}, "g403-1_g3_m1": {"id": "g403-1_g3_m1", "attribute": "MACRO_PLAYBACK", "disabled": false}, "g403-1_g6_m1": {"id": "g403-1_g6_m1", "attribute": "MACRO_PLAYBACK", "disabled": false}, "g403-1_mouse_settings": {"id": "g403-1_mouse_settings", "attribute": "MOUSE_SETTINGS", "disabled": false}, "g403-1_g3_m1_shifted": {"id": "g403-1_g3_m1_shifted", "attribute": "MACRO_PLAYBACK", "disabled": false}, "g403-1_g6_m1_shifted": {"id": "g403-1_g6_m1_shifted", "attribute": "MACRO_PLAYBACK", "disabled": false}, "g403-1_g4_m1": {"id": "g403-1_g4_m1", "attribute": "MACRO_PLAYBACK", "disabled": false}, "g403-1_g5_m1": {"id": "g403-1_g5_m1", "attribute": "MACRO_PLAYBACK", "disabled": false}, "g403-1_g1_m1": {"id": "g403-1_g1_m1", "attribute": "MACRO_PLAYBACK", "disabled": false}, "g403-1_g5_m1_shifted": {"id": "g403-1_g5_m1_shifted", "attribute": "MACRO_PLAYBACK", "disabled": false}, "g403-1_g1_m1_shifted": {"id": "g403-1_g1_m1_shifted", "attribute": "MACRO_PLAYBACK", "disabled": false}, "g403-1_g2_m1": {"id": "g403-1_g2_m1", "attribute": "MACRO_PLAYBACK", "disabled": false}}}]}}