 {"msgId": "0023e1a7-5261-4f8b-b3a1-34a1a7e7124d", "verb": "GET", "path": "/devices/list", "origin": "backend", "result": {"code": "SUCCESS", "what": ""}, "payload": {"@type": "type.googleapis.com/logi.protocol.devices.Device.Info.List", "deviceInfos": [{"id": "dev00000000", "pid": 0, "firmwareName": "U138", "isSubdevice": false, "parentId": "", "state": "ABSENT", "onboardMode": false, "individualMode": false, "resourcesAvailable": true, "connectionType": "INVALID_CONNECTION", "hasWirelessInterface": false, "displayConnectionType": "INVALID_DISPLAY_CONNECTION", "deviceType": "STEERING_WHEEL", "deviceFamily": "", "deviceModel": "g923_ps4", "deviceBaseModel": "g923_ps4", "displayName": "G923", "extendedDisplayName": "G923 Racing Wheel for PlayStation 4 and PC", "slotPrefix": "g923-ps4", "thumbnail": "pipeline://core/thumbnails/g923_ps4.png", "stringPackage": "", "deviceExt": 0, "deviceUnitId": "1007636278", "deviceSignature": "STEERING_WHEEL.g923_ps4.0.1007636278", "givenName": "", "capabilities": {"sleepTimer": false, "mstateSupport": {"count": 1, "timeOut": 0}, "reportHidControls": {"pages": [{"page": 9, "usages": [{"usage": 1, "button": 1}, {"usage": 2, "button": 2}, {"usage": 3, "button": 3}, {"usage": 4, "button": 4}, {"usage": 5, "button": 5}, {"usage": 6, "button": 6}, {"usage": 7, "button": 7}, {"usage": 8, "button": 8}, {"usage": 9, "button": 9}, {"usage": 10, "button": 10}, {"usage": 11, "button": 11}, {"usage": 12, "button": 12}, {"usage": 13, "button": 13}, {"usage": 14, "button": 14}, {"usage": 15, "button": 15}, {"usage": 16, "button": 16}, {"usage": 17, "button": 17}, {"usage": 18, "button": 18}, {"usage": 19, "button": 19}, {"usage": 20, "button": 20}, {"usage": 21, "button": 21}, {"usage": 22, "button": 22}, {"usage": 23, "button": 23}, {"usage": 24, "button": 24}, {"usage": 25, "button": 25}]}, {"page": 65280, "usages": [{"usage": 1, "button": 26}, {"usage": 2, "button": 27}, {"usage": 3, "button": 28}, {"usage": 4, "button": 29}, {"usage": 5, "button": 30}, {"usage": 6, "button": 31}, {"usage": 7, "button": 32}, {"usage": 8, "button": 33}]}]}, "fnInversion": false, "presentSplashScreen": false, "customizableColor": false, "wirelessReportRate": false, "hybridEngine": false, "advancedSleepTimer": false, "angleSnapping": false, "excludeGShift": false, "hostRemovalSupport": false, "headphoneJack": false, "gamingAttachments": {"attachments": [{"id": "DAYLIGHT_STARLIGHT_SHIFTER", "slotIds": ["g923-ps4_g13_m1", "g923-ps4_g14_m1", "g923-ps4_g15_m1", "g923-ps4_g16_m1", "g923-ps4_g17_m1", "g923-ps4_g18_m1", "g923-ps4_g19_m1", "g923-ps4_g13_m1_shifted", "g923-ps4_g14_m1_shifted", "g923-ps4_g15_m1_shifted", "g923-ps4_g16_m1_shifted", "g923-ps4_g17_m1_shifted", "g923-ps4_g18_m1_shifted", "g923-ps4_g19_m1_shifted"]}, {"id": "DAYLIGHT_STARLIGHT_PEDALS", "slotIds": ["g923-ps4_pedal_settings"]}, {"id": "SCHUMACHER_PEDALS", "slotIds": ["g923-ps4_pedal_settings"]}]}, "operatingRange": {"minimum": 180, "maximum": 900, "value": 0, "step": 0}, "hostInfos": false, "gkeyLayout": "INVALID_GKEY_LAYOUT", "hasBatteryStatus": false, "powerOffTimer": false, "trueforce": {"deviceId": "", "tfGain": {"value": 100}, "kfGain": {"value": 100}, "gameControl": {"enabled": true}}, "requiresBackupForDfu": false, "unifiedBattery": false, "dpiLighting": false, "hasGlobalDamping": false, "nonInteractive": false, "chargepadCompatible": false, "individuality": false, "defaultSlotFormat": "INVALID_FORMAT", "fnToggle": false, "isFullHidppWheel": false, "hasConfigurationProfiles": false, "disableCenterSpring": false, "axes": {"info": [{"axisId": "WHEEL", "interfaceId": "HID_046d_c266_00010004", "page": 1, "usage": 48, "reversed": false}, {"axisId": "ACCELERATOR", "interfaceId": "HID_046d_c266_00010004", "page": 1, "usage": 50, "reversed": true}, {"axisId": "BRAKE", "interfaceId": "HID_046d_c266_00010004", "page": 1, "usage": 53, "reversed": true}, {"axisId": "CLUTCH", "interfaceId": "HID_046d_c266_00010004", "page": 1, "usage": 49, "reversed": true}], "paddlesDefaults": []}, "renameDeviceDisplayName": false, "systemTraySupport": false}, "activeInterfaces": [], "slots": {}, "path": "IOService:/AppleACPIPlatformExpert/PCI0@0/AppleACPIPCI/XHC1@14/XHC1@14000000/HS08@14700000/USBHub3p-2[A]@14700000/AppleUSB20Hub@14700000/AppleUSB20HubPort@14740000/USBHub3p-2[0-3]@14740000/AppleUSB20Hub@14740000/AppleUSB20HubPort@14742000/G923 Racing Wheel for PlayStation 4 and PC@14742000/IOUSBHostInterface@1/AppleUserUSBHostHIDDevice", "parentPath": ""}, {"id": "dev00000001", "pid": 0, "firmwareName": "U106", "isSubdevice": false, "parentId": "", "state": "ABSENT", "onboardMode": false, "individualMode": false, "resourcesAvailable": true, "connectionType": "INVALID_CONNECTION", "hasWirelessInterface": false, "displayConnectionType": "INVALID_DISPLAY_CONNECTION", "deviceType": "KEYBOARD", "deviceFamily": "", "deviceModel": "g910", "deviceBaseModel": "g910", "displayName": "G910", "extendedDisplayName": "G910 Orion Spectrum", "slotPrefix": "g910", "thumbnail": "pipeline://core/thumbnails/g910.png", "stringPackage": "", "deviceExt": 0, "deviceUnitId": "876103429", "deviceSignature": "KEYBOARD.g910.0.876103429", "givenName": "", "capabilities": {"lightingSupport": {"deviceCategory": "KEYBOARD_RGB_PER_KEY", "typeMap": {"PERKEY_KEYBOARD": "HID_KEYBOARD", "ZONE_PRIMARY": "PRIMARY", "PERKEY_GKEY": "G_KEY", "ZONE_BRANDING": "LOGO", "PERKEY_BRANDING": "LOGO"}, "zones": [{"zoneType": "ZONE_PRIMARY", "supportedEffects": [{"id": "OFF", "syncable": true, "fixedIntensity": false, "signature": false, "inactivityOnly": false}, {"id": "FIXED", "syncable": true, "fixedIntensity": false, "signature": false, "inactivityOnly": false}, {"id": "CYCLE", "syncable": true, "fixedIntensity": true, "signature": false, "inactivityOnly": false}, {"id": "COLORWAVE", "syncable": false, "fixedIntensity": true, "signature": false, "inactivityOnly": false}, {"id": "BREATHING", "syncable": true, "fixedIntensity": true, "signature": false, "inactivityOnly": false}], "onboardCluster": "CLUSTER_DEFAULT"}, {"zoneType": "ZONE_BRANDING", "supportedEffects": [{"id": "OFF", "syncable": true, "fixedIntensity": false, "signature": false, "inactivityOnly": false}, {"id": "FIXED", "syncable": true, "fixedIntensity": false, "signature": false, "inactivityOnly": false}, {"id": "CYCLE", "syncable": true, "fixedIntensity": true, "signature": false, "inactivityOnly": false}, {"id": "BREATHING", "syncable": true, "fixedIntensity": true, "signature": false, "inactivityOnly": false}], "onboardCluster": "CLUSTER_DEFAULT"}], "isMonochrome": false, "isPerKey": true, "hideStartupEffect": false, "shutdownEffect": false, "brightnessLevels": [], "powerSavingEffect": false, "lowBatteryEffect": false, "brightnessPercentage": false, "gamma": false, "firmwareOnly": false, "offRamp": false, "activeDimming": false, "hasPositionalEffect": false, "hasPastelPalette": false, "hasRingLeds": false, "hasMasterSwitch": false, "needKeepAliveSignal": false}, "sleepTimer": false, "mstateSupport": {"count": 3, "timeOut": 0}, "fnInversion": false, "presentSplashScreen": false, "customizableColor": false, "wirelessReportRate": false, "hybridEngine": false, "advancedSleepTimer": false, "angleSnapping": false, "excludeGShift": false, "hostRemovalSupport": false, "headphoneJack": false, "hostInfos": false, "gkeyLayout": "GKEY_LEFT_COLUMN_5_TOP_ROW_4", "hasBatteryStatus": false, "powerOffTimer": false, "requiresBackupForDfu": false, "unifiedBattery": false, "dpiLighting": false, "hasGlobalDamping": false, "nonInteractive": false, "chargepadCompatible": false, "individuality": false, "defaultSlotFormat": "INVALID_FORMAT", "fnToggle": false, "isFullHidppWheel": false, "hasConfigurationProfiles": false, "disableCenterSpring": false, "renameDeviceDisplayName": false, "systemTraySupport": false}, "activeInterfaces": [], "slots": {}, "path": "IOService:/AppleACPIPlatformExpert/PCI0@0/AppleACPIPCI/XHC1@14/XHC1@14000000/HS08@14700000/USBHub3p-2[A]@14700000/AppleUSB20Hub@14700000/AppleUSB20HubPort@14740000/USBHub3p-2[0-3]@14740000/AppleUSB20Hub@14740000/AppleUSB20HubPort@14744000/Gaming Keyboard G910@14744000/IOUSBHostInterface@1/AppleUserUSBHostHIDDevice", "parentPath": ""}, {"id": "dev00000002", "pid": 49977, "firmwareName": "U113", "isSubdevice": false, "parentId": "", "state": "ACTIVE", "onboardMode": false, "individualMode": false, "resourcesAvailable": true, "connectionType": "USB", "hasWirelessInterface": false, "displayConnectionType": "USB", "deviceType": "KEYBOARD", "deviceFamily": "", "deviceModel": "pro_keyboard_ext8", "deviceBaseModel": "pro_keyboard", "displayName": "PRO LOL", "extendedDisplayName": "PRO Mechanical gaming keyboard", "slotPrefix": "prokeyboard", "thumbnail": "pipeline://core/thumbnails/pro_keyboard_lol.png", "stringPackage": "", "deviceExt": 8, "deviceUnitId": "808535829", "deviceSignature": "KEYBOARD.pro_keyboard.8.808535829", "givenName": "", "capabilities": {"lightingSupport": {"deviceCategory": "KEYBOARD_RGB_PER_KEY", "typeMap": {"PERKEY_KEYBOARD": "HID_KEYBOARD", "PERKEY_BRANDING": "LOGO", "PERKEY_INDICATOR": "KEYBOARD_OTHER", "ZONE_BRANDING": "LOGO", "ZONE_PRIMARY": "PRIMARY"}, "zones": [{"zoneType": "ZONE_PRIMARY", "supportedEffects": [{"id": "OFF", "syncable": true, "fixedIntensity": false, "signature": false, "inactivityOnly": false}, {"id": "FIXED", "syncable": true, "fixedIntensity": false, "signature": false, "inactivityOnly": false}, {"id": "CYCLE", "syncable": true, "fixedIntensity": true, "signature": false, "inactivityOnly": false}, {"id": "COLORWAVE", "syncable": false, "fixedIntensity": true, "signature": false, "inactivityOnly": false}, {"id": "BREATHING", "syncable": true, "fixedIntensity": true, "signature": false, "inactivityOnly": false}], "onboardCluster": "CLUSTER_DEFAULT"}, {"zoneType": "ZONE_BRANDING", "supportedEffects": [{"id": "OFF", "syncable": true, "fixedIntensity": false, "signature": false, "inactivityOnly": false}, {"id": "FIXED", "syncable": true, "fixedIntensity": false, "signature": false, "inactivityOnly": false}, {"id": "CYCLE", "syncable": true, "fixedIntensity": true, "signature": false, "inactivityOnly": false}, {"id": "BREATHING", "syncable": true, "fixedIntensity": true, "signature": false, "inactivityOnly": false}], "onboardCluster": "CLUSTER_DEFAULT"}], "isMonochrome": false, "isPerKey": true, "persistence": {"zoneEffects": false, "perKeyFixed": true}, "hideStartupEffect": false, "shutdownEffect": false, "brightnessLevels": [], "powerSavingEffect": false, "lowBatteryEffect": false, "brightnessPercentage": false, "gamma": false, "firmwareOnly": false, "offRamp": false, "activeDimming": false, "hasPositionalEffect": false, "hasPastelPalette": false, "hasRingLeds": false, "hasMasterSwitch": false, "needKeepAliveSignal": false}, "sleepTimer": false, "mstateSupport": {"count": 1, "timeOut": 0}, "reportHidControls": {"pages": [{"page": 7, "usages": [{"usage": 58, "button": 1}, {"usage": 59, "button": 2}, {"usage": 60, "button": 3}, {"usage": 61, "button": 4}, {"usage": 62, "button": 5}, {"usage": 63, "button": 6}, {"usage": 64, "button": 7}, {"usage": 65, "button": 8}, {"usage": 66, "button": 9}, {"usage": 67, "button": 10}, {"usage": 68, "button": 11}, {"usage": 69, "button": 12}]}]}, "fnInversion": true, "presentSplashScreen": false, "customizableColor": false, "wirelessReportRate": false, "hybridEngine": false, "advancedSleepTimer": false, "angleSnapping": false, "excludeGShift": false, "hostRemovalSupport": false, "headphoneJack": false, "hostInfos": false, "gkeyLayout": "INVALID_GKEY_LAYOUT", "hasBatteryStatus": false, "powerOffTimer": false, "requiresBackupForDfu": false, "unifiedBattery": false, "dpiLighting": false, "hasGlobalDamping": false, "nonInteractive": false, "chargepadCompatible": false, "individuality": false, "defaultSlotFormat": "INVALID_FORMAT", "fnToggle": false, "isFullHidppWheel": false, "hasConfigurationProfiles": false, "disableCenterSpring": false, "renameDeviceDisplayName": false, "systemTraySupport": false}, "activeInterfaces": [{"type": "DEVIO", "id": "046d_c339", "pid": 49977, "modelId": 0, "extendedModel": 8, "serialNumber": "808535829", "path": "IOService:/AppleACPIPlatformExpert/PCI0@0/AppleACPIPCI/XHC1@14/XHC1@14000000/HS08@14700000/USBHub3p-2[A]@14700000/AppleUSB20Hub@14700000/AppleUSB20HubPort@14740000/USBHub3p-2[0-3]@14740000/AppleUSB20Hub@14740000/AppleUSB20HubPort@14743000/PRO K/DA@14743000/IOUSBHostInterface@1/AppleUserUSBHostHIDDevice", "containerId": "0x14743000", "deviceType": "KEYBOARD", "deviceName": "PRO K/DA", "keyboardLayout": "US", "firmwareVersion": "113.4.19", "firmwareName": "U113", "firmwareRevision": 4, "hardwareRevision": 0, "unitId": "808535829", "fwEntities": {}, "connectionType": "USB", "hasOnboardMode": false, "parentPath": ""}], "slots": {"prokeyboard_g7_m1_shifted": {"id": "prokeyboard_g7_m1_shifted", "attribute": "MACRO_PLAYBACK", "disabled": false, "defaultCard": "0f82f693-5b78-4cf5-867e-090700000000"}, "prokeyboard_lighting_setting_firmware": {"id": "prokeyboard_lighting_setting_firmware", "attribute": "FIRMWARE_LIGHTING_SETTINGS", "disabled": false, "defaultCard": "9b85425b-8c71-4b15-808c-1206c3390000"}, "prokeyboard_disable_keys": {"id": "prokeyboard_disable_keys", "attribute": "DISABLE_KEY_SETTINGS", "disabled": false, "defaultCard": "9b85425b-8c71-4b15-808c-1205c3390000"}, "prokeyboard_g4_m1": {"id": "prokeyboard_g4_m1", "attribute": "MACRO_PLAYBACK", "disabled": false, "defaultCard": "0f82f693-5b78-4cf5-867e-013d00000000"}, "prokeyboard_g5_m1": {"id": "prokeyboard_g5_m1", "attribute": "MACRO_PLAYBACK", "disabled": false, "defaultCard": "0f82f693-5b78-4cf5-867e-013e00000000"}, "prokeyboard_g6_m1_shifted": {"id": "prokeyboard_g6_m1_shifted", "attribute": "MACRO_PLAYBACK", "disabled": false, "defaultCard": "0f82f693-5b78-4cf5-867e-090700000000"}, "prokeyboard_g1_m1": {"id": "prokeyboard_g1_m1", "attribute": "MACRO_PLAYBACK", "disabled": false, "defaultCard": "0f82f693-5b78-4cf5-867e-013a00000000"}, "prokeyboard_g10_m1_shifted": {"id": "prokeyboard_g10_m1_shifted", "attribute": "MACRO_PLAYBACK", "disabled": false, "defaultCard": "0f82f693-5b78-4cf5-867e-090700000000"}, "prokeyboard_g11_m1": {"id": "prokeyboard_g11_m1", "attribute": "MACRO_PLAYBACK", "disabled": false, "defaultCard": "0f82f693-5b78-4cf5-867e-014400000000"}, "prokeyboard_g2_m1": {"id": "prokeyboard_g2_m1", "attribute": "MACRO_PLAYBACK", "disabled": false, "defaultCard": "0f82f693-5b78-4cf5-867e-013b00000000"}, "prokeyboard_g7_m1": {"id": "prokeyboard_g7_m1", "attribute": "MACRO_PLAYBACK", "disabled": false, "defaultCard": "0f82f693-5b78-4cf5-867e-014000000000"}, "prokeyboard_g3_m1": {"id": "prokeyboard_g3_m1", "attribute": "MACRO_PLAYBACK", "disabled": false, "defaultCard": "0f82f693-5b78-4cf5-867e-013c00000000"}, "prokeyboard_g4_m1_shifted": {"id": "prokeyboard_g4_m1_shifted", "attribute": "MACRO_PLAYBACK", "disabled": false, "defaultCard": "0f82f693-5b78-4cf5-867e-090700000000"}, "prokeyboard_g11_m1_shifted": {"id": "prokeyboard_g11_m1_shifted", "attribute": "MACRO_PLAYBACK", "disabled": false, "defaultCard": "0f82f693-5b78-4cf5-867e-090700000000"}, "prokeyboard_g12_m1": {"id": "prokeyboard_g12_m1", "attribute": "MACRO_PLAYBACK", "disabled": false, "defaultCard": "0f82f693-5b78-4cf5-867e-014500000000"}, "prokeyboard_g9_m1": {"id": "prokeyboard_g9_m1", "attribute": "MACRO_PLAYBACK", "disabled": false, "defaultCard": "0f82f693-5b78-4cf5-867e-014200000000"}, "prokeyboard_g9_m1_shifted": {"id": "prokeyboard_g9_m1_shifted", "attribute": "MACRO_PLAYBACK", "disabled": false, "defaultCard": "0f82f693-5b78-4cf5-867e-090700000000"}, "prokeyboard_g6_m1": {"id": "prokeyboard_g6_m1", "attribute": "MACRO_PLAYBACK", "disabled": false, "defaultCard": "0f82f693-5b78-4cf5-867e-013f00000000"}, "prokeyboard_g3_m1_shifted": {"id": "prokeyboard_g3_m1_shifted", "attribute": "MACRO_PLAYBACK", "disabled": false, "defaultCard": "0f82f693-5b78-4cf5-867e-090700000000"}, "prokeyboard_g1_m1_shifted": {"id": "prokeyboard_g1_m1_shifted", "attribute": "MACRO_PLAYBACK", "disabled": false, "defaultCard": "0f82f693-5b78-4cf5-867e-090700000000"}, "prokeyboard_g2_m1_shifted": {"id": "prokeyboard_g2_m1_shifted", "attribute": "MACRO_PLAYBACK", "disabled": false, "defaultCard": "0f82f693-5b78-4cf5-867e-090700000000"}, "prokeyboard_g8_m1_shifted": {"id": "prokeyboard_g8_m1_shifted", "attribute": "MACRO_PLAYBACK", "disabled": false, "defaultCard": "0f82f693-5b78-4cf5-867e-090700000000"}, "prokeyboard_g5_m1_shifted": {"id": "prokeyboard_g5_m1_shifted", "attribute": "MACRO_PLAYBACK", "disabled": false, "defaultCard": "0f82f693-5b78-4cf5-867e-090700000000"}, "prokeyboard_g8_m1": {"id": "prokeyboard_g8_m1", "attribute": "MACRO_PLAYBACK", "disabled": false, "defaultCard": "0f82f693-5b78-4cf5-867e-014100000000"}, "prokeyboard_g10_m1": {"id": "prokeyboard_g10_m1", "attribute": "MACRO_PLAYBACK", "disabled": false, "defaultCard": "0f82f693-5b78-4cf5-867e-014300000000"}, "prokeyboard_g12_m1_shifted": {"id": "prokeyboard_g12_m1_shifted", "attribute": "MACRO_PLAYBACK", "disabled": false, "defaultCard": "0f82f693-5b78-4cf5-867e-090700000000"}}, "path": "IOService:/AppleACPIPlatformExpert/PCI0@0/AppleACPIPCI/XHC1@14/XHC1@14000000/HS08@14700000/USBHub3p-2[A]@14700000/AppleUSB20Hub@14700000/AppleUSB20HubPort@14740000/USBHub3p-2[0-3]@14740000/AppleUSB20Hub@14740000/AppleUSB20HubPort@14743000/PRO K/DA@14743000/IOUSBHostInterface@1/AppleUserUSBHostHIDDevice", "parentPath": ""}]}}