{
  "drivers": [],
  "extensions": {},
  "files": [
    {
      "path": "/Applications/lghub.app/Contents/CodeResources",
      "registerLibrary": false,
      "sha256": "108347bd9656f6c8435d647ad674c832cdbf1e26fa32229b851c6d148e475728"
    },
    {
      "path": "/Applications/lghub.app/Contents/_CodeSignature/CodeResources",
      "registerLibrary": false,
      "sha256": "fd10e60d5fb9af8cf407190cceef7e35c2b255d286a0ae37a8f27ab4c535a470"
    },
    {
      "path": "/Applications/lghub.app/Contents/MacOS/lghub",
      "registerLibrary": false,
      "sha256": "6585687e8776baeaa4f7f99e6d7ea266c5d5f742fe50752a5908983149f67184"
    },
    {
      "path": "/Applications/lghub.app/Contents/Resources/zh-TW.lproj/Localizable.strings",
      "registerLibrary": false,
      "sha256": "e7c3f2760f5438ba75bb2890d86745939a236110179078c80a644802dd73678d"
    },
    {
      "path": "/Applications/lghub.app/Contents/Resources/zh-TW.lproj/InfoPlist.strings",
      "registerLibrary": false,
      "sha256": "2055441d8c6edd093d26e0feab09a08fd4bb968a8bb549a5925781bf7df72d6e"
    },
    {
      "path": "/Applications/lghub.app/Contents/Resources/icon.png",
      "registerLibrary": false,
      "sha256": "67d0957daca9717fe862746dd968097c7ac30fc718cc580c2563a5a85c6d23be"
    },
    {
      "path": "/Applications/lghub.app/Contents/Resources/it-IT.lproj/Localizable.strings",
      "registerLibrary": false,
      "sha256": "d5d45bf98083e8da30c38137aaa5a8802b1a38dd57f17a61d41a1c5e9606d09a"
    },
    {
      "path": "/Applications/lghub.app/Contents/Resources/it-IT.lproj/InfoPlist.strings",
      "registerLibrary": false,
      "sha256": "3b961627dfb8b84a4afa2a6fcb1e138f0d83faa327eb0ba5a3f8e893f889ea71"
    },
    {
      "path": "/Applications/lghub.app/Contents/Resources/nb-NO.lproj/Localizable.strings",
      "registerLibrary": false,
      "sha256": "c80f93bde877fd28d53bed74c154dfaf8988768f6046c8deb3a7235fbb0b4fdd"
    },
    {
      "path": "/Applications/lghub.app/Contents/Resources/nb-NO.lproj/InfoPlist.strings",
      "registerLibrary": false,
      "sha256": "e0f511f34d2618c24700fb40f5de6a53ce30be0fa7f9ace56e446e97ebdb4905"
    },
    {
      "path": "/Applications/lghub.app/Contents/Resources/electron.icns",
      "registerLibrary": false,
      "sha256": "62839cbe0078f298211ceb84d4edb5745f3be487d47917e7831cb49cfbb045e5"
    },
    {
      "path": "/Applications/lghub.app/Contents/Resources/app.asar",
      "registerLibrary": false,
      "sha256": "cd7a5a94353eabfc2023846848a0276c0f9e6df2dbe3eedb8eddbd4b013feeda"
    },
    {
      "path": "/Applications/lghub.app/Contents/Resources/ru-RU.lproj/Localizable.strings",
      "registerLibrary": false,
      "sha256": "128a5e1d85080e000904a219de1a237e4a95fecc39d6d63d94add4b0ef56d4e1"
    },
    {
      "path": "/Applications/lghub.app/Contents/Resources/ru-RU.lproj/InfoPlist.strings",
      "registerLibrary": false,
      "sha256": "97ce0055aeef69bc0de0f0c6172f39cf8aa71effeb6514a3d63be2e0784b7cb3"
    },
    {
      "path": "/Applications/lghub.app/Contents/Resources/tr-TR.lproj/Localizable.strings",
      "registerLibrary": false,
      "sha256": "61cd351567e27fcdc5aa21e56cd1f8706a2438eda9b670372d81f51cd74a20f1"
    },
    {
      "path": "/Applications/lghub.app/Contents/Resources/tr-TR.lproj/InfoPlist.strings",
      "registerLibrary": false,
      "sha256": "5cb36f2d6bb5f9d03f82e1c05f315a37fb1b147dc700821a722a781017ebb32f"
    },
    {
      "path": "/Applications/lghub.app/Contents/Resources/es-ES.lproj/Localizable.strings",
      "registerLibrary": false,
      "sha256": "c0f0358f2877216fba54e0dc903882f5bfb320756bb52566f7c589a043e0ca16"
    },
    {
      "path": "/Applications/lghub.app/Contents/Resources/es-ES.lproj/InfoPlist.strings",
      "registerLibrary": false,
      "sha256": "964bd8a99bb46331a8b9f1f07168bd5ec79fba3d1afc8b440e4642a4ac81cb5f"
    },
    {
      "path": "/Applications/lghub.app/Contents/Resources/fr-FR.lproj/Localizable.strings",
      "registerLibrary": false,
      "sha256": "7d69d4a40bf61d70d4b6b05605fee9fa7dba207f02c6d6bd0ec0b8f183aa1151"
    },
    {
      "path": "/Applications/lghub.app/Contents/Resources/fr-FR.lproj/InfoPlist.strings",
      "registerLibrary": false,
      "sha256": "03f464bcc4a49b60c99dfd70aa87fda0bfb1adaec7f465b2a4c7b173bb24a49e"
    },
    {
      "path": "/Applications/lghub.app/Contents/Resources/ja-JP.lproj/Localizable.strings",
      "registerLibrary": false,
      "sha256": "e930f4cde37db03d21669d14e17d5bf988cc9e4785e96e6715598e165506cd9a"
    },
    {
      "path": "/Applications/lghub.app/Contents/Resources/ja-JP.lproj/InfoPlist.strings",
      "registerLibrary": false,
      "sha256": "abc019344d017c6ebcbba0f77f91aa8605dfb7961d88a2927b0b2552c9713d0f"
    },
    {
      "path": "/Applications/lghub.app/Contents/Resources/ko-KR.lproj/Localizable.strings",
      "registerLibrary": false,
      "sha256": "0099689c32861110a2268f0e58f4095f5cec8a6b2133901f37cdb3de4920f3f8"
    },
    {
      "path": "/Applications/lghub.app/Contents/Resources/ko-KR.lproj/InfoPlist.strings",
      "registerLibrary": false,
      "sha256": "58c17df7ca759f863ade97b2a578cef65484077e6171da1b261673b2bc74c994"
    },
    {
      "path": "/Applications/lghub.app/Contents/Resources/Base.lproj/Localizable.strings",
      "registerLibrary": false,
      "sha256": "a9c4d33131eb1e29c02f3a955ba60a1613be1fc4a515ceb35dd2f5042ec1b90d"
    },
    {
      "path": "/Applications/lghub.app/Contents/Resources/Base.lproj/InfoPlist.strings",
      "registerLibrary": false,
      "sha256": "8f9b42c1de21c906cfcc425b3ef6dc01f1c8f84150fdbe7bf083e7bafabdb5dd"
    },
    {
      "path": "/Applications/lghub.app/Contents/Resources/fi-FI.lproj/Localizable.strings",
      "registerLibrary": false,
      "sha256": "b77c0715a187bc8aeafaf7af206523e7b2a846d33baaeb9ec821a499f61e589c"
    },
    {
      "path": "/Applications/lghub.app/Contents/Resources/fi-FI.lproj/InfoPlist.strings",
      "registerLibrary": false,
      "sha256": "bed896b384cc3165a1b8c9afe6f92b602794328cb320d672f651dfefff3702dc"
    },
    {
      "path": "/Applications/lghub.app/Contents/Resources/da-DK.lproj/Localizable.strings",
      "registerLibrary": false,
      "sha256": "58062d19516f69b0be0039632733d5be96dadde29fa158166cf27c9507d7dd1c"
    },
    {
      "path": "/Applications/lghub.app/Contents/Resources/da-DK.lproj/InfoPlist.strings",
      "registerLibrary": false,
      "sha256": "a6f0753a16d6ad9b7a4b9f390c12c38e968c5ca6b60af9be41cced786fabf575"
    },
    {
      "path": "/Applications/lghub.app/Contents/Resources/hu-HU.lproj/Localizable.strings",
      "registerLibrary": false,
      "sha256": "f433388df2bc1e67ec100d526be907d51de02a9c66c04c8476b6636e36e21ff0"
    },
    {
      "path": "/Applications/lghub.app/Contents/Resources/hu-HU.lproj/InfoPlist.strings",
      "registerLibrary": false,
      "sha256": "2953520068abb128b5ac29582299800618bc36e468a4a0c4a426fa1bb15b30fe"
    },
    {
      "path": "/Applications/lghub.app/Contents/Resources/app.asar.unpacked/node_modules/keytar/build/Release/keytar.node",
      "registerLibrary": false,
      "sha256": "426107680023a7f30e45b74e69ab29ff1749430dcf9c32b2b4737ef31673a796"
    },
    {
      "path": "/Applications/lghub.app/Contents/Resources/pt-BR.lproj/Localizable.strings",
      "registerLibrary": false,
      "sha256": "5e8c16e9e4f25b5214a29f6e9dc622227b859ea1e1d438e46fbe561aa8d09fca"
    },
    {
      "path": "/Applications/lghub.app/Contents/Resources/pt-BR.lproj/InfoPlist.strings",
      "registerLibrary": false,
      "sha256": "ae152f121e024f81832cdccf6ed7f124b9cd816b3f316c1a172f8c78bc9e6cb5"
    },
    {
      "path": "/Applications/lghub.app/Contents/Resources/nl-NL.lproj/Localizable.strings",
      "registerLibrary": false,
      "sha256": "3dd52cb7d2d963812608ec5b42215109003a030fc1716e30861da5f0f0567f83"
    },
    {
      "path": "/Applications/lghub.app/Contents/Resources/nl-NL.lproj/InfoPlist.strings",
      "registerLibrary": false,
      "sha256": "46426d99b17b03ef4d42422a887e1f0931dde80ac36394db991a442f6a8f9f87"
    },
    {
      "path": "/Applications/lghub.app/Contents/Resources/cs-CZ.lproj/Localizable.strings",
      "registerLibrary": false,
      "sha256": "9e7040b3913598e29503c41f91c938660fa3131275945aed245f4252de5fb80d"
    },
    {
      "path": "/Applications/lghub.app/Contents/Resources/cs-CZ.lproj/InfoPlist.strings",
      "registerLibrary": false,
      "sha256": "caca3f34e7c41287eb13c519f17a1abaf0e23d18249eadd03ec02d04bcc1b165"
    },
    {
      "path": "/Applications/lghub.app/Contents/Resources/zh-CN.lproj/Localizable.strings",
      "registerLibrary": false,
      "sha256": "7dded5c99846fa3197221eae2cb2eb31fdee5702eb71179d1f01f7a1efb7d8a4"
    },
    {
      "path": "/Applications/lghub.app/Contents/Resources/zh-CN.lproj/InfoPlist.strings",
      "registerLibrary": false,
      "sha256": "c09f676ee16d887f6640b9cfa1033391637e22490badca03d2311d7bdae347a5"
    },
    {
      "path": "/Applications/lghub.app/Contents/Resources/de-DE.lproj/Localizable.strings",
      "registerLibrary": false,
      "sha256": "84e743b069b13f68ec9d11ba0c1ee3191ee31287e88cef0e5d865af991a5bab1"
    },
    {
      "path": "/Applications/lghub.app/Contents/Resources/de-DE.lproj/InfoPlist.strings",
      "registerLibrary": false,
      "sha256": "4236a828cf31c58ce413323bbca072c598c9d7d3de6cda4e69c84c820e0047b7"
    },
    {
      "path": "/Applications/lghub.app/Contents/Resources/pl-PL.lproj/Localizable.strings",
      "registerLibrary": false,
      "sha256": "08058a5fe2b71a97dd20dd9b1e2f8ef6e4fa598a13e23c83855516f5236d97f6"
    },
    {
      "path": "/Applications/lghub.app/Contents/Resources/pl-PL.lproj/InfoPlist.strings",
      "registerLibrary": false,
      "sha256": "af6879a0ac7df849b4393408407cfa27bb87215c5372f3cc21956b0ed4c02fd9"
    },
    {
      "path": "/Applications/lghub.app/Contents/Resources/sv-SE.lproj/Localizable.strings",
      "registerLibrary": false,
      "sha256": "9d631dda4c790763964929a685b3d5d23e89fbe6f6c5683da1c9c61534c94f81"
    },
    {
      "path": "/Applications/lghub.app/Contents/Resources/sv-SE.lproj/InfoPlist.strings",
      "registerLibrary": false,
      "sha256": "5fcd48068dbf80d35d0754f337f48b59874572bb4e85ccbd8edd9e72abf8f134"
    },
    {
      "path": "/Applications/lghub.app/Contents/embedded.provisionprofile",
      "registerLibrary": false,
      "sha256": "bed18d764732f406e49fe6723d7d5f677d36e42920efeb528079607fd242036b"
    },
    {
      "path": "/Applications/lghub.app/Contents/Frameworks/lghub Helper.app/Contents/_CodeSignature/CodeResources",
      "registerLibrary": false,
      "sha256": "6686de10a28a2fe11b36cbb86dcbacc827cfc4ea116b4dabf1845e5aee629e9b"
    },
    {
      "path": "/Applications/lghub.app/Contents/Frameworks/lghub Helper.app/Contents/MacOS/lghub Helper",
      "registerLibrary": false,
      "sha256": "e51ea600750f0a847ed0de78b6e69638f09e73f09704e2966b5bd0b6b4a6db00"
    },
    {
      "path": "/Applications/lghub.app/Contents/Frameworks/lghub Helper.app/Contents/Info.plist",
      "registerLibrary": false,
      "sha256": "06878bde5e938d4f07a2522dc579734b17f7654f156278605549ed30126e3aa8"
    },
    {
      "path": "/Applications/lghub.app/Contents/Frameworks/lghub Helper.app/Contents/PkgInfo",
      "registerLibrary": false,
      "sha256": "82502191c9484b04d685374f9879a0066069c49b8acae7a04b01d38d07e8eca0"
    },
    {
      "path": "/Applications/lghub.app/Contents/Frameworks/lghub_agent.app/Contents/CodeResources",
      "registerLibrary": false,
      "sha256": "095f8f33b0fa0c97cbb6d356a3299dd9fccd34265d8d091cec0e370567e22c44"
    },
    {
      "path": "/Applications/lghub.app/Contents/Frameworks/lghub_agent.app/Contents/_CodeSignature/CodeResources",
      "registerLibrary": false,
      "sha256": "b335e7e2114c0b96b27b968ff81f6eea1fea00867d561382283fca3ce759eb7c"
    },
    {
      "path": "/Applications/lghub.app/Contents/Frameworks/lghub_agent.app/Contents/MacOS/lghub_agent.dSYM/Contents/Resources/DWARF/lghub_agent",
      "registerLibrary": false,
      "sha256": "4f2cb86378ee958988e310671f8fa97598bb443c4bb06f08e8f87c8922b5ee9f"
    },
    {
      "path": "/Applications/lghub.app/Contents/Frameworks/lghub_agent.app/Contents/MacOS/lghub_agent.dSYM/Contents/Info.plist",
      "registerLibrary": false,
      "sha256": "f94e90c5ace205e7c48f9028bfc928e778de25b7f57147e983534a32a55db498"
    },
    {
      "path": "/Applications/lghub.app/Contents/Frameworks/lghub_agent.app/Contents/MacOS/logi_crashpad_handler",
      "registerLibrary": false,
      "sha256": "ee90482c8f05fc9d232f988701a51021c7d9a9b113f9173230b3d50436430c22"
    },
    {
      "path": "/Applications/lghub.app/Contents/Frameworks/lghub_agent.app/Contents/MacOS/lghub_agent",
      "registerLibrary": false,
      "sha256": "9cfd65f654d26dd1aed403d80301c5998cd00805ae5037b7bf5300f6661086b7"
    },
    {
      "path": "/Applications/lghub.app/Contents/Frameworks/lghub_agent.app/Contents/PlugIns/platforms/libqcocoa.dylib",
      "registerLibrary": false,
      "sha256": "7af4874d2a6fc1e27633269751b59ca979fe543d6bfe269a0c16a875dc39177c"
    },
    {
      "path": "/Applications/lghub.app/Contents/Frameworks/lghub_agent.app/Contents/PlugIns/printsupport/libcocoaprintersupport.dylib",
      "registerLibrary": false,
      "sha256": "e4ff7585d9fc98a277c9cdd227a6cf865eead00bdc172ed206d47ab358bc2840"
    },
    {
      "path": "/Applications/lghub.app/Contents/Frameworks/lghub_agent.app/Contents/PlugIns/styles/libqmacstyle.dylib",
      "registerLibrary": false,
      "sha256": "857416e1fbb94edd5a289f9d679fede820e845e5dd98d78022283c3f47cf7054"
    },
    {
      "path": "/Applications/lghub.app/Contents/Frameworks/lghub_agent.app/Contents/PlugIns/bearer/libqgenericbearer.dylib",
      "registerLibrary": false,
      "sha256": "f80a5bce71a3a90ce3d574b2cc7f5b3b8b6d46a6c6b8cc534dffed5c37ddace3"
    },
    {
      "path": "/Applications/lghub.app/Contents/Frameworks/lghub_agent.app/Contents/PlugIns/iconengines/libqsvgicon.dylib",
      "registerLibrary": false,
      "sha256": "187c81838a9cab37d24dc03f8954502241a27794e55cd0e315b6cd982ece47b3"
    },
    {
      "path": "/Applications/lghub.app/Contents/Frameworks/lghub_agent.app/Contents/PlugIns/imageformats/libqgif.dylib",
      "registerLibrary": false,
      "sha256": "a9ab3e0c9b919c03298be45c88e08efe019e667e9005ad7d2ae33efeca5d98bd"
    },
    {
      "path": "/Applications/lghub.app/Contents/Frameworks/lghub_agent.app/Contents/PlugIns/imageformats/libqico.dylib",
      "registerLibrary": false,
      "sha256": "1587b68f98f4e7b26fd9e6b50d6197a878d294fc97710b5ee264389abfe1e9ca"
    },
    {
      "path": "/Applications/lghub.app/Contents/Frameworks/lghub_agent.app/Contents/PlugIns/imageformats/libqjpeg.dylib",
      "registerLibrary": false,
      "sha256": "e68c5cbcfa30dcb3cfa05e52fab1369395589e043a2073918e1cdf2978f280ef"
    },
    {
      "path": "/Applications/lghub.app/Contents/Frameworks/lghub_agent.app/Contents/PlugIns/imageformats/libqsvg.dylib",
      "registerLibrary": false,
      "sha256": "8fdf066fe9167daad95042737271e7988c5e0799d65e64c251e639af34a26d9e"
    },
    {
      "path": "/Applications/lghub.app/Contents/Frameworks/lghub_agent.app/Contents/Resources/qt.conf",
      "registerLibrary": false,
      "sha256": "aa97375f75685d268b1db060f26bc955931c1688312300b61d998115f8001fb0"
    },
    {
      "path": "/Applications/lghub.app/Contents/Frameworks/lghub_agent.app/Contents/Resources/data/card_presets.json",
      "registerLibrary": false,
      "sha256": "cc4b3f112bed2ba639a8fe92def60d92e0a27046e4bf24351357d24dcbc1a958"
    },
    {
      "path": "/Applications/lghub.app/Contents/Frameworks/lghub_agent.app/Contents/Resources/data/eq_presets.json",
      "registerLibrary": false,
      "sha256": "52dbedb1d1b51605d060d6cf107f4b92b11d7c65ea8bd45b986ac5ce91c71e3d"
    },
    {
      "path": "/Applications/lghub.app/Contents/Frameworks/lghub_agent.app/Contents/Resources/data/sounds/71ChannelCheckSound.wma",
      "registerLibrary": false,
      "sha256": "3a25eb44361ddcc39ea78443ef4a5f94e3a3025d569ff9af1043ce37a4376e11"
    },
    {
      "path": "/Applications/lghub.app/Contents/Frameworks/lghub_agent.app/Contents/Resources/data/video_filters.json",
      "registerLibrary": false,
      "sha256": "ed585cc87111cc77308ebd3609484ba867e33711bd1672afd0c8f955e56fa795"
    },
    {
      "path": "/Applications/lghub.app/Contents/Frameworks/lghub_agent.app/Contents/Resources/data/lighting/effect_prefabs.json",
      "registerLibrary": false,
      "sha256": "6769b45a35e8b96b6aa0cc78437f7b572308db76d268c503d8f4b39a6253600e"
    },
    {
      "path": "/Applications/lghub.app/Contents/Frameworks/lghub_agent.app/Contents/Resources/data/lighting/effect_presets.json",
      "registerLibrary": false,
      "sha256": "ca9275ddec7a37afccb50506ecd5c2dde3edfac85572c588976a7443e6c3804b"
    },
    {
      "path": "/Applications/lghub.app/Contents/Frameworks/lghub_agent.app/Contents/Resources/data/lighting/effects/mono-verticool.json",
      "registerLibrary": false,
      "sha256": "a80e2cb59c978f67e1f8bdeb9da0bb599e866886984b495c692db149b1027853"
    },
    {
      "path": "/Applications/lghub.app/Contents/Frameworks/lghub_agent.app/Contents/Resources/data/lighting/effects/verticool.json",
      "registerLibrary": false,
      "sha256": "5707278f46ab60b690a685b99db8e7b352ee54c2764ffcb0344c4206e963e87e"
    },
    {
      "path": "/Applications/lghub.app/Contents/Frameworks/lghub_agent.app/Contents/Resources/data/lighting/effects/audio-visualizer-mouse-rgb-per-key.json",
      "registerLibrary": false,
      "sha256": "4d632d63a5e7f83e354b388c5350ee78e15b4070e4fa7978cbc3b4c3a0ab16ed"
    },
    {
      "path": "/Applications/lghub.app/Contents/Frameworks/lghub_agent.app/Contents/Resources/data/lighting/effects/oceanwave.json",
      "registerLibrary": false,
      "sha256": "44574d1c69970d72937a8431ce446f27b4616c8796515f391709f6e9d6344ee3"
    },
    {
      "path": "/Applications/lghub.app/Contents/Frameworks/lghub_agent.app/Contents/Resources/data/lighting/effects/screen_sampler-kb.json",
      "registerLibrary": false,
      "sha256": "1439abfae3fcff6071e4b8e9c649ad59f23c244e99f59fbeae7711aed5a34355"
    },
    {
      "path": "/Applications/lghub.app/Contents/Frameworks/lghub_agent.app/Contents/Resources/data/lighting/effects/audio-visualizer-generic.json",
      "registerLibrary": false,
      "sha256": "b41a715e74aa2d4805faa2caa11c0a825cc83aba3b6249d0d166d3ec7669e64d"
    },
    {
      "path": "/Applications/lghub.app/Contents/Frameworks/lghub_agent.app/Contents/Resources/data/lighting/effects/mouse-redwhiteblue.json",
      "registerLibrary": false,
      "sha256": "7eeaa85cd47e8fa35d1648be7fc0d09805e60494b785320605ea70488f49d168"
    },
    {
      "path": "/Applications/lghub.app/Contents/Frameworks/lghub_agent.app/Contents/Resources/data/lighting/effects/screen_sampler.json",
      "registerLibrary": false,
      "sha256": "d5ac503f38c2fefcc5be5577f194d4c721beee7f21ff7fe9d67112df86b3bd89"
    },
    {
      "path": "/Applications/lghub.app/Contents/Frameworks/lghub_agent.app/Contents/Resources/data/lighting/effects/redwhiteblue.json",
      "registerLibrary": false,
      "sha256": "d84658b5d4939025bc8e579500eb9bb5fa5710ce33b67866d1d3a3b6b982ec80"
    },
    {
      "path": "/Applications/lghub.app/Contents/Frameworks/lghub_agent.app/Contents/Resources/data/lighting/effects/audio-visualizer-kb-per-key.json",
      "registerLibrary": false,
      "sha256": "8ebf1b61d3e47807c8b4785d66d99ac7f70a9e059c9cac97453466e128ff9332"
    },
    {
      "path": "/Applications/lghub.app/Contents/Frameworks/lghub_agent.app/Contents/Resources/data/lighting/effects/mono-contrastic.json",
      "registerLibrary": false,
      "sha256": "bb57df227a93eab37042de0d9417c001b3bcc11d9f55bb1c02fd1324171dc774"
    },
    {
      "path": "/Applications/lghub.app/Contents/Frameworks/lghub_agent.app/Contents/Resources/data/lighting/effects/contrastic.json",
      "registerLibrary": false,
      "sha256": "e53cbb9c45b3fa9b063294acd3e15cb49b79cb35b649eda3990414c5708e8a2c"
    },
    {
      "path": "/Applications/lghub.app/Contents/Frameworks/lghub_agent.app/Contents/Resources/data/lighting/effects/lightning.json",
      "registerLibrary": false,
      "sha256": "62eea001519c72783bfbf2aaeb2981efe2c4b97265f48ce826ef226b7d41b075"
    },
    {
      "path": "/Applications/lghub.app/Contents/Frameworks/lghub_agent.app/Contents/Resources/data/lighting/effects/audio-visualizer-kb-zonal.json",
      "registerLibrary": false,
      "sha256": "02aca6a33c7c68fe446b17d1d8ad5916f37f8cbf6f8e7f0a23f4a92af8022ab0"
    },
    {
      "path": "/Applications/lghub.app/Contents/Frameworks/lghub_agent.app/Contents/Resources/data/lighting/effects/mouse-oceanwave.json",
      "registerLibrary": false,
      "sha256": "eaf30db6c25a7dc7ccbfccafd9a9079026c23f667c6859c1bc9985b93132fa73"
    },
    {
      "path": "/Applications/lghub.app/Contents/Frameworks/lghub_agent.app/Contents/Resources/data/lighting/effects/screen_sampler-mrpk.json",
      "registerLibrary": false,
      "sha256": "59f23dbf43a1addf45abe431dc104487b4a35823a2bb7c6a588cd66199e76e0a"
    },
    {
      "path": "/Applications/lghub.app/Contents/Frameworks/lghub_agent.app/Contents/Resources/data/lighting/effects/mouse-verticool.json",
      "registerLibrary": false,
      "sha256": "fe6a3ad7c0ba1b2f627406c24a390a634b5e70b1ddc38727d4f91418b957c154"
    },
    {
      "path": "/Applications/lghub.app/Contents/Frameworks/lghub_agent.app/Contents/Resources/data/applications.json",
      "registerLibrary": false,
      "sha256": "4386f2090246b92ced493be520ae7efc939262ef3944d7a5bf0bee43d29e9e4d"
    },
    {
      "path": "/Applications/lghub.app/Contents/Frameworks/lghub_agent.app/Contents/Resources/data/camera_presets.json",
      "registerLibrary": false,
      "sha256": "8bb8e44a057ad33601d60563712fd9d467945b120e958064390d41e5dbca19e0"
    },
    {
      "path": "/Applications/lghub.app/Contents/Frameworks/lghub_agent.app/Contents/Resources/data/tray_osx.png",
      "registerLibrary": false,
      "sha256": "9a927552ca455af375103c5aed55aed8a9a61dd555790715020f2c339bd0eecb"
    },
    {
      "path": "/Applications/lghub.app/Contents/Frameworks/lghub_agent.app/Contents/Resources/data/pro_eq_presets.json",
      "registerLibrary": false,
      "sha256": "4c51126b20550b830fb5d32a655bb60398dc62b2a6de915c0e15085473e75dbc"
    },
    {
      "path": "/Applications/lghub.app/Contents/Frameworks/lghub_agent.app/Contents/Library/SystemExtensions/com.logi.ghub.hidfilter.dext/_CodeSignature/CodeResources",
      "registerLibrary": false,
      "sha256": "ca570dca31780f567d0e311ec91749116afe1f5bc065646ae23cf8a10369f801"
    },
    {
      "path": "/Applications/lghub.app/Contents/Frameworks/lghub_agent.app/Contents/Library/SystemExtensions/com.logi.ghub.hidfilter.dext/com.logi.ghub.hidfilter",
      "registerLibrary": false,
      "sha256": "44d35b00eb56c1b03d37a4b7fef3922c4ec6c86a285708cb0a4a70d017d2d985"
    },
    {
      "path": "/Applications/lghub.app/Contents/Frameworks/lghub_agent.app/Contents/Library/SystemExtensions/com.logi.ghub.hidfilter.dext/embedded.provisionprofile",
      "registerLibrary": false,
      "sha256": "1209c8e658ec9f48c3ca7fb3e0258faeada8160ba426cdf9bb948bf95dd21cb5"
    },
    {
      "path": "/Applications/lghub.app/Contents/Frameworks/lghub_agent.app/Contents/Library/SystemExtensions/com.logi.ghub.hidfilter.dext/Info.plist",
      "registerLibrary": false,
      "sha256": "275094d299c62afa7460d1c4eedbbe4272b59db5492b43ce0c5004efa3c4112f"
    },
    {
      "path": "/Applications/lghub.app/Contents/Frameworks/lghub_agent.app/Contents/embedded.provisionprofile",
      "registerLibrary": false,
      "sha256": "538de421f343710602b29c642444db42e6ab1eb4030dbb24071bec6ca5676fe0"
    },
    {
      "path": "/Applications/lghub.app/Contents/Frameworks/lghub_agent.app/Contents/Frameworks/libQt5Network.5.dylib",
      "registerLibrary": false,
      "sha256": "97b80156265978915d0eca1ad30c8c9573805d5a4956cf835a60a54d442b0d12"
    },
    {
      "path": "/Applications/lghub.app/Contents/Frameworks/lghub_agent.app/Contents/Frameworks/libQt5DBus.5.dylib",
      "registerLibrary": false,
      "sha256": "00ee321850ca810e906c0488d0fa29a387e0e406cad9f205b31fe66831b3cbbb"
    },
    {
      "path": "/Applications/lghub.app/Contents/Frameworks/lghub_agent.app/Contents/Frameworks/libQt5Core.5.dylib",
      "registerLibrary": false,
      "sha256": "9762546d2de3887a71b3237109f2efc9ceb43f08ed3dcf9411d9e12e5b3f28d3"
    },
    {
      "path": "/Applications/lghub.app/Contents/Frameworks/lghub_agent.app/Contents/Frameworks/libQt5PrintSupport.5.dylib",
      "registerLibrary": false,
      "sha256": "1a43446a2a618821006e489726708faa0f0111b523f41a84cd60cf0e3766a0b3"
    },
    {
      "path": "/Applications/lghub.app/Contents/Frameworks/lghub_agent.app/Contents/Frameworks/libQt5Concurrent.5.dylib",
      "registerLibrary": false,
      "sha256": "b5819a7d700546ef5946bf1bf96a909a5559bbdea740fdde8d49b0eeb27cfe21"
    },
    {
      "path": "/Applications/lghub.app/Contents/Frameworks/lghub_agent.app/Contents/Frameworks/libQt5Svg.5.dylib",
      "registerLibrary": false,
      "sha256": "ccc78b3063d864be8188eeda86afe76be02b393b3ad3fef9683d7cab40c0d057"
    },
    {
      "path": "/Applications/lghub.app/Contents/Frameworks/lghub_agent.app/Contents/Frameworks/libQt5Widgets.5.dylib",
      "registerLibrary": false,
      "sha256": "f925bee7367304c40952512c097303ea7cf3f088cb5eac0e9f3b963c4ba1df34"
    },
    {
      "path": "/Applications/lghub.app/Contents/Frameworks/lghub_agent.app/Contents/Frameworks/libQt5Gui.5.dylib",
      "registerLibrary": false,
      "sha256": "4bce9ba4c3151cbd37813b6a437f18fc1fe3e24c506f8968e522389c06509f60"
    },
    {
      "path": "/Applications/lghub.app/Contents/Frameworks/lghub_agent.app/Contents/Info.plist",
      "registerLibrary": false,
      "sha256": "2fa745754f06626345b304d76caa68871a6834667667ac3927a06dd66bd3838c"
    },
    {
      "path": "/Applications/lghub.app/Contents/Frameworks/lghub_agent.app/Contents/PkgInfo",
      "registerLibrary": false,
      "sha256": "e079b5c8da7c98ad0b93984550aa9cbe921d34d1a3d7e25d1410d9c74f5dad83"
    },
    {
      "path": "/Applications/lghub.app/Contents/Frameworks/Electron Framework.framework/Electron Framework",
      "registerLibrary": false,
      "sha256": ""
    },
    {
      "path": "/Applications/lghub.app/Contents/Frameworks/Electron Framework.framework/Versions/A/_CodeSignature/CodeResources",
      "registerLibrary": false,
      "sha256": "f7064e575c0895129ad0533417189ff16fe9728a33f7e64a439de4485c03fee0"
    },
    {
      "path": "/Applications/lghub.app/Contents/Frameworks/Electron Framework.framework/Versions/A/Electron Framework",
      "registerLibrary": false,
      "sha256": "d0efb250b37b9310c36f7c18c4de24a4a381b201d35c55f72550d765e874b9d7"
    },
    {
      "path": "/Applications/lghub.app/Contents/Frameworks/Electron Framework.framework/Versions/A/Resources/de.lproj/locale.pak",
      "registerLibrary": false,
      "sha256": "df0e64e3a83d34f49c82f679b080023e6c35fea67631fed4383db6028809fd14"
    },
    {
      "path": "/Applications/lghub.app/Contents/Frameworks/Electron Framework.framework/Versions/A/Resources/he.lproj/locale.pak",
      "registerLibrary": false,
      "sha256": "58ffcb7501470b00b5f12eb64b8734eb016df8db6c7c01d7535d246e58d60757"
    },
    {
      "path": "/Applications/lghub.app/Contents/Frameworks/Electron Framework.framework/Versions/A/Resources/ar.lproj/locale.pak",
      "registerLibrary": false,
      "sha256": "c81c9bfe194d1019371f2f2f8734b0d732f2cf15932dbdfe813013339fd8cd78"
    },
    {
      "path": "/Applications/lghub.app/Contents/Frameworks/Electron Framework.framework/Versions/A/Resources/el.lproj/locale.pak",
      "registerLibrary": false,
      "sha256": "b594da0a39b998714fb05fdc89fb1fa92962f86ab7f5745e72f493a30034dc41"
    },
    {
      "path": "/Applications/lghub.app/Contents/Frameworks/Electron Framework.framework/Versions/A/Resources/ja.lproj/locale.pak",
      "registerLibrary": false,
      "sha256": "2bafb9b07d292da87aa622f3cbd92cb9ee96ea8739dd59825527a98f0eb4eac6"
    },
    {
      "path": "/Applications/lghub.app/Contents/Frameworks/Electron Framework.framework/Versions/A/Resources/fa.lproj/locale.pak",
      "registerLibrary": false,
      "sha256": "f901ce56a908c4c9bc6f3ae51372b5b478a9d4ffebd798b64b889d0fc2013732"
    },
    {
      "path": "/Applications/lghub.app/Contents/Frameworks/Electron Framework.framework/Versions/A/Resources/mr.lproj/locale.pak",
      "registerLibrary": false,
      "sha256": "bb7597a69088e2906af6ca3b0a51b63e23c8b425d9e5555d90ba6cb60c25d28f"
    },
    {
      "path": "/Applications/lghub.app/Contents/Frameworks/Electron Framework.framework/Versions/A/Resources/en.lproj/locale.pak",
      "registerLibrary": false,
      "sha256": "016cf7be6e905091339019d985910933551821229c1f0547b8e72ecfdc58321d"
    },
    {
      "path": "/Applications/lghub.app/Contents/Frameworks/Electron Framework.framework/Versions/A/Resources/chrome_200_percent.pak",
      "registerLibrary": false,
      "sha256": "9242682a384cd02a5a1204924701e00aa84362f99de947a065071a4104a526c7"
    },
    {
      "path": "/Applications/lghub.app/Contents/Frameworks/Electron Framework.framework/Versions/A/Resources/uk.lproj/locale.pak",
      "registerLibrary": false,
      "sha256": "78e324cc7258fdefca07c3385e756378cf70a17461cb80e9c220000e689269be"
    },
    {
      "path": "/Applications/lghub.app/Contents/Frameworks/Electron Framework.framework/Versions/A/Resources/es_419.lproj/locale.pak",
      "registerLibrary": false,
      "sha256": "0f5683b4345ee2f7ea815bc626cc8d5aee329c5e5bda8fa1c286708a9977a9c5"
    },
    {
      "path": "/Applications/lghub.app/Contents/Frameworks/Electron Framework.framework/Versions/A/Resources/gu.lproj/locale.pak",
      "registerLibrary": false,
      "sha256": "9060928611cca58b8b93f13b783501a930b5bbf2d509b38ee88142ebd272216c"
    },
    {
      "path": "/Applications/lghub.app/Contents/Frameworks/Electron Framework.framework/Versions/A/Resources/zh_CN.lproj/locale.pak",
      "registerLibrary": false,
      "sha256": "b740d447e2ba30617a85ff42ab154a47ec9936c76c5ac82f4ff41c80091e999f"
    },
    {
      "path": "/Applications/lghub.app/Contents/Frameworks/Electron Framework.framework/Versions/A/Resources/kn.lproj/locale.pak",
      "registerLibrary": false,
      "sha256": "82b1de5de763f1e8a3e2ee5e8f55355ba225461462da39142c90a5decc46e668"
    },
    {
      "path": "/Applications/lghub.app/Contents/Frameworks/Electron Framework.framework/Versions/A/Resources/nb.lproj/locale.pak",
      "registerLibrary": false,
      "sha256": "d003dde74c298b8f4690102cb5bc215ebd6377f5514b8749cfb87785c6e90ee3"
    },
    {
      "path": "/Applications/lghub.app/Contents/Frameworks/Electron Framework.framework/Versions/A/Resources/chrome_100_percent.pak",
      "registerLibrary": false,
      "sha256": "4634ca9e0c605cb3a3acf45458a4702282451ea65c5c7a8dd9ac14def8661146"
    },
    {
      "path": "/Applications/lghub.app/Contents/Frameworks/Electron Framework.framework/Versions/A/Resources/am.lproj/locale.pak",
      "registerLibrary": false,
      "sha256": "ba5ec3ee1d279a760b7ccb8b35f1865bc457d26903aeb0a9c4b0df1f6da14681"
    },
    {
      "path": "/Applications/lghub.app/Contents/Frameworks/Electron Framework.framework/Versions/A/Resources/es.lproj/locale.pak",
      "registerLibrary": false,
      "sha256": "c2027cf983855507d8bea790d569272463b9f3e1883f974de1a47c58adb7a376"
    },
    {
      "path": "/Applications/lghub.app/Contents/Frameworks/Electron Framework.framework/Versions/A/Resources/sw.lproj/locale.pak",
      "registerLibrary": false,
      "sha256": "64c4c13a952dafef54bf2a85a1c7f7df5a9eeaf0c0abb79cfc7b2759069eb569"
    },
    {
      "path": "/Applications/lghub.app/Contents/Frameworks/Electron Framework.framework/Versions/A/Resources/sl.lproj/locale.pak",
      "registerLibrary": false,
      "sha256": "725eb7b9066e7288916a976890e0552040e5e4c6adb71fc0099de51776b0a93e"
    },
    {
      "path": "/Applications/lghub.app/Contents/Frameworks/Electron Framework.framework/Versions/A/Resources/pt_BR.lproj/locale.pak",
      "registerLibrary": false,
      "sha256": "098073068a94d5571244518c9c8e943902ff879fbbebe76ac19f5b08e4475b6f"
    },
    {
      "path": "/Applications/lghub.app/Contents/Frameworks/Electron Framework.framework/Versions/A/Resources/da.lproj/locale.pak",
      "registerLibrary": false,
      "sha256": "26583e7ca521f55f7ff67c54692211b7fe6b8730ee1316a6cd9b066afff39551"
    },
    {
      "path": "/Applications/lghub.app/Contents/Frameworks/Electron Framework.framework/Versions/A/Resources/et.lproj/locale.pak",
      "registerLibrary": false,
      "sha256": "eaad0eeb9e2d9e315883ed55f88347582aaca84260f5c04d7e4941efe0436a18"
    },
    {
      "path": "/Applications/lghub.app/Contents/Frameworks/Electron Framework.framework/Versions/A/Resources/it.lproj/locale.pak",
      "registerLibrary": false,
      "sha256": "486d92bfb0093bb5f577bda7bcc852fcff9008741c9f279271167c0a0c12fd1e"
    },
    {
      "path": "/Applications/lghub.app/Contents/Frameworks/Electron Framework.framework/Versions/A/Resources/bg.lproj/locale.pak",
      "registerLibrary": false,
      "sha256": "aa6f604dc320fe73433b6683689c755a6b433254409c8580ea4baea26290fe54"
    },
    {
      "path": "/Applications/lghub.app/Contents/Frameworks/Electron Framework.framework/Versions/A/Resources/sk.lproj/locale.pak",
      "registerLibrary": false,
      "sha256": "1e857409ef790ccf9d03bcf5809d2ce0a6a9caa900735dba4797f876b66d2010"
    },
    {
      "path": "/Applications/lghub.app/Contents/Frameworks/Electron Framework.framework/Versions/A/Resources/pt_PT.lproj/locale.pak",
      "registerLibrary": false,
      "sha256": "4a386400b45f8598fa3d871418b5c29bc633b12acae597a865de012bb9531543"
    },
    {
      "path": "/Applications/lghub.app/Contents/Frameworks/Electron Framework.framework/Versions/A/Resources/icudtl.dat",
      "registerLibrary": false,
      "sha256": "c61704cc9cf5797bf32301a2b3312158af3fe86eadc913d937031cf594760c2d"
    },
    {
      "path": "/Applications/lghub.app/Contents/Frameworks/Electron Framework.framework/Versions/A/Resources/sr.lproj/locale.pak",
      "registerLibrary": false,
      "sha256": "685bb6536320f7de6e21266dce0fc927dfd7df3a53b59dd4474b8f4dce225cd6"
    },
    {
      "path": "/Applications/lghub.app/Contents/Frameworks/Electron Framework.framework/Versions/A/Resources/ms.lproj/locale.pak",
      "registerLibrary": false,
      "sha256": "29b51613e9d831c41ec46f20299dbbe24ea1ee3bbb78db82a17425b3f9f865ee"
    },
    {
      "path": "/Applications/lghub.app/Contents/Frameworks/Electron Framework.framework/Versions/A/Resources/ta.lproj/locale.pak",
      "registerLibrary": false,
      "sha256": "ac01b7a396129161ef9d25ab7b5aa19734bbec7351f91456901b496a88769301"
    },
    {
      "path": "/Applications/lghub.app/Contents/Frameworks/Electron Framework.framework/Versions/A/Resources/ml.lproj/locale.pak",
      "registerLibrary": false,
      "sha256": "8387c013235d597ef20a7ed11e3c159c17ab7f959752395830531965847dc8f4"
    },
    {
      "path": "/Applications/lghub.app/Contents/Frameworks/Electron Framework.framework/Versions/A/Resources/sv.lproj/locale.pak",
      "registerLibrary": false,
      "sha256": "453fd9cafba28ca13d0d4452adcd5b4eca8c8bfc757d22416aadc57223152487"
    },
    {
      "path": "/Applications/lghub.app/Contents/Frameworks/Electron Framework.framework/Versions/A/Resources/te.lproj/locale.pak",
      "registerLibrary": false,
      "sha256": "888be7c741ab53229b8b694b50f8c721459b8803a3e31482eeb51323fc4a9d34"
    },
    {
      "path": "/Applications/lghub.app/Contents/Frameworks/Electron Framework.framework/Versions/A/Resources/cs.lproj/locale.pak",
      "registerLibrary": false,
      "sha256": "dcc7d08bde5badc67c8092f348aff3f93211cefb5deffcff631098292f838599"
    },
    {
      "path": "/Applications/lghub.app/Contents/Frameworks/Electron Framework.framework/Versions/A/Resources/ko.lproj/locale.pak",
      "registerLibrary": false,
      "sha256": "0cda04ee71768378baf7b90162aa923a69396880c42a604ad03ca296b53ebc12"
    },
    {
      "path": "/Applications/lghub.app/Contents/Frameworks/Electron Framework.framework/Versions/A/Resources/fil.lproj/locale.pak",
      "registerLibrary": false,
      "sha256": "8ac2536bba13549b1564e7c11440b75632c175b602971df56b0463a327e31d29"
    },
    {
      "path": "/Applications/lghub.app/Contents/Frameworks/Electron Framework.framework/Versions/A/Resources/MainMenu.nib/keyedobjects-101300.nib",
      "registerLibrary": false,
      "sha256": "13babb75242c97bafa04d38d5280cd284640b5e4de678d82f6f666f107926995"
    },
    {
      "path": "/Applications/lghub.app/Contents/Frameworks/Electron Framework.framework/Versions/A/Resources/MainMenu.nib/keyedobjects.nib",
      "registerLibrary": false,
      "sha256": "9e2410a85ef72b9171d1d3e0aca845bef0c90d46a40eb55b9342e43a3273dcb7"
    },
    {
      "path": "/Applications/lghub.app/Contents/Frameworks/Electron Framework.framework/Versions/A/Resources/hu.lproj/locale.pak",
      "registerLibrary": false,
      "sha256": "dd5b714830242fbf7f8a7512f0f821869699872b059a1c49fe3e32d5b8133588"
    },
    {
      "path": "/Applications/lghub.app/Contents/Frameworks/Electron Framework.framework/Versions/A/Resources/tr.lproj/locale.pak",
      "registerLibrary": false,
      "sha256": "daf543cd945404301771a6bbf2d89a1a12eed282724aa24c143943918eb7d309"
    },
    {
      "path": "/Applications/lghub.app/Contents/Frameworks/Electron Framework.framework/Versions/A/Resources/pl.lproj/locale.pak",
      "registerLibrary": false,
      "sha256": "5c8fddd2f12e98ba063912f618a7498163718801ad78ed0d67f516eadf2aeb0b"
    },
    {
      "path": "/Applications/lghub.app/Contents/Frameworks/Electron Framework.framework/Versions/A/Resources/zh_TW.lproj/locale.pak",
      "registerLibrary": false,
      "sha256": "536811d4895afbff7a962486a4e93d41416317910a437c294d3b0d70b4b07149"
    },
    {
      "path": "/Applications/lghub.app/Contents/Frameworks/Electron Framework.framework/Versions/A/Resources/en_GB.lproj/locale.pak",
      "registerLibrary": false,
      "sha256": "abda51787eefbdb1098957324aaa242385e465e0e9ab8d785fd6385da123e53c"
    },
    {
      "path": "/Applications/lghub.app/Contents/Frameworks/Electron Framework.framework/Versions/A/Resources/resources.pak",
      "registerLibrary": false,
      "sha256": "5bc7c2e935b92e341ee1035fbb14a4195e70aed3a62615ce4e6c3e0535b4f871"
    },
    {
      "path": "/Applications/lghub.app/Contents/Frameworks/Electron Framework.framework/Versions/A/Resources/vi.lproj/locale.pak",
      "registerLibrary": false,
      "sha256": "6d265db7e506801691d98674f8c1edefee9cdc2738de5c8a374cf4d0b712b2d4"
    },
    {
      "path": "/Applications/lghub.app/Contents/Frameworks/Electron Framework.framework/Versions/A/Resources/lv.lproj/locale.pak",
      "registerLibrary": false,
      "sha256": "3f8a4ff575de08564506e10f7e943e7e8b94fdfd4f621fce8ab5c0bdb4d250bb"
    },
    {
      "path": "/Applications/lghub.app/Contents/Frameworks/Electron Framework.framework/Versions/A/Resources/lt.lproj/locale.pak",
      "registerLibrary": false,
      "sha256": "dfe25c598725c599b9a2c0eac9a6a91d17c31254719fd15a2ebc810d3bd5faa4"
    },
    {
      "path": "/Applications/lghub.app/Contents/Frameworks/Electron Framework.framework/Versions/A/Resources/ru.lproj/locale.pak",
      "registerLibrary": false,
      "sha256": "b5b7d6d129df3196727fbdee64e0485db442fa2c2264faec5bf63856571cca32"
    },
    {
      "path": "/Applications/lghub.app/Contents/Frameworks/Electron Framework.framework/Versions/A/Resources/v8_context_snapshot.x86_64.bin",
      "registerLibrary": false,
      "sha256": "382a346a34947ff8841aac2ff8278f36c26324aa006fe572fe536338b8039173"
    },
    {
      "path": "/Applications/lghub.app/Contents/Frameworks/Electron Framework.framework/Versions/A/Resources/fr.lproj/locale.pak",
      "registerLibrary": false,
      "sha256": "16aa3d63648bcd5d9258873dd20bd0eb30cc2cdd78493ef4ec7c2a90a728bc25"
    },
    {
      "path": "/Applications/lghub.app/Contents/Frameworks/Electron Framework.framework/Versions/A/Resources/fi.lproj/locale.pak",
      "registerLibrary": false,
      "sha256": "a5042d72051dc2ce8ea2d1627fffd2c6973683774f463ba554ec3a374a4e5c14"
    },
    {
      "path": "/Applications/lghub.app/Contents/Frameworks/Electron Framework.framework/Versions/A/Resources/id.lproj/locale.pak",
      "registerLibrary": false,
      "sha256": "1a1d2bec9758eeecb5a36743037193c2ee18c0b2771d10a7fbe14319b1f480ab"
    },
    {
      "path": "/Applications/lghub.app/Contents/Frameworks/Electron Framework.framework/Versions/A/Resources/nl.lproj/locale.pak",
      "registerLibrary": false,
      "sha256": "157dc692a16c06bbec8845a4fd2cff7dde5cfbce319850b236f9301edf656da1"
    },
    {
      "path": "/Applications/lghub.app/Contents/Frameworks/Electron Framework.framework/Versions/A/Resources/th.lproj/locale.pak",
      "registerLibrary": false,
      "sha256": "bf4379d46d8b3af5282b937c5e18bd30bfc92cae5087944ac9380db20da588b7"
    },
    {
      "path": "/Applications/lghub.app/Contents/Frameworks/Electron Framework.framework/Versions/A/Resources/bn.lproj/locale.pak",
      "registerLibrary": false,
      "sha256": "9e7319a640ef5b68b6dddbb5f7ded46d2d7b9ec0cde420780e1d7179d1155957"
    },
    {
      "path": "/Applications/lghub.app/Contents/Frameworks/Electron Framework.framework/Versions/A/Resources/ro.lproj/locale.pak",
      "registerLibrary": false,
      "sha256": "b6c400fbefbb207bbf19f549ca864d03aacb1eee01eb13156a3a80e71744ccd9"
    },
    {
      "path": "/Applications/lghub.app/Contents/Frameworks/Electron Framework.framework/Versions/A/Resources/Info.plist",
      "registerLibrary": false,
      "sha256": "71db282735afaba521bac9dc26a8cfebea75e1eea56f308e8349b2a2296b9edc"
    },
    {
      "path": "/Applications/lghub.app/Contents/Frameworks/Electron Framework.framework/Versions/A/Resources/hr.lproj/locale.pak",
      "registerLibrary": false,
      "sha256": "18ca9e1005156f18cf7171111c0f265d10642f004471695fe1b6c32baa5db238"
    },
    {
      "path": "/Applications/lghub.app/Contents/Frameworks/Electron Framework.framework/Versions/A/Resources/hi.lproj/locale.pak",
      "registerLibrary": false,
      "sha256": "2cbfd8d9d4a16e4f940d6552afa28d6e90ac9c2d98cd948f14a85f771bdc5c0d"
    },
    {
      "path": "/Applications/lghub.app/Contents/Frameworks/Electron Framework.framework/Versions/A/Resources/ca.lproj/locale.pak",
      "registerLibrary": false,
      "sha256": "ee59d896226075eb2cbf27485829b4978fdf7438e9d7555f42a5749f70f90ea8"
    },
    {
      "path": "/Applications/lghub.app/Contents/Frameworks/Electron Framework.framework/Versions/A/Libraries/libEGL.dylib",
      "registerLibrary": false,
      "sha256": "6cf4798616c247f46de208f8bd22750da957d3927590f097421b0f6ca22cca31"
    },
    {
      "path": "/Applications/lghub.app/Contents/Frameworks/Electron Framework.framework/Versions/A/Libraries/vk_swiftshader_icd.json",
      "registerLibrary": false,
      "sha256": "d717d915e31e7c27948b80b36ab34e2d897888114c5c7d0af835f93eb53e58f5"
    },
    {
      "path": "/Applications/lghub.app/Contents/Frameworks/Electron Framework.framework/Versions/A/Libraries/libswiftshader_libEGL.dylib",
      "registerLibrary": false,
      "sha256": "c75b637de40de32037e695eb43e14aaf0c07102ebc6d13f90bbae7734f35b4b2"
    },
    {
      "path": "/Applications/lghub.app/Contents/Frameworks/Electron Framework.framework/Versions/A/Libraries/libvk_swiftshader.dylib",
      "registerLibrary": false,
      "sha256": "ea418d6abdce25a337f14e8ab8d1238466b1730334b4b329146a416bd806c43d"
    },
    {
      "path": "/Applications/lghub.app/Contents/Frameworks/Electron Framework.framework/Versions/A/Libraries/libGLESv2.dylib",
      "registerLibrary": false,
      "sha256": "534e95499f408553f6714ae35ac43033003d529c09cc6dda1cf2b0046af9322e"
    },
    {
      "path": "/Applications/lghub.app/Contents/Frameworks/Electron Framework.framework/Versions/A/Libraries/libswiftshader_libGLESv2.dylib",
      "registerLibrary": false,
      "sha256": "af0a978709ba047ac30ba2047e89aa9e2e3e5989e45b2a479d953e4ad65f8f4e"
    },
    {
      "path": "/Applications/lghub.app/Contents/Frameworks/Electron Framework.framework/Versions/A/Libraries/libffmpeg.dylib",
      "registerLibrary": false,
      "sha256": "4f04764d86c683adc06f304da8a6d0faf98d568a79d12275da0b40545ecedb54"
    },
    {
      "path": "/Applications/lghub.app/Contents/Frameworks/Electron Framework.framework/Versions/A/Helpers/chrome_crashpad_handler",
      "registerLibrary": false,
      "sha256": "bcd5418e54ddba256e8fc7d83257f1be494a5480e5d310576433ed1e30c1e902"
    },
    {
      "path": "/Applications/lghub.app/Contents/Frameworks/Electron Framework.framework/Versions/Current",
      "registerLibrary": false,
      "sha256": "e3b0c44298fc1c149afbf4c8996fb92427ae41e4649b934ca495991b7852b855"
    },
    {
      "path": "/Applications/lghub.app/Contents/Frameworks/ReactiveObjC.framework/Versions/A/_CodeSignature/CodeResources",
      "registerLibrary": false,
      "sha256": "9912287849c3c2dd9ce5d598cd65ac23eab05a478c96d67aef211c0a6df0e545"
    },
    {
      "path": "/Applications/lghub.app/Contents/Frameworks/ReactiveObjC.framework/Versions/A/Resources/Info.plist",
      "registerLibrary": false,
      "sha256": "8e1d1e6e0cac923c73c873a43b33154496f07ea2f81696facae921d36db0d031"
    },
    {
      "path": "/Applications/lghub.app/Contents/Frameworks/ReactiveObjC.framework/Versions/A/ReactiveObjC",
      "registerLibrary": false,
      "sha256": "6e752823a600a4bcd7ece44483244d8a6a2b44c81899e918aa6780e76a4daec4"
    },
    {
      "path": "/Applications/lghub.app/Contents/Frameworks/lghub Helper (GPU).app/Contents/MacOS/lghub Helper (GPU)",
      "registerLibrary": false,
      "sha256": "789ba3e3ee9ec1fe8c822aa48be1a6e70301873ad76665da1cb8e94cad4024f9"
    },
    {
      "path": "/Applications/lghub.app/Contents/Frameworks/lghub Helper (GPU).app/Contents/Info.plist",
      "registerLibrary": false,
      "sha256": "56ea77922ed4c60a205e48b8d39b95311045e376beb6bae94cc682f3923a4926"
    },
    {
      "path": "/Applications/lghub.app/Contents/Frameworks/libQt5Network.5.dylib",
      "registerLibrary": false,
      "sha256": "4e18441cf8c88db13d51e25961a72403c79b8fc87bfc0c90390b9a6925466b2d"
    },
    {
      "path": "/Applications/lghub.app/Contents/Frameworks/libQt5DBus.5.dylib",
      "registerLibrary": false,
      "sha256": "8fa82505ac40354015a85d020edaa2831fb7c94d8b02115091db80a445722155"
    },
    {
      "path": "/Applications/lghub.app/Contents/Frameworks/Squirrel.framework/Versions/A/_CodeSignature/CodeResources",
      "registerLibrary": false,
      "sha256": "fedd907d3ee6af5d8855bc49e76502a69c1cdf3e7fa3228a29a3e6e596a5b616"
    },
    {
      "path": "/Applications/lghub.app/Contents/Frameworks/Squirrel.framework/Versions/A/Resources/ShipIt",
      "registerLibrary": false,
      "sha256": "77a40b759047dd1a9ea646e888a92e46c6affb08ac69651faa0c8f4f84d1b04d"
    },
    {
      "path": "/Applications/lghub.app/Contents/Frameworks/Squirrel.framework/Versions/A/Resources/Info.plist",
      "registerLibrary": false,
      "sha256": "e2e605ba68286121bb14c6b30f9b997cde3bf9158b62f3285499f1bdddc20fcb"
    },
    {
      "path": "/Applications/lghub.app/Contents/Frameworks/Squirrel.framework/Versions/A/Squirrel",
      "registerLibrary": false,
      "sha256": "eafc627c6949f32de2a04df4fa1db06d8da75511b563da9c6e18555b1f6e2c0c"
    },
    {
      "path": "/Applications/lghub.app/Contents/Frameworks/lghub Helper (Plugin).app/Contents/MacOS/lghub Helper (Plugin)",
      "registerLibrary": false,
      "sha256": "03ecc686a3ca5218d353257a5de2147ec288db8750df3b4f593a89abd7a2b817"
    },
    {
      "path": "/Applications/lghub.app/Contents/Frameworks/lghub Helper (Plugin).app/Contents/Info.plist",
      "registerLibrary": false,
      "sha256": "56b576eea74ea02baba944ce61abe97b5608223ba0472079f1a6eb2fb43abe87"
    },
    {
      "path": "/Applications/lghub.app/Contents/Frameworks/libQt5Core.5.dylib",
      "registerLibrary": false,
      "sha256": "4a385f7fc5f3c416544bf8cfb1cf1ebba2ca3d9e697a3bbae79d357b957b5948"
    },
    {
      "path": "/Applications/lghub.app/Contents/Frameworks/Mantle.framework/Versions/A/_CodeSignature/CodeResources",
      "registerLibrary": false,
      "sha256": "3d9ee534bf6c1f9b623e918968e8d2a45ce47c5f221526405356b36e33f2349a"
    },
    {
      "path": "/Applications/lghub.app/Contents/Frameworks/Mantle.framework/Versions/A/Mantle",
      "registerLibrary": false,
      "sha256": "f8713a8e48bba6c780f535c4a6558c4b01844153f7032070fccc4ed70ad38d1a"
    },
    {
      "path": "/Applications/lghub.app/Contents/Frameworks/Mantle.framework/Versions/A/Resources/Info.plist",
      "registerLibrary": false,
      "sha256": "4a56004cbbccdfc1a153daeeb49b024fd24782f5c0a97f55f359725215b2af46"
    },
    {
      "path": "/Applications/lghub.app/Contents/Frameworks/libQt5PrintSupport.5.dylib",
      "registerLibrary": false,
      "sha256": "83669e3e2ca795c946cb39d88d8f2991f9d1a7f12583262c6ad742caba917d77"
    },
    {
      "path": "/Applications/lghub.app/Contents/Frameworks/libQt5Concurrent.5.dylib",
      "registerLibrary": false,
      "sha256": "bca9a2eb2aaecacf3dda7d8b7c4e0a2fdf6a6003d1a4042839adb33ecc1a0a46"
    },
    {
      "path": "/Applications/lghub.app/Contents/Frameworks/libQt5Svg.5.dylib",
      "registerLibrary": false,
      "sha256": "ddb1717b9e415c6171866790582ded18fd3945291e726cba5a7b43c00634d61c"
    },
    {
      "path": "/Applications/lghub.app/Contents/Frameworks/lghub_updater.app/Contents/CodeResources",
      "registerLibrary": false,
      "sha256": "d1e7656305089ca246072cfa39b8ed1cc8b9fa22ddb62cc00a2d8b160533c152"
    },
    {
      "path": "/Applications/lghub.app/Contents/Frameworks/lghub_updater.app/Contents/_CodeSignature/CodeResources",
      "registerLibrary": false,
      "sha256": "1c529080f5dfbf990304ffae1881d517d3e3b971c13c62e58acedd111cee159e"
    },
    {
      "path": "/Applications/lghub.app/Contents/Frameworks/lghub_updater.app/Contents/MacOS/logi_crashpad_handler",
      "registerLibrary": false,
      "sha256": "90b122b9469f27aecbe9b653cca6e2eec551f330c2bd4a551adac90acb5317dc"
    },
    {
      "path": "/Applications/lghub.app/Contents/Frameworks/lghub_updater.app/Contents/MacOS/lghub_updater",
      "registerLibrary": false,
      "sha256": "b669b0f5bd2d51bfb1a10375c31597b32d45b0f5201db792728767b8ff9da2db"
    },
    {
      "path": "/Applications/lghub.app/Contents/Frameworks/lghub_updater.app/Contents/Info.plist",
      "registerLibrary": false,
      "sha256": "fbd1acbfe568b8e64257087d470d634e9d760043b32142fced290eaa60b17a62"
    },
    {
      "path": "/Applications/lghub.app/Contents/Frameworks/lghub Helper (Renderer).app/Contents/_CodeSignature/CodeResources",
      "registerLibrary": false,
      "sha256": "4cf3782d18b5d25095be71ad616c55203ef6d0a6b3781b911c4f7df0eb209301"
    },
    {
      "path": "/Applications/lghub.app/Contents/Frameworks/lghub Helper (Renderer).app/Contents/MacOS/lghub Helper (Renderer)",
      "registerLibrary": false,
      "sha256": "ec58d0cc55c6577c4ed3f4b03fff69eb4478a729755cbff5a38ee01f193b2027"
    },
    {
      "path": "/Applications/lghub.app/Contents/Frameworks/lghub Helper (Renderer).app/Contents/Info.plist",
      "registerLibrary": false,
      "sha256": "aebdcb8c1d7a5fcf0d217c4bbb1cc2d05448d3a80d24bf87375d87deae1daee6"
    },
    {
      "path": "/Applications/lghub.app/Contents/Frameworks/libQt5Widgets.5.dylib",
      "registerLibrary": false,
      "sha256": "3a49293da5b01825500490b615affb58bec5da72a0ec36e0b66ae5a66c97940e"
    },
    {
      "path": "/Applications/lghub.app/Contents/Frameworks/libQt5Gui.5.dylib",
      "registerLibrary": false,
      "sha256": "26b7154d6e33ef661c30b8bd73fbaa8c608547c879cbee02176bf22cbab6537a"
    },
    {
      "path": "/Applications/lghub.app/Contents/Frameworks/logi_sdk_arx_control.framework/Versions/A/_CodeSignature/CodeResources",
      "registerLibrary": false,
      "sha256": "755ebcfaa025902564eb5e9f85950ed43db0957115896ead4613028fb0c9175d"
    },
    {
      "path": "/Applications/lghub.app/Contents/Frameworks/logi_sdk_arx_control.framework/Versions/A/Resources/Info.plist",
      "registerLibrary": false,
      "sha256": "6abe791754f6ae4cc4dbe86ab95ac673eb5d77771fb86c5c70c4ec56afd83878"
    },
    {
      "path": "/Applications/lghub.app/Contents/Frameworks/logi_sdk_arx_control.framework/Versions/A/Headers/LogitechGArxControlBase.h",
      "registerLibrary": false,
      "sha256": "9a7f273f7c5f8fbcf000d0a006c3ac0d2aac65827fe9766ea19190dcc06f5a5b"
    },
    {
      "path": "/Applications/lghub.app/Contents/Frameworks/logi_sdk_arx_control.framework/Versions/A/Headers/LogitechGArxControl.h",
      "registerLibrary": false,
      "sha256": "29f47bb187bd00b488c8817d19db97babd6b0b40ad8aa51ead8285dd906a30c2"
    },
    {
      "path": "/Applications/lghub.app/Contents/Frameworks/logi_sdk_arx_control.framework/Versions/A/logi_sdk_arx_control",
      "registerLibrary": false,
      "sha256": "355cf43a9c80853bbe594ed7ef0c285936572bc1877835096a4ffdf73112e0f5"
    },
    {
      "path": "/Applications/lghub.app/Contents/Info.plist",
      "registerLibrary": false,
      "sha256": "9eedd1b70764919ea769e60873a2c3f285f5f9fd98f0a85dc584a4a73aa918db"
    },
    {
      "path": "/Library/LaunchAgents/com.logi.ghub.plist",
      "registerLibrary": false,
      "sha256": "6d35b4c02f67f455434115468ac469cdc94da45bacf53e3d7f98b82d21420733"
    },
    {
      "path": "/Library/LaunchDaemons/com.logi.ghub.updater.plist",
      "registerLibrary": false,
      "sha256": "182c3b364a5a886c64cc1695ecc5b5ad034cbc26793106716c998e33fa81d763"
    },
    {
      "path": "/Users/QA/Library/Application Support/LGHUB/integrations/applet_discord/config.json",
      "registerLibrary": false,
      "sha256": "df818820b31755a470ff3c6199942d48385818a11096616c7e734d79f74796a8"
    },
    {
      "path": "/Users/QA/Library/Application Support/LGHUB/integrations/applet_obs/config.json",
      "registerLibrary": false,
      "sha256": "f399794f7d8137ab1b8dedba0452ab0fb87e7aeb566e3237094c62480ee33cc8"
    },
    {
      "path": "/Library/Application Support/obs-studio/plugins/logi_obs_plugin/bin/logi_obs_plugin.so",
      "registerLibrary": false,
      "sha256": "1af0c2c0bc01b5449b7069d118a093d88e11b27e867336806d84bb2ae1be3744"
    }
  ],
  "folders": [
    {
      "path": "/Applications/lghub.app"
    },
    {
      "path": "/Applications/lghub.app/Contents"
    },
    {
      "path": "/Applications/lghub.app/Contents/_CodeSignature"
    },
    {
      "path": "/Applications/lghub.app/Contents/MacOS"
    },
    {
      "path": "/Applications/lghub.app/Contents/Resources"
    },
    {
      "path": "/Applications/lghub.app/Contents/Resources/zh-TW.lproj"
    },
    {
      "path": "/Applications/lghub.app/Contents/Resources/it-IT.lproj"
    },
    {
      "path": "/Applications/lghub.app/Contents/Resources/nb-NO.lproj"
    },
    {
      "path": "/Applications/lghub.app/Contents/Resources/ru-RU.lproj"
    },
    {
      "path": "/Applications/lghub.app/Contents/Resources/tr-TR.lproj"
    },
    {
      "path": "/Applications/lghub.app/Contents/Resources/es-ES.lproj"
    },
    {
      "path": "/Applications/lghub.app/Contents/Resources/fr-FR.lproj"
    },
    {
      "path": "/Applications/lghub.app/Contents/Resources/ja-JP.lproj"
    },
    {
      "path": "/Applications/lghub.app/Contents/Resources/ko-KR.lproj"
    },
    {
      "path": "/Applications/lghub.app/Contents/Resources/Base.lproj"
    },
    {
      "path": "/Applications/lghub.app/Contents/Resources/fi-FI.lproj"
    },
    {
      "path": "/Applications/lghub.app/Contents/Resources/da-DK.lproj"
    },
    {
      "path": "/Applications/lghub.app/Contents/Resources/hu-HU.lproj"
    },
    {
      "path": "/Applications/lghub.app/Contents/Resources/app.asar.unpacked"
    },
    {
      "path": "/Applications/lghub.app/Contents/Resources/app.asar.unpacked/node_modules"
    },
    {
      "path": "/Applications/lghub.app/Contents/Resources/app.asar.unpacked/node_modules/keytar"
    },
    {
      "path": "/Applications/lghub.app/Contents/Resources/app.asar.unpacked/node_modules/keytar/build"
    },
    {
      "path": "/Applications/lghub.app/Contents/Resources/app.asar.unpacked/node_modules/keytar/build/Release"
    },
    {
      "path": "/Applications/lghub.app/Contents/Resources/pt-BR.lproj"
    },
    {
      "path": "/Applications/lghub.app/Contents/Resources/nl-NL.lproj"
    },
    {
      "path": "/Applications/lghub.app/Contents/Resources/cs-CZ.lproj"
    },
    {
      "path": "/Applications/lghub.app/Contents/Resources/zh-CN.lproj"
    },
    {
      "path": "/Applications/lghub.app/Contents/Resources/en-US.lproj"
    },
    {
      "path": "/Applications/lghub.app/Contents/Resources/de-DE.lproj"
    },
    {
      "path": "/Applications/lghub.app/Contents/Resources/pl-PL.lproj"
    },
    {
      "path": "/Applications/lghub.app/Contents/Resources/sv-SE.lproj"
    },
    {
      "path": "/Applications/lghub.app/Contents/Frameworks"
    },
    {
      "path": "/Applications/lghub.app/Contents/Frameworks/lghub Helper.app"
    },
    {
      "path": "/Applications/lghub.app/Contents/Frameworks/lghub Helper.app/Contents"
    },
    {
      "path": "/Applications/lghub.app/Contents/Frameworks/lghub Helper.app/Contents/_CodeSignature"
    },
    {
      "path": "/Applications/lghub.app/Contents/Frameworks/lghub Helper.app/Contents/MacOS"
    },
    {
      "path": "/Applications/lghub.app/Contents/Frameworks/lghub_agent.app"
    },
    {
      "path": "/Applications/lghub.app/Contents/Frameworks/lghub_agent.app/Contents"
    },
    {
      "path": "/Applications/lghub.app/Contents/Frameworks/lghub_agent.app/Contents/_CodeSignature"
    },
    {
      "path": "/Applications/lghub.app/Contents/Frameworks/lghub_agent.app/Contents/MacOS"
    },
    {
      "path": "/Applications/lghub.app/Contents/Frameworks/lghub_agent.app/Contents/MacOS/lghub_agent.dSYM"
    },
    {
      "path": "/Applications/lghub.app/Contents/Frameworks/lghub_agent.app/Contents/MacOS/lghub_agent.dSYM/Contents"
    },
    {
      "path": "/Applications/lghub.app/Contents/Frameworks/lghub_agent.app/Contents/MacOS/lghub_agent.dSYM/Contents/Resources"
    },
    {
      "path": "/Applications/lghub.app/Contents/Frameworks/lghub_agent.app/Contents/MacOS/lghub_agent.dSYM/Contents/Resources/DWARF"
    },
    {
      "path": "/Applications/lghub.app/Contents/Frameworks/lghub_agent.app/Contents/PlugIns"
    },
    {
      "path": "/Applications/lghub.app/Contents/Frameworks/lghub_agent.app/Contents/PlugIns/platforms"
    },
    {
      "path": "/Applications/lghub.app/Contents/Frameworks/lghub_agent.app/Contents/PlugIns/printsupport"
    },
    {
      "path": "/Applications/lghub.app/Contents/Frameworks/lghub_agent.app/Contents/PlugIns/styles"
    },
    {
      "path": "/Applications/lghub.app/Contents/Frameworks/lghub_agent.app/Contents/PlugIns/bearer"
    },
    {
      "path": "/Applications/lghub.app/Contents/Frameworks/lghub_agent.app/Contents/PlugIns/iconengines"
    },
    {
      "path": "/Applications/lghub.app/Contents/Frameworks/lghub_agent.app/Contents/PlugIns/imageformats"
    },
    {
      "path": "/Applications/lghub.app/Contents/Frameworks/lghub_agent.app/Contents/Resources"
    },
    {
      "path": "/Applications/lghub.app/Contents/Frameworks/lghub_agent.app/Contents/Resources/data"
    },
    {
      "path": "/Applications/lghub.app/Contents/Frameworks/lghub_agent.app/Contents/Resources/data/sounds"
    },
    {
      "path": "/Applications/lghub.app/Contents/Frameworks/lghub_agent.app/Contents/Resources/data/lighting"
    },
    {
      "path": "/Applications/lghub.app/Contents/Frameworks/lghub_agent.app/Contents/Resources/data/lighting/effects"
    },
    {
      "path": "/Applications/lghub.app/Contents/Frameworks/lghub_agent.app/Contents/Library"
    },
    {
      "path": "/Applications/lghub.app/Contents/Frameworks/lghub_agent.app/Contents/Library/SystemExtensions"
    },
    {
      "path": "/Applications/lghub.app/Contents/Frameworks/lghub_agent.app/Contents/Library/SystemExtensions/com.logi.ghub.hidfilter.dext"
    },
    {
      "path": "/Applications/lghub.app/Contents/Frameworks/lghub_agent.app/Contents/Library/SystemExtensions/com.logi.ghub.hidfilter.dext/_CodeSignature"
    },
    {
      "path": "/Applications/lghub.app/Contents/Frameworks/lghub_agent.app/Contents/Frameworks"
    },
    {
      "path": "/Applications/lghub.app/Contents/Frameworks/Electron Framework.framework"
    },
    {
      "path": "/Applications/lghub.app/Contents/Frameworks/Electron Framework.framework/Versions"
    },
    {
      "path": "/Applications/lghub.app/Contents/Frameworks/Electron Framework.framework/Versions/A"
    },
    {
      "path": "/Applications/lghub.app/Contents/Frameworks/Electron Framework.framework/Versions/A/_CodeSignature"
    },
    {
      "path": "/Applications/lghub.app/Contents/Frameworks/Electron Framework.framework/Versions/A/Resources"
    },
    {
      "path": "/Applications/lghub.app/Contents/Frameworks/Electron Framework.framework/Versions/A/Resources/de.lproj"
    },
    {
      "path": "/Applications/lghub.app/Contents/Frameworks/Electron Framework.framework/Versions/A/Resources/he.lproj"
    },
    {
      "path": "/Applications/lghub.app/Contents/Frameworks/Electron Framework.framework/Versions/A/Resources/ar.lproj"
    },
    {
      "path": "/Applications/lghub.app/Contents/Frameworks/Electron Framework.framework/Versions/A/Resources/el.lproj"
    },
    {
      "path": "/Applications/lghub.app/Contents/Frameworks/Electron Framework.framework/Versions/A/Resources/ja.lproj"
    },
    {
      "path": "/Applications/lghub.app/Contents/Frameworks/Electron Framework.framework/Versions/A/Resources/fa.lproj"
    },
    {
      "path": "/Applications/lghub.app/Contents/Frameworks/Electron Framework.framework/Versions/A/Resources/mr.lproj"
    },
    {
      "path": "/Applications/lghub.app/Contents/Frameworks/Electron Framework.framework/Versions/A/Resources/en.lproj"
    },
    {
      "path": "/Applications/lghub.app/Contents/Frameworks/Electron Framework.framework/Versions/A/Resources/uk.lproj"
    },
    {
      "path": "/Applications/lghub.app/Contents/Frameworks/Electron Framework.framework/Versions/A/Resources/es_419.lproj"
    },
    {
      "path": "/Applications/lghub.app/Contents/Frameworks/Electron Framework.framework/Versions/A/Resources/gu.lproj"
    },
    {
      "path": "/Applications/lghub.app/Contents/Frameworks/Electron Framework.framework/Versions/A/Resources/zh_CN.lproj"
    },
    {
      "path": "/Applications/lghub.app/Contents/Frameworks/Electron Framework.framework/Versions/A/Resources/kn.lproj"
    },
    {
      "path": "/Applications/lghub.app/Contents/Frameworks/Electron Framework.framework/Versions/A/Resources/nb.lproj"
    },
    {
      "path": "/Applications/lghub.app/Contents/Frameworks/Electron Framework.framework/Versions/A/Resources/am.lproj"
    },
    {
      "path": "/Applications/lghub.app/Contents/Frameworks/Electron Framework.framework/Versions/A/Resources/es.lproj"
    },
    {
      "path": "/Applications/lghub.app/Contents/Frameworks/Electron Framework.framework/Versions/A/Resources/sw.lproj"
    },
    {
      "path": "/Applications/lghub.app/Contents/Frameworks/Electron Framework.framework/Versions/A/Resources/sl.lproj"
    },
    {
      "path": "/Applications/lghub.app/Contents/Frameworks/Electron Framework.framework/Versions/A/Resources/pt_BR.lproj"
    },
    {
      "path": "/Applications/lghub.app/Contents/Frameworks/Electron Framework.framework/Versions/A/Resources/da.lproj"
    },
    {
      "path": "/Applications/lghub.app/Contents/Frameworks/Electron Framework.framework/Versions/A/Resources/et.lproj"
    },
    {
      "path": "/Applications/lghub.app/Contents/Frameworks/Electron Framework.framework/Versions/A/Resources/it.lproj"
    },
    {
      "path": "/Applications/lghub.app/Contents/Frameworks/Electron Framework.framework/Versions/A/Resources/bg.lproj"
    },
    {
      "path": "/Applications/lghub.app/Contents/Frameworks/Electron Framework.framework/Versions/A/Resources/sk.lproj"
    },
    {
      "path": "/Applications/lghub.app/Contents/Frameworks/Electron Framework.framework/Versions/A/Resources/pt_PT.lproj"
    },
    {
      "path": "/Applications/lghub.app/Contents/Frameworks/Electron Framework.framework/Versions/A/Resources/sr.lproj"
    },
    {
      "path": "/Applications/lghub.app/Contents/Frameworks/Electron Framework.framework/Versions/A/Resources/ms.lproj"
    },
    {
      "path": "/Applications/lghub.app/Contents/Frameworks/Electron Framework.framework/Versions/A/Resources/ta.lproj"
    },
    {
      "path": "/Applications/lghub.app/Contents/Frameworks/Electron Framework.framework/Versions/A/Resources/ml.lproj"
    },
    {
      "path": "/Applications/lghub.app/Contents/Frameworks/Electron Framework.framework/Versions/A/Resources/sv.lproj"
    },
    {
      "path": "/Applications/lghub.app/Contents/Frameworks/Electron Framework.framework/Versions/A/Resources/te.lproj"
    },
    {
      "path": "/Applications/lghub.app/Contents/Frameworks/Electron Framework.framework/Versions/A/Resources/cs.lproj"
    },
    {
      "path": "/Applications/lghub.app/Contents/Frameworks/Electron Framework.framework/Versions/A/Resources/ko.lproj"
    },
    {
      "path": "/Applications/lghub.app/Contents/Frameworks/Electron Framework.framework/Versions/A/Resources/fil.lproj"
    },
    {
      "path": "/Applications/lghub.app/Contents/Frameworks/Electron Framework.framework/Versions/A/Resources/MainMenu.nib"
    },
    {
      "path": "/Applications/lghub.app/Contents/Frameworks/Electron Framework.framework/Versions/A/Resources/hu.lproj"
    },
    {
      "path": "/Applications/lghub.app/Contents/Frameworks/Electron Framework.framework/Versions/A/Resources/tr.lproj"
    },
    {
      "path": "/Applications/lghub.app/Contents/Frameworks/Electron Framework.framework/Versions/A/Resources/pl.lproj"
    },
    {
      "path": "/Applications/lghub.app/Contents/Frameworks/Electron Framework.framework/Versions/A/Resources/zh_TW.lproj"
    },
    {
      "path": "/Applications/lghub.app/Contents/Frameworks/Electron Framework.framework/Versions/A/Resources/en_GB.lproj"
    },
    {
      "path": "/Applications/lghub.app/Contents/Frameworks/Electron Framework.framework/Versions/A/Resources/vi.lproj"
    },
    {
      "path": "/Applications/lghub.app/Contents/Frameworks/Electron Framework.framework/Versions/A/Resources/lv.lproj"
    },
    {
      "path": "/Applications/lghub.app/Contents/Frameworks/Electron Framework.framework/Versions/A/Resources/lt.lproj"
    },
    {
      "path": "/Applications/lghub.app/Contents/Frameworks/Electron Framework.framework/Versions/A/Resources/ru.lproj"
    },
    {
      "path": "/Applications/lghub.app/Contents/Frameworks/Electron Framework.framework/Versions/A/Resources/fr.lproj"
    },
    {
      "path": "/Applications/lghub.app/Contents/Frameworks/Electron Framework.framework/Versions/A/Resources/fi.lproj"
    },
    {
      "path": "/Applications/lghub.app/Contents/Frameworks/Electron Framework.framework/Versions/A/Resources/id.lproj"
    },
    {
      "path": "/Applications/lghub.app/Contents/Frameworks/Electron Framework.framework/Versions/A/Resources/nl.lproj"
    },
    {
      "path": "/Applications/lghub.app/Contents/Frameworks/Electron Framework.framework/Versions/A/Resources/th.lproj"
    },
    {
      "path": "/Applications/lghub.app/Contents/Frameworks/Electron Framework.framework/Versions/A/Resources/bn.lproj"
    },
    {
      "path": "/Applications/lghub.app/Contents/Frameworks/Electron Framework.framework/Versions/A/Resources/ro.lproj"
    },
    {
      "path": "/Applications/lghub.app/Contents/Frameworks/Electron Framework.framework/Versions/A/Resources/hr.lproj"
    },
    {
      "path": "/Applications/lghub.app/Contents/Frameworks/Electron Framework.framework/Versions/A/Resources/hi.lproj"
    },
    {
      "path": "/Applications/lghub.app/Contents/Frameworks/Electron Framework.framework/Versions/A/Resources/ca.lproj"
    },
    {
      "path": "/Applications/lghub.app/Contents/Frameworks/Electron Framework.framework/Versions/A/Libraries"
    },
    {
      "path": "/Applications/lghub.app/Contents/Frameworks/Electron Framework.framework/Versions/A/Helpers"
    },
    {
      "path": "/Applications/lghub.app/Contents/Frameworks/ReactiveObjC.framework"
    },
    {
      "path": "/Applications/lghub.app/Contents/Frameworks/ReactiveObjC.framework/Versions"
    },
    {
      "path": "/Applications/lghub.app/Contents/Frameworks/ReactiveObjC.framework/Versions/A"
    },
    {
      "path": "/Applications/lghub.app/Contents/Frameworks/ReactiveObjC.framework/Versions/A/_CodeSignature"
    },
    {
      "path": "/Applications/lghub.app/Contents/Frameworks/ReactiveObjC.framework/Versions/A/Resources"
    },
    {
      "path": "/Applications/lghub.app/Contents/Frameworks/lghub Helper (GPU).app"
    },
    {
      "path": "/Applications/lghub.app/Contents/Frameworks/lghub Helper (GPU).app/Contents"
    },
    {
      "path": "/Applications/lghub.app/Contents/Frameworks/lghub Helper (GPU).app/Contents/_CodeSignature"
    },
    {
      "path": "/Applications/lghub.app/Contents/Frameworks/lghub Helper (GPU).app/Contents/MacOS"
    },
    {
      "path": "/Applications/lghub.app/Contents/Frameworks/Squirrel.framework"
    },
    {
      "path": "/Applications/lghub.app/Contents/Frameworks/Squirrel.framework/Versions"
    },
    {
      "path": "/Applications/lghub.app/Contents/Frameworks/Squirrel.framework/Versions/A"
    },
    {
      "path": "/Applications/lghub.app/Contents/Frameworks/Squirrel.framework/Versions/A/_CodeSignature"
    },
    {
      "path": "/Applications/lghub.app/Contents/Frameworks/Squirrel.framework/Versions/A/Resources"
    },
    {
      "path": "/Applications/lghub.app/Contents/Frameworks/lghub Helper (Plugin).app"
    },
    {
      "path": "/Applications/lghub.app/Contents/Frameworks/lghub Helper (Plugin).app/Contents"
    },
    {
      "path": "/Applications/lghub.app/Contents/Frameworks/lghub Helper (Plugin).app/Contents/_CodeSignature"
    },
    {
      "path": "/Applications/lghub.app/Contents/Frameworks/lghub Helper (Plugin).app/Contents/MacOS"
    },
    {
      "path": "/Applications/lghub.app/Contents/Frameworks/Mantle.framework"
    },
    {
      "path": "/Applications/lghub.app/Contents/Frameworks/Mantle.framework/Versions"
    },
    {
      "path": "/Applications/lghub.app/Contents/Frameworks/Mantle.framework/Versions/A"
    },
    {
      "path": "/Applications/lghub.app/Contents/Frameworks/Mantle.framework/Versions/A/_CodeSignature"
    },
    {
      "path": "/Applications/lghub.app/Contents/Frameworks/Mantle.framework/Versions/A/Resources"
    },
    {
      "path": "/Applications/lghub.app/Contents/Frameworks/lghub_updater.app"
    },
    {
      "path": "/Applications/lghub.app/Contents/Frameworks/lghub_updater.app/Contents"
    },
    {
      "path": "/Applications/lghub.app/Contents/Frameworks/lghub_updater.app/Contents/_CodeSignature"
    },
    {
      "path": "/Applications/lghub.app/Contents/Frameworks/lghub_updater.app/Contents/MacOS"
    },
    {
      "path": "/Applications/lghub.app/Contents/Frameworks/lghub Helper (Renderer).app"
    },
    {
      "path": "/Applications/lghub.app/Contents/Frameworks/lghub Helper (Renderer).app/Contents"
    },
    {
      "path": "/Applications/lghub.app/Contents/Frameworks/lghub Helper (Renderer).app/Contents/_CodeSignature"
    },
    {
      "path": "/Applications/lghub.app/Contents/Frameworks/lghub Helper (Renderer).app/Contents/MacOS"
    },
    {
      "path": "/Applications/lghub.app/Contents/Frameworks/logi_sdk_arx_control.framework"
    },
    {
      "path": "/Applications/lghub.app/Contents/Frameworks/logi_sdk_arx_control.framework/Versions"
    },
    {
      "path": "/Applications/lghub.app/Contents/Frameworks/logi_sdk_arx_control.framework/Versions/A"
    },
    {
      "path": "/Applications/lghub.app/Contents/Frameworks/logi_sdk_arx_control.framework/Versions/A/_CodeSignature"
    },
    {
      "path": "/Applications/lghub.app/Contents/Frameworks/logi_sdk_arx_control.framework/Versions/A/Resources"
    },
    {
      "path": "/Applications/lghub.app/Contents/Frameworks/logi_sdk_arx_control.framework/Versions/A/Headers"
    }
  ],
  "processControl": {
    "identifiers": [
      "lghub_installer",
      "lghub",
      "lghub_agent"
    ]
  },
  "product": {
    "guid": "",
    "icon": "",
    "linkAbout": "",
    "linkHelp": "",
    "name": "",
    "publisher": "",
    "version": "2022.6.268570"
  },
  "renamedItems": [],
  "services": [
    {
      "asConsoleUser": false,
      "command": {
        "arguments": [],
        "executable": ""
      },
      "service": "/Library/LaunchDaemons/com.logi.ghub.updater.plist"
    },
    {
      "asConsoleUser": true,
      "command": {
        "arguments": [],
        "executable": ""
      },
      "service": "/Library/LaunchAgents/com.logi.ghub.plist"
    }
  ],
  "shortcuts": [],
  "uninstaller": {
    "arguments": [
      "--uninstall"
    ],
    "executable": "/Applications/lghub.app/Contents/Frameworks/lghub_updater.app/Contents/MacOS/lghub_updater"
  }
}