 {"msgId": "b2883ef7-c663-4d2e-9e77-cad2d973468b", "verb": "GET", "path": "/devices/list", "origin": "backend", "result": {"code": "SUCCESS", "what": ""}, "payload": {"@type": "type.googleapis.com/logi.protocol.devices.Device.Info.List", "deviceInfos": [{"id": "dev00000000", "pid": 40580, "state": "ACTIVE", "onboardMode": false, "individualMode": false, "resourcesAvailable": true, "connectionType": "USB", "hasWirelessInterface": false, "deviceType": "MICROPHONE", "deviceFamily": "", "deviceModel": "yeti_classic", "deviceBaseModel": "yeti_classic", "displayName": "Yeti", "extendedDisplayName": "Yeti", "slotPrefix": "yeti-classic", "thumbnail": "pipeline://core/thumbnails/yeti_classic.png", "deviceExt": 0, "deviceUnitId": "", "deviceSignature": "", "givenName": "", "capabilities": {"audio": {"dtsSupported": false, "dolbySupported": false, "denoiserSupported": false, "onboardEqSupported": false, "onboardProEqSupported": false, "dtsHx2eSupported": true, "proEqSupported": false, "blueVoiceSupported": false, "hardwareNoiseReductionSupported": false, "blueVoice2Supported": true, "hidMic": false, "devioVolumeFeatures": false}, "sleepTimer": false, "mstateSupport": {"count": 1, "timeOut": 0}, "fnInversion": false, "presentSplashScreen": false, "customizableColor": false, "wirelessReportRate": false, "hybridEngine": false, "advancedSleepTimer": false, "angleSnapping": false, "excludeGShift": false, "hostRemovalSupport": false, "headphoneJack": false, "hostInfos": false, "gkeyLayout": "INVALID_GKEY_LAYOUT", "hasBatteryStatus": false, "powerOffTimer": false, "requiresBackupForDfu": false, "unifiedBattery": false, "dpiLighting": false, "nonInteractive": false, "chargepadCompatible": false, "individuality": false, "defaultSlotFormat": "INVALID_FORMAT"}, "activeInterfaces": [{"type": "HIDIO", "id": "HID_b58e_9e84_000c0001", "pid": 40580, "modelId": 0, "extendedModel": 0, "serialNumber": "797_2019/10/08_78667", "path": "\\\\?\\HID#VID_B58E&PID_9E84&MI_03&COL01#8&1F5AB366&0&0000#{4D1E55B2-F16F-11CF-88CB-001111000030}", "containerId": "75f2600b-7c37-5d33-867e-800b8e35c5b1", "deviceType": "MICROPHONE", "deviceName": "Yeti Stereo Microphone", "keyboardLayout": "INVALID_LAYOUT", "firmwareVersion": "01.00", "unitId": "", "firmwareName": "", "connectionType": "USB", "hasOnboardMode": false}, {"type": "AUDIO", "id": "", "pid": 0, "modelId": 0, "extendedModel": 0, "serialNumber": "", "path": "", "containerId": "75f2600b-7c37-5d33-867e-800b8e35c5b1", "deviceType": "INVALID_TYPE", "deviceName": "", "keyboardLayout": "INVALID_LAYOUT", "firmwareVersion": "", "unitId": "", "firmwareName": "", "connectionType": "VIRTUAL", "hasOnboardMode": false}], "slots": {"yeti-classic_equalizer": {"id": "yeti-classic_equalizer", "attribute": "EQUALIZER", "disabled": false}, "yeti-classic_microphone_settings": {"id": "yeti-classic_microphone_settings", "attribute": "MICROPHONE_SETTINGS", "disabled": false}, "yeti-classic_acoustics": {"id": "yeti-classic_acoustics", "attribute": "ACOUSTICS", "disabled": false}, "yeti-classic_blue_voice_2_settings": {"id": "yeti-classic_blue_voice_2_settings", "attribute": "BLUE_VOICE_2_SETTINGS", "disabled": false}}}]}}