 {"msgId": "4a136522-2ac5-40c4-b2e3-fca04f82d11f", "verb": "GET", "path": "/devices/list", "origin": "backend", "result": {"code": "SUCCESS", "what": ""}, "payload": {"@type": "type.googleapis.com/logi.protocol.devices.Device.Info.List", "deviceInfos": [{"id": "dev00000000", "pid": 0, "firmwareName": "MPM2101", "isSubdevice": false, "state": "ABSENT", "onboardMode": false, "individualMode": false, "resourcesAvailable": true, "connectionType": "INVALID_CONNECTION", "hasWirelessInterface": true, "deviceType": "MOUSE", "deviceFamily": "", "deviceModel": "g604", "deviceBaseModel": "g604", "displayName": "G604 LIGHTSPEED", "extendedDisplayName": "G604 Lightspeed Wireless Gaming Mouse", "slotPrefix": "g604", "thumbnail": "pipeline://core/thumbnails/g604.png", "stringPackage": "", "deviceExt": 0, "deviceUnitId": "91467095", "deviceSignature": "MOUSE.g604.0.91467095", "givenName": "", "capabilities": {"sleepTimer": false, "mstateSupport": {"count": 1, "timeOut": 0}, "fnInversion": false, "presentSplashScreen": true, "customizableColor": false, "wirelessReportRate": false, "dpiIndicatorLed": {"zoneType": "PRIMARY", "steps": {"1": {"tag": "", "hex": "#ffff00"}, "5": {"tag": "", "hex": "#8d40ff"}, "3": {"tag": "", "hex": "#ff9900"}, "2": {"tag": "", "hex": "#ffffff"}, "4": {"tag": "", "hex": "#ff0293"}}}, "hybridEngine": false, "advancedSleepTimer": false, "angleSnapping": false, "excludeGShift": false, "hostRemovalSupport": true, "headphoneJack": false, "scrollControls": {"scrollUp": 15, "scrollDown": 14}, "mouseButtonControls": {"buttonCount": 13}, "hostInfos": false, "gkeyLayout": "INVALID_GKEY_LAYOUT", "hasBatteryStatus": true, "powerOffTimer": false, "requiresBackupForDfu": false, "unifiedBattery": false, "dpiLighting": false, "nonInteractive": false, "receiverPairing": {"receiverType": "LS1", "receiverPid": 0, "pairingAction": "ACTION_POWER_CYCLE", "hasForcePairing": false}, "chargepadCompatible": false, "individuality": false, "defaultSlotFormat": "INVALID_FORMAT"}, "activeInterfaces": [], "slots": {}}, {"id": "dev00000001", "pid": 0, "firmwareName": "MPM2202", "isSubdevice": false, "state": "ABSENT", "onboardMode": false, "individualMode": false, "resourcesAvailable": true, "connectionType": "INVALID_CONNECTION", "hasWirelessInterface": true, "deviceType": "MOUSE", "deviceFamily": "", "deviceModel": "g703_hero", "deviceBaseModel": "g703_hero", "displayName": "G703 LIGHTSPEED", "extendedDisplayName": "G703 LIGHTSPEED Wireless Gaming Mouse", "slotPrefix": "g703hero", "thumbnail": "pipeline://core/thumbnails/g703.png", "stringPackage": "", "deviceExt": 0, "deviceUnitId": "4204350379", "deviceSignature": "MOUSE.g703_hero.0.4204350379", "givenName": "", "capabilities": {"lightingSupport": {"deviceCategory": "MOUSE_RGB_ZONAL", "typeMap": {"ZONE_BRANDING": "LOGO", "ZONE_PRIMARY": "PRIMARY"}, "zones": [{"zoneType": "ZONE_PRIMARY", "supportedEffects": [{"id": "OFF", "syncable": true, "fixedIntensity": false, "signature": false, "inactivityOnly": false}, {"id": "FIXED", "syncable": true, "fixedIntensity": false, "signature": false, "inactivityOnly": false}, {"id": "CYCLE", "syncable": true, "fixedIntensity": false, "signature": false, "inactivityOnly": false}, {"id": "BREATHING", "syncable": true, "fixedIntensity": false, "signature": false, "inactivityOnly": false}], "onboardCluster": "CLUSTER_DEFAULT"}, {"zoneType": "ZONE_BRANDING", "supportedEffects": [{"id": "OFF", "syncable": true, "fixedIntensity": false, "signature": false, "inactivityOnly": false}, {"id": "FIXED", "syncable": true, "fixedIntensity": false, "signature": false, "inactivityOnly": false}, {"id": "CYCLE", "syncable": true, "fixedIntensity": false, "signature": false, "inactivityOnly": false}, {"id": "BREATHING", "syncable": true, "fixedIntensity": false, "signature": false, "inactivityOnly": false}], "onboardCluster": "CLUSTER_DEFAULT"}], "isMonochrome": false, "isPerKey": false, "hideStartupEffect": false, "shutdownEffect": false, "brightnessLevels": [], "powerSavingEffect": true, "lowBatteryEffect": true, "brightnessPercentage": false, "gamma": false, "firmwareOnly": false, "offRamp": false, "activeDimming": false, "hasPositionalEffect": false}, "sleepTimer": false, "mstateSupport": {"count": 1, "timeOut": 0}, "fnInversion": false, "presentSplashScreen": false, "customizableColor": false, "wirelessReportRate": false, "hybridEngine": false, "advancedSleepTimer": false, "angleSnapping": false, "excludeGShift": false, "hostRemovalSupport": false, "headphoneJack": false, "hostInfos": false, "gkeyLayout": "INVALID_GKEY_LAYOUT", "hasBatteryStatus": true, "powerOffTimer": false, "requiresBackupForDfu": false, "unifiedBattery": false, "dpiLighting": false, "nonInteractive": false, "receiverPairing": {"receiverType": "LS1", "receiverPid": 0, "pairingAction": "ACTION_POWER_CYCLE", "hasForcePairing": false}, "chargepadCompatible": true, "individuality": false, "defaultSlotFormat": "INVALID_FORMAT"}, "activeInterfaces": [], "slots": {}}, {"id": "dev00000002", "pid": 0, "firmwareName": "MPM2301", "isSubdevice": false, "state": "ABSENT", "onboardMode": false, "individualMode": false, "resourcesAvailable": true, "connectionType": "INVALID_CONNECTION", "hasWirelessInterface": true, "deviceType": "MOUSE", "deviceFamily": "", "deviceModel": "g903_hero", "deviceBaseModel": "g903_hero", "displayName": "G903 LIGHTSPEED", "extendedDisplayName": "G903 LIGHTSPEED Wireless Gaming Mouse", "slotPrefix": "g903hero", "thumbnail": "pipeline://core/thumbnails/g900.png", "stringPackage": "", "deviceExt": 0, "deviceUnitId": "3375937243", "deviceSignature": "MOUSE.g903_hero.0.3375937243", "givenName": "", "capabilities": {"lightingSupport": {"deviceCategory": "MOUSE_RGB_ZONAL", "typeMap": {"ZONE_PRIMARY": "PRIMARY", "ZONE_BRANDING": "LOGO"}, "zones": [{"zoneType": "ZONE_PRIMARY", "supportedEffects": [{"id": "OFF", "syncable": true, "fixedIntensity": false, "signature": false, "inactivityOnly": false}, {"id": "FIXED", "syncable": true, "fixedIntensity": false, "signature": false, "inactivityOnly": false}, {"id": "CYCLE", "syncable": true, "fixedIntensity": false, "signature": false, "inactivityOnly": false}, {"id": "BREATHING", "syncable": true, "fixedIntensity": false, "signature": false, "inactivityOnly": false}], "onboardCluster": "CLUSTER_DEFAULT"}, {"zoneType": "ZONE_BRANDING", "supportedEffects": [{"id": "OFF", "syncable": true, "fixedIntensity": false, "signature": false, "inactivityOnly": false}, {"id": "FIXED", "syncable": true, "fixedIntensity": false, "signature": false, "inactivityOnly": false}, {"id": "CYCLE", "syncable": true, "fixedIntensity": false, "signature": false, "inactivityOnly": false}, {"id": "BREATHING", "syncable": true, "fixedIntensity": false, "signature": false, "inactivityOnly": false}], "onboardCluster": "CLUSTER_DEFAULT"}], "isMonochrome": false, "isPerKey": false, "hideStartupEffect": false, "shutdownEffect": false, "brightnessLevels": [], "powerSavingEffect": true, "lowBatteryEffect": true, "brightnessPercentage": false, "gamma": false, "firmwareOnly": false, "offRamp": false, "activeDimming": false, "hasPositionalEffect": false}, "sleepTimer": false, "mstateSupport": {"count": 1, "timeOut": 0}, "maskableZones": {"zones": [{"id": "left_side", "slotIds": ["g903hero_g4_m1", "g903hero_g4_m1_shifted", "g903hero_g5_m1", "g903hero_g5_m1_shifted"], "displayIconKey": "mouse_2_buttons_left_icon", "renderIconKey": "cover_image_left", "enabled": false}, {"id": "right_side", "slotIds": ["g903hero_g6_m1", "g903hero_g6_m1_shifted", "g903hero_g7_m1", "g903hero_g7_m1_shifted"], "displayIconKey": "mouse_2_buttons_right_icon", "renderIconKey": "cover_image_right", "enabled": false}]}, "fnInversion": false, "presentSplashScreen": false, "customizableColor": false, "wirelessReportRate": false, "hybridEngine": false, "advancedSleepTimer": false, "angleSnapping": false, "excludeGShift": false, "onboardCycleId": {"value": 11}, "hostRemovalSupport": false, "headphoneJack": false, "hostInfos": false, "gkeyLayout": "INVALID_GKEY_LAYOUT", "hasBatteryStatus": true, "powerOffTimer": false, "requiresBackupForDfu": false, "unifiedBattery": false, "dpiLighting": true, "nonInteractive": false, "receiverPairing": {"receiverType": "LS1", "receiverPid": 0, "pairingAction": "ACTION_POWER_CYCLE", "hasForcePairing": false}, "chargepadCompatible": true, "individuality": false, "defaultSlotFormat": "INVALID_FORMAT"}, "activeInterfaces": [], "slots": {}}, {"id": "dev00000003", "pid": 0, "firmwareName": "", "isSubdevice": false, "state": "ABSENT", "onboardMode": false, "individualMode": false, "resourcesAvailable": true, "connectionType": "INVALID_CONNECTION", "hasWirelessInterface": true, "deviceType": "MOUSE", "deviceFamily": "", "deviceModel": "g603", "deviceBaseModel": "g603", "displayName": "G603", "extendedDisplayName": "G603 Lightspeed Wireless Gaming Mouse", "slotPrefix": "g603", "thumbnail": "pipeline://core/thumbnails/g603.png", "stringPackage": "", "deviceExt": 0, "deviceUnitId": "3373205957", "deviceSignature": "MOUSE.g603.0.3373205957", "givenName": "", "capabilities": {"sleepTimer": false, "mstateSupport": {"count": 1, "timeOut": 0}, "fnInversion": false, "presentSplashScreen": false, "customizableColor": false, "wirelessReportRate": false, "dpiIndicatorLed": {"zoneType": "LOGO", "steps": {"5": {"tag": "", "hex": "#00a9e0"}, "1": {"tag": "", "hex": "#f8e71c"}, "3": {"tag": "", "hex": "#fd7600"}, "2": {"tag": "", "hex": "#ffffff"}, "4": {"tag": "", "hex": "#e9168c"}}}, "hybridEngine": false, "advancedSleepTimer": false, "angleSnapping": false, "excludeGShift": false, "hostRemovalSupport": false, "headphoneJack": false, "hostInfos": false, "gkeyLayout": "INVALID_GKEY_LAYOUT", "hasBatteryStatus": true, "powerOffTimer": false, "reportRatesOverride": {"rates": [1000, 500, 250, 125]}, "requiresBackupForDfu": false, "unifiedBattery": false, "dpiLighting": false, "nonInteractive": false, "receiverPairing": {"receiverType": "LS1", "receiverPid": 0, "pairingAction": "ACTION_POWER_CYCLE", "hasForcePairing": false}, "chargepadCompatible": false, "individuality": false, "defaultSlotFormat": "INVALID_FORMAT"}, "activeInterfaces": [], "slots": {}}, {"id": "dev00000004", "pid": 16492, "firmwareName": "MPM0806", "isSubdevice": false, "state": "ACTIVE", "onboardMode": false, "individualMode": false, "resourcesAvailable": true, "connectionType": "WIRELESS", "hasWirelessInterface": true, "deviceType": "MOUSE", "deviceFamily": "", "deviceModel": "g603", "deviceBaseModel": "g603", "displayName": "G603", "extendedDisplayName": "G603 Lightspeed Wireless Gaming Mouse", "slotPrefix": "g603", "thumbnail": "pipeline://core/thumbnails/g603.png", "stringPackage": "", "deviceExt": 0, "deviceUnitId": "4154094063", "deviceSignature": "MOUSE.g603.0.4154094063", "givenName": "", "capabilities": {"sleepTimer": false, "mstateSupport": {"count": 1, "timeOut": 0}, "fnInversion": false, "presentSplashScreen": false, "customizableColor": false, "wirelessReportRate": false, "dpiIndicatorLed": {"zoneType": "LOGO", "steps": {"5": {"tag": "", "hex": "#00a9e0"}, "3": {"tag": "", "hex": "#fd7600"}, "2": {"tag": "", "hex": "#ffffff"}, "4": {"tag": "", "hex": "#e9168c"}, "1": {"tag": "", "hex": "#f8e71c"}}}, "hybridEngine": false, "advancedSleepTimer": false, "angleSnapping": false, "excludeGShift": false, "hostRemovalSupport": false, "headphoneJack": false, "hostInfos": false, "gkeyLayout": "INVALID_GKEY_LAYOUT", "hasBatteryStatus": true, "powerOffTimer": false, "reportRatesOverride": {"rates": [1000, 500, 250, 125]}, "requiresBackupForDfu": false, "unifiedBattery": false, "dpiLighting": false, "nonInteractive": false, "receiverPairing": {"receiverType": "LS1", "receiverPid": 0, "pairingAction": "ACTION_POWER_CYCLE", "hasForcePairing": false}, "chargepadCompatible": false, "individuality": false, "defaultSlotFormat": "INVALID_FORMAT"}, "activeInterfaces": [{"type": "DEVIO", "id": "046d_406c", "pid": 16492, "modelId": 0, "extendedModel": 0, "serialNumber": "4154094063", "path": "usb\\vid_046d&pid_c539&mi_02\\8&d2562e0&0&0002:0", "containerId": "", "deviceType": "MOUSE", "deviceName": "G603 Wireless Gaming Mouse", "keyboardLayout": "INVALID_LAYOUT", "firmwareVersion": "8.6.28", "unitId": "4154094063", "firmwareName": "MPM0806", "connectionType": "WIRELESS", "hasOnboardMode": true}], "slots": {"g603_g1_m1": {"id": "g603_g1_m1", "attribute": "MACRO_PLAYBACK", "disabled": false}, "g603_g4_m1_shifted": {"id": "g603_g4_m1_shifted", "attribute": "MACRO_PLAYBACK", "disabled": false}, "g603_g5_m1_shifted": {"id": "g603_g5_m1_shifted", "attribute": "MACRO_PLAYBACK", "disabled": false}, "g603_g3_m1_shifted": {"id": "g603_g3_m1_shifted", "attribute": "MACRO_PLAYBACK", "disabled": false}, "g603_mouse_settings": {"id": "g603_mouse_settings", "attribute": "MOUSE_SETTINGS", "disabled": false}, "g603_g5_m1": {"id": "g603_g5_m1", "attribute": "MACRO_PLAYBACK", "disabled": false}, "g603_g3_m1": {"id": "g603_g3_m1", "attribute": "MACRO_PLAYBACK", "disabled": false}, "g603_g6_m1_shifted": {"id": "g603_g6_m1_shifted", "attribute": "MACRO_PLAYBACK", "disabled": false}, "g603_g4_m1": {"id": "g603_g4_m1", "attribute": "MACRO_PLAYBACK", "disabled": false}, "g603_g1_m1_shifted": {"id": "g603_g1_m1_shifted", "attribute": "MACRO_PLAYBACK", "disabled": false}, "g603_g6_m1": {"id": "g603_g6_m1", "attribute": "MACRO_PLAYBACK", "disabled": false}, "g603_g2_m1_shifted": {"id": "g603_g2_m1_shifted", "attribute": "MACRO_PLAYBACK", "disabled": false}, "g603_g2_m1": {"id": "g603_g2_m1", "attribute": "MACRO_PLAYBACK", "disabled": false}}}]}}