 {"msgId": "a11a7142-b1a4-4604-a400-79900512c278", "verb": "GET", "path": "/devices/list", "origin": "backend", "result": {"code": "SUCCESS", "what": ""}, "payload": {"@type": "type.googleapis.com/logi.protocol.devices.Device.Info.List", "deviceInfos": [{"id": "dev00000000", "pid": 16492, "firmwareName": "MPM08", "isSubdevice": false, "state": "ACTIVE", "onboardMode": false, "individualMode": false, "resourcesAvailable": true, "connectionType": "WIRELESS", "hasWirelessInterface": true, "displayConnectionType": "LIGHTSPEED", "deviceType": "MOUSE", "deviceFamily": "", "deviceModel": "g603", "deviceBaseModel": "g603", "displayName": "G603", "extendedDisplayName": "G603 Lightspeed Wireless Gaming Mouse", "slotPrefix": "g603", "thumbnail": "pipeline://core/thumbnails/g603.png", "stringPackage": "", "deviceExt": 0, "deviceUnitId": "4154094063", "deviceSignature": "MOUSE.g603.0.4154094063", "givenName": "", "capabilities": {"sleepTimer": false, "mstateSupport": {"count": 1, "timeOut": 0}, "fnInversion": false, "presentSplashScreen": false, "customizableColor": false, "wirelessReportRate": false, "dpiIndicatorLed": {"zoneType": "LOGO", "steps": {"2": {"tag": "", "hex": "#ffffff"}, "3": {"tag": "", "hex": "#fd7600"}, "4": {"tag": "", "hex": "#e9168c"}, "5": {"tag": "", "hex": "#00a9e0"}, "1": {"tag": "", "hex": "#f8e71c"}}}, "hybridEngine": false, "advancedSleepTimer": false, "angleSnapping": false, "excludeGShift": false, "hostRemovalSupport": false, "headphoneJack": false, "hostInfos": false, "gkeyLayout": "INVALID_GKEY_LAYOUT", "hasBatteryStatus": true, "powerOffTimer": false, "reportRatesOverride": {"rates": [1000, 500, 250, 125]}, "requiresBackupForDfu": false, "unifiedBattery": false, "dpiLighting": false, "nonInteractive": false, "receiverPairing": {"receiverType": "LS1", "receiverPid": 0, "pairingAction": "ACTION_POWER_CYCLE", "hasForcePairing": false}, "chargepadCompatible": false, "individuality": false, "defaultSlotFormat": "INVALID_FORMAT", "fnToggle": false}, "activeInterfaces": [{"type": "DEVIO", "id": "046d_406c", "pid": 16492, "modelId": 0, "extendedModel": 0, "serialNumber": "4154094063", "path": "usb\\vid_046d&pid_c539&mi_02\\8&d2562e0&0&0002:0", "containerId": "", "deviceType": "MOUSE", "deviceName": "G603 Wireless Gaming Mouse", "keyboardLayout": "INVALID_LAYOUT", "firmwareVersion": "8.6.28", "firmwareName": "MPM08", "firmwareRevision": 6, "hardwareRevision": 0, "unitId": "4154094063", "connectionType": "WIRELESS", "hasOnboardMode": true}], "slots": {"g603_mouse_settings": {"id": "g603_mouse_settings", "attribute": "MOUSE_SETTINGS", "disabled": false, "defaultCard": "9b85425b-8c71-4b15-808c-1204406c0000"}, "g603_g4_m1": {"id": "g603_g4_m1", "attribute": "MACRO_PLAYBACK", "disabled": false, "defaultCard": "0f82f693-5b78-4cf5-867e-020400000000"}, "g603_g5_m1": {"id": "g603_g5_m1", "attribute": "MACRO_PLAYBACK", "disabled": false, "defaultCard": "0f82f693-5b78-4cf5-867e-020500000000"}, "g603_g3_m1": {"id": "g603_g3_m1", "attribute": "MACRO_PLAYBACK", "disabled": false, "defaultCard": "0f82f693-5b78-4cf5-867e-020300000000"}, "g603_g1_m1_shifted": {"id": "g603_g1_m1_shifted", "attribute": "MACRO_PLAYBACK", "disabled": false, "defaultCard": "0f82f693-5b78-4cf5-867e-090700000000"}, "g603_g6_m1": {"id": "g603_g6_m1", "attribute": "MACRO_PLAYBACK", "disabled": false, "defaultCard": "0f82f693-5b78-4cf5-867e-040400000000"}, "g603_g2_m1_shifted": {"id": "g603_g2_m1_shifted", "attribute": "MACRO_PLAYBACK", "disabled": false, "defaultCard": "0f82f693-5b78-4cf5-867e-090700000000"}, "g603_g6_m1_shifted": {"id": "g603_g6_m1_shifted", "attribute": "MACRO_PLAYBACK", "disabled": false, "defaultCard": "0f82f693-5b78-4cf5-867e-090700000000"}, "g603_g4_m1_shifted": {"id": "g603_g4_m1_shifted", "attribute": "MACRO_PLAYBACK", "disabled": false, "defaultCard": "0f82f693-5b78-4cf5-867e-090700000000"}, "g603_g5_m1_shifted": {"id": "g603_g5_m1_shifted", "attribute": "MACRO_PLAYBACK", "disabled": false, "defaultCard": "0f82f693-5b78-4cf5-867e-090700000000"}, "g603_g2_m1": {"id": "g603_g2_m1", "attribute": "MACRO_PLAYBACK", "disabled": false, "defaultCard": "0f82f693-5b78-4cf5-867e-020200000000"}, "g603_g3_m1_shifted": {"id": "g603_g3_m1_shifted", "attribute": "MACRO_PLAYBACK", "disabled": false, "defaultCard": "0f82f693-5b78-4cf5-867e-090700000000"}, "g603_g1_m1": {"id": "g603_g1_m1", "attribute": "MACRO_PLAYBACK", "disabled": false, "defaultCard": "0f82f693-5b78-4cf5-867e-020100000000"}}}]}}