 {"msgId": "4b60f960-850a-470c-af49-c3744a4b7c9d", "verb": "GET", "path": "/devices/list", "origin": "backend", "result": {"code": "SUCCESS", "what": ""}, "payload": {"@type": "type.googleapis.com/logi.protocol.devices.Device.Info.List", "deviceInfos": [{"id": "dev00000000", "pid": 2195, "state": "ACTIVE", "onboardMode": false, "resourcesAvailable": true, "connectionType": "USB", "hasWirelessInterface": false, "deviceType": "CAMERA", "deviceModel": "streamcam", "displayName": "StreamCam", "extendedDisplayName": "StreamCam", "slotPrefix": "streamcam", "thumbnail": "pipeline://core/thumbnails/streamcam.png", "capabilities": {"sleepTimer": false, "mstateSupport": {"count": 1, "timeOut": 0}, "fnInversion": false, "presentSplashScreen": false, "customizableColor": false, "wirelessReportRate": false, "webcam": {"camera": {"fov": [], "hdr": false, "audioMode": true, "stabilization": true, "orientation": true}}, "hybridEngine": false, "advancedSleepTimer": false, "angleSnapping": false, "excludeGShift": false, "hostRemovalSupport": false, "headphoneJack": false, "hostInfos": false, "gkeyLayout": "INVALID_GKEY_LAYOUT", "hasBatteryStatus": false, "powerOffTimer": false, "requiresBackupForDfu": false, "unifiedBattery": false, "dpiLighting": false, "nonInteractive": false, "chargepadCompatible": false}, "activeInterfaces": [{"type": "UVC", "id": "046d_0893", "pid": 2195, "modelId": 0, "extendedModel": 2, "serialNumber": "", "path": "\\\\?\\usb#vid_046d&pid_0893&mi_00#6&1c7fc66f&0&0000#{65e8773d-8f56-11d0-a3b9-00a0c9223196}\\global", "containerId": "9b56be8e-9fca-5954-a234-b44294ca411d", "deviceType": "INVALID_TYPE", "deviceName": "", "keyboardLayout": "INVALID_LAYOUT", "firmwareVersion": "1.0.211", "connectionType": "USB", "hasOnboardMode": false}], "slots": {"streamcam_camera": {"id": "streamcam_camera", "attribute": "CAMERA_SETTINGS", "disabled": false}, "streamcam_video": {"id": "streamcam_video", "attribute": "VIDEO_SETTINGS", "disabled": false}}}, {"id": "dev00000001", "pid": 0, "state": "ABSENT", "onboardMode": false, "resourcesAvailable": true, "connectionType": "INVALID_CONNECTION", "hasWirelessInterface": false, "deviceType": "CAMERA", "deviceModel": "brio", "displayName": "BRIO", "extendedDisplayName": "Logitech BRIO", "slotPrefix": "brio", "thumbnail": "pipeline://core/thumbnails/brio.png", "capabilities": {"sleepTimer": false, "mstateSupport": {"count": 1, "timeOut": 0}, "fnInversion": false, "presentSplashScreen": false, "customizableColor": false, "wirelessReportRate": false, "webcam": {"camera": {"fov": [65, 78, 90], "hdr": true, "audioMode": false, "stabilization": false, "orientation": false}}, "hybridEngine": false, "advancedSleepTimer": false, "angleSnapping": false, "excludeGShift": false, "hostRemovalSupport": false, "headphoneJack": false, "hostInfos": false, "gkeyLayout": "INVALID_GKEY_LAYOUT", "hasBatteryStatus": false, "powerOffTimer": false, "requiresBackupForDfu": false, "unifiedBattery": false, "dpiLighting": false, "nonInteractive": false, "chargepadCompatible": false}, "activeInterfaces": [], "slots": {}}, {"id": "dev00000002", "pid": 0, "state": "ABSENT", "onboardMode": false, "resourcesAvailable": true, "connectionType": "INVALID_CONNECTION", "hasWirelessInterface": false, "deviceType": "CAMERA", "deviceModel": "c922", "displayName": "1080p Pro", "extendedDisplayName": "1080p Pro Stream Webcam", "slotPrefix": "c922", "thumbnail": "pipeline://core/thumbnails/c922.png", "capabilities": {"sleepTimer": false, "mstateSupport": {"count": 1, "timeOut": 0}, "fnInversion": false, "presentSplashScreen": false, "customizableColor": false, "wirelessReportRate": false, "hybridEngine": false, "advancedSleepTimer": false, "angleSnapping": false, "excludeGShift": false, "hostRemovalSupport": false, "headphoneJack": false, "hostInfos": false, "gkeyLayout": "INVALID_GKEY_LAYOUT", "hasBatteryStatus": false, "powerOffTimer": false, "requiresBackupForDfu": false, "unifiedBattery": false, "dpiLighting": false, "nonInteractive": false, "chargepadCompatible": false}, "activeInterfaces": [], "slots": {}}, {"id": "dev00000003", "pid": 0, "state": "ABSENT", "onboardMode": false, "resourcesAvailable": true, "connectionType": "INVALID_CONNECTION", "hasWirelessInterface": false, "deviceType": "CAMERA", "deviceModel": "c920", "displayName": "C920", "extendedDisplayName": "HD Pro Webcam C920", "slotPrefix": "c920", "thumbnail": "pipeline://core/thumbnails/c920.png", "capabilities": {"sleepTimer": false, "mstateSupport": {"count": 1, "timeOut": 0}, "fnInversion": false, "presentSplashScreen": false, "customizableColor": false, "wirelessReportRate": false, "hybridEngine": false, "advancedSleepTimer": false, "angleSnapping": false, "excludeGShift": false, "hostRemovalSupport": false, "headphoneJack": false, "hostInfos": false, "gkeyLayout": "INVALID_GKEY_LAYOUT", "hasBatteryStatus": false, "powerOffTimer": false, "requiresBackupForDfu": false, "unifiedBattery": false, "dpiLighting": false, "nonInteractive": false, "chargepadCompatible": false}, "activeInterfaces": [], "slots": {}}, {"id": "dev00000004", "pid": 0, "state": "ABSENT", "onboardMode": false, "resourcesAvailable": true, "connectionType": "INVALID_CONNECTION", "hasWirelessInterface": false, "deviceType": "CAMERA", "deviceModel": "4kpro", "displayName": "BRIO 4K STREAM", "extendedDisplayName": "BRIO 4K STREAM", "slotPrefix": "4kpro", "thumbnail": "pipeline://core/thumbnails/brio.png", "capabilities": {"sleepTimer": false, "mstateSupport": {"count": 1, "timeOut": 0}, "fnInversion": false, "presentSplashScreen": false, "customizableColor": false, "wirelessReportRate": false, "webcam": {"camera": {"fov": [65, 78, 90], "hdr": true, "audioMode": false, "stabilization": false, "orientation": false}}, "hybridEngine": false, "advancedSleepTimer": false, "angleSnapping": false, "excludeGShift": false, "hostRemovalSupport": false, "headphoneJack": false, "hostInfos": false, "gkeyLayout": "INVALID_GKEY_LAYOUT", "hasBatteryStatus": false, "powerOffTimer": false, "requiresBackupForDfu": false, "unifiedBattery": false, "dpiLighting": false, "nonInteractive": false, "chargepadCompatible": false}, "activeInterfaces": [], "slots": {}}, {"id": "dev00000005", "pid": 0, "state": "ABSENT", "onboardMode": false, "resourcesAvailable": true, "connectionType": "INVALID_CONNECTION", "hasWirelessInterface": false, "deviceType": "CAMERA", "deviceModel": "c922", "displayName": "C922", "extendedDisplayName": "C922 HD Pro Webcam", "slotPrefix": "c922", "thumbnail": "pipeline://core/thumbnails/c922.png", "capabilities": {"sleepTimer": false, "mstateSupport": {"count": 1, "timeOut": 0}, "fnInversion": false, "presentSplashScreen": false, "customizableColor": false, "wirelessReportRate": false, "hybridEngine": false, "advancedSleepTimer": false, "angleSnapping": false, "excludeGShift": false, "hostRemovalSupport": false, "headphoneJack": false, "hostInfos": false, "gkeyLayout": "INVALID_GKEY_LAYOUT", "hasBatteryStatus": false, "powerOffTimer": false, "requiresBackupForDfu": false, "unifiedBattery": false, "dpiLighting": false, "nonInteractive": false, "chargepadCompatible": false}, "activeInterfaces": [], "slots": {}}, {"id": "dev00000006", "pid": 0, "state": "ABSENT", "onboardMode": false, "resourcesAvailable": true, "connectionType": "INVALID_CONNECTION", "hasWirelessInterface": false, "deviceType": "KEYBOARD", "deviceModel": "g512_ext4", "displayName": "G512", "extendedDisplayName": "G512 Carbon Linear", "slotPrefix": "g513", "thumbnail": "pipeline://core/thumbnails/g513_ext3.png", "capabilities": {"lightingSupport": {"deviceCategory": "KEYBOARD_RGB_PER_KEY", "typeMap": {"PERKEY_KEYBOARD": "HID_KEYBOARD", "PERKEY_INDICATOR": "KEYBOARD_OTHER", "ZONE_PRIMARY": "PRIMARY"}, "zones": [{"zoneType": "ZONE_PRIMARY", "supportedEffects": [{"id": "OFF", "syncable": true, "fixedIntensity": false, "signature": false, "inactivityOnly": false}, {"id": "FIXED", "syncable": true, "fixedIntensity": false, "signature": false, "inactivityOnly": false}, {"id": "CYCLE", "syncable": true, "fixedIntensity": true, "signature": false, "inactivityOnly": false}, {"id": "COLORWAVE", "syncable": false, "fixedIntensity": true, "signature": false, "inactivityOnly": false}, {"id": "BREATHING", "syncable": true, "fixedIntensity": true, "signature": false, "inactivityOnly": false}, {"id": "RIPPLE", "syncable": false, "fixedIntensity": false, "signature": false, "inactivityOnly": false}], "onboardCluster": "CLUSTER_DEFAULT"}], "isMonochrome": false, "isPerKey": true, "persistence": {"zoneEffects": false, "perKeyFixed": true}, "hideStartupEffect": false, "shudownEffect": false, "brightnessLevels": [], "powerSavingEffect": false, "lowBatteryEffect": false, "brightnessPercentage": false, "gamma": false, "firmwareOnly": false, "offRamp": false, "activeDimming": false}, "sleepTimer": false, "mstateSupport": {"count": 1, "timeOut": 0}, "reportHidControls": {"pages": [{"page": 7, "usages": [{"usage": 58, "button": 1}, {"usage": 59, "button": 2}, {"usage": 60, "button": 3}, {"usage": 61, "button": 4}, {"usage": 62, "button": 5}, {"usage": 63, "button": 6}, {"usage": 64, "button": 7}, {"usage": 65, "button": 8}, {"usage": 66, "button": 9}, {"usage": 67, "button": 10}, {"usage": 68, "button": 11}, {"usage": 69, "button": 12}]}]}, "fnInversion": true, "presentSplashScreen": false, "customizableColor": false, "wirelessReportRate": false, "hybridEngine": false, "advancedSleepTimer": false, "angleSnapping": false, "excludeGShift": false, "hostRemovalSupport": false, "headphoneJack": false, "hostInfos": false, "gkeyLayout": "INVALID_GKEY_LAYOUT", "hasBatteryStatus": false, "powerOffTimer": false, "requiresBackupForDfu": false, "unifiedBattery": false, "dpiLighting": false, "nonInteractive": false, "chargepadCompatible": false}, "activeInterfaces": [], "slots": {}}, {"id": "dev00000007", "pid": 49976, "state": "ACTIVE", "onboardMode": false, "resourcesAvailable": true, "connectionType": "USB", "hasWirelessInterface": false, "deviceType": "KEYBOARD", "deviceModel": "g610", "displayName": "G610", "extendedDisplayName": "G610 Orion", "slotPrefix": "g610", "thumbnail": "pipeline://core/thumbnails/g610.png", "capabilities": {"lightingSupport": {"deviceCategory": "KEYBOARD_MONO_PER_KEY", "typeMap": {"PERKEY_KEYBOARD": "HID_KEYBOARD", "PERKEY_CONSUMER": "HID_CONSUMER", "ZONE_BRANDING": "LOGO", "ZONE_PRIMARY": "PRIMARY", "PERKEY_BRANDING": "LOGO", "PERKEY_INDICATOR": "KEYBOARD_OTHER"}, "zones": [{"zoneType": "ZONE_PRIMARY", "supportedEffects": [{"id": "OFF", "syncable": true, "fixedIntensity": false, "signature": false, "inactivityOnly": false}, {"id": "FIXED", "syncable": true, "fixedIntensity": false, "signature": false, "inactivityOnly": false}, {"id": "COLORWAVE", "syncable": false, "fixedIntensity": true, "signature": false, "inactivityOnly": false}, {"id": "BREATHING", "syncable": true, "fixedIntensity": true, "signature": false, "inactivityOnly": false}], "onboardCluster": "CLUSTER_DEFAULT"}, {"zoneType": "ZONE_BRANDING", "supportedEffects": [{"id": "OFF", "syncable": true, "fixedIntensity": false, "signature": false, "inactivityOnly": false}, {"id": "FIXED", "syncable": true, "fixedIntensity": false, "signature": false, "inactivityOnly": false}, {"id": "BREATHING", "syncable": true, "fixedIntensity": true, "signature": false, "inactivityOnly": false}], "onboardCluster": "CLUSTER_DEFAULT"}], "isMonochrome": true, "color": {"tag": "", "hex": "#ffffff"}, "isPerKey": true, "hideStartupEffect": false, "shudownEffect": false, "brightnessLevels": [], "powerSavingEffect": false, "lowBatteryEffect": false, "brightnessPercentage": false, "gamma": false, "firmwareOnly": false, "offRamp": false, "activeDimming": false}, "sleepTimer": false, "mstateSupport": {"count": 1, "timeOut": 0}, "reportHidControls": {"pages": [{"page": 7, "usages": [{"usage": 58, "button": 1}, {"usage": 59, "button": 2}, {"usage": 60, "button": 3}, {"usage": 61, "button": 4}, {"usage": 62, "button": 5}, {"usage": 63, "button": 6}, {"usage": 64, "button": 7}, {"usage": 65, "button": 8}, {"usage": 66, "button": 9}, {"usage": 67, "button": 10}, {"usage": 68, "button": 11}, {"usage": 69, "button": 12}]}]}, "fnInversion": false, "presentSplashScreen": false, "customizableColor": false, "wirelessReportRate": false, "hybridEngine": false, "advancedSleepTimer": false, "angleSnapping": false, "excludeGShift": false, "hostRemovalSupport": false, "headphoneJack": false, "hostInfos": false, "gkeyLayout": "INVALID_GKEY_LAYOUT", "hasBatteryStatus": false, "powerOffTimer": false, "requiresBackupForDfu": false, "unifiedBattery": false, "dpiLighting": false, "nonInteractive": false, "chargepadCompatible": false}, "activeInterfaces": [{"type": "DEVIO", "id": "046d_c338", "pid": 49976, "modelId": 0, "extendedModel": 0, "serialNumber": "859391750", "path": "usb\\vid_046d&pid_c338&mi_01\\8&2ba1098d&0&0001", "containerId": "151c7a9d-6536-5735-b368-936f450af9d6", "deviceType": "KEYBOARD", "deviceName": "Logitech Gaming Keyboard G610", "keyboardLayout": "US", "firmwareVersion": "104.13.14", "connectionType": "USB", "hasOnboardMode": false}], "slots": {"g610_disable_keys": {"id": "g610_disable_keys", "attribute": "DISABLE_KEY_SETTINGS", "disabled": false}, "g610_g8_m1": {"id": "g610_g8_m1", "attribute": "MACRO_PLAYBACK", "disabled": false}, "g610_g9_m1_shifted": {"id": "g610_g9_m1_shifted", "attribute": "MACRO_PLAYBACK", "disabled": false}, "g610_g12_m1": {"id": "g610_g12_m1", "attribute": "MACRO_PLAYBACK", "disabled": false}, "g610_g10_m1": {"id": "g610_g10_m1", "attribute": "MACRO_PLAYBACK", "disabled": false}, "g610_g9_m1": {"id": "g610_g9_m1", "attribute": "MACRO_PLAYBACK", "disabled": false}, "g610_g10_m1_shifted": {"id": "g610_g10_m1_shifted", "attribute": "MACRO_PLAYBACK", "disabled": false}, "g610_g7_m1_shifted": {"id": "g610_g7_m1_shifted", "attribute": "MACRO_PLAYBACK", "disabled": false}, "g610_g8_m1_shifted": {"id": "g610_g8_m1_shifted", "attribute": "MACRO_PLAYBACK", "disabled": false}, "g610_g7_m1": {"id": "g610_g7_m1", "attribute": "MACRO_PLAYBACK", "disabled": false}, "g610_g6_m1": {"id": "g610_g6_m1", "attribute": "MACRO_PLAYBACK", "disabled": false}, "g610_g11_m1": {"id": "g610_g11_m1", "attribute": "MACRO_PLAYBACK", "disabled": false}, "g610_g2_m1": {"id": "g610_g2_m1", "attribute": "MACRO_PLAYBACK", "disabled": false}, "g610_g5_m1": {"id": "g610_g5_m1", "attribute": "MACRO_PLAYBACK", "disabled": false}, "g610_g1_m1_shifted": {"id": "g610_g1_m1_shifted", "attribute": "MACRO_PLAYBACK", "disabled": false}, "g610_g11_m1_shifted": {"id": "g610_g11_m1_shifted", "attribute": "MACRO_PLAYBACK", "disabled": false}, "g610_g5_m1_shifted": {"id": "g610_g5_m1_shifted", "attribute": "MACRO_PLAYBACK", "disabled": false}, "g610_lighting_setting_firmware": {"id": "g610_lighting_setting_firmware", "attribute": "FIRMWARE_LIGHTING_SETTINGS", "disabled": false}, "g610_g2_m1_shifted": {"id": "g610_g2_m1_shifted", "attribute": "MACRO_PLAYBACK", "disabled": false}, "g610_g3_m1": {"id": "g610_g3_m1", "attribute": "MACRO_PLAYBACK", "disabled": false}, "g610_g6_m1_shifted": {"id": "g610_g6_m1_shifted", "attribute": "MACRO_PLAYBACK", "disabled": false}, "g610_g4_m1": {"id": "g610_g4_m1", "attribute": "MACRO_PLAYBACK", "disabled": false}, "g610_g4_m1_shifted": {"id": "g610_g4_m1_shifted", "attribute": "MACRO_PLAYBACK", "disabled": false}, "g610_g12_m1_shifted": {"id": "g610_g12_m1_shifted", "attribute": "MACRO_PLAYBACK", "disabled": false}, "g610_g3_m1_shifted": {"id": "g610_g3_m1_shifted", "attribute": "MACRO_PLAYBACK", "disabled": false}, "g610_g1_m1": {"id": "g610_g1_m1", "attribute": "MACRO_PLAYBACK", "disabled": false}}}]}}