 {"msgId": "04d970b5-4ea9-490c-8de0-005741908db5", "verb": "GET", "path": "/devices/list", "origin": "backend", "result": {"code": "SUCCESS", "what": ""}, "payload": {"@type": "type.googleapis.com/logi.protocol.devices.Device.Info.List", "deviceInfos": [{"id": "dev00000000", "pid": 0, "firmwareName": "U129", "isSubdevice": false, "state": "ABSENT", "onboardMode": false, "individualMode": false, "resourcesAvailable": true, "connectionType": "INVALID_CONNECTION", "hasWirelessInterface": false, "displayConnectionType": "INVALID_DISPLAY_CONNECTION", "deviceType": "HEADSET", "deviceFamily": "", "deviceModel": "g933s", "deviceBaseModel": "g935", "displayName": "G933s", "extendedDisplayName": "G933s Wireless 7.1 LIGHTSYNC Gaming Headset", "slotPrefix": "g935", "thumbnail": "pipeline://core/thumbnails/g933s.png", "stringPackage": "", "deviceExt": 1, "deviceUnitId": "4294967295", "deviceSignature": "HEADSET.g935.1.4294967295", "givenName": "", "capabilities": {"audio": {"dtsSupported": false, "dolbySupported": false, "denoiserSupported": true, "onboardEqSupported": true, "onboardProEqSupported": false, "dtsHx2eSupported": true, "proEqSupported": false, "blueVoiceSupported": false, "hardwareNoiseReductionSupported": false, "blueVoice2Supported": false, "hidMic": true, "devioVolumeFeatures": false, "centurionEqSupported": false, "lightspeedAuxSupported": false}, "lightingSupport": {"deviceCategory": "HEADSET_RGB_ZONAL", "typeMap": {"ZONE_PRIMARY": "PRIMARY", "ZONE_BRANDING": "LOGO"}, "zones": [{"zoneType": "ZONE_PRIMARY", "supportedEffects": [{"id": "OFF", "syncable": true, "fixedIntensity": false, "signature": false, "inactivityOnly": false}, {"id": "FIXED", "syncable": true, "fixedIntensity": false, "signature": false, "inactivityOnly": false}, {"id": "CYCLE", "syncable": true, "fixedIntensity": false, "signature": false, "inactivityOnly": false}, {"id": "BREATHING", "syncable": true, "fixedIntensity": false, "signature": false, "inactivityOnly": false}], "onboardCluster": "CLUSTER_DEFAULT"}, {"zoneType": "ZONE_BRANDING", "supportedEffects": [{"id": "OFF", "syncable": true, "fixedIntensity": false, "signature": false, "inactivityOnly": false}, {"id": "FIXED", "syncable": true, "fixedIntensity": false, "signature": false, "inactivityOnly": false}, {"id": "CYCLE", "syncable": true, "fixedIntensity": false, "signature": false, "inactivityOnly": false}, {"id": "BREATHING", "syncable": true, "fixedIntensity": false, "signature": false, "inactivityOnly": false}], "onboardCluster": "CLUSTER_DEFAULT"}], "isMonochrome": false, "isPerKey": false, "persistence": {"zoneEffects": true, "perKeyFixed": false}, "hideStartupEffect": false, "shutdownEffect": false, "brightnessLevels": [], "powerSavingEffect": false, "lowBatteryEffect": false, "brightnessPercentage": false, "gamma": true, "firmwareOnly": false, "offRamp": false, "activeDimming": false, "hasPositionalEffect": false, "hasPastelPalette": false, "hasRingLeds": false, "hasMasterSwitch": false, "needKeepAliveSignal": false}, "sleepTimer": true, "mstateSupport": {"count": 1, "timeOut": 0}, "fnInversion": false, "presentSplashScreen": false, "customizableColor": false, "wirelessReportRate": false, "hybridEngine": false, "advancedSleepTimer": true, "angleSnapping": false, "excludeGShift": false, "hostRemovalSupport": false, "headphoneJack": false, "hostInfos": false, "gkeyLayout": "INVALID_GKEY_LAYOUT", "hasBatteryStatus": true, "powerOffTimer": false, "requiresBackupForDfu": false, "notificationSupport": {}, "unifiedBattery": false, "dpiLighting": false, "nonInteractive": false, "chargepadCompatible": false, "individuality": false, "defaultSlotFormat": "INVALID_FORMAT", "fnToggle": false}, "activeInterfaces": [], "slots": {}}, {"id": "dev00000001", "pid": 2195, "firmwareName": "", "isSubdevice": false, "state": "ACTIVE", "onboardMode": false, "individualMode": false, "resourcesAvailable": true, "connectionType": "USB", "hasWirelessInterface": false, "displayConnectionType": "USB", "deviceType": "CAMERA", "deviceFamily": "", "deviceModel": "streamcam", "deviceBaseModel": "streamcam", "displayName": "StreamCam", "extendedDisplayName": "StreamCam", "slotPrefix": "streamcam", "thumbnail": "pipeline://core/thumbnails/streamcam.png", "stringPackage": "", "deviceExt": 0, "deviceUnitId": "14251AE4", "deviceSignature": "CAMERA.streamcam.0.14251AE4", "givenName": "", "capabilities": {"sleepTimer": false, "mstateSupport": {"count": 1, "timeOut": 0}, "fnInversion": false, "presentSplashScreen": false, "customizableColor": false, "wirelessReportRate": false, "webcam": {"camera": {"fov": [], "hdr": false, "audioMode": true, "stabilization": true, "orientation": true}}, "hybridEngine": false, "advancedSleepTimer": false, "angleSnapping": false, "excludeGShift": false, "hostRemovalSupport": false, "headphoneJack": false, "hostInfos": false, "gkeyLayout": "INVALID_GKEY_LAYOUT", "hasBatteryStatus": false, "powerOffTimer": false, "requiresBackupForDfu": false, "unifiedBattery": false, "dpiLighting": false, "nonInteractive": false, "chargepadCompatible": false, "individuality": false, "defaultSlotFormat": "INVALID_FORMAT", "fnToggle": false}, "activeInterfaces": [{"type": "UVC", "id": "046d_0893", "pid": 2195, "modelId": 0, "extendedModel": 2, "serialNumber": "14251AE4", "path": "\\\\?\\usb#vid_046d&pid_0893&mi_00#6&1c7fc66f&0&0000#{65e8773d-8f56-11d0-a3b9-00a0c9223196}\\global", "containerId": "9b56be8e-9fca-5954-a234-b44294ca411d", "deviceType": "INVALID_TYPE", "deviceName": "", "keyboardLayout": "INVALID_LAYOUT", "firmwareVersion": "1.0.211", "firmwareName": "", "firmwareRevision": 0, "hardwareRevision": 0, "unitId": "14251AE4", "connectionType": "USB", "hasOnboardMode": false}], "slots": {"streamcam_camera": {"id": "streamcam_camera", "attribute": "CAMERA_SETTINGS", "disabled": false, "defaultCard": "9b85425b-8c71-4b15-808c-120908930000"}, "streamcam_video": {"id": "streamcam_video", "attribute": "VIDEO_SETTINGS", "disabled": false, "defaultCard": "9b85425b-8c71-4b15-808c-120a08930000"}}}, {"id": "dev00000002", "pid": 2697, "firmwareName": "U130", "isSubdevice": false, "state": "ACTIVE", "onboardMode": false, "individualMode": false, "resourcesAvailable": true, "connectionType": "USB", "hasWirelessInterface": false, "displayConnectionType": "USB", "deviceType": "HEADSET", "deviceFamily": "", "deviceModel": "g635", "deviceBaseModel": "g635", "displayName": "G635", "extendedDisplayName": "G635 Wired 7.1 LIGHTSYNC Gaming Headset", "slotPrefix": "g635", "thumbnail": "pipeline://core/thumbnails/g635.png", "stringPackage": "", "deviceExt": 0, "deviceUnitId": "4294967295", "deviceSignature": "HEADSET.g635.0.4294967295", "givenName": "", "capabilities": {"audio": {"dtsSupported": false, "dolbySupported": false, "denoiserSupported": true, "onboardEqSupported": false, "onboardProEqSupported": false, "dtsHx2eSupported": true, "proEqSupported": false, "blueVoiceSupported": false, "hardwareNoiseReductionSupported": false, "blueVoice2Supported": false, "hidMic": true, "devioVolumeFeatures": false, "centurionEqSupported": false, "lightspeedAuxSupported": false}, "lightingSupport": {"deviceCategory": "HEADSET_RGB_ZONAL", "typeMap": {"ZONE_PRIMARY": "PRIMARY", "ZONE_BRANDING": "LOGO"}, "zones": [{"zoneType": "ZONE_PRIMARY", "supportedEffects": [{"id": "OFF", "syncable": true, "fixedIntensity": false, "signature": false, "inactivityOnly": false}, {"id": "FIXED", "syncable": true, "fixedIntensity": false, "signature": false, "inactivityOnly": false}, {"id": "CYCLE", "syncable": true, "fixedIntensity": false, "signature": false, "inactivityOnly": false}, {"id": "BREATHING", "syncable": true, "fixedIntensity": false, "signature": false, "inactivityOnly": false}], "onboardCluster": "CLUSTER_DEFAULT"}, {"zoneType": "ZONE_BRANDING", "supportedEffects": [{"id": "OFF", "syncable": true, "fixedIntensity": false, "signature": false, "inactivityOnly": false}, {"id": "FIXED", "syncable": true, "fixedIntensity": false, "signature": false, "inactivityOnly": false}, {"id": "CYCLE", "syncable": true, "fixedIntensity": false, "signature": false, "inactivityOnly": false}, {"id": "BREATHING", "syncable": true, "fixedIntensity": false, "signature": false, "inactivityOnly": false}], "onboardCluster": "CLUSTER_DEFAULT"}], "isMonochrome": false, "isPerKey": false, "persistence": {"zoneEffects": true, "perKeyFixed": false}, "hideStartupEffect": false, "shutdownEffect": false, "brightnessLevels": [], "powerSavingEffect": false, "lowBatteryEffect": false, "brightnessPercentage": false, "gamma": true, "firmwareOnly": false, "offRamp": false, "activeDimming": false, "hasPositionalEffect": false, "hasPastelPalette": false, "hasRingLeds": false, "hasMasterSwitch": false, "needKeepAliveSignal": false}, "sleepTimer": false, "mstateSupport": {"count": 1, "timeOut": 0}, "fnInversion": false, "presentSplashScreen": false, "customizableColor": false, "wirelessReportRate": false, "hybridEngine": false, "advancedSleepTimer": false, "angleSnapping": false, "excludeGShift": true, "hostRemovalSupport": false, "headphoneJack": false, "hostInfos": false, "gkeyLayout": "INVALID_GKEY_LAYOUT", "hasBatteryStatus": true, "powerOffTimer": false, "requiresBackupForDfu": false, "notificationSupport": {}, "unifiedBattery": false, "dpiLighting": false, "nonInteractive": false, "chargepadCompatible": false, "individuality": false, "defaultSlotFormat": "INVALID_FORMAT", "fnToggle": false}, "activeInterfaces": [{"type": "DEVIO", "id": "046d_0a89", "pid": 2697, "modelId": 0, "extendedModel": 0, "serialNumber": "4294967295", "path": "\\\\?\\hid#vid_046d&pid_0a89&mi_03&col03#9&29389dd5&0&0002#{4d1e55b2-f16f-11cf-88cb-001111000030}", "containerId": "287f733c-1a27-5a09-974f-24e144b330de", "deviceType": "HEADSET", "deviceName": "G635 Gaming Headset", "keyboardLayout": "INVALID_LAYOUT", "firmwareVersion": "130.0.7", "firmwareName": "U130", "firmwareRevision": 0, "hardwareRevision": 0, "unitId": "4294967295", "connectionType": "USB", "hasOnboardMode": false}, {"type": "HIDIO", "id": "HID_046d_0a89_000b0001", "pid": 2697, "modelId": 0, "extendedModel": 0, "serialNumber": "", "path": "\\\\?\\HID#VID_046D&PID_0A89&MI_03&COL02#9&29389DD5&0&0001#{4D1E55B2-F16F-11CF-88CB-001111000030}", "containerId": "287f733c-1a27-5a09-974f-24e144b330de", "deviceType": "INVALID_TYPE", "deviceName": "", "keyboardLayout": "INVALID_LAYOUT", "firmwareVersion": "", "firmwareName": "", "firmwareRevision": 0, "hardwareRevision": 0, "unitId": "", "connectionType": "USB", "hasOnboardMode": false}, {"type": "AUDIO", "id": "", "pid": 0, "modelId": 0, "extendedModel": 0, "serialNumber": "", "path": "", "containerId": "287f733c-1a27-5a09-974f-24e144b330de", "deviceType": "INVALID_TYPE", "deviceName": "", "keyboardLayout": "INVALID_LAYOUT", "firmwareVersion": "", "firmwareName": "", "firmwareRevision": 0, "hardwareRevision": 0, "unitId": "", "connectionType": "VIRTUAL", "hasOnboardMode": false}], "slots": {"g635_equalizer": {"id": "g635_equalizer", "attribute": "EQUALIZER", "disabled": false, "defaultCard": "05525ad1-71a4-45c4-aafa-d56ad1429f32"}, "g635_lighting_setting_firmware": {"id": "g635_lighting_setting_firmware", "attribute": "FIRMWARE_LIGHTING_SETTINGS", "disabled": false, "defaultCard": "9b85425b-8c71-4b15-808c-12060a890000"}, "g635_g1_m1": {"id": "g635_g1_m1", "attribute": "MACRO_PLAYBACK", "disabled": false, "defaultCard": "0f82f693-5b78-4cf5-867e-070200000000"}, "g635_g2_m1": {"id": "g635_g2_m1", "attribute": "MACRO_PLAYBACK", "disabled": false, "defaultCard": "0f82f693-5b78-4cf5-867e-060c00000000"}, "g635_g3_m1_shifted": {"id": "g635_g3_m1_shifted", "attribute": "MACRO_PLAYBACK", "disabled": false, "defaultCard": "0f82f693-5b78-4cf5-867e-090700000000"}, "g635_g2_m1_shifted": {"id": "g635_g2_m1_shifted", "attribute": "MACRO_PLAYBACK", "disabled": false, "defaultCard": "0f82f693-5b78-4cf5-867e-090700000000"}, "g635_acoustics": {"id": "g635_acoustics", "attribute": "ACOUSTICS", "disabled": false, "defaultCard": "9b85425b-8c71-4b15-808c-12020a890000"}, "g635_g3_m1": {"id": "g635_g3_m1", "attribute": "MACRO_PLAYBACK", "disabled": false, "defaultCard": "0f82f693-5b78-4cf5-867e-060d00000000"}, "g635_g1_m1_shifted": {"id": "g635_g1_m1_shifted", "attribute": "MACRO_PLAYBACK", "disabled": false, "defaultCard": "0f82f693-5b78-4cf5-867e-090700000000"}}}]}}