 {"msgId": "74e4a641-f436-4afd-83cb-6ce01662664d", "verb": "GET", "path": "/devices/list", "origin": "backend", "result": {"code": "SUCCESS", "what": ""}, "payload": {"@type": "type.googleapis.com/logi.protocol.devices.Device.Info.List", "deviceInfos": [{"id": "dev00000001", "pid": 49296, "firmwareName": "MPM22", "isSubdevice": false, "parentId": "", "state": "ACTIVE", "onboardMode": false, "individualMode": false, "resourcesAvailable": true, "connectionType": "USB", "hasWirelessInterface": false, "displayConnectionType": "USB", "deviceType": "MOUSE", "deviceFamily": "", "deviceModel": "g703_hero", "deviceBaseModel": "g703_hero", "displayName": "G703 LIGHTSPEED", "extendedDisplayName": "G703 LIGHTSPEED Wireless Gaming Mouse", "slotPrefix": "g703hero", "thumbnail": "pipeline://core/thumbnails/g703.png", "stringPackage": "", "deviceExt": 0, "deviceUnitId": "3693863634", "deviceSignature": "MOUSE.g703_hero.0.3693863634", "givenName": "", "capabilities": {"lightingSupport": {"deviceCategory": "MOUSE_RGB_ZONAL", "typeMap": {"ZONE_BRANDING": "LOGO", "ZONE_PRIMARY": "PRIMARY"}, "zones": [{"zoneType": "ZONE_PRIMARY", "supportedEffects": [{"id": "OFF", "syncable": true, "fixedIntensity": false, "signature": false, "inactivityOnly": false}, {"id": "FIXED", "syncable": true, "fixedIntensity": false, "signature": false, "inactivityOnly": false}, {"id": "CYCLE", "syncable": true, "fixedIntensity": false, "signature": false, "inactivityOnly": false}, {"id": "BREATHING", "syncable": true, "fixedIntensity": false, "signature": false, "inactivityOnly": false}], "onboardCluster": "CLUSTER_DEFAULT"}, {"zoneType": "ZONE_BRANDING", "supportedEffects": [{"id": "OFF", "syncable": true, "fixedIntensity": false, "signature": false, "inactivityOnly": false}, {"id": "FIXED", "syncable": true, "fixedIntensity": false, "signature": false, "inactivityOnly": false}, {"id": "CYCLE", "syncable": true, "fixedIntensity": false, "signature": false, "inactivityOnly": false}, {"id": "BREATHING", "syncable": true, "fixedIntensity": false, "signature": false, "inactivityOnly": false}], "onboardCluster": "CLUSTER_DEFAULT"}], "isMonochrome": false, "isPerKey": false, "hideStartupEffect": false, "shutdownEffect": false, "brightnessLevels": [], "powerSavingEffect": true, "lowBatteryEffect": true, "brightnessPercentage": false, "gamma": false, "firmwareOnly": false, "offRamp": false, "activeDimming": false, "hasPositionalEffect": false, "hasPastelPalette": false, "hasRingLeds": false, "hasMasterSwitch": false, "needKeepAliveSignal": false}, "sleepTimer": false, "mstateSupport": {"count": 1, "timeOut": 0}, "fnInversion": false, "presentSplashScreen": false, "customizableColor": false, "wirelessReportRate": false, "hybridEngine": false, "advancedSleepTimer": false, "angleSnapping": false, "excludeGShift": false, "hostRemovalSupport": false, "headphoneJack": false, "hostInfos": false, "gkeyLayout": "INVALID_GKEY_LAYOUT", "hasBatteryStatus": true, "powerOffTimer": false, "requiresBackupForDfu": false, "unifiedBattery": false, "dpiLighting": false, "hasGlobalDamping": false, "nonInteractive": false, "receiverPairing": {"receiverType": "LS1", "receiverPid": 0, "pairingAction": "ACTION_POWER_CYCLE", "hasForcePairing": false}, "chargepadCompatible": true, "individuality": false, "defaultSlotFormat": "INVALID_FORMAT", "fnToggle": false, "hasPaddles": false, "isFullHidppWheel": false, "hasConfigurationProfiles": false, "disableCenterSpring": false}, "activeInterfaces": [{"type": "DEVIO", "id": "046d_c090", "pid": 49296, "modelId": 0, "extendedModel": 0, "serialNumber": "3693863634", "path": "IOService:/AppleACPIPlatformExpert/PCI0@0/AppleACPIPCI/XHC1@14/XHC1@14000000/HS10@14600000/USBHub3p-2[A]@14600000/AppleUSB20Hub@14600000/AppleUSB20HubPort@14630000/USBHub3p-2[4-7]@14630000/AppleUSB20Hub@14630000/AppleUSB20HubPort@14632000/G703 LIGHTSPEED Wireless Gaming Mouse w/ HERO@14632000/IOUSBHostInterface@2/AppleUserUSBHostHIDDevice", "containerId": "0x14632000", "deviceType": "MOUSE", "deviceName": "G703 LIGHTSPEED Wireless Gaming Mouse w/ HERO", "keyboardLayout": "INVALID_LAYOUT", "firmwareVersion": "22.2.15", "firmwareName": "MPM22", "firmwareRevision": 2, "hardwareRevision": 0, "unitId": "3693863634", "fwEntities": {}, "connectionType": "USB", "hasOnboardMode": true}], "slots": {"g703hero_g6_m1": {"id": "g703hero_g6_m1", "attribute": "MACRO_PLAYBACK", "disabled": false, "defaultCard": "0f82f693-5b78-4cf5-867e-040400000000"}, "g703hero_mouse_settings": {"id": "g703hero_mouse_settings", "attribute": "MOUSE_SETTINGS", "disabled": false, "defaultCard": "9b85425b-8c71-4b15-808c-1204c0900000"}, "g703hero_g1_m1": {"id": "g703hero_g1_m1", "attribute": "MACRO_PLAYBACK", "disabled": false, "defaultCard": "0f82f693-5b78-4cf5-867e-020100000000"}, "g703hero_g5_m1": {"id": "g703hero_g5_m1", "attribute": "MACRO_PLAYBACK", "disabled": false, "defaultCard": "0f82f693-5b78-4cf5-867e-020500000000"}, "g703hero_g2_m1_shifted": {"id": "g703hero_g2_m1_shifted", "attribute": "MACRO_PLAYBACK", "disabled": false, "defaultCard": "0f82f693-5b78-4cf5-867e-090700000000"}, "g703hero_g4_m1": {"id": "g703hero_g4_m1", "attribute": "MACRO_PLAYBACK", "disabled": false, "defaultCard": "0f82f693-5b78-4cf5-867e-020400000000"}, "g703hero_g5_m1_shifted": {"id": "g703hero_g5_m1_shifted", "attribute": "MACRO_PLAYBACK", "disabled": false, "defaultCard": "0f82f693-5b78-4cf5-867e-090700000000"}, "g703hero_g2_m1": {"id": "g703hero_g2_m1", "attribute": "MACRO_PLAYBACK", "disabled": false, "defaultCard": "0f82f693-5b78-4cf5-867e-020200000000"}, "g703hero_g3_m1_shifted": {"id": "g703hero_g3_m1_shifted", "attribute": "MACRO_PLAYBACK", "disabled": false, "defaultCard": "0f82f693-5b78-4cf5-867e-090700000000"}, "g703hero_g1_m1_shifted": {"id": "g703hero_g1_m1_shifted", "attribute": "MACRO_PLAYBACK", "disabled": false, "defaultCard": "0f82f693-5b78-4cf5-867e-090700000000"}, "g703hero_g6_m1_shifted": {"id": "g703hero_g6_m1_shifted", "attribute": "MACRO_PLAYBACK", "disabled": false, "defaultCard": "0f82f693-5b78-4cf5-867e-090700000000"}, "g703hero_g4_m1_shifted": {"id": "g703hero_g4_m1_shifted", "attribute": "MACRO_PLAYBACK", "disabled": false, "defaultCard": "0f82f693-5b78-4cf5-867e-090700000000"}, "g703hero_g3_m1": {"id": "g703hero_g3_m1", "attribute": "MACRO_PLAYBACK", "disabled": false, "defaultCard": "0f82f693-5b78-4cf5-867e-020300000000"}, "g703hero_lighting_setting_firmware": {"id": "g703hero_lighting_setting_firmware", "attribute": "FIRMWARE_LIGHTING_SETTINGS", "disabled": false, "defaultCard": "9b85425b-8c71-4b15-808c-1206c0900000"}}}]}}