{
  "drivers": [],
  "extensions": {
    "driver_hid_virtual": {
      "extensions": [
        {
          "extension": {
            "autoInstall": true,
            "installer": {
              "arguments": [
                "--install",
                "--verbose",
                "--logfile"
              ],
              "pipelineUri": "pipeline://driver_hid_virtual/ghub_bus_driver.exe"
            },
            "name": "virtual_hid",
            "uninstaller": {
              "arguments": [
                "--uninstall",
                "--verbose",
                "--logfile"
              ],
              "pipelineUri": "pipeline://driver_hid_virtual/ghub_bus_driver.exe"
            },
            "version": "2022.1.0.5"
          },
          "state": {
            "error": "",
            "state": "EXTENSION_INSTALLED"
          }
        }
      ]
    }
  },
  "files": [
    {
      "path": "C:\\Program Files\\LGHUB\\chrome_100_percent.pak",
      "registerLibrary": false,
      "sha256": "f14362449e2a7c940c095eda9c41aad5f1e0b1a1b21d1dc911558291c0c36dd2"
    },
    {
      "path": "C:\\Program Files\\LGHUB\\chrome_200_percent.pak",
      "registerLibrary": false,
      "sha256": "04d699cfc36565fa9c06206ba1c0c51474612c8fe481c6fd1807197dc70661e6"
    },
    {
      "path": "C:\\Program Files\\LGHUB\\d3dcompiler_47.dll",
      "registerLibrary": false,
      "sha256": "6373efddba766a8115f6da8da698630bdd2ba70163ee1eb09390c3a3ba4cd661"
    },
    {
      "path": "C:\\Program Files\\LGHUB\\data\\applications.json",
      "registerLibrary": false,
      "sha256": "1eb98452dd20320be15c66433b030e4d0d268d698aa94d0d4d5f3378e28d7489"
    },
    {
      "path": "C:\\Program Files\\LGHUB\\data\\camera_presets.json",
      "registerLibrary": false,
      "sha256": "6ebd6aac2b0d6ac3282506fe058730d387bdb74add828519a5222e099f56e3f0"
    },
    {
      "path": "C:\\Program Files\\LGHUB\\data\\card_presets.json",
      "registerLibrary": false,
      "sha256": "54cbd7f20a958ff2945fca4d3308458b630803b3c1cf56e023c7253da4fedb8a"
    },
    {
      "path": "C:\\Program Files\\LGHUB\\data\\centurion_eq_presets.json",
      "registerLibrary": false,
      "sha256": "f52de219b1702d63bba1c4663187b74efc8d0b634661e72009075dee8cb1398b"
    },
    {
      "path": "C:\\Program Files\\LGHUB\\data\\eq_presets.json",
      "registerLibrary": false,
      "sha256": "a88e074eca0f3a3893ab1074fc9f17173fcfdfae52cf0a14a64d463c044a8848"
    },
    {
      "path": "C:\\Program Files\\LGHUB\\data\\lighting\\effects\\audio-visualizer-generic.json",
      "registerLibrary": false,
      "sha256": "9435fbe71be67695cc5031e9b7fddcc338a0a96a12baca9ccab2fe689f17b374"
    },
    {
      "path": "C:\\Program Files\\LGHUB\\data\\lighting\\effects\\audio-visualizer-kb-per-key.json",
      "registerLibrary": false,
      "sha256": "ab85325b6ed2d57bb03eaa8b41cffef1516928ab0866fd12331f84718434af67"
    },
    {
      "path": "C:\\Program Files\\LGHUB\\data\\lighting\\effects\\audio-visualizer-kb-zonal.json",
      "registerLibrary": false,
      "sha256": "f0cce36eaa5b41f94e2e30c04909e6b53379924a9fe3bb6a3da4f87f1ea0af48"
    },
    {
      "path": "C:\\Program Files\\LGHUB\\data\\lighting\\effects\\audio-visualizer-mouse-rgb-per-key.json",
      "registerLibrary": false,
      "sha256": "5e2246bed347cdacfbe5e36788a21ca6553a4ed95e82d4447624ed1c1d0c8170"
    },
    {
      "path": "C:\\Program Files\\LGHUB\\data\\lighting\\effects\\contrastic.json",
      "registerLibrary": false,
      "sha256": "c160ef5036687cb4651cc73e75975add3fed5108b0839ae42adfb5ed54606dc2"
    },
    {
      "path": "C:\\Program Files\\LGHUB\\data\\lighting\\effects\\lightning.json",
      "registerLibrary": false,
      "sha256": "1e5b93178163721921ab4b51fdfdff8f7609a3be7f1096f9f6bbdaa3545f431f"
    },
    {
      "path": "C:\\Program Files\\LGHUB\\data\\lighting\\effects\\mono-contrastic.json",
      "registerLibrary": false,
      "sha256": "d1e1e1fac399b498c61fe4f7a26f6debc3528bd7c787a7c466d44da87c113b33"
    },
    {
      "path": "C:\\Program Files\\LGHUB\\data\\lighting\\effects\\mono-verticool.json",
      "registerLibrary": false,
      "sha256": "88c52137fa9eee315f47800d7b47ea53b118f043e37274369bafe12c98d3f1ef"
    },
    {
      "path": "C:\\Program Files\\LGHUB\\data\\lighting\\effects\\mouse-oceanwave.json",
      "registerLibrary": false,
      "sha256": "e4a56fa1c4800a6e926fafb11e7df07c68d6c75f432b6496529734d555290e3e"
    },
    {
      "path": "C:\\Program Files\\LGHUB\\data\\lighting\\effects\\mouse-redwhiteblue.json",
      "registerLibrary": false,
      "sha256": "8b5ef016217dc386cab9bd9d06586fc484e3cc976480bb82bfec9e23e1bf8421"
    },
    {
      "path": "C:\\Program Files\\LGHUB\\data\\lighting\\effects\\mouse-verticool.json",
      "registerLibrary": false,
      "sha256": "5de96cde8ebb35a6918559e0b1a545e7ee29c1980f5ab9a007e456498fd36222"
    },
    {
      "path": "C:\\Program Files\\LGHUB\\data\\lighting\\effects\\oceanwave.json",
      "registerLibrary": false,
      "sha256": "06fcf945a6a2f287ea384b1a3a80eb2fe697e51e1df981cf6a9789c671b44190"
    },
    {
      "path": "C:\\Program Files\\LGHUB\\data\\lighting\\effects\\redwhiteblue.json",
      "registerLibrary": false,
      "sha256": "64923427b09999ef3dfad06006f1ecea36947162d4f09e20e2031059e00fc207"
    },
    {
      "path": "C:\\Program Files\\LGHUB\\data\\lighting\\effects\\screen_sampler-kb.json",
      "registerLibrary": false,
      "sha256": "9bd8bc8ee7445ebe1745277d1ad98e8dfd29dae9476af6400888c4a48889c08b"
    },
    {
      "path": "C:\\Program Files\\LGHUB\\data\\lighting\\effects\\screen_sampler-mrpk.json",
      "registerLibrary": false,
      "sha256": "2be3ef4800a715135094499cccad262efab609af4ad8ac8733fe23dfe0327e63"
    },
    {
      "path": "C:\\Program Files\\LGHUB\\data\\lighting\\effects\\screen_sampler.json",
      "registerLibrary": false,
      "sha256": "a6a82867df6e81efe26f688246a253ba4b0bb715ea7ef0db40979041d808bb61"
    },
    {
      "path": "C:\\Program Files\\LGHUB\\data\\lighting\\effects\\verticool.json",
      "registerLibrary": false,
      "sha256": "ddc5ebd23468958659a73701aa3fc08e63077bd0cf72cdca225d68f3976dae14"
    },
    {
      "path": "C:\\Program Files\\LGHUB\\data\\lighting\\effect_prefabs.json",
      "registerLibrary": false,
      "sha256": "59595737ae6b70d2d3540c45aae1b7754f486fd56896ea6be388e5f05939bfa7"
    },
    {
      "path": "C:\\Program Files\\LGHUB\\data\\lighting\\effect_presets.json",
      "registerLibrary": false,
      "sha256": "02c1353c70428dff39fa89d297451295f476a23b541b143e1dd0ed3b18f52478"
    },
    {
      "path": "C:\\Program Files\\LGHUB\\data\\pro_eq_presets.json",
      "registerLibrary": false,
      "sha256": "a06c0c79a65054ad5ec9b5ed6e390d4fe877a56b299ccbb7cbf458ab532a4bca"
    },
    {
      "path": "C:\\Program Files\\LGHUB\\data\\sounds\\71ChannelCheckSound.wma",
      "registerLibrary": false,
      "sha256": "3a25eb44361ddcc39ea78443ef4a5f94e3a3025d569ff9af1043ce37a4376e11"
    },
    {
      "path": "C:\\Program Files\\LGHUB\\data\\video_filters.json",
      "registerLibrary": false,
      "sha256": "f6ceaf8132202d66c61c8aa32eea121a627076494b303f48197b243128dcb1ad"
    },
    {
      "path": "C:\\Program Files\\LGHUB\\ffmpeg.dll",
      "registerLibrary": false,
      "sha256": "566b27db8a9b354af5ba7b1bf7e9e0a6faaba17495ca53528c48455725c37426"
    },
    {
      "path": "C:\\Program Files\\LGHUB\\icudtl.dat",
      "registerLibrary": false,
      "sha256": "c61704cc9cf5797bf32301a2b3312158af3fe86eadc913d937031cf594760c2d"
    },
    {
      "path": "C:\\Program Files\\LGHUB\\lghub.exe",
      "registerLibrary": false,
      "sha256": "5dbe66dc9a36ab82677ba197dc132927b65a34796576eeb9794529ec0cc49641"
    },
    {
      "path": "C:\\Program Files\\LGHUB\\lghub_agent.exe",
      "registerLibrary": false,
      "sha256": "f586b3b140cdb4778435edee98afff9d98796ceb0dd0598970ac8934979d132f"
    },
    {
      "path": "C:\\Program Files\\LGHUB\\lghub_uninstaller.exe",
      "registerLibrary": false,
      "sha256": "72cf1f9de58e454154a168e6431e67c2aed9423dce405858aac6648e136e11fc"
    },
    {
      "path": "C:\\Program Files\\LGHUB\\lghub_updater.exe",
      "registerLibrary": false,
      "sha256": "8237c3f3409620ade90761a4e9119396e2aa0dff17a6c318de03f429ee955417"
    },
    {
      "path": "C:\\Program Files\\LGHUB\\libEGL.dll",
      "registerLibrary": false,
      "sha256": "5987202c6b6a356151d64d67cfa4f186701b734ce47e991985baa113d1bb4f36"
    },
    {
      "path": "C:\\Program Files\\LGHUB\\libGLESv2.dll",
      "registerLibrary": false,
      "sha256": "f061d74ee2ce7893010b80c47ebe45de37d5e0d22475ac2605cb7f6a37581905"
    },
    {
      "path": "C:\\Program Files\\LGHUB\\LICENSE",
      "registerLibrary": false,
      "sha256": "5154e165bd6c2cc0cfbcd8916498c7abab0497923bafcd5cb07673fe8480087d"
    },
    {
      "path": "C:\\Program Files\\LGHUB\\LICENSES.chromium.html",
      "registerLibrary": false,
      "sha256": "501f0b7ebf0be7ed8702d317332a0f8820af837c0a2a1d7645ba04352270e2b8"
    },
    {
      "path": "C:\\Program Files\\LGHUB\\locales\\am.pak",
      "registerLibrary": false,
      "sha256": "e98f3437f6d451fb9fec33473abc9f07abf0794cd45d02ae1de48ccb9fc5c8b6"
    },
    {
      "path": "C:\\Program Files\\LGHUB\\locales\\ar.pak",
      "registerLibrary": false,
      "sha256": "f9d96af7d5ef9e0b4f4ef133a98a64b4398c7aef04e20688b523e6ea27c61f15"
    },
    {
      "path": "C:\\Program Files\\LGHUB\\locales\\bg.pak",
      "registerLibrary": false,
      "sha256": "58bec94801d09157c852cfbc3ccd9916fafd1947fdc61c1453456bce5b054c4e"
    },
    {
      "path": "C:\\Program Files\\LGHUB\\locales\\bn.pak",
      "registerLibrary": false,
      "sha256": "3250adece302934b9a78569d72ca70e596d91865455d5274ccf8d651ccac5350"
    },
    {
      "path": "C:\\Program Files\\LGHUB\\locales\\ca.pak",
      "registerLibrary": false,
      "sha256": "d8a83a19f8c66742226538af9489b70c1439f6133591e29a353addd9089f67c6"
    },
    {
      "path": "C:\\Program Files\\LGHUB\\locales\\cs.pak",
      "registerLibrary": false,
      "sha256": "30fd14794ee1088d37387f42e5d366f962fa9273eba8ccdd9b950646d2dd6172"
    },
    {
      "path": "C:\\Program Files\\LGHUB\\locales\\da.pak",
      "registerLibrary": false,
      "sha256": "0997be868557f97f013242c066b192e574b4fa553d13f37f97a1de714b95a858"
    },
    {
      "path": "C:\\Program Files\\LGHUB\\locales\\de.pak",
      "registerLibrary": false,
      "sha256": "d67f95e2982e7debf67741b88ce054f5bb8356021a280e092227b77ec82e298f"
    },
    {
      "path": "C:\\Program Files\\LGHUB\\locales\\el.pak",
      "registerLibrary": false,
      "sha256": "168fdc777570fa85c16ee7a701bef28fe6d7eb943a674ad8681a2f9fcedd2635"
    },
    {
      "path": "C:\\Program Files\\LGHUB\\locales\\en-GB.pak",
      "registerLibrary": false,
      "sha256": "fcbcdfb71363750a9e404a365a00f196c9ed4fe149532580f149811475b45636"
    },
    {
      "path": "C:\\Program Files\\LGHUB\\locales\\en-US.pak",
      "registerLibrary": false,
      "sha256": "9f0c75c84381360677055d6197812c7a6c42dbfc6134eb8212d8a60ed1ca1601"
    },
    {
      "path": "C:\\Program Files\\LGHUB\\locales\\es-419.pak",
      "registerLibrary": false,
      "sha256": "04b24396cc017e1dbb0bca7371d7cae10cad2350da661a8a035b572aa76cbd49"
    },
    {
      "path": "C:\\Program Files\\LGHUB\\locales\\es.pak",
      "registerLibrary": false,
      "sha256": "665e93ca25de6050a4fbc1f343d67496d6e1e296dbbcc9edf3dab7bbcf1035db"
    },
    {
      "path": "C:\\Program Files\\LGHUB\\locales\\et.pak",
      "registerLibrary": false,
      "sha256": "502ab41d852c69ea961df20b79480fd9d38f99bbad07a4d1b5e7143ba1f7bdc3"
    },
    {
      "path": "C:\\Program Files\\LGHUB\\locales\\fa.pak",
      "registerLibrary": false,
      "sha256": "309cec5292ee0361d45796c2234cf40a064249da09108b1da75bf570963941a2"
    },
    {
      "path": "C:\\Program Files\\LGHUB\\locales\\fi.pak",
      "registerLibrary": false,
      "sha256": "9e1c20ecdbe9d15386ed493d0ac839612cc91a2284d5a97d9dc38ea2c90a3dc1"
    },
    {
      "path": "C:\\Program Files\\LGHUB\\locales\\fil.pak",
      "registerLibrary": false,
      "sha256": "7a4c4822516f47cdbabc4b9ef45b710b057a056bc29d3a4a270a22e963e257d3"
    },
    {
      "path": "C:\\Program Files\\LGHUB\\locales\\fr.pak",
      "registerLibrary": false,
      "sha256": "5b9951426b8783b203b8ed44ebab916ca8af020b9e0a32f7249ed9021cce1c3c"
    },
    {
      "path": "C:\\Program Files\\LGHUB\\locales\\gu.pak",
      "registerLibrary": false,
      "sha256": "aa885cbbf8a13fb95405cc3dca6677545fd51e303a65897d14ed019955c040da"
    },
    {
      "path": "C:\\Program Files\\LGHUB\\locales\\he.pak",
      "registerLibrary": false,
      "sha256": "45e428fe527bcc746039a9822db7f5df12fd651452209a8746182383c2c004ec"
    },
    {
      "path": "C:\\Program Files\\LGHUB\\locales\\hi.pak",
      "registerLibrary": false,
      "sha256": "79fc8a24c93e19ed052ddc0f158e516198a10df7280265ccb769ee196a438cd7"
    },
    {
      "path": "C:\\Program Files\\LGHUB\\locales\\hr.pak",
      "registerLibrary": false,
      "sha256": "ad13bab195d7619c58494d592cb11c22dddcf3b2735804be60f951f87ddd734b"
    },
    {
      "path": "C:\\Program Files\\LGHUB\\locales\\hu.pak",
      "registerLibrary": false,
      "sha256": "d7c29c66d265129ede1019c708bd0a358d6b820366509845834752ec2ef705da"
    },
    {
      "path": "C:\\Program Files\\LGHUB\\locales\\id.pak",
      "registerLibrary": false,
      "sha256": "d00c7ee5edeb1bd1493c49cf2d124ffdf47405d21d8d43c1a41c8749ce5c86a3"
    },
    {
      "path": "C:\\Program Files\\LGHUB\\locales\\it.pak",
      "registerLibrary": false,
      "sha256": "27c74ece0aa92e15d2f26628c4e132af03a6db5384e24504932c45912aba7268"
    },
    {
      "path": "C:\\Program Files\\LGHUB\\locales\\ja.pak",
      "registerLibrary": false,
      "sha256": "c2bad3c397cc41210e1d5d1d04a7185f9287c670e285d30c66235f5807b39fcf"
    },
    {
      "path": "C:\\Program Files\\LGHUB\\locales\\kn.pak",
      "registerLibrary": false,
      "sha256": "99c8c57a808c63088d3e7b83dcf7cf80fb2a648d678a7c9473f2b5cc0bef8152"
    },
    {
      "path": "C:\\Program Files\\LGHUB\\locales\\ko.pak",
      "registerLibrary": false,
      "sha256": "5ba83651d941cb9f87b961f735d5bfb0e249878255129be1d8e8d6ba5d903d76"
    },
    {
      "path": "C:\\Program Files\\LGHUB\\locales\\lt.pak",
      "registerLibrary": false,
      "sha256": "fb5bb8aa591d3d8d7557fb296317c30db3c4d5c9f438fe0a43a94b974b9286a1"
    },
    {
      "path": "C:\\Program Files\\LGHUB\\locales\\lv.pak",
      "registerLibrary": false,
      "sha256": "f944e3dbbe9694ef7c111e1a0bf91f5b0229b7c3ca221f54c253276242c281f8"
    },
    {
      "path": "C:\\Program Files\\LGHUB\\locales\\ml.pak",
      "registerLibrary": false,
      "sha256": "2b5c12d6628b1835d5658085c04f9dcf0d792db603a034264e70d86f8d43e044"
    },
    {
      "path": "C:\\Program Files\\LGHUB\\locales\\mr.pak",
      "registerLibrary": false,
      "sha256": "df72eacf4938f4912f5bae563dbe7e81a758a7e8ffd49f14502f6d0b5dab6f27"
    },
    {
      "path": "C:\\Program Files\\LGHUB\\locales\\ms.pak",
      "registerLibrary": false,
      "sha256": "18c1cd2f95f5c029f308c53774f49e4b718bc94b78fc3029f95457bcc58281d7"
    },
    {
      "path": "C:\\Program Files\\LGHUB\\locales\\nb.pak",
      "registerLibrary": false,
      "sha256": "e42e748f28e944f9a3a7fad19e686b856bc60b3e0128de94e6cd7619a7d24071"
    },
    {
      "path": "C:\\Program Files\\LGHUB\\locales\\nl.pak",
      "registerLibrary": false,
      "sha256": "4d450b5659ea7bb907728e2b8f48d77a43dc18024e2a15e749f5a760d4144571"
    },
    {
      "path": "C:\\Program Files\\LGHUB\\locales\\pl.pak",
      "registerLibrary": false,
      "sha256": "4174b220824334d04bad161309d342a647433fae7c353432e34eaf49ec8787cb"
    },
    {
      "path": "C:\\Program Files\\LGHUB\\locales\\pt-BR.pak",
      "registerLibrary": false,
      "sha256": "9d93fdb7f9d0d7833ebef8ea7016f952301075e714a4918c6a3d5338fec08ffe"
    },
    {
      "path": "C:\\Program Files\\LGHUB\\locales\\pt-PT.pak",
      "registerLibrary": false,
      "sha256": "f07d58c568707c6de882a19e260c9f97751bf750237fc0bf3556ba95995f5442"
    },
    {
      "path": "C:\\Program Files\\LGHUB\\locales\\ro.pak",
      "registerLibrary": false,
      "sha256": "8da674abe460d1e2824a13338d29344bae2f092fd94082d71ee91389f8822d69"
    },
    {
      "path": "C:\\Program Files\\LGHUB\\locales\\ru.pak",
      "registerLibrary": false,
      "sha256": "cf4d6fa2c4a8f828fb11d464f504ddbbff5abab9cc78cba326bb8eafcfcdf812"
    },
    {
      "path": "C:\\Program Files\\LGHUB\\locales\\sk.pak",
      "registerLibrary": false,
      "sha256": "e7038a23be62e4a476960b935a6c528aaefb781b28fdb7e24b3d830b5c02f10e"
    },
    {
      "path": "C:\\Program Files\\LGHUB\\locales\\sl.pak",
      "registerLibrary": false,
      "sha256": "cbff2dbb38d4d95fe7c811e0abdb0b92aad621e5c2c1eeda3c394dce5cf1d34f"
    },
    {
      "path": "C:\\Program Files\\LGHUB\\locales\\sr.pak",
      "registerLibrary": false,
      "sha256": "abcee52deb7382d84de334c3228711a62a7d21d9a2ce506385805eea0ed716f4"
    },
    {
      "path": "C:\\Program Files\\LGHUB\\locales\\sv.pak",
      "registerLibrary": false,
      "sha256": "b34e855f518a2041e4bbd7b5c269e35e7dfaa431fdd876fc0aac38b887e65aff"
    },
    {
      "path": "C:\\Program Files\\LGHUB\\locales\\sw.pak",
      "registerLibrary": false,
      "sha256": "fe18b3e9e275d7330706dd19f4af603a8ad899138374bfcba8e2c6764f94c190"
    },
    {
      "path": "C:\\Program Files\\LGHUB\\locales\\ta.pak",
      "registerLibrary": false,
      "sha256": "3d16a99568173ad5760bf195b047c8850e39ec8d308a94f6c81cf7ba733f6f5f"
    },
    {
      "path": "C:\\Program Files\\LGHUB\\locales\\te.pak",
      "registerLibrary": false,
      "sha256": "4ab6fbf03177bd7ad0908318d5affd0cad142ec5e9ed560043e6b76e590ba995"
    },
    {
      "path": "C:\\Program Files\\LGHUB\\locales\\th.pak",
      "registerLibrary": false,
      "sha256": "31f31b2985c2ab430d373dd3d79821db0674edee163b4ae74dc362051ccc1491"
    },
    {
      "path": "C:\\Program Files\\LGHUB\\locales\\tr.pak",
      "registerLibrary": false,
      "sha256": "48b76d081b4398c7af10be207751ef3bf67720700c35b17196a4aa0c94526208"
    },
    {
      "path": "C:\\Program Files\\LGHUB\\locales\\uk.pak",
      "registerLibrary": false,
      "sha256": "5ddf9212cbc6696941547b2e57b02092517bff6e70529f2ee14d0f593610e14f"
    },
    {
      "path": "C:\\Program Files\\LGHUB\\locales\\vi.pak",
      "registerLibrary": false,
      "sha256": "314ff8e069d132d43566143ffe0f5cebc990a015ac32ed550ac687a4ff78d56f"
    },
    {
      "path": "C:\\Program Files\\LGHUB\\locales\\zh-CN.pak",
      "registerLibrary": false,
      "sha256": "2b255293f6c85abb09162c825aea120c3e695156eb952d26d1e5f505ba324b37"
    },
    {
      "path": "C:\\Program Files\\LGHUB\\locales\\zh-TW.pak",
      "registerLibrary": false,
      "sha256": "1710cea2eb84e4feed749e9e497d01e16b1b244d1a621d380226b8ae7cce07c6"
    },
    {
      "path": "C:\\Program Files\\LGHUB\\logi_audio_conexant.dll",
      "registerLibrary": false,
      "sha256": "87b7c735a8ceef70c0a2626776976f1cc5975980dfb73f06a0cdf85d2942713e"
    },
    {
      "path": "C:\\Program Files\\LGHUB\\logi_crashpad_handler.exe",
      "registerLibrary": false,
      "sha256": "8910414bcdf59dae5c0b417871cbe5b9dafd217fc9971228db79989369ddc487"
    },
    {
      "path": "C:\\Program Files\\LGHUB\\platforms\\qwindows.dll",
      "registerLibrary": false,
      "sha256": "9331c05bcd80fd43b90ca779c2ddeef69fbafc84bb5fc40b595c353733a8a1e0"
    },
    {
      "path": "C:\\Program Files\\LGHUB\\Qt5Concurrent.dll",
      "registerLibrary": false,
      "sha256": "07d613c4c0c72520c6c8b0119869bb2cd8baf2b480fff15c601eb1e95335599a"
    },
    {
      "path": "C:\\Program Files\\LGHUB\\Qt5Core.dll",
      "registerLibrary": false,
      "sha256": "59525cb75aec8da92b761fb5cb38468ac94dd1bd8c8d3a1c11a79ddb9a6559e0"
    },
    {
      "path": "C:\\Program Files\\LGHUB\\Qt5Gui.dll",
      "registerLibrary": false,
      "sha256": "0cabf09769b989d6f9b82f8aa7f48c254caa0763ed59759a1ef37f851a527007"
    },
    {
      "path": "C:\\Program Files\\LGHUB\\Qt5Network.dll",
      "registerLibrary": false,
      "sha256": "a7151fecd232660e34eb12ad682c5e2b44a34dc4be7ada8ab547860368ee3f48"
    },
    {
      "path": "C:\\Program Files\\LGHUB\\Qt5Widgets.dll",
      "registerLibrary": false,
      "sha256": "e5c6d52dc270f6e4fbc439d18f3c20fb5464496a98a0fe03714cf8fe1f1bea6d"
    },
    {
      "path": "C:\\Program Files\\LGHUB\\resources\\app.asar",
      "registerLibrary": false,
      "sha256": "cc318a755bbc2c972cdbdbf6c78cddcc3e5dfd809969c54bc618f32dafbb840a"
    },
    {
      "path": "C:\\Program Files\\LGHUB\\resources\\app.asar.unpacked\\node_modules\\keytar\\build\\Release\\keytar.node",
      "registerLibrary": false,
      "sha256": "f1c4a41153a9deb684745ad6027666328ab473ca5921974095b0da03c6669de9"
    },
    {
      "path": "C:\\Program Files\\LGHUB\\resources\\icon.png",
      "registerLibrary": false,
      "sha256": "67d0957daca9717fe862746dd968097c7ac30fc718cc580c2563a5a85c6d23be"
    },
    {
      "path": "C:\\Program Files\\LGHUB\\resources.pak",
      "registerLibrary": false,
      "sha256": "dd0cdd9201c5966dcc8b3ac3f587fdb05cad09547e267e0d16b8b1a3cff14772"
    },
    {
      "path": "C:\\Program Files\\LGHUB\\snapshot_blob.bin",
      "registerLibrary": false,
      "sha256": "f25ddf52f68de295bf1cdbd4f7fc6aa9d8f882a16a2f97b4e08e322b6b90546e"
    },
    {
      "path": "C:\\Program Files\\LGHUB\\swiftshader\\libEGL.dll",
      "registerLibrary": false,
      "sha256": "56d69d895a053d52056276d446f126678157d338677e03a62767249f288f1ac5"
    },
    {
      "path": "C:\\Program Files\\LGHUB\\swiftshader\\libGLESv2.dll",
      "registerLibrary": false,
      "sha256": "ceac89e928842e715da0bf70d3a162623d4c54b35621b51dfa5ea7a2fcc7e896"
    },
    {
      "path": "C:\\Program Files\\LGHUB\\v8_context_snapshot.bin",
      "registerLibrary": false,
      "sha256": "f033fb86fa92df1be464de590aa312cc016bc5d6bea26672c896bf4d3f1261cd"
    },
    {
      "path": "C:\\Program Files\\LGHUB\\version",
      "registerLibrary": false,
      "sha256": "ae9b07c85b2703532479c8b4a49a4abb64396fa5ab9045aa77cbd49e259c0c82"
    },
    {
      "path": "C:\\Program Files\\LGHUB\\vk_swiftshader.dll",
      "registerLibrary": false,
      "sha256": "6a4a40323e806c3753b096e08beb7954cb1f19d1f1c5634e52767239be000882"
    },
    {
      "path": "C:\\Program Files\\LGHUB\\vk_swiftshader_icd.json",
      "registerLibrary": false,
      "sha256": "32d83ff113fef532a9f97e0d2831f8656628ab1c99e9060f0332b1532839afd9"
    },
    {
      "path": "C:\\Program Files\\LGHUB\\vulkan-1.dll",
      "registerLibrary": false,
      "sha256": "2d70ada9e268cf79d24ebde64430a7c5da202b41a9bc18c0309a35004a288033"
    },
    {
      "path": "C:\\Program Files\\LGHUB\\sdks/trueforce_sdk_x86.dll",
      "registerLibrary": true,
      "sha256": "bbacf2d9bafb83bc13a84000b24e63cc80dd5366b2db2218c7d2c5b594f1b034"
    },
    {
      "path": "C:\\Program Files\\LGHUB\\sdks/trueforce_sdk_x64.dll",
      "registerLibrary": true,
      "sha256": "5f50dc8c93b3a7fcd7ae3841fd8e9be2b9f66b8c238ef638abca533d02bea350"
    },
    {
      "path": "C:\\Program Files\\LGHUB\\sdks/hidpp_forcefeedback_x86.dll",
      "registerLibrary": true,
      "sha256": "f0e42dc72306387e0503bf1b331beff9404bbf62cfc016f950d35a1ae1c0d0d2"
    },
    {
      "path": "C:\\Program Files\\LGHUB\\sdks/hidpp_forcefeedback_x64.dll",
      "registerLibrary": true,
      "sha256": "24590485962cdf6b1fb9099ba5f34fe821a48017875ac4db2b00f03697b480ea"
    },
    {
      "path": "C:\\Program Files\\LGHUB\\sdks/legacy_forcefeedback_x86.dll",
      "registerLibrary": true,
      "sha256": "71a2010c2ecd973a65fed5cdfda8a0eec3ccdb15cb016a51ff9d5c7248ee3dd6"
    },
    {
      "path": "C:\\Program Files\\LGHUB\\sdks/legacy_forcefeedback_x64.dll",
      "registerLibrary": true,
      "sha256": "83b19d3c7b66802500aed5f5a3701bd59d2d8106b36955d2c34dced543296431"
    },
    {
      "path": "C:\\Program Files\\LGHUB\\sdks/sdk_legacy_led_x86.dll",
      "registerLibrary": true,
      "sha256": "6d2adc0efb3a3d85a609fc3f4668ed482f285334307a9a2fc2331c1551d4c61e"
    },
    {
      "path": "C:\\Program Files\\LGHUB\\sdks/sdk_legacy_led_x64.dll",
      "registerLibrary": true,
      "sha256": "d302d1c9f701d9a611c495e7ca8cf671d7deb3d77385b8ad9fa2f8a5923a7a18"
    },
    {
      "path": "C:\\Program Files\\LGHUB\\sdks/sdk_legacy_steering_wheel_x64.dll",
      "registerLibrary": true,
      "sha256": "47f3fa74cb9a4ac039bd360a6d7e40c5c7bbcc65c98787a5c59c3c5899ff41c6"
    },
    {
      "path": "C:\\Program Files\\LGHUB\\sdks/sdk_legacy_steering_wheel_x86.dll",
      "registerLibrary": true,
      "sha256": "b27b51f025806dfd8edad68427c7334cc3a619dd2b6bf5a8982a7584cea1cf84"
    },
    {
      "path": "C:\\Users\\Lenovo-QA\\AppData\\Local\\LGHUB\\integrations\\applet_overwolf\\config.json",
      "registerLibrary": false,
      "sha256": "a6315cc17f4cde41a04a19e2796fcc04fb21daaed74fc3045e2493ca211acb63"
    },
    {
      "path": "C:\\Users\\Lenovo-QA\\AppData\\Local\\LGHUB\\integrations\\applet_discord\\config.json",
      "registerLibrary": false,
      "sha256": "df818820b31755a470ff3c6199942d48385818a11096616c7e734d79f74796a8"
    },
    {
      "path": "C:\\Users\\Lenovo-QA\\AppData\\Local\\LGHUB\\integrations\\applet_obs\\config.json",
      "registerLibrary": false,
      "sha256": "f399794f7d8137ab1b8dedba0452ab0fb87e7aeb566e3237094c62480ee33cc8"
    },
    {
      "path": "C:\\Users\\Lenovo-QA\\AppData\\Local\\LGHUB\\integrations\\applet_assetto_corsa\\config.json",
      "registerLibrary": false,
      "sha256": "6329eab464c7e29d0264f888703343c0a062a2282a710011ce1d776a736d63b6"
    },
    {
      "path": "C:\\Users\\Lenovo-QA\\AppData\\Local\\LGHUB\\integrations\\applet_assetto_corsa\\AssettoCorsaArxApplet.exe",
      "registerLibrary": false,
      "sha256": "26de612cd51dacb93fedbdc444f84b1eb71ee94764fd14c11f05874b0519b3f4"
    },
    {
      "path": "C:\\Users\\Lenovo-QA\\AppData\\Local\\LGHUB\\integrations\\applet_assetto_corsa\\applet_files\\acBackground.png",
      "registerLibrary": false,
      "sha256": "815c076c753611ba44d7c9ce410acdc844383b492aa4ff5cd337675bd6f834cd"
    },
    {
      "path": "C:\\Users\\Lenovo-QA\\AppData\\Local\\LGHUB\\integrations\\applet_assetto_corsa\\applet_files\\acLogo.png",
      "registerLibrary": false,
      "sha256": "02b9e72eddc73e7b863f6f84b821213407307a3e1a71df7cdae465285b122997"
    },
    {
      "path": "C:\\Users\\Lenovo-QA\\AppData\\Local\\LGHUB\\integrations\\applet_assetto_corsa\\applet_files\\acLogoOpaque.png",
      "registerLibrary": false,
      "sha256": "9a6eadfd048283262eccd195dbb8af9550c377c734f54242d8d6ceccb060f90d"
    },
    {
      "path": "C:\\Users\\Lenovo-QA\\AppData\\Local\\LGHUB\\integrations\\applet_assetto_corsa\\applet_files\\index.html",
      "registerLibrary": false,
      "sha256": "afbae05c66e56e296ce94191960d3a03f9d3db6f39b6543515b0352720672d93"
    },
    {
      "path": "C:\\Users\\Lenovo-QA\\AppData\\Local\\LGHUB\\integrations\\applet_assetto_corsa\\applet_files\\jquery-1.11.1.min.js",
      "registerLibrary": false,
      "sha256": "540bc6dec1dd4b92ea4d3fb903f69eabf6d919afd48f4e312b163c28cff0f441"
    },
    {
      "path": "C:\\Users\\Lenovo-QA\\AppData\\Local\\LGHUB\\integrations\\applet_assetto_corsa\\applet_files\\jquery.mobile-1.4.2-onlyEvents.js",
      "registerLibrary": false,
      "sha256": "71616cc59712466b3e0a26919e694ba4bf3560a246d224cdec266c91c220a3fe"
    },
    {
      "path": "C:\\Users\\Lenovo-QA\\AppData\\Local\\LGHUB\\integrations\\applet_assetto_corsa\\applet_files\\jquery.svg.js",
      "registerLibrary": false,
      "sha256": "472781d4e49afa540b8b71f8d48bea979bce8e0c0f82f641c24881dda37e6df5"
    },
    {
      "path": "C:\\Users\\Lenovo-QA\\AppData\\Local\\LGHUB\\integrations\\applet_assetto_corsa\\applet_files\\jquery.svganim.js",
      "registerLibrary": false,
      "sha256": "93c65c680e21b2c94bf06f8804e64a09303b80f8d434202e371fd98d7e2c0a62"
    },
    {
      "path": "C:\\Users\\Lenovo-QA\\AppData\\Local\\LGHUB\\integrations\\applet_assetto_corsa\\applet_files\\script.js",
      "registerLibrary": false,
      "sha256": "54b870eaf3f321309584e7bd0e8d243265b42da6cb6fa90edd18e261f6b7a59a"
    },
    {
      "path": "C:\\Users\\Lenovo-QA\\AppData\\Local\\LGHUB\\integrations\\applet_assetto_corsa\\applet_files\\styleSheet.css",
      "registerLibrary": false,
      "sha256": "0b0ee8dc51f1a4834af8a7552e9a4f477192e3708fe1747d5a7bbcdfdc1eac8c"
    },
    {
      "path": "C:\\Users\\Lenovo-QA\\AppData\\Local\\LGHUB\\integrations\\applet_assetto_corsa\\applet_files\\styleSheetPhone.css",
      "registerLibrary": false,
      "sha256": "3296d02227c8aad4722052b86bdc293eb41771c9ed27befe7ba0ebae9ab169f5"
    },
    {
      "path": "C:\\Users\\Lenovo-QA\\AppData\\Local\\LGHUB\\integrations\\applet_assetto_corsa\\applet_files\\svgController.js",
      "registerLibrary": false,
      "sha256": "1b6aaf4b763ed9f7e586f9359c26632a44a508087e13c26517e964840bdbf15b"
    },
    {
      "path": "C:\\Users\\Lenovo-QA\\AppData\\Local\\LGHUB\\integrations\\applet_csgo\\config.json",
      "registerLibrary": false,
      "sha256": "bfe5a7c1bbfebbca8a4e8e50e63cfd84ca5fa69830da4f9f10b4b89fe8a993e2"
    },
    {
      "path": "C:\\Users\\Lenovo-QA\\AppData\\Local\\LGHUB\\integrations\\applet_csgo\\CS_GO_Arx_Applet.exe",
      "registerLibrary": false,
      "sha256": "05530d3e21f65253030438213daa90e50446aa0a5f0ebda4237094f2dcb76373"
    },
    {
      "path": "C:\\Users\\Lenovo-QA\\AppData\\Local\\LGHUB\\integrations\\applet_csgo\\Applet_files\\gamestate_integration_logitech.cfg",
      "registerLibrary": false,
      "sha256": "a2b904036ab6fe53ba8e42de3fa36d2d8f081aa2bc0c6767e249057df8aebdcf"
    },
    {
      "path": "C:\\Users\\Lenovo-QA\\AppData\\Local\\LGHUB\\integrations\\applet_dota2\\config.json",
      "registerLibrary": false,
      "sha256": "911695851daa5ab00c63b001173a58c9ab52279f193e1246afffd6d771469255"
    },
    {
      "path": "C:\\Users\\Lenovo-QA\\AppData\\Local\\LGHUB\\integrations\\applet_dota2\\Dota2ArxApplet.exe",
      "registerLibrary": false,
      "sha256": "590d0f8a724f85101a02e6f887a8985276b7d16509b31ddb519148b33cc0a7ce"
    },
    {
      "path": "C:\\Users\\Lenovo-QA\\AppData\\Local\\LGHUB\\integrations\\applet_dota2\\Applet_Files\\gamestate_integration_logitech.cfg",
      "registerLibrary": false,
      "sha256": "4e39af721910e0165676a92d9f89b88df9448cf6c960af2b878dd9d0a023fc0f"
    }
  ],
  "folders": [
    {
      "path": "C:/Program Files\\LGHUB\\data"
    },
    {
      "path": "C:/Program Files\\LGHUB\\data\\lighting"
    },
    {
      "path": "C:/Program Files\\LGHUB\\data\\lighting\\effects"
    },
    {
      "path": "C:/Program Files\\LGHUB\\data\\sounds"
    },
    {
      "path": "C:/Program Files\\LGHUB\\locales"
    },
    {
      "path": "C:/Program Files\\LGHUB\\platforms"
    },
    {
      "path": "C:/Program Files\\LGHUB\\resources"
    },
    {
      "path": "C:/Program Files\\LGHUB\\resources\\app.asar.unpacked"
    },
    {
      "path": "C:/Program Files\\LGHUB\\resources\\app.asar.unpacked\\node_modules"
    },
    {
      "path": "C:/Program Files\\LGHUB\\resources\\app.asar.unpacked\\node_modules\\keytar"
    },
    {
      "path": "C:/Program Files\\LGHUB\\resources\\app.asar.unpacked\\node_modules\\keytar\\build"
    },
    {
      "path": "C:/Program Files\\LGHUB\\resources\\app.asar.unpacked\\node_modules\\keytar\\build\\Release"
    },
    {
      "path": "C:/Program Files\\LGHUB\\swiftshader"
    },
    {
      "path": "C:/Program Files\\LGHUB\\sdks"
    }
  ],
  "processControl": {
    "identifiers": [
      "lghub",
      "lghub_installer",
      "lghub_agent"
    ]
  },
  "product": {
    "guid": "{521c89be-637f-4274-a840-baaf7460c2b2}",
    "icon": "{frontend_root}/lghub.exe",
    "linkAbout": "http://www.logitechg.com",
    "linkHelp": "http://support.logitech.com",
    "name": "{brand} G HUB",
    "publisher": "{brand}",
    "version": "2022.7.285984"
  },
  "renamedItems": [],
  "services": [
    {
      "asConsoleUser": false,
      "command": {
        "arguments": [
          "--run-as-service"
        ],
        "executable": "C:\\Program Files\\LGHUB\\lghub_updater.exe"
      },
      "service": "LGHUBUpdaterService"
    },
    {
      "asConsoleUser": true,
      "command": {
        "arguments": [
          "--background"
        ],
        "executable": "C:\\Program Files\\LGHUB\\lghub.exe"
      },
      "service": "LGHUB"
    }
  ],
  "shortcuts": [
    {
      "description": "",
      "name": "{brand} G HUB",
      "onDesktop": true,
      "onStartMenu": true,
      "path": "{frontend_root}/lghub.exe"
    }
  ],
  "uninstaller": {
    "arguments": [
      "--uninstall"
    ],
    "executable": "C:\\Program Files\\LGHUB\\lghub_updater.exe"
  }
}