 {"msgId": "6bc517eb-a84d-4d83-89c5-c369a2072e7c", "verb": "GET", "path": "/devices/list", "origin": "backend", "result": {"code": "SUCCESS", "what": ""}, "payload": {"@type": "type.googleapis.com/logi.protocol.devices.Device.Info.List", "deviceInfos": [{"id": "dev00000000", "pid": 0, "state": "ABSENT", "onboardMode": false, "individualMode": false, "resourcesAvailable": true, "connectionType": "INVALID_CONNECTION", "hasWirelessInterface": true, "deviceType": "MOUSE", "deviceFamily": "", "deviceModel": "pro_x_wireless_mouse_ext1", "deviceBaseModel": "pro_x_wireless_mouse", "displayName": "PRO X SUPERLIGHT", "extendedDisplayName": "PRO X SUPERLIGHT Wireless Mouse", "slotPrefix": "proxwirelessmouse", "thumbnail": "pipeline://core/thumbnails/pro_x_wireless_mouse_white.png", "deviceExt": 1, "deviceUnitId": "1638433875", "deviceSignature": "MOUSE.pro_x_wireless_mouse.1.1638433875", "givenName": "", "capabilities": {"sleepTimer": false, "mstateSupport": {"count": 1, "timeOut": 0}, "fnInversion": false, "presentSplashScreen": false, "customizableColor": false, "wirelessReportRate": false, "dpiIndicatorLed": {"zoneType": "PRIMARY", "steps": {"2": {"tag": "", "hex": "#FFFFFF"}, "3": {"tag": "", "hex": "#FF9900"}, "4": {"tag": "", "hex": "#FF0293"}, "5": {"tag": "", "hex": "#8D40FF"}, "1": {"tag": "", "hex": "#FFFF00"}}}, "hybridEngine": false, "advancedSleepTimer": false, "angleSnapping": false, "excludeGShift": false, "hostRemovalSupport": false, "headphoneJack": false, "hostInfos": false, "gkeyLayout": "INVALID_GKEY_LAYOUT", "hasBatteryStatus": true, "powerOffTimer": false, "requiresBackupForDfu": false, "unifiedBattery": true, "dpiLighting": false, "nonInteractive": false, "receiverPairing": {"receiverType": "LS2", "receiverPid": 0, "pairingAction": "ACTION_POWER_CYCLE", "hasForcePairing": true}, "chargepadCompatible": true, "individuality": false}, "activeInterfaces": [], "slots": {}}]}}