 {"msgId": "ce0b1762-09ed-45ec-be0f-b4dff18156f8", "verb": "GET", "path": "/devices/list", "origin": "backend", "result": {"code": "SUCCESS", "what": ""}, "payload": {"@type": "type.googleapis.com/logi.protocol.devices.Device.Info.List", "deviceInfos": [{"id": "dev00000000", "pid": 0, "firmwareName": "", "isSubdevice": false, "parentId": "", "state": "ABSENT", "onboardMode": false, "individualMode": false, "resourcesAvailable": true, "connectionType": "INVALID_CONNECTION", "hasWirelessInterface": true, "displayConnectionType": "INVALID_DISPLAY_CONNECTION", "deviceType": "MOUSE", "deviceFamily": "", "deviceModel": "g603", "deviceBaseModel": "g603", "displayName": "G603", "extendedDisplayName": "G603 Lightspeed Wireless Gaming Mouse", "slotPrefix": "g603", "thumbnail": "pipeline://core/thumbnails/g603.png", "stringPackage": "", "deviceExt": 0, "deviceUnitId": "3373205957", "deviceSignature": "MOUSE.g603.0.3373205957", "givenName": "", "capabilities": {"sleepTimer": false, "mstateSupport": {"count": 1, "timeOut": 0}, "fnInversion": false, "presentSplashScreen": false, "customizableColor": false, "wirelessReportRate": false, "dpiIndicatorLed": {"zoneType": "LOGO", "steps": {"2": {"tag": "", "hex": "#ffffff"}, "1": {"tag": "", "hex": "#f8e71c"}, "5": {"tag": "", "hex": "#00a9e0"}, "4": {"tag": "", "hex": "#e9168c"}, "3": {"tag": "", "hex": "#fd7600"}}}, "hybridEngine": false, "advancedSleepTimer": false, "onboardProfiles": {"disableProfileNaming": false, "profilesAlwaysActive": false, "supportsOnboardMode": true}, "angleSnapping": false, "excludeGShift": false, "hostRemovalSupport": false, "headphoneJack": false, "hostInfos": false, "gkeyLayout": "INVALID_GKEY_LAYOUT", "hasBatteryStatus": true, "powerOffTimer": false, "reportRatesOverride": {"rates": [1000, 500, 250, 125], "connectionType": "WIRED"}, "requiresBackupForDfu": false, "unifiedBattery": false, "dpiLighting": false, "hasGlobalDamping": false, "nonInteractive": false, "receiverPairing": {"receiverType": "LS1", "receiverPid": 0, "pairingAction": "ACTION_POWER_CYCLE", "hasForcePairing": false}, "chargepadCompatible": false, "individuality": false, "defaultSlotFormat": "INVALID_FORMAT", "fnToggle": false, "isFullHidppWheel": false, "hasConfigurationProfiles": false, "disableCenterSpring": false, "renameDeviceDisplayName": false, "systemTraySupport": false}, "activeInterfaces": [], "slots": {}, "path": "usb\\vid_046d&pid_c539&mi_02\\8&d2562e0&0&0002:0", "parentPath": ""}, {"id": "dev00000001", "pid": 0, "firmwareName": "MPM08", "isSubdevice": false, "parentId": "", "state": "ABSENT", "onboardMode": false, "individualMode": false, "resourcesAvailable": true, "connectionType": "INVALID_CONNECTION", "hasWirelessInterface": true, "displayConnectionType": "INVALID_DISPLAY_CONNECTION", "deviceType": "MOUSE", "deviceFamily": "", "deviceModel": "g603", "deviceBaseModel": "g603", "displayName": "G603", "extendedDisplayName": "G603 Lightspeed Wireless Gaming Mouse", "slotPrefix": "g603", "thumbnail": "pipeline://core/thumbnails/g603.png", "stringPackage": "", "deviceExt": 0, "deviceUnitId": "4154094063", "deviceSignature": "MOUSE.g603.0.4154094063", "givenName": "", "capabilities": {"sleepTimer": false, "mstateSupport": {"count": 1, "timeOut": 0}, "fnInversion": false, "presentSplashScreen": false, "customizableColor": false, "wirelessReportRate": false, "dpiIndicatorLed": {"zoneType": "LOGO", "steps": {"5": {"tag": "", "hex": "#00a9e0"}, "1": {"tag": "", "hex": "#f8e71c"}, "2": {"tag": "", "hex": "#ffffff"}, "4": {"tag": "", "hex": "#e9168c"}, "3": {"tag": "", "hex": "#fd7600"}}}, "hybridEngine": false, "advancedSleepTimer": false, "onboardProfiles": {"disableProfileNaming": false, "profilesAlwaysActive": false, "supportsOnboardMode": true}, "angleSnapping": false, "excludeGShift": false, "hostRemovalSupport": false, "headphoneJack": false, "hostInfos": false, "gkeyLayout": "INVALID_GKEY_LAYOUT", "hasBatteryStatus": true, "powerOffTimer": false, "reportRatesOverride": {"rates": [1000, 500, 250, 125], "connectionType": "WIRED"}, "requiresBackupForDfu": false, "unifiedBattery": false, "dpiLighting": false, "hasGlobalDamping": false, "nonInteractive": false, "receiverPairing": {"receiverType": "LS1", "receiverPid": 0, "pairingAction": "ACTION_POWER_CYCLE", "hasForcePairing": false}, "chargepadCompatible": false, "individuality": false, "defaultSlotFormat": "INVALID_FORMAT", "fnToggle": false, "isFullHidppWheel": false, "hasConfigurationProfiles": false, "disableCenterSpring": false, "renameDeviceDisplayName": false, "systemTraySupport": false}, "activeInterfaces": [], "slots": {}, "path": "usb\\vid_046d&pid_c539&mi_02\\8&d2562e0&0&0002:0", "parentPath": ""}, {"id": "dev00000002", "pid": 2746, "firmwareName": "U112", "isSubdevice": false, "parentId": "", "state": "ACTIVE", "onboardMode": false, "individualMode": false, "resourcesAvailable": true, "connectionType": "USB", "hasWirelessInterface": false, "displayConnectionType": "LIGHTSPEED", "deviceType": "HEADSET", "deviceFamily": "", "deviceModel": "pro_71_gaming_wireless_headset", "deviceBaseModel": "pro_71_gaming_wireless_headset", "displayName": "PRO X WIRELESS", "extendedDisplayName": "PRO X Wireless Gaming Headset", "slotPrefix": "proxwirelessheadset", "thumbnail": "pipeline://core/thumbnails/pro_headset.png", "stringPackage": "", "deviceExt": 0, "deviceUnitId": "", "deviceSignature": "", "givenName": "", "capabilities": {"audio": {"dtsSupported": false, "dolbySupported": false, "denoiserSupported": true, "onboardEqSupported": false, "onboardProEqSupported": false, "dtsHx2eSupported": true, "proEqSupported": false, "blueVoiceSupported": true, "hardwareNoiseReductionSupported": false, "blueVoice2Supported": false, "hidMic": false, "devioVolumeFeatures": false, "centurionEqSupported": false, "lightspeedAuxSupported": false, "audioMixingSupported": false, "rtxDenoiserSupported": true}, "sleepTimer": false, "mstateSupport": {"count": 1, "timeOut": 0}, "fnInversion": false, "presentSplashScreen": false, "customizableColor": false, "wirelessReportRate": false, "hybridEngine": false, "advancedSleepTimer": false, "angleSnapping": false, "excludeGShift": false, "hostRemovalSupport": false, "headphoneJack": false, "hostInfos": false, "gkeyLayout": "INVALID_GKEY_LAYOUT", "hasBatteryStatus": true, "powerOffTimer": true, "requiresBackupForDfu": false, "unifiedBattery": false, "dpiLighting": false, "hasGlobalDamping": false, "nonInteractive": false, "chargepadCompatible": false, "individuality": false, "defaultSlotFormat": "INVALID_FORMAT", "fnToggle": false, "isFullHidppWheel": false, "hasConfigurationProfiles": false, "disableCenterSpring": false, "renameDeviceDisplayName": false, "systemTraySupport": false}, "activeInterfaces": [{"type": "DEVIO", "id": "046d_0aba", "pid": 2746, "modelId": 0, "extendedModel": 0, "serialNumber": "", "path": "\\\\?\\hid#vid_046d&pid_0aba&mi_03&col02#9&485c8fa&0&0001#{4d1e55b2-f16f-11cf-88cb-001111000030}", "containerId": "16d6b190-e483-11eb-81b3-b0a460b8e880", "deviceType": "HEADSET", "deviceName": "PRO X Wireless Gaming Headset", "keyboardLayout": "INVALID_LAYOUT", "firmwareVersion": "112.1.203", "firmwareName": "U112", "firmwareRevision": 1, "hardwareRevision": 0, "unitId": "", "fwEntities": {}, "connectionType": "USB", "hasOnboardMode": false, "parentPath": ""}, {"type": "AUDIO", "id": "", "pid": 0, "modelId": 0, "extendedModel": 0, "serialNumber": "", "path": "", "containerId": "16d6b190-e483-11eb-81b3-b0a460b8e880", "deviceType": "INVALID_TYPE", "deviceName": "", "keyboardLayout": "INVALID_LAYOUT", "firmwareVersion": "", "firmwareName": "", "firmwareRevision": 0, "hardwareRevision": 0, "unitId": "", "fwEntities": {}, "connectionType": "VIRTUAL", "hasOnboardMode": false, "parentPath": ""}], "slots": {"proxwirelessheadset_blue_voice_settings": {"id": "proxwirelessheadset_blue_voice_settings", "attribute": "BLUE_VOICE_SETTINGS", "disabled": false, "defaultCard": "259c0286-80b9-4f65-8fa8-da7789e8b762"}, "proxwirelessheadset_equalizer": {"id": "proxwirelessheadset_equalizer", "attribute": "EQUALIZER", "disabled": false, "defaultCard": "05525ad1-71a4-45c4-aafa-d56ad1429f32"}, "proxwirelessheadset_rtx_denoiser_settings": {"id": "proxwirelessheadset_rtx_denoiser_settings", "attribute": "RTX_DENOISER_SETTINGS", "disabled": false, "defaultCard": "9b85425b-8c71-4b15-808c-12130aba0000"}, "proxwirelessheadset_microphone_settings": {"id": "proxwirelessheadset_microphone_settings", "attribute": "MICROPHONE_SETTINGS", "disabled": false, "defaultCard": "9b85425b-8c71-4b15-808c-120e0aba0000"}, "proxwirelessheadset_acoustics": {"id": "proxwirelessheadset_acoustics", "attribute": "ACOUSTICS", "disabled": false, "defaultCard": "9b85425b-8c71-4b15-808c-12020aba0000"}}, "path": "\\\\?\\hid#vid_046d&pid_0aba&mi_03&col02#9&485c8fa&0&0001#{4d1e55b2-f16f-11cf-88cb-001111000030}", "parentPath": ""}]}}