 {"msgId": "806ec979-9356-46b6-82d4-dc03e8126a98", "verb": "GET", "path": "/devices/list", "origin": "backend", "result": {"code": "SUCCESS", "what": ""}, "payload": {"@type": "type.googleapis.com/logi.protocol.devices.Device.Info.List", "deviceInfos": [{"id": "dev00000000", "pid": 2727, "state": "ACTIVE", "onboardMode": false, "individualMode": false, "resourcesAvailable": true, "connectionType": "USB", "hasWirelessInterface": false, "deviceType": "HEADSET", "deviceFamily": "", "deviceModel": "pro_gaming_headset", "deviceBaseModel": "pro_gaming_headset", "displayName": "PRO", "extendedDisplayName": "Pro Gaming Headset", "slotPrefix": "proheadset", "thumbnail": "pipeline://core/thumbnails/pro_headset.png", "deviceExt": 0, "deviceUnitId": "4294967295", "deviceSignature": "HEADSET.pro_gaming_headset.0.4294967295", "givenName": "", "capabilities": {"audio": {"dtsSupported": false, "dolbySupported": false, "denoiserSupported": true, "onboardEqSupported": false, "onboardProEqSupported": true, "dtsHx2eSupported": false, "proEqSupported": true, "blueVoiceSupported": false, "hardwareNoiseReductionSupported": true, "blueVoice2Supported": false, "hidMic": false, "devioVolumeFeatures": false}, "sleepTimer": false, "mstateSupport": {"count": 1, "timeOut": 0}, "fnInversion": false, "presentSplashScreen": false, "customizableColor": false, "wirelessReportRate": false, "hybridEngine": false, "advancedSleepTimer": false, "angleSnapping": false, "excludeGShift": false, "hostRemovalSupport": false, "headphoneJack": false, "hostInfos": false, "gkeyLayout": "INVALID_GKEY_LAYOUT", "hasBatteryStatus": false, "powerOffTimer": false, "requiresBackupForDfu": false, "unifiedBattery": false, "dpiLighting": false, "nonInteractive": false, "chargepadCompatible": false, "individuality": false, "defaultSlotFormat": "INVALID_FORMAT"}, "activeInterfaces": [{"type": "DEVIO", "id": "046d_0aa7", "pid": 2727, "modelId": 0, "extendedModel": 255, "serialNumber": "4294967295", "path": "\\\\?\\hid#vid_046d&pid_0aa7&mi_03&col04#a&2f9ca338&0&0003#{4d1e55b2-f16f-11cf-88cb-001111000030}", "containerId": "37163cfc-3ad8-5ad9-8234-a8b8fb75587e", "deviceType": "HEADSET", "deviceName": "PRO", "keyboardLayout": "INVALID_LAYOUT", "firmwareVersion": "171.0.1", "unitId": "4294967295", "firmwareName": "U17100", "connectionType": "USB", "hasOnboardMode": false}, {"type": "AUDIO", "id": "", "pid": 0, "modelId": 0, "extendedModel": 0, "serialNumber": "", "path": "", "containerId": "37163cfc-3ad8-5ad9-8234-a8b8fb75587e", "deviceType": "INVALID_TYPE", "deviceName": "", "keyboardLayout": "INVALID_LAYOUT", "firmwareVersion": "", "unitId": "", "firmwareName": "", "connectionType": "VIRTUAL", "hasOnboardMode": false}], "slots": {"proheadset_acoustics": {"id": "proheadset_acoustics", "attribute": "ACOUSTICS", "disabled": false}, "proheadset_pro_equalizer": {"id": "proheadset_pro_equalizer", "attribute": "PRO_EQUALIZER", "disabled": false}}}, {"id": "dev00000001", "pid": 49983, "state": "ACTIVE", "onboardMode": false, "individualMode": false, "resourcesAvailable": true, "connectionType": "USB", "hasWirelessInterface": false, "deviceType": "KEYBOARD", "deviceFamily": "", "deviceModel": "g815", "deviceBaseModel": "g815", "displayName": "G815", "extendedDisplayName": "G815 RGB Mechanical Gaming Keyboard", "slotPrefix": "g815", "thumbnail": "pipeline://core/thumbnails/g815.png", "deviceExt": 0, "deviceUnitId": "892880646", "deviceSignature": "KEYBOARD.g815.0.892880646", "givenName": "", "capabilities": {"lightingSupport": {"deviceCategory": "KEYBOARD_RGB_PER_KEY", "typeMap": {"PERKEY_INDICATOR": "KEYBOARD_OTHER", "ZONE_PRIMARY": "PRIMARY", "PERKEY_CONSUMER": "HID_CONSUMER", "ZONE_BRANDING": "LOGO", "PERKEY_BRANDING": "LOGO", "PERKEY_GKEY": "G_KEY", "PERKEY_KEYBOARD": "HID_KEYBOARD"}, "zones": [{"zoneType": "ZONE_PRIMARY", "supportedEffects": [{"id": "OFF", "syncable": true, "fixedIntensity": false, "signature": false, "inactivityOnly": false}, {"id": "FIXED", "syncable": true, "fixedIntensity": false, "signature": false, "inactivityOnly": false}, {"id": "CYCLE", "syncable": true, "fixedIntensity": false, "signature": false, "inactivityOnly": false}, {"id": "COLORWAVE", "syncable": false, "fixedIntensity": false, "signature": false, "inactivityOnly": false}, {"id": "BREATHING", "syncable": true, "fixedIntensity": false, "signature": false, "inactivityOnly": false}, {"id": "RIPPLE", "syncable": false, "fixedIntensity": false, "signature": false, "inactivityOnly": false}, {"id": "CUSTOM", "syncable": false, "fixedIntensity": true, "signature": false, "inactivityOnly": false}], "onboardCluster": "CLUSTER_DEFAULT"}, {"zoneType": "ZONE_BRANDING", "supportedEffects": [{"id": "OFF", "syncable": true, "fixedIntensity": false, "signature": false, "inactivityOnly": false}, {"id": "FIXED", "syncable": true, "fixedIntensity": false, "signature": false, "inactivityOnly": false}, {"id": "CYCLE", "syncable": true, "fixedIntensity": false, "signature": false, "inactivityOnly": false}, {"id": "BREATHING", "syncable": true, "fixedIntensity": false, "signature": false, "inactivityOnly": false}], "onboardCluster": "CLUSTER_DEFAULT"}], "isMonochrome": false, "isPerKey": true, "persistence": {"zoneEffects": false, "perKeyFixed": false, "customEffects": {"slots": 2, "entityOffset": 3}}, "hideStartupEffect": true, "shutdownEffect": false, "brightnessLevels": [], "powerSavingEffect": false, "lowBatteryEffect": false, "brightnessPercentage": true, "gamma": false, "firmwareOnly": false, "offRamp": false, "activeDimming": false, "hasPositionalEffect": false}, "sleepTimer": false, "mstateSupport": {"count": 3, "timeOut": 0}, "fnInversion": false, "presentSplashScreen": false, "customizableColor": false, "wirelessReportRate": false, "hybridEngine": false, "advancedSleepTimer": false, "angleSnapping": false, "excludeGShift": false, "hostRemovalSupport": false, "headphoneJack": false, "hostInfos": false, "gkeyLayout": "GKEY_LEFT_COLUMN_5", "hasBatteryStatus": false, "powerOffTimer": false, "requiresBackupForDfu": false, "unifiedBattery": false, "dpiLighting": false, "nonInteractive": false, "chargepadCompatible": false, "individuality": false, "defaultSlotFormat": "INVALID_FORMAT"}, "activeInterfaces": [{"type": "DEVIO", "id": "046d_c33f", "pid": 49983, "modelId": 0, "extendedModel": 1, "serialNumber": "892880646", "path": "usb\\vid_046d&pid_c33f&mi_01\\9&39a036fe&0&0001", "containerId": "a9925f80-f878-54a5-be1c-8e3fde018b86", "deviceType": "KEYBOARD", "deviceName": "G815 RGB MECHANICAL GAMING KEYBOARD", "keyboardLayout": "US", "firmwareVersion": "131.2.18", "unitId": "892880646", "firmwareName": "U13102", "connectionType": "USB", "hasOnboardMode": true}], "slots": {"g815_g3_m1": {"id": "g815_g3_m1", "attribute": "MACRO_PLAYBACK", "disabled": false}, "g815_g3_m3": {"id": "g815_g3_m3", "attribute": "MACRO_PLAYBACK", "disabled": false}, "g815_g2_m3": {"id": "g815_g2_m3", "attribute": "MACRO_PLAYBACK", "disabled": false}, "g815_g3_m3_shifted": {"id": "g815_g3_m3_shifted", "attribute": "MACRO_PLAYBACK", "disabled": false}, "g815_g3_m2_shifted": {"id": "g815_g3_m2_shifted", "attribute": "MACRO_PLAYBACK", "disabled": false}, "g815_g2_m1": {"id": "g815_g2_m1", "attribute": "MACRO_PLAYBACK", "disabled": false}, "g815_g1_m3_shifted": {"id": "g815_g1_m3_shifted", "attribute": "MACRO_PLAYBACK", "disabled": false}, "g815_g4_m3": {"id": "g815_g4_m3", "attribute": "MACRO_PLAYBACK", "disabled": false}, "g815_g1_m3": {"id": "g815_g1_m3", "attribute": "MACRO_PLAYBACK", "disabled": false}, "g815_g4_m1": {"id": "g815_g4_m1", "attribute": "MACRO_PLAYBACK", "disabled": false}, "g815_g3_m1_shifted": {"id": "g815_g3_m1_shifted", "attribute": "MACRO_PLAYBACK", "disabled": false}, "g815_g5_m3_shifted": {"id": "g815_g5_m3_shifted", "attribute": "MACRO_PLAYBACK", "disabled": false}, "g815_g3_m2": {"id": "g815_g3_m2", "attribute": "MACRO_PLAYBACK", "disabled": false}, "g815_g5_m3": {"id": "g815_g5_m3", "attribute": "MACRO_PLAYBACK", "disabled": false}, "g815_g5_m2_shifted": {"id": "g815_g5_m2_shifted", "attribute": "MACRO_PLAYBACK", "disabled": false}, "g815_g4_m1_shifted": {"id": "g815_g4_m1_shifted", "attribute": "MACRO_PLAYBACK", "disabled": false}, "g815_g2_m3_shifted": {"id": "g815_g2_m3_shifted", "attribute": "MACRO_PLAYBACK", "disabled": false}, "g815_g4_m2_shifted": {"id": "g815_g4_m2_shifted", "attribute": "MACRO_PLAYBACK", "disabled": false}, "g815_g1_m1": {"id": "g815_g1_m1", "attribute": "MACRO_PLAYBACK", "disabled": false}, "g815_g2_m1_shifted": {"id": "g815_g2_m1_shifted", "attribute": "MACRO_PLAYBACK", "disabled": false}, "g815_disable_keys": {"id": "g815_disable_keys", "attribute": "DISABLE_KEY_SETTINGS", "disabled": false}, "g815_g1_m1_shifted": {"id": "g815_g1_m1_shifted", "attribute": "MACRO_PLAYBACK", "disabled": false}, "g815_g5_m1_shifted": {"id": "g815_g5_m1_shifted", "attribute": "MACRO_PLAYBACK", "disabled": false}, "g815_lighting_setting_firmware": {"id": "g815_lighting_setting_firmware", "attribute": "FIRMWARE_LIGHTING_SETTINGS", "disabled": false}, "g815_g5_m1": {"id": "g815_g5_m1", "attribute": "MACRO_PLAYBACK", "disabled": false}, "g815_g1_m2_shifted": {"id": "g815_g1_m2_shifted", "attribute": "MACRO_PLAYBACK", "disabled": false}, "g815_g2_m2": {"id": "g815_g2_m2", "attribute": "MACRO_PLAYBACK", "disabled": false}, "g815_g1_m2": {"id": "g815_g1_m2", "attribute": "MACRO_PLAYBACK", "disabled": false}, "g815_g4_m3_shifted": {"id": "g815_g4_m3_shifted", "attribute": "MACRO_PLAYBACK", "disabled": false}, "g815_g4_m2": {"id": "g815_g4_m2", "attribute": "MACRO_PLAYBACK", "disabled": false}, "g815_g5_m2": {"id": "g815_g5_m2", "attribute": "MACRO_PLAYBACK", "disabled": false}, "g815_g2_m2_shifted": {"id": "g815_g2_m2_shifted", "attribute": "MACRO_PLAYBACK", "disabled": false}}}]}}