 {"msgId": "531a9863-b6a2-478e-9c16-764bb753ee80", "verb": "GET", "path": "/devices/list", "origin": "backend", "result": {"code": "SUCCESS", "what": ""}, "payload": {"@type": "type.googleapis.com/logi.protocol.devices.Device.Info.List", "deviceInfos": [{"id": "dev00000000", "pid": 2727, "firmwareName": "U171", "isSubdevice": false, "state": "ACTIVE", "onboardMode": false, "individualMode": false, "resourcesAvailable": true, "connectionType": "USB", "hasWirelessInterface": false, "displayConnectionType": "USB", "deviceType": "HEADSET", "deviceFamily": "", "deviceModel": "pro_gaming_headset", "deviceBaseModel": "pro_gaming_headset", "displayName": "PRO", "extendedDisplayName": "Pro Gaming Headset", "slotPrefix": "proheadset", "thumbnail": "pipeline://core/thumbnails/pro_headset.png", "stringPackage": "", "deviceExt": 0, "deviceUnitId": "4294967295", "deviceSignature": "HEADSET.pro_gaming_headset.0.4294967295", "givenName": "", "capabilities": {"audio": {"dtsSupported": false, "dolbySupported": false, "denoiserSupported": true, "onboardEqSupported": false, "onboardProEqSupported": true, "dtsHx2eSupported": false, "proEqSupported": true, "blueVoiceSupported": false, "hardwareNoiseReductionSupported": true, "blueVoice2Supported": false, "hidMic": false, "devioVolumeFeatures": false, "centurionEqSupported": false, "lightspeedAuxSupported": false}, "sleepTimer": false, "mstateSupport": {"count": 1, "timeOut": 0}, "fnInversion": false, "presentSplashScreen": false, "customizableColor": false, "wirelessReportRate": false, "hybridEngine": false, "advancedSleepTimer": false, "angleSnapping": false, "excludeGShift": false, "hostRemovalSupport": false, "headphoneJack": false, "hostInfos": false, "gkeyLayout": "INVALID_GKEY_LAYOUT", "hasBatteryStatus": false, "powerOffTimer": false, "requiresBackupForDfu": false, "unifiedBattery": false, "dpiLighting": false, "nonInteractive": false, "chargepadCompatible": false, "individuality": false, "defaultSlotFormat": "INVALID_FORMAT", "fnToggle": false}, "activeInterfaces": [{"type": "DEVIO", "id": "046d_0aa7", "pid": 2727, "modelId": 0, "extendedModel": 255, "serialNumber": "4294967295", "path": "\\\\?\\hid#vid_046d&pid_0aa7&mi_03&col04#9&78bdcfe&0&0003#{4d1e55b2-f16f-11cf-88cb-001111000030}", "containerId": "37163cfc-3ad8-5ad9-8234-a8b8fb75587e", "deviceType": "HEADSET", "deviceName": "PRO", "keyboardLayout": "INVALID_LAYOUT", "firmwareVersion": "171.0.1", "firmwareName": "U171", "firmwareRevision": 0, "hardwareRevision": 0, "unitId": "4294967295", "connectionType": "USB", "hasOnboardMode": false}, {"type": "AUDIO", "id": "", "pid": 0, "modelId": 0, "extendedModel": 0, "serialNumber": "", "path": "", "containerId": "37163cfc-3ad8-5ad9-8234-a8b8fb75587e", "deviceType": "INVALID_TYPE", "deviceName": "", "keyboardLayout": "INVALID_LAYOUT", "firmwareVersion": "", "firmwareName": "", "firmwareRevision": 0, "hardwareRevision": 0, "unitId": "", "connectionType": "VIRTUAL", "hasOnboardMode": false}], "slots": {"proheadset_acoustics": {"id": "proheadset_acoustics", "attribute": "ACOUSTICS", "disabled": false, "defaultCard": "9b85425b-8c71-4b15-808c-12020aa70000"}, "proheadset_pro_equalizer": {"id": "proheadset_pro_equalizer", "attribute": "PRO_EQUALIZER", "disabled": false, "defaultCard": "0487742c-a435-4379-95d6-f0b52fe4e0f8"}}}, {"id": "dev00000001", "pid": 2140, "firmwareName": "", "isSubdevice": false, "state": "ACTIVE", "onboardMode": false, "individualMode": false, "resourcesAvailable": true, "connectionType": "USB", "hasWirelessInterface": false, "displayConnectionType": "USB", "deviceType": "CAMERA", "deviceFamily": "", "deviceModel": "c922", "deviceBaseModel": "c922", "displayName": "C922", "extendedDisplayName": "C922 HD Pro Webcam", "slotPrefix": "c922", "thumbnail": "pipeline://core/thumbnails/c922.png", "stringPackage": "", "deviceExt": 0, "deviceUnitId": "", "deviceSignature": "", "givenName": "", "capabilities": {"sleepTimer": false, "mstateSupport": {"count": 1, "timeOut": 0}, "fnInversion": false, "presentSplashScreen": false, "customizableColor": false, "wirelessReportRate": false, "hybridEngine": false, "advancedSleepTimer": false, "angleSnapping": false, "excludeGShift": false, "hostRemovalSupport": false, "headphoneJack": false, "hostInfos": false, "gkeyLayout": "INVALID_GKEY_LAYOUT", "hasBatteryStatus": false, "powerOffTimer": false, "requiresBackupForDfu": false, "unifiedBattery": false, "dpiLighting": false, "nonInteractive": false, "chargepadCompatible": false, "individuality": false, "defaultSlotFormat": "INVALID_FORMAT", "fnToggle": false}, "activeInterfaces": [{"type": "UVC", "id": "046d_085c", "pid": 2140, "modelId": 0, "extendedModel": 0, "serialNumber": "", "path": "\\\\?\\usb#vid_046d&pid_085c&mi_00#6&2ec1c8c7&0&0000#{65e8773d-8f56-11d0-a3b9-00a0c9223196}\\global", "containerId": "bdd204f1-3bce-5455-b40b-271e56bf947a", "deviceType": "INVALID_TYPE", "deviceName": "", "keyboardLayout": "INVALID_LAYOUT", "firmwareVersion": "", "firmwareName": "", "firmwareRevision": 0, "hardwareRevision": 0, "unitId": "", "connectionType": "USB", "hasOnboardMode": false}], "slots": {"c922_video": {"id": "c922_video", "attribute": "VIDEO_SETTINGS", "disabled": false, "defaultCard": "9b85425b-8c71-4b15-808c-120a085c0000"}, "c922_camera": {"id": "c922_camera", "attribute": "CAMERA_SETTINGS", "disabled": false, "defaultCard": "9b85425b-8c71-4b15-808c-1209085c0000"}}}]}}