{
  "drivers": [
    {
      "drivers": [
        {
          "destination": "",
          "hardwareId": "root\\LGHUBVirtualBus",
          "recreateDeviceNodes": "",
          "restartServices": [],
          "source": "C:\\ProgramData\\LGHUB\\depots\\100450\\driver_hid_virtual\\logi_joy_bus_enum.inf",
          "type": "INF",
          "version": "2018.3.55"
        },
        {
          "destination": "",
          "hardwareId": "",
          "recreateDeviceNodes": "",
          "restartServices": [],
          "source": "C:\\ProgramData\\LGHUB\\depots\\100450\\driver_hid_virtual\\logi_joy_vir_hid.inf",
          "type": "INF",
          "version": "2019.3.38699.0"
        }
      ],
      "packageName": "virtual_hid",
      "rebootNeeded": false
    },
    {
      "drivers": [
        {
          "destination": "",
          "hardwareId": "",
          "recreateDeviceNodes": "",
          "restartServices": [
            "Audiosrv",
            "AudioEndpointBuilder"
          ],
          "source": "C:\\ProgramData\\LGHUB\\depots\\100450\\driver_audio\\logi_audio.inf",
          "type": "INF",
          "version": "2021.8.195.0"
        }
      ],
      "packageName": "audio",
      "rebootNeeded": false
    }
  ],
  "extensions": {},
  "files": [
    {
      "path": "C:\\Program Files\\LGHUB\\lghub.exe",
      "registerLibrary": false,
      "sha256": "8b1192821f510b9a9701ebdfcef3ff5a922445d666d259f4deef2731869551eb"
    },
    {
      "path": "C:\\Program Files\\LGHUB\\lghub_agent.exe",
      "registerLibrary": false,
      "sha256": "26e94df4381ecf4267e89f095f655ff7da1591138ea26f4fc22ecf25b005f258"
    },
    {
      "path": "C:\\Program Files\\LGHUB\\lghub_updater.exe",
      "registerLibrary": false,
      "sha256": "22d9b481d8ca2a88dcde754d6b4192608173aeebb0912053c96a1f01c2da4307"
    },
    {
      "path": "C:\\Program Files\\LGHUB\\lghub_uninstaller.exe",
      "registerLibrary": false,
      "sha256": "7ac3ac4376f8ead9c5a9637eb469f9d4ace8855e9ae4704cc265068a60d3aae5"
    },
    {
      "path": "C:\\Program Files\\LGHUB\\data\\applications.json",
      "registerLibrary": false,
      "sha256": "65715a5de964073d02edfc3ef8c8538c13eb336fbf95df7f797ff75360a5262a"
    },
    {
      "path": "C:\\Program Files\\LGHUB\\data\\camera_presets.json",
      "registerLibrary": false,
      "sha256": "6ebd6aac2b0d6ac3282506fe058730d387bdb74add828519a5222e099f56e3f0"
    },
    {
      "path": "C:\\Program Files\\LGHUB\\data\\card_presets.json",
      "registerLibrary": false,
      "sha256": "54cbd7f20a958ff2945fca4d3308458b630803b3c1cf56e023c7253da4fedb8a"
    },
    {
      "path": "C:\\Program Files\\LGHUB\\data\\devices\\devices_0001.json",
      "registerLibrary": false,
      "sha256": "f0424877c28e348b1af10e45f4cb6922c5b58effd60f440aaf7cdf17dbc504c0"
    },
    {
      "path": "C:\\Program Files\\LGHUB\\data\\devices\\devices_0002.json",
      "registerLibrary": false,
      "sha256": "d69e31575d544e57c7805fcbbbc89fbc36b4a8f8d2a7b4169c5936bea868ddda"
    },
    {
      "path": "C:\\Program Files\\LGHUB\\data\\devices\\devices_0003.json",
      "registerLibrary": false,
      "sha256": "bb0ac8edaea584f0004f849572b048c8ae3664b0d1e0add8a76252e395c4acd8"
    },
    {
      "path": "C:\\Program Files\\LGHUB\\data\\devices\\devices_0006.json",
      "registerLibrary": false,
      "sha256": "4af66faf14311bd5de68828e93032a31e94ee01c8e2ee481444e20005c2d3e1e"
    },
    {
      "path": "C:\\Program Files\\LGHUB\\data\\devices.json",
      "registerLibrary": false,
      "sha256": "4a2f91689befae24c1768cc17e7ddb1d2776c4bc14fd6fddde1b9d174ee6d014"
    },
    {
      "path": "C:\\Program Files\\LGHUB\\data\\eq_presets.json",
      "registerLibrary": false,
      "sha256": "a88e074eca0f3a3893ab1074fc9f17173fcfdfae52cf0a14a64d463c044a8848"
    },
    {
      "path": "C:\\Program Files\\LGHUB\\data\\lighting\\effects\\audio-visualizer-generic.json",
      "registerLibrary": false,
      "sha256": "9435fbe71be67695cc5031e9b7fddcc338a0a96a12baca9ccab2fe689f17b374"
    },
    {
      "path": "C:\\Program Files\\LGHUB\\data\\lighting\\effects\\audio-visualizer-kb-per-key.json",
      "registerLibrary": false,
      "sha256": "88c3f52a21f87c8c06ddf5ae97b736e8e88ab42bcb5d7a411adce00bf099573b"
    },
    {
      "path": "C:\\Program Files\\LGHUB\\data\\lighting\\effects\\audio-visualizer-kb-zonal.json",
      "registerLibrary": false,
      "sha256": "f0cce36eaa5b41f94e2e30c04909e6b53379924a9fe3bb6a3da4f87f1ea0af48"
    },
    {
      "path": "C:\\Program Files\\LGHUB\\data\\lighting\\effects\\audio-visualizer-mouse-rgb-per-key.json",
      "registerLibrary": false,
      "sha256": "5e2246bed347cdacfbe5e36788a21ca6553a4ed95e82d4447624ed1c1d0c8170"
    },
    {
      "path": "C:\\Program Files\\LGHUB\\data\\lighting\\effects\\contrastic.json",
      "registerLibrary": false,
      "sha256": "9d541c9ea0977b23b512c367ec73ed8e5b42dc89442a465ea139683bd18a5e4c"
    },
    {
      "path": "C:\\Program Files\\LGHUB\\data\\lighting\\effects\\lightning.json",
      "registerLibrary": false,
      "sha256": "9da2c8578f8d86ae6dc93a2379da716f28528e94ab7b03cb0528d36e01ee62a4"
    },
    {
      "path": "C:\\Program Files\\LGHUB\\data\\lighting\\effects\\mono-contrastic.json",
      "registerLibrary": false,
      "sha256": "d1e1e1fac399b498c61fe4f7a26f6debc3528bd7c787a7c466d44da87c113b33"
    },
    {
      "path": "C:\\Program Files\\LGHUB\\data\\lighting\\effects\\mono-verticool.json",
      "registerLibrary": false,
      "sha256": "88c52137fa9eee315f47800d7b47ea53b118f043e37274369bafe12c98d3f1ef"
    },
    {
      "path": "C:\\Program Files\\LGHUB\\data\\lighting\\effects\\mouse-oceanwave.json",
      "registerLibrary": false,
      "sha256": "e4a56fa1c4800a6e926fafb11e7df07c68d6c75f432b6496529734d555290e3e"
    },
    {
      "path": "C:\\Program Files\\LGHUB\\data\\lighting\\effects\\mouse-redwhiteblue.json",
      "registerLibrary": false,
      "sha256": "8b5ef016217dc386cab9bd9d06586fc484e3cc976480bb82bfec9e23e1bf8421"
    },
    {
      "path": "C:\\Program Files\\LGHUB\\data\\lighting\\effects\\mouse-verticool.json",
      "registerLibrary": false,
      "sha256": "5de96cde8ebb35a6918559e0b1a545e7ee29c1980f5ab9a007e456498fd36222"
    },
    {
      "path": "C:\\Program Files\\LGHUB\\data\\lighting\\effects\\oceanwave.json",
      "registerLibrary": false,
      "sha256": "b12b9c1cfadaea6729b8d10664afa4a2f4cb15dda0767892f6b3b24a34a1ce9f"
    },
    {
      "path": "C:\\Program Files\\LGHUB\\data\\lighting\\effects\\redwhiteblue.json",
      "registerLibrary": false,
      "sha256": "aada1c8352897a1ac0beea2ad25e038f7c670591184572adba1a128025c60110"
    },
    {
      "path": "C:\\Program Files\\LGHUB\\data\\lighting\\effects\\screen_sampler-kb.json",
      "registerLibrary": false,
      "sha256": "9bd8bc8ee7445ebe1745277d1ad98e8dfd29dae9476af6400888c4a48889c08b"
    },
    {
      "path": "C:\\Program Files\\LGHUB\\data\\lighting\\effects\\screen_sampler-mrpk.json",
      "registerLibrary": false,
      "sha256": "2be3ef4800a715135094499cccad262efab609af4ad8ac8733fe23dfe0327e63"
    },
    {
      "path": "C:\\Program Files\\LGHUB\\data\\lighting\\effects\\screen_sampler.json",
      "registerLibrary": false,
      "sha256": "a6a82867df6e81efe26f688246a253ba4b0bb715ea7ef0db40979041d808bb61"
    },
    {
      "path": "C:\\Program Files\\LGHUB\\data\\lighting\\effects\\verticool.json",
      "registerLibrary": false,
      "sha256": "07a43589f931b1f02e6a387afa70a200f09d7b9d7665722454808e831bc5295d"
    },
    {
      "path": "C:\\Program Files\\LGHUB\\data\\lighting\\effect_prefabs.json",
      "registerLibrary": false,
      "sha256": "cb12dd7a6b5fe5cc22561b8a0bc133f0c34e9e9d8ca85d4a8db2dd4181027ceb"
    },
    {
      "path": "C:\\Program Files\\LGHUB\\data\\lighting\\effect_presets.json",
      "registerLibrary": false,
      "sha256": "02c1353c70428dff39fa89d297451295f476a23b541b143e1dd0ed3b18f52478"
    },
    {
      "path": "C:\\Program Files\\LGHUB\\data\\pro_eq_presets.json",
      "registerLibrary": false,
      "sha256": "a06c0c79a65054ad5ec9b5ed6e390d4fe877a56b299ccbb7cbf458ab532a4bca"
    },
    {
      "path": "C:\\Program Files\\LGHUB\\data\\sounds\\71ChannelCheckSound.wma",
      "registerLibrary": false,
      "sha256": "3a25eb44361ddcc39ea78443ef4a5f94e3a3025d569ff9af1043ce37a4376e11"
    },
    {
      "path": "C:\\Program Files\\LGHUB\\data\\strings\\cs-CZ.yaml",
      "registerLibrary": false,
      "sha256": "ec59c44d126c759a5bb293d68249a1c554fe391d17a5d125794d714dc66aec86"
    },
    {
      "path": "C:\\Program Files\\LGHUB\\data\\strings\\da-DK.yaml",
      "registerLibrary": false,
      "sha256": "611ad300656d14612bc277ecc298995fc3235cd457c2508ecdc6002883b50c10"
    },
    {
      "path": "C:\\Program Files\\LGHUB\\data\\strings\\de-DE.yaml",
      "registerLibrary": false,
      "sha256": "e6e60c0fa1407c0a60f9efddcfc9739469fa108573b2459b94cf96586cc5355a"
    },
    {
      "path": "C:\\Program Files\\LGHUB\\data\\strings\\en-US.yaml",
      "registerLibrary": false,
      "sha256": "f34d4c6ed4f0201a6317177f118a0f16d5320ab00c462ce05f228b91080a3342"
    },
    {
      "path": "C:\\Program Files\\LGHUB\\data\\strings\\es-ES.yaml",
      "registerLibrary": false,
      "sha256": "bd657dcdeced7368ab88ecaa94b56ce43d7e2e870978e685e939795f045552b8"
    },
    {
      "path": "C:\\Program Files\\LGHUB\\data\\strings\\fi-FI.yaml",
      "registerLibrary": false,
      "sha256": "fe727c448e6bf18b3da203dd79baeb48181c5bada429af2fa0a483f6d74b73a0"
    },
    {
      "path": "C:\\Program Files\\LGHUB\\data\\strings\\fr-FR.yaml",
      "registerLibrary": false,
      "sha256": "14421c4f98cbc1f0fc1c0aa4f2e390e38722b2e7881ba869bde22fae1090a9ee"
    },
    {
      "path": "C:\\Program Files\\LGHUB\\data\\strings\\hu-HU.yaml",
      "registerLibrary": false,
      "sha256": "5c93cba79250824c158c6d9994b25d4bbb55c353e5dfd21c6edcc91692dbb2b9"
    },
    {
      "path": "C:\\Program Files\\LGHUB\\data\\strings\\it-IT.yaml",
      "registerLibrary": false,
      "sha256": "ee0f27f3f13e05472def5f9c2bad27d2972993e1a7c0bf4eac5cd43a2eb57aff"
    },
    {
      "path": "C:\\Program Files\\LGHUB\\data\\strings\\ja-JP.yaml",
      "registerLibrary": false,
      "sha256": "027024f34237e07fa81affc4e5f7dbf9d6b75db83a06629f8a23d9e3a2e0b247"
    },
    {
      "path": "C:\\Program Files\\LGHUB\\data\\strings\\ko-KR.yaml",
      "registerLibrary": false,
      "sha256": "ad512f9e9e4c211f23b705716647cfd58156328d6720cf177fbdcf642923be5b"
    },
    {
      "path": "C:\\Program Files\\LGHUB\\data\\strings\\nb-NO.yaml",
      "registerLibrary": false,
      "sha256": "a0abe541b5c578abcc3cd31d73b27cc31b415c262bbe723a44261f2a5409e13c"
    },
    {
      "path": "C:\\Program Files\\LGHUB\\data\\strings\\nl-NL.yaml",
      "registerLibrary": false,
      "sha256": "b7d22189ce72fcd0164df4c773daee34ec9b504528ff3fabe44686929975ea3b"
    },
    {
      "path": "C:\\Program Files\\LGHUB\\data\\strings\\pl-PL.yaml",
      "registerLibrary": false,
      "sha256": "18a4e8d9bfb9715a0eb0b930cfcbe733f010c670c407db456f93d6aa8b891906"
    },
    {
      "path": "C:\\Program Files\\LGHUB\\data\\strings\\pt-BR.yaml",
      "registerLibrary": false,
      "sha256": "666cccc517084112265d06b0cbf00c2ba12fabdd780e59aadbb48cd9de3afc11"
    },
    {
      "path": "C:\\Program Files\\LGHUB\\data\\strings\\ru-RU.yaml",
      "registerLibrary": false,
      "sha256": "ce0fba1af6498c7b2de3f74aa1a74de719f92ee392f2b7628c074306d799f272"
    },
    {
      "path": "C:\\Program Files\\LGHUB\\data\\strings\\sv-SE.yaml",
      "registerLibrary": false,
      "sha256": "efb27d085b9f3d10c39725ec7dec1edfb2688bab2ce4806c41f9bc465e9485e8"
    },
    {
      "path": "C:\\Program Files\\LGHUB\\data\\strings\\tr-TR.yaml",
      "registerLibrary": false,
      "sha256": "b7cb55019829d972e39510a250bfe512d1ca81f74a66daecf67eceaf73493e21"
    },
    {
      "path": "C:\\Program Files\\LGHUB\\data\\strings\\zh-CN.yaml",
      "registerLibrary": false,
      "sha256": "5d49cbbc36decf59a9b637d1e672f27577c86ad42b6be9c1d465a86ffe1f04bf"
    },
    {
      "path": "C:\\Program Files\\LGHUB\\data\\strings\\zh-TW.yaml",
      "registerLibrary": false,
      "sha256": "0da9774e5c306831367b57526cf5ed214cd02dcb8151db0653bdb73ffcfda259"
    },
    {
      "path": "C:\\Program Files\\LGHUB\\data\\video_filters.json",
      "registerLibrary": false,
      "sha256": "f6ceaf8132202d66c61c8aa32eea121a627076494b303f48197b243128dcb1ad"
    },
    {
      "path": "C:\\Program Files\\LGHUB\\locales\\am.pak",
      "registerLibrary": false,
      "sha256": "5f323c0bd185d5bd5f7ea737018f14fd6ea500ba5440bc74f5c09b635518eadc"
    },
    {
      "path": "C:\\Program Files\\LGHUB\\locales\\ar.pak",
      "registerLibrary": false,
      "sha256": "e7f9a474399c0ca0daf28c6153f6ec7ae87423e66c8ffe0849407471d20b6237"
    },
    {
      "path": "C:\\Program Files\\LGHUB\\locales\\bg.pak",
      "registerLibrary": false,
      "sha256": "bd3a3aacc3cee9864404755eee9542e0f21efbebd4a71e5333d15783d4ce18c9"
    },
    {
      "path": "C:\\Program Files\\LGHUB\\locales\\bn.pak",
      "registerLibrary": false,
      "sha256": "b4ed891e8b38452623348da12d325b52407446114cba664a8e25a26a7cfaf773"
    },
    {
      "path": "C:\\Program Files\\LGHUB\\locales\\ca.pak",
      "registerLibrary": false,
      "sha256": "9a4e286a58bb9a58e9e30d982783663c9bce40730cb6dad4c37980038040919e"
    },
    {
      "path": "C:\\Program Files\\LGHUB\\locales\\cs.pak",
      "registerLibrary": false,
      "sha256": "c00829fc57c7e1e5419fe3202f114d394a590b8b32b1e55af42772c93755945d"
    },
    {
      "path": "C:\\Program Files\\LGHUB\\locales\\da.pak",
      "registerLibrary": false,
      "sha256": "6da77a20fd6fbb228b2de5f197225342da18cbc58d26ebf542cf20d23e00f033"
    },
    {
      "path": "C:\\Program Files\\LGHUB\\locales\\de.pak",
      "registerLibrary": false,
      "sha256": "e964d841b9588b7412f1ff86f004e6b052f993bf2153e4dc4bee6c5536be1744"
    },
    {
      "path": "C:\\Program Files\\LGHUB\\locales\\el.pak",
      "registerLibrary": false,
      "sha256": "b624633365c19e6e3cbe200b39889711994809796dbee7988883165d0cc1d6c2"
    },
    {
      "path": "C:\\Program Files\\LGHUB\\locales\\en-GB.pak",
      "registerLibrary": false,
      "sha256": "4a5e6439c6731a5273970c8c053b4a89018c57f1d9be81d85f24978233675442"
    },
    {
      "path": "C:\\Program Files\\LGHUB\\locales\\en-US.pak",
      "registerLibrary": false,
      "sha256": "781ef5aa8dce072a3e7732f39a7e991c497c70bfaec2264369d0d790ab7660a4"
    },
    {
      "path": "C:\\Program Files\\LGHUB\\locales\\es-419.pak",
      "registerLibrary": false,
      "sha256": "2e1cf9d3e3eebe607da44873cfe37b9a84615962e3450313c3947920d4de4fda"
    },
    {
      "path": "C:\\Program Files\\LGHUB\\locales\\es.pak",
      "registerLibrary": false,
      "sha256": "b927984d25359f3d7a20d71aa4b16d2ec4c574461177825b5221865f416d1e71"
    },
    {
      "path": "C:\\Program Files\\LGHUB\\locales\\et.pak",
      "registerLibrary": false,
      "sha256": "9cdefc472c67247e67da040b984e800cc8b903a1b39c742e6962ff5c423f391e"
    },
    {
      "path": "C:\\Program Files\\LGHUB\\locales\\fa.pak",
      "registerLibrary": false,
      "sha256": "7e8f7f42300178f001ea5f74c63db25d813b7c25989114dc7673c76fd92a72c9"
    },
    {
      "path": "C:\\Program Files\\LGHUB\\locales\\fi.pak",
      "registerLibrary": false,
      "sha256": "4e538a14f1dbc872a85fdb4be1e19145553ecfa3b07ee7c810b690c52b889684"
    },
    {
      "path": "C:\\Program Files\\LGHUB\\locales\\fil.pak",
      "registerLibrary": false,
      "sha256": "cb536b478feffd3b55ec53676cce84cefc9e000c1205273bafcdaf6ee6edd381"
    },
    {
      "path": "C:\\Program Files\\LGHUB\\locales\\fr.pak",
      "registerLibrary": false,
      "sha256": "f3bfcd6a297a7634c24f2fbd3de96f02588b0603d4a7618bb7588f6c091beb2e"
    },
    {
      "path": "C:\\Program Files\\LGHUB\\locales\\gu.pak",
      "registerLibrary": false,
      "sha256": "1d4d407233a4c78d5a9a242b43b21aa89fb68a0632bc52b0a515d69491632e85"
    },
    {
      "path": "C:\\Program Files\\LGHUB\\locales\\he.pak",
      "registerLibrary": false,
      "sha256": "4a9862ee8e139ae74e6336e0207d484e1a1ae0f689b5f1cc06b6fea66d2090d9"
    },
    {
      "path": "C:\\Program Files\\LGHUB\\locales\\hi.pak",
      "registerLibrary": false,
      "sha256": "06424570167c9bdd7e13b115a632d6ab58de7a4fa14f8d094627bd12d85e9318"
    },
    {
      "path": "C:\\Program Files\\LGHUB\\locales\\hr.pak",
      "registerLibrary": false,
      "sha256": "cc48d7deaf73103e22e3e5900503396e2a2c9e5bf1450a4df8ce94179b1e47a2"
    },
    {
      "path": "C:\\Program Files\\LGHUB\\locales\\hu.pak",
      "registerLibrary": false,
      "sha256": "61ae4e65474cb4ecf5edb2ec9bb9ea2b7a47bbf769f81c8fee1282c13b209783"
    },
    {
      "path": "C:\\Program Files\\LGHUB\\locales\\id.pak",
      "registerLibrary": false,
      "sha256": "e07be6b1a095f235a4babb2ad5e8018c8c1b2f7cd6feab170124d25898e764c6"
    },
    {
      "path": "C:\\Program Files\\LGHUB\\locales\\it.pak",
      "registerLibrary": false,
      "sha256": "4e2089d3fd90977f9a3a88b2af7fa9ff3b9864969d2f4582431626ae1f37c158"
    },
    {
      "path": "C:\\Program Files\\LGHUB\\locales\\ja.pak",
      "registerLibrary": false,
      "sha256": "275307a3a9708c0698565f10941c57d42e1d2f55709a025d37e588699b5a985e"
    },
    {
      "path": "C:\\Program Files\\LGHUB\\locales\\kn.pak",
      "registerLibrary": false,
      "sha256": "1a3fa5261b58113ae1a5cf140abd93e812b4a866a19a4c54929fffee5f42b18b"
    },
    {
      "path": "C:\\Program Files\\LGHUB\\locales\\ko.pak",
      "registerLibrary": false,
      "sha256": "0a46cce08401a72e44178349a61cdbae5fd78ca4f071bff2bf5f2e8c877a25f8"
    },
    {
      "path": "C:\\Program Files\\LGHUB\\locales\\lt.pak",
      "registerLibrary": false,
      "sha256": "225e5784a7a616f83d81e6f3fdc5510e975e9fbde741b673deece5ded1604a9d"
    },
    {
      "path": "C:\\Program Files\\LGHUB\\locales\\lv.pak",
      "registerLibrary": false,
      "sha256": "d58b6308b64a1cda4ee0b2b395672728ce7abb73c44961fc911386569caee60e"
    },
    {
      "path": "C:\\Program Files\\LGHUB\\locales\\ml.pak",
      "registerLibrary": false,
      "sha256": "e51d9a02ad11cb9825368da9a17af7294b7e6bf11079e2072e4bec028ecaf20f"
    },
    {
      "path": "C:\\Program Files\\LGHUB\\locales\\mr.pak",
      "registerLibrary": false,
      "sha256": "4293afacf1c4dce2423c368a45fec4b33aac7232e7b7c1919aa8a5a20fb026a1"
    },
    {
      "path": "C:\\Program Files\\LGHUB\\locales\\ms.pak",
      "registerLibrary": false,
      "sha256": "83248a2aaefb87fc19454afa34bf5df99b95b98f823b534de0bae552c8260d93"
    },
    {
      "path": "C:\\Program Files\\LGHUB\\locales\\nb.pak",
      "registerLibrary": false,
      "sha256": "21f3efe54a2a0ed9e2f618b2a50f89b44957bc7c779e7f88c1f10b310cea8bd5"
    },
    {
      "path": "C:\\Program Files\\LGHUB\\locales\\nl.pak",
      "registerLibrary": false,
      "sha256": "e94551ca94505f068ecd0619af676b7b3a869f6068af87f0f537cace8055ba4b"
    },
    {
      "path": "C:\\Program Files\\LGHUB\\locales\\pl.pak",
      "registerLibrary": false,
      "sha256": "c57c2e534da554e42388815cd3e848630ed46e1e61e640a6f3d4fd7cbdfb2aed"
    },
    {
      "path": "C:\\Program Files\\LGHUB\\locales\\pt-BR.pak",
      "registerLibrary": false,
      "sha256": "ed9adacad575344216ee986e9c04908a5093aa7a0ebfbf2549df4c668a35f356"
    },
    {
      "path": "C:\\Program Files\\LGHUB\\locales\\pt-PT.pak",
      "registerLibrary": false,
      "sha256": "da64b5178bb41be0684cb3ef1204becb457520fe4960c3252f5ccd6a9ee9e29a"
    },
    {
      "path": "C:\\Program Files\\LGHUB\\locales\\ro.pak",
      "registerLibrary": false,
      "sha256": "99730524e53ca07481f8cdbbdace228aed42abc19d2277d26c42f47653f3cf07"
    },
    {
      "path": "C:\\Program Files\\LGHUB\\locales\\ru.pak",
      "registerLibrary": false,
      "sha256": "ec6654ffd877ec62d8afcf90469ecef5790e17c7306654cfe4b905de449b06d8"
    },
    {
      "path": "C:\\Program Files\\LGHUB\\locales\\sk.pak",
      "registerLibrary": false,
      "sha256": "d7baa6b1c0355e1ce9088c6eb508235c7a640ba70cc7ad84c9ac607026400495"
    },
    {
      "path": "C:\\Program Files\\LGHUB\\locales\\sl.pak",
      "registerLibrary": false,
      "sha256": "48e9004441f8afb200601ec2843a03892076deb1706e1d3a7bbdbfcdd137ab57"
    },
    {
      "path": "C:\\Program Files\\LGHUB\\locales\\sr.pak",
      "registerLibrary": false,
      "sha256": "68a04bae37629675c49d9aaeb68a1da974aac427b61151a18f3210499702202d"
    },
    {
      "path": "C:\\Program Files\\LGHUB\\locales\\sv.pak",
      "registerLibrary": false,
      "sha256": "c63e812fee929492974c9b5dfa14a7587258e6fabed355a105015b296246b068"
    },
    {
      "path": "C:\\Program Files\\LGHUB\\locales\\sw.pak",
      "registerLibrary": false,
      "sha256": "8b07bfafa5c97be2da9b6146535b7848d88a44d43a45ab06dfae286d93fd64ce"
    },
    {
      "path": "C:\\Program Files\\LGHUB\\locales\\ta.pak",
      "registerLibrary": false,
      "sha256": "22eb9d73331e92c898b27546a9e775fa8df0fdada391734a9291b2a016662652"
    },
    {
      "path": "C:\\Program Files\\LGHUB\\locales\\te.pak",
      "registerLibrary": false,
      "sha256": "2dd8a542ee0778ee39639380208c584d9eec8932d1307bd5563e1eab320fe0d8"
    },
    {
      "path": "C:\\Program Files\\LGHUB\\locales\\th.pak",
      "registerLibrary": false,
      "sha256": "cffd61f7954ca10038529d14fda6a4e34c8ea1a9f202ead0b0c2db93143ef485"
    },
    {
      "path": "C:\\Program Files\\LGHUB\\locales\\tr.pak",
      "registerLibrary": false,
      "sha256": "b1b66bfec0aff21c64ec8ba3f19008501f196f80e7e41b2e8ae73114357df458"
    },
    {
      "path": "C:\\Program Files\\LGHUB\\locales\\uk.pak",
      "registerLibrary": false,
      "sha256": "fa035595c375522d09f9de5a545f5339fcd3ddb224fb19f1828a7958b7dff3e8"
    },
    {
      "path": "C:\\Program Files\\LGHUB\\locales\\vi.pak",
      "registerLibrary": false,
      "sha256": "044c48581c2395a8eb0f85b5905e1b4cce1fc1fef2196710cef06e197afdfa99"
    },
    {
      "path": "C:\\Program Files\\LGHUB\\locales\\zh-CN.pak",
      "registerLibrary": false,
      "sha256": "690dafdeb5be360e8b3a84c711d0d48b3cfc74c871b89a8f03f8058738ca9834"
    },
    {
      "path": "C:\\Program Files\\LGHUB\\locales\\zh-TW.pak",
      "registerLibrary": false,
      "sha256": "8187e67cde3292c6f18ea0a40f8f8d3f2cd604e62feec9ec40c71b5d2bcdec9d"
    },
    {
      "path": "C:\\Program Files\\LGHUB\\platforms\\qwindows.dll",
      "registerLibrary": false,
      "sha256": "c37d6c163952f7c0a09d84d1a21b73d85bd333553914f250ce387f77bada3f22"
    },
    {
      "path": "C:\\Program Files\\LGHUB\\resources\\app.asar",
      "registerLibrary": false,
      "sha256": "77176202e21866cc249841d6aff6f210e9a8a06880e7a20455c350f3f9260deb"
    },
    {
      "path": "C:\\Program Files\\LGHUB\\resources\\app.asar.unpacked\\node_modules\\keytar\\build\\Release\\keytar.node",
      "registerLibrary": false,
      "sha256": "7d8f3b053ca7f40e667f5fd01ca824c869c67f20cf7602037baf7d8e94d3c4aa"
    },
    {
      "path": "C:\\Program Files\\LGHUB\\resources\\icon.png",
      "registerLibrary": false,
      "sha256": "67d0957daca9717fe862746dd968097c7ac30fc718cc580c2563a5a85c6d23be"
    },
    {
      "path": "C:\\Program Files\\LGHUB\\resources.pak",
      "registerLibrary": false,
      "sha256": "612788ccedb1d0ec4614f32f1adb127d8ddba22d29c97090a8c6c5a7c80dcad6"
    },
    {
      "path": "C:\\Program Files\\LGHUB\\d3dcompiler_47.dll",
      "registerLibrary": false,
      "sha256": "e6fefba3292bbc9dd2600825f1fe939d4f3d072757cb1c930d419ef025997413"
    },
    {
      "path": "C:\\Program Files\\LGHUB\\ffmpeg.dll",
      "registerLibrary": false,
      "sha256": "5e9a18c0135643a2bc88e8832fa01ce2a2a51a21d16199f0558cfbcc1e41c288"
    },
    {
      "path": "C:\\Program Files\\LGHUB\\icudtl.dat",
      "registerLibrary": false,
      "sha256": "6e0b6b0d9e14c905f2278dbf25b7bb58cc0622b7680e3b6ff617a1d42348736b"
    },
    {
      "path": "C:\\Program Files\\LGHUB\\libEGL.dll",
      "registerLibrary": false,
      "sha256": "4bab311c719250f45093383794223ca934bb23031108933eba9345b978942f7e"
    },
    {
      "path": "C:\\Program Files\\LGHUB\\libGLESv2.dll",
      "registerLibrary": false,
      "sha256": "95e8831742dbf8ce82cec04546a64338bb44f846f4f6400171ccc59a7bc25d82"
    },
    {
      "path": "C:\\Program Files\\LGHUB\\Qt5Concurrent.dll",
      "registerLibrary": false,
      "sha256": "8c9274ee1248ad39c0292d15f1ba5b2b2f6965352032dc242730f31761604dbd"
    },
    {
      "path": "C:\\Program Files\\LGHUB\\Qt5Core.dll",
      "registerLibrary": false,
      "sha256": "f5b6957ffbc18b1ddebb0d12607ef7541145dec2cb5979c51a23d4d498a68723"
    },
    {
      "path": "C:\\Program Files\\LGHUB\\Qt5Gui.dll",
      "registerLibrary": false,
      "sha256": "192938a992c44f79d1fe59f590e41a86af43a25d5866b19150b5400d837ce827"
    },
    {
      "path": "C:\\Program Files\\LGHUB\\Qt5Network.dll",
      "registerLibrary": false,
      "sha256": "81088b64ba81b147df9afbe586b3ee744c11972b6d93259692c11c1b009f1742"
    },
    {
      "path": "C:\\Program Files\\LGHUB\\Qt5Widgets.dll",
      "registerLibrary": false,
      "sha256": "28397b50342407ee6d0a262867aa46180981492e7b07a898fed98e05e2cc72b9"
    },
    {
      "path": "C:\\Program Files\\LGHUB\\snapshot_blob.bin",
      "registerLibrary": false,
      "sha256": "b031d2cd92d7d2014d451e485bc14dc209c411bd08d29f6e651417d9f0548d18"
    },
    {
      "path": "C:\\Program Files\\LGHUB\\v8_context_snapshot.bin",
      "registerLibrary": false,
      "sha256": "7f0fe67734bc04adf9e949510ecc57678a24afbce5bc310d600ef587058c8a59"
    },
    {
      "path": "C:\\Program Files\\LGHUB\\version",
      "registerLibrary": false,
      "sha256": "415eca077dcbfe19e5ec4c77540ac3e13f40da09f8ac0ad1bbd958c1a3e6710e"
    },
    {
      "path": "C:\\Program Files\\LGHUB\\trueforce_sdk_x86.dll",
      "registerLibrary": true,
      "sha256": "180bebc637f3f740289098fec029bc8631b9343533ed5e48f364610484dac26c"
    },
    {
      "path": "C:\\Program Files\\LGHUB\\trueforce_sdk_x64.dll",
      "registerLibrary": true,
      "sha256": "e27c7adc6bd26276cca9ad80b92179b3b7649231950f71b2d3a668bee127374a"
    },
    {
      "path": "C:\\Program Files\\LGHUB\\hidpp_forcefeedback_x86.dll",
      "registerLibrary": true,
      "sha256": "1cef5b8f79387afc459c0fee2469d5d5deaa04052d93bb7cfb2022bf7c455e7e"
    },
    {
      "path": "C:\\Program Files\\LGHUB\\hidpp_forcefeedback_x64.dll",
      "registerLibrary": true,
      "sha256": "a4bc1ab5b060f86c28a8e5d9bded50392bd53b028d1f0446e252d9e79e5ffb08"
    },
    {
      "path": "C:\\Program Files\\LGHUB\\legacy_forcefeedback_x86.dll",
      "registerLibrary": true,
      "sha256": "1f3df23fbc01bbf9b27299c4539703d0c7e07bb72a68a1317fea0fb3055d628c"
    },
    {
      "path": "C:\\Program Files\\LGHUB\\legacy_forcefeedback_x64.dll",
      "registerLibrary": true,
      "sha256": "f178419fd48f5b818c53ed5c3c985f4528b344c8fe87b431eb236865687b8d57"
    },
    {
      "path": "C:\\Program Files\\LGHUB\\sdk_legacy_led_x86.dll",
      "registerLibrary": true,
      "sha256": "39dc97143e46b43faa04c2ba56e2ca688bf3fd1a6515b123e7a675cd6b076864"
    },
    {
      "path": "C:\\Program Files\\LGHUB\\sdk_legacy_led_x64.dll",
      "registerLibrary": true,
      "sha256": "686318ea3f3f23b3bbea9cdde217aebdf1a90a7dc0b841c25fa926729bea27d0"
    },
    {
      "path": "C:\\Program Files\\LGHUB\\sdk_legacy_steering_wheel_x64.dll",
      "registerLibrary": true,
      "sha256": "3ad17bb30f4c367e6f0db49475923f30d282bf5652144edc8f46e8875848c178"
    },
    {
      "path": "C:\\Program Files\\LGHUB\\sdk_legacy_steering_wheel_x86.dll",
      "registerLibrary": true,
      "sha256": "685604b647fe77e1c768887dfec2911d1df1ece0bcf3deb6e4f54c1149217403"
    },
    {
      "path": "C:\\Program Files\\LGHUB\\legacy_arx_control_sdk_x86.dll",
      "registerLibrary": true,
      "sha256": "66f955021e2e5fd3daa060c72db1700a8438ac493e0b02c8463605ba5d73be77"
    },
    {
      "path": "C:\\Program Files\\LGHUB\\legacy_arx_control_sdk_x64.dll",
      "registerLibrary": true,
      "sha256": "35c511b939091f92f87c897a09ea259f20fb11b349730bb3348d4a80dd974b2d"
    },
    {
      "path": "C:\\Program Files\\LGHUB\\logi_audio_conexant.dll",
      "registerLibrary": false,
      "sha256": "992486702204fdda1835bc5c0699da1603fd724adea22b3fd7cde97b549f093e"
    },
    {
      "path": "C:\\Program Files\\LGHUB\\logi_crashpad_handler.exe",
      "registerLibrary": false,
      "sha256": "820aeef147458ec5cb2ecdc149b18672d4030fc5e5a4a0bbd9e321c5560fc191"
    },
    {
      "path": "C:\\Users\\cpgpq\\AppData\\Local\\LGHUB\\integrations\\applet_obs\\config.json",
      "registerLibrary": false,
      "sha256": "52f9b4046818824330173712bffcc5fac90155d70669e635f331f7631eedb8ec"
    },
    {
      "path": "C:\\Users\\cpgpq\\AppData\\Local\\LGHUB\\integrations\\applet_assetto_corsa\\config.json",
      "registerLibrary": false,
      "sha256": "312d44d4427f6f197835d02c5f559d1bada39d9183db3f5db5bcae2639cd9f74"
    },
    {
      "path": "C:\\Users\\cpgpq\\AppData\\Local\\LGHUB\\integrations\\applet_assetto_corsa\\AssettoCorsaArxApplet.exe",
      "registerLibrary": false,
      "sha256": "26de612cd51dacb93fedbdc444f84b1eb71ee94764fd14c11f05874b0519b3f4"
    },
    {
      "path": "C:\\Users\\cpgpq\\AppData\\Local\\LGHUB\\integrations\\applet_assetto_corsa\\applet_files\\acBackground.png",
      "registerLibrary": false,
      "sha256": "815c076c753611ba44d7c9ce410acdc844383b492aa4ff5cd337675bd6f834cd"
    },
    {
      "path": "C:\\Users\\cpgpq\\AppData\\Local\\LGHUB\\integrations\\applet_assetto_corsa\\applet_files\\acLogo.png",
      "registerLibrary": false,
      "sha256": "02b9e72eddc73e7b863f6f84b821213407307a3e1a71df7cdae465285b122997"
    },
    {
      "path": "C:\\Users\\cpgpq\\AppData\\Local\\LGHUB\\integrations\\applet_assetto_corsa\\applet_files\\acLogoOpaque.png",
      "registerLibrary": false,
      "sha256": "9a6eadfd048283262eccd195dbb8af9550c377c734f54242d8d6ceccb060f90d"
    },
    {
      "path": "C:\\Users\\cpgpq\\AppData\\Local\\LGHUB\\integrations\\applet_assetto_corsa\\applet_files\\index.html",
      "registerLibrary": false,
      "sha256": "28d0c1c0b7d8d2caddc39f4da66dbeb920d813e21db343e842c491aa4d6cffd2"
    },
    {
      "path": "C:\\Users\\cpgpq\\AppData\\Local\\LGHUB\\integrations\\applet_assetto_corsa\\applet_files\\jquery-1.11.1.min.js",
      "registerLibrary": false,
      "sha256": "91222f96f34735ebc88df208017e54d4329b9202e3e52367fb8b149698a1a5ef"
    },
    {
      "path": "C:\\Users\\cpgpq\\AppData\\Local\\LGHUB\\integrations\\applet_assetto_corsa\\applet_files\\jquery.mobile-1.4.2-onlyEvents.js",
      "registerLibrary": false,
      "sha256": "3302178bd603c8ad14b1b9af3b5873ae69d66af34624f9a1f069052ebaefe441"
    },
    {
      "path": "C:\\Users\\cpgpq\\AppData\\Local\\LGHUB\\integrations\\applet_assetto_corsa\\applet_files\\jquery.svg.js",
      "registerLibrary": false,
      "sha256": "c7889043ef83dfcf71defd0a0697e866c6c278db8dd3ccc93cc542071f30ed0b"
    },
    {
      "path": "C:\\Users\\cpgpq\\AppData\\Local\\LGHUB\\integrations\\applet_assetto_corsa\\applet_files\\jquery.svganim.js",
      "registerLibrary": false,
      "sha256": "29fb7fecbe03dcfe8d634fd35f11781fa85516faff7d015c3e0ebb0d28a856bd"
    },
    {
      "path": "C:\\Users\\cpgpq\\AppData\\Local\\LGHUB\\integrations\\applet_assetto_corsa\\applet_files\\script.js",
      "registerLibrary": false,
      "sha256": "af5487b572fbb64274fd711726db3cf69f983b85b849710fdc6ca365044790c4"
    },
    {
      "path": "C:\\Users\\cpgpq\\AppData\\Local\\LGHUB\\integrations\\applet_assetto_corsa\\applet_files\\styleSheet.css",
      "registerLibrary": false,
      "sha256": "eb4aedf6ee113e27f012cb91330ca34e121c173feafab8daf9d867e5d85515c6"
    },
    {
      "path": "C:\\Users\\cpgpq\\AppData\\Local\\LGHUB\\integrations\\applet_assetto_corsa\\applet_files\\styleSheetPhone.css",
      "registerLibrary": false,
      "sha256": "67390aefae7182087b457f2523c173742af14e57da0ff59753c9a275665dc632"
    },
    {
      "path": "C:\\Users\\cpgpq\\AppData\\Local\\LGHUB\\integrations\\applet_assetto_corsa\\applet_files\\svgController.js",
      "registerLibrary": false,
      "sha256": "1ef49273f0309c2105c9d37e10a288b11a8e58cd77f3f2cb95cbc699c8416d49"
    },
    {
      "path": "C:\\Users\\cpgpq\\AppData\\Local\\LGHUB\\integrations\\applet_csgo\\config.json",
      "registerLibrary": false,
      "sha256": "60a0f63d48b99a6bf5f4bb6351407ab3f76fe1b6b56ce188c250b9fb1ca16075"
    },
    {
      "path": "C:\\Users\\cpgpq\\AppData\\Local\\LGHUB\\integrations\\applet_csgo\\CS_GO_Arx_Applet.exe",
      "registerLibrary": false,
      "sha256": "eb76d7b55729cfe4bd9ae62773ae6846d9bae5c591fb71e113854f05652ebd83"
    },
    {
      "path": "C:\\Users\\cpgpq\\AppData\\Local\\LGHUB\\integrations\\applet_csgo\\Applet_files\\background.jpeg",
      "registerLibrary": false,
      "sha256": "5c549a142d2a4d6310f007e8b7dc10cbc099a4941e160772b07044b760638a29"
    },
    {
      "path": "C:\\Users\\cpgpq\\AppData\\Local\\LGHUB\\integrations\\applet_csgo\\Applet_files\\counter.png",
      "registerLibrary": false,
      "sha256": "304d1d294f3f9ea4270a6dc77cf7f835bf1a3f4a3803b0d3f648119ee9c326be"
    },
    {
      "path": "C:\\Users\\cpgpq\\AppData\\Local\\LGHUB\\integrations\\applet_csgo\\Applet_files\\gamestate_integration_logitech.cfg",
      "registerLibrary": false,
      "sha256": "a2b904036ab6fe53ba8e42de3fa36d2d8f081aa2bc0c6767e249057df8aebdcf"
    },
    {
      "path": "C:\\Users\\cpgpq\\AppData\\Local\\LGHUB\\integrations\\applet_csgo\\Applet_files\\healthLogo.png",
      "registerLibrary": false,
      "sha256": "78ae02373e43d98912a9502079a97856d098862877a09af1807338778ec676c9"
    },
    {
      "path": "C:\\Users\\cpgpq\\AppData\\Local\\LGHUB\\integrations\\applet_csgo\\Applet_files\\index.html",
      "registerLibrary": false,
      "sha256": "5efb343c8e7abaf136027b98c04cd2436946fbe8ab829ee6e5765904e9fcf363"
    },
    {
      "path": "C:\\Users\\cpgpq\\AppData\\Local\\LGHUB\\integrations\\applet_csgo\\Applet_files\\jquery-1.10.1.js",
      "registerLibrary": false,
      "sha256": "ff30a1dd8b05bbc1e11cf9677e1f102d9ef7b50ee8496c4a29fd16fed64cf0fb"
    },
    {
      "path": "C:\\Users\\cpgpq\\AppData\\Local\\LGHUB\\integrations\\applet_csgo\\Applet_files\\script.js",
      "registerLibrary": false,
      "sha256": "5b29acee73426da5985475b44233ad0ba8bda155962c421858ff18c7a26ccd2e"
    },
    {
      "path": "C:\\Users\\cpgpq\\AppData\\Local\\LGHUB\\integrations\\applet_csgo\\Applet_files\\shieldLogo.png",
      "registerLibrary": false,
      "sha256": "84c4807e2fe66a3a5b4899f4ef590c8e7b3b9117a2e9d7635253386b4e79cc4f"
    },
    {
      "path": "C:\\Users\\cpgpq\\AppData\\Local\\LGHUB\\integrations\\applet_csgo\\Applet_files\\style.css",
      "registerLibrary": false,
      "sha256": "4c866158d8eaca2b2c5dd865d1bf0ffed1f3de8318e30398067a54ed36c2648d"
    },
    {
      "path": "C:\\Users\\cpgpq\\AppData\\Local\\LGHUB\\integrations\\applet_csgo\\Applet_files\\terrorist.png",
      "registerLibrary": false,
      "sha256": "6858183295d645cb93a1eac62af75ae4111a15107e3b8d440dea12f039eed172"
    },
    {
      "path": "C:\\Users\\cpgpq\\AppData\\Local\\LGHUB\\integrations\\applet_dota2\\config.json",
      "registerLibrary": false,
      "sha256": "19055f67d4393ff0c2af58c9ff574eb8e87f8dcb996bf183b9b0f7013e900797"
    },
    {
      "path": "C:\\Users\\cpgpq\\AppData\\Local\\LGHUB\\integrations\\applet_dota2\\Dota2ArxApplet.exe",
      "registerLibrary": false,
      "sha256": "89428a9a176c52a9da4f9c32a05903b788cb385b48eacc2e864a29224d5465ae"
    },
    {
      "path": "C:\\Users\\cpgpq\\AppData\\Local\\LGHUB\\integrations\\applet_dota2\\Applet_Files\\background.png",
      "registerLibrary": false,
      "sha256": "418f60dc46bd2ccd417eb2eb9a8e5f560ac1d8979162a7f11b858679e9cf75a4"
    },
    {
      "path": "C:\\Users\\cpgpq\\AppData\\Local\\LGHUB\\integrations\\applet_dota2\\Applet_Files\\dotaBadge.png",
      "registerLibrary": false,
      "sha256": "14cdb5b9e2cde211b9289197aae8f0fc7b381ffc5a6aee9773bc22a5ce78c0df"
    },
    {
      "path": "C:\\Users\\cpgpq\\AppData\\Local\\LGHUB\\integrations\\applet_dota2\\Applet_Files\\empty_item.png",
      "registerLibrary": false,
      "sha256": "c01eb28cb2a14027573982c7b071829408f81414009aec3db99e5868457038f8"
    },
    {
      "path": "C:\\Users\\cpgpq\\AppData\\Local\\LGHUB\\integrations\\applet_dota2\\Applet_Files\\gamestate_integration_logitech.cfg",
      "registerLibrary": false,
      "sha256": "4e39af721910e0165676a92d9f89b88df9448cf6c960af2b878dd9d0a023fc0f"
    },
    {
      "path": "C:\\Users\\cpgpq\\AppData\\Local\\LGHUB\\integrations\\applet_dota2\\Applet_Files\\gold.png",
      "registerLibrary": false,
      "sha256": "b883e30a9c314f2248d37d81103cd17c3ac5ed21578c94d319b5ad40a648c9c4"
    },
    {
      "path": "C:\\Users\\cpgpq\\AppData\\Local\\LGHUB\\integrations\\applet_dota2\\Applet_Files\\goldIcon.png",
      "registerLibrary": false,
      "sha256": "c0c03a2e67d5b18b36780b41491517439847bff7a6aa199a0f985ea4b2e36ffe"
    },
    {
      "path": "C:\\Users\\cpgpq\\AppData\\Local\\LGHUB\\integrations\\applet_dota2\\Applet_Files\\health.png",
      "registerLibrary": false,
      "sha256": "ca6c7d93aca212f0d5cfa95e6f6e4d3b77f1cf40086af4c501e94ffb34af3b4e"
    },
    {
      "path": "C:\\Users\\cpgpq\\AppData\\Local\\LGHUB\\integrations\\applet_dota2\\Applet_Files\\index.html",
      "registerLibrary": false,
      "sha256": "210b03033087ad8774537c7d097a9bbeac4b5e77742c55b0417f39e39d727ed8"
    },
    {
      "path": "C:\\Users\\cpgpq\\AppData\\Local\\LGHUB\\integrations\\applet_dota2\\Applet_Files\\jquery-ui-1.11.4.min.js",
      "registerLibrary": false,
      "sha256": "fea24b936201e256b41bfc7a4293b7485a5d7ec0a716eac929b13eb480cb1d1a"
    },
    {
      "path": "C:\\Users\\cpgpq\\AppData\\Local\\LGHUB\\integrations\\applet_dota2\\Applet_Files\\mana.png",
      "registerLibrary": false,
      "sha256": "a8f392460b7c73b1bb5e131154b57c4eca5a5c34aeee7772db14f3c0c9201094"
    },
    {
      "path": "C:\\Users\\cpgpq\\AppData\\Local\\LGHUB\\integrations\\applet_dota2\\Applet_Files\\orb.png",
      "registerLibrary": false,
      "sha256": "530c721656e1e6179f8ebfdfc202b3a6d770c9e811fdf1e259c862e56b9e0319"
    },
    {
      "path": "C:\\Users\\cpgpq\\AppData\\Local\\LGHUB\\integrations\\applet_dota2\\Applet_Files\\pro.html",
      "registerLibrary": false,
      "sha256": "12fc002db6c4b79cd512da437541c5f51866e83d83d7102a056f97c051c8d821"
    },
    {
      "path": "C:\\Users\\cpgpq\\AppData\\Local\\LGHUB\\integrations\\applet_dota2\\Applet_Files\\script.js",
      "registerLibrary": false,
      "sha256": "b28a70efc79752fcac3215399081d942c7b8ed582792dcbce0c0d1751adc5496"
    },
    {
      "path": "C:\\Users\\cpgpq\\AppData\\Local\\LGHUB\\integrations\\applet_dota2\\Applet_Files\\style.css",
      "registerLibrary": false,
      "sha256": "6a2d76b2f1bc3b4022185c5c5d1d89ff5109bf4dbbefa4126ca48807c09a7b59"
    },
    {
      "path": "C:\\Users\\cpgpq\\AppData\\Local\\LGHUB\\integrations\\applet_dota2\\Applet_Files\\tempHero.png",
      "registerLibrary": false,
      "sha256": "0112d18afa1b26b89254cfbcd47e9846cae38c672b18fd2d4f2bfbd82b4a358a"
    },
    {
      "path": "C:\\Users\\cpgpq\\AppData\\Local\\LGHUB\\integrations\\applet_overwolf\\config.json",
      "registerLibrary": false,
      "sha256": "2de47e5f1f9d54a2b267d379146e0b0c84e40948de4a3d797829221d5a26e33a"
    },
    {
      "path": "C:\\Users\\cpgpq\\AppData\\Local\\LGHUB\\integrations\\applet_discord\\config.json",
      "registerLibrary": false,
      "sha256": "ec06f302e35fb74bace0f01aef58aa4eaf155f4aeee37aa2cbff735a868d0e94"
    }
  ],
  "folders": [
    {
      "path": "C:/Program Files\\LGHUB"
    },
    {
      "path": "C:/Program Files\\LGHUB\\data"
    },
    {
      "path": "C:/Program Files\\LGHUB\\data\\devices"
    },
    {
      "path": "C:/Program Files\\LGHUB\\data\\lighting"
    },
    {
      "path": "C:/Program Files\\LGHUB\\data\\lighting\\effects"
    },
    {
      "path": "C:/Program Files\\LGHUB\\data\\sounds"
    },
    {
      "path": "C:/Program Files\\LGHUB\\data\\strings"
    },
    {
      "path": "C:/Program Files\\LGHUB\\locales"
    },
    {
      "path": "C:/Program Files\\LGHUB\\platforms"
    },
    {
      "path": "C:/Program Files\\LGHUB\\resources"
    },
    {
      "path": "C:/Program Files\\LGHUB\\resources\\app.asar.unpacked"
    },
    {
      "path": "C:/Program Files\\LGHUB\\resources\\app.asar.unpacked\\node_modules"
    },
    {
      "path": "C:/Program Files\\LGHUB\\resources\\app.asar.unpacked\\node_modules\\keytar"
    },
    {
      "path": "C:/Program Files\\LGHUB\\resources\\app.asar.unpacked\\node_modules\\keytar\\build"
    },
    {
      "path": "C:/Program Files\\LGHUB\\resources\\app.asar.unpacked\\node_modules\\keytar\\build\\Release"
    }
  ],
  "processControl": {
    "identifiers": [
      "lghub",
      "lghub_installer",
      "lghub_agent"
    ]
  },
  "product": {
    "guid": "{521c89be-637f-4274-a840-baaf7460c2b2}",
    "icon": "{frontend_root}/lghub.exe",
    "linkAbout": "http://www.logitechg.com",
    "linkHelp": "http://support.logitech.com",
    "name": "{brand} G HUB",
    "publisher": "{brand}",
    "version": "2021.10.8013"
  },
  "renamedItems": [],
  "services": [
    {
      "asConsoleUser": false,
      "command": {
        "arguments": [
          "--run-as-service"
        ],
        "executable": "C:\\Program Files\\LGHUB\\lghub_updater.exe"
      },
      "service": "LGHUBUpdaterService"
    },
    {
      "asConsoleUser": true,
      "command": {
        "arguments": [
          "--background"
        ],
        "executable": "C:\\Program Files\\LGHUB\\lghub.exe"
      },
      "service": "LGHUB"
    }
  ],
  "shortcuts": [
    {
      "description": "",
      "name": "{brand} G HUB",
      "onDesktop": true,
      "onStartMenu": true,
      "path": "{frontend_root}/lghub.exe"
    }
  ],
  "uninstaller": {
    "arguments": [
      "--uninstall"
    ],
    "executable": "C:\\Program Files\\LGHUB\\lghub_updater.exe"
  }
}