 {"msgId": "760723f1-9b19-43c9-a9a7-b07483fd9de4", "verb": "GET", "path": "/devices/list", "origin": "backend", "result": {"code": "SUCCESS", "what": ""}, "payload": {"@type": "type.googleapis.com/logi.protocol.devices.Device.Info.List", "deviceInfos": [{"id": "dev00000000", "pid": 49291, "firmwareName": "U12703", "isSubdevice": false, "state": "ACTIVE", "onboardMode": false, "individualMode": false, "resourcesAvailable": true, "connectionType": "USB", "hasWirelessInterface": false, "deviceType": "MOUSE", "deviceFamily": "", "deviceModel": "g502_hero", "deviceBaseModel": "g502_hero", "displayName": "G502 HERO", "extendedDisplayName": "G502 Hero Gaming Mouse", "slotPrefix": "g502hero", "thumbnail": "pipeline://core/thumbnails/g502_hero.png", "stringPackage": "", "deviceExt": 0, "deviceUnitId": "859391768", "deviceSignature": "MOUSE.g502_hero.0.859391768", "givenName": "", "capabilities": {"lightingSupport": {"deviceCategory": "MOUSE_RGB_ZONAL", "typeMap": {"ZONE_BRANDING": "LOGO", "ZONE_PRIMARY": "PRIMARY"}, "zones": [{"zoneType": "ZONE_PRIMARY", "supportedEffects": [{"id": "OFF", "syncable": true, "fixedIntensity": false, "signature": false, "inactivityOnly": false}, {"id": "FIXED", "syncable": true, "fixedIntensity": false, "signature": false, "inactivityOnly": false}, {"id": "CYCLE", "syncable": true, "fixedIntensity": false, "signature": false, "inactivityOnly": false}, {"id": "BREATHING", "syncable": true, "fixedIntensity": false, "signature": false, "inactivityOnly": false}], "onboardCluster": "CLUSTER_DEFAULT"}, {"zoneType": "ZONE_BRANDING", "supportedEffects": [{"id": "OFF", "syncable": true, "fixedIntensity": false, "signature": false, "inactivityOnly": false}, {"id": "FIXED", "syncable": true, "fixedIntensity": false, "signature": false, "inactivityOnly": false}, {"id": "CYCLE", "syncable": true, "fixedIntensity": false, "signature": false, "inactivityOnly": false}, {"id": "BREATHING", "syncable": true, "fixedIntensity": false, "signature": false, "inactivityOnly": false}], "onboardCluster": "CLUSTER_DEFAULT"}], "isMonochrome": false, "isPerKey": false, "hideStartupEffect": false, "shutdownEffect": false, "brightnessLevels": [], "powerSavingEffect": false, "lowBatteryEffect": false, "brightnessPercentage": false, "gamma": false, "firmwareOnly": false, "offRamp": false, "activeDimming": false, "hasPositionalEffect": false}, "sleepTimer": false, "mstateSupport": {"count": 1, "timeOut": 0}, "fnInversion": false, "presentSplashScreen": false, "customizableColor": false, "wirelessReportRate": false, "hybridEngine": false, "advancedSleepTimer": false, "angleSnapping": false, "excludeGShift": false, "hostRemovalSupport": false, "headphoneJack": false, "hostInfos": false, "gkeyLayout": "INVALID_GKEY_LAYOUT", "hasBatteryStatus": false, "powerOffTimer": false, "requiresBackupForDfu": true, "unifiedBattery": false, "dpiLighting": true, "nonInteractive": false, "chargepadCompatible": false, "individuality": false, "defaultSlotFormat": "INVALID_FORMAT"}, "activeInterfaces": [{"type": "DEVIO", "id": "046d_c08b", "pid": 49291, "modelId": 0, "extendedModel": 0, "serialNumber": "859391768", "path": "usb\\vid_046d&pid_c08b&mi_01\\8&21c2df9&1&0001", "containerId": "c9e545a3-916c-5b11-8498-2bd94d957109", "deviceType": "MOUSE", "deviceName": "G502 HERO Gaming Mouse", "keyboardLayout": "INVALID_LAYOUT", "firmwareVersion": "127.3.10", "unitId": "859391768", "firmwareName": "U12703", "connectionType": "USB", "hasOnboardMode": true}], "slots": {"g502hero_g1_m1": {"id": "g502hero_g1_m1", "attribute": "MACRO_PLAYBACK", "disabled": false}, "g502hero_g8_m1": {"id": "g502hero_g8_m1", "attribute": "MACRO_PLAYBACK", "disabled": false}, "g502hero_g10_m1": {"id": "g502hero_g10_m1", "attribute": "MACRO_PLAYBACK", "disabled": false}, "g502hero_g9_m1": {"id": "g502hero_g9_m1", "attribute": "MACRO_PLAYBACK", "disabled": false}, "g502hero_g4_m1": {"id": "g502hero_g4_m1", "attribute": "MACRO_PLAYBACK", "disabled": false}, "g502hero_g8_m1_shifted": {"id": "g502hero_g8_m1_shifted", "attribute": "MACRO_PLAYBACK", "disabled": false}, "g502hero_lighting_setting_firmware": {"id": "g502hero_lighting_setting_firmware", "attribute": "FIRMWARE_LIGHTING_SETTINGS", "disabled": false}, "g502hero_g11_m1_shifted": {"id": "g502hero_g11_m1_shifted", "attribute": "MACRO_PLAYBACK", "disabled": false}, "g502hero_g11_m1": {"id": "g502hero_g11_m1", "attribute": "MACRO_PLAYBACK", "disabled": false}, "g502hero_g5_m1": {"id": "g502hero_g5_m1", "attribute": "MACRO_PLAYBACK", "disabled": false}, "g502hero_g2_m1": {"id": "g502hero_g2_m1", "attribute": "MACRO_PLAYBACK", "disabled": false}, "g502hero_g3_m1": {"id": "g502hero_g3_m1", "attribute": "MACRO_PLAYBACK", "disabled": false}, "g502hero_g6_m1_shifted": {"id": "g502hero_g6_m1_shifted", "attribute": "MACRO_PLAYBACK", "disabled": false}, "g502hero_g9_m1_shifted": {"id": "g502hero_g9_m1_shifted", "attribute": "MACRO_PLAYBACK", "disabled": false}, "g502hero_g5_m1_shifted": {"id": "g502hero_g5_m1_shifted", "attribute": "MACRO_PLAYBACK", "disabled": false}, "g502hero_g1_m1_shifted": {"id": "g502hero_g1_m1_shifted", "attribute": "MACRO_PLAYBACK", "disabled": false}, "g502hero_g3_m1_shifted": {"id": "g502hero_g3_m1_shifted", "attribute": "MACRO_PLAYBACK", "disabled": false}, "g502hero_g7_m1_shifted": {"id": "g502hero_g7_m1_shifted", "attribute": "MACRO_PLAYBACK", "disabled": false}, "g502hero_g4_m1_shifted": {"id": "g502hero_g4_m1_shifted", "attribute": "MACRO_PLAYBACK", "disabled": false}, "g502hero_g2_m1_shifted": {"id": "g502hero_g2_m1_shifted", "attribute": "MACRO_PLAYBACK", "disabled": false}, "g502hero_mouse_settings": {"id": "g502hero_mouse_settings", "attribute": "MOUSE_SETTINGS", "disabled": false}, "g502hero_g7_m1": {"id": "g502hero_g7_m1", "attribute": "MACRO_PLAYBACK", "disabled": false}, "g502hero_g6_m1": {"id": "g502hero_g6_m1", "attribute": "MACRO_PLAYBACK", "disabled": false}, "g502hero_g10_m1_shifted": {"id": "g502hero_g10_m1_shifted", "attribute": "MACRO_PLAYBACK", "disabled": false}}}, {"id": "dev00000001", "pid": 2195, "firmwareName": "", "isSubdevice": false, "state": "ACTIVE", "onboardMode": false, "individualMode": false, "resourcesAvailable": true, "connectionType": "USB", "hasWirelessInterface": false, "deviceType": "CAMERA", "deviceFamily": "", "deviceModel": "streamcam", "deviceBaseModel": "streamcam", "displayName": "StreamCam", "extendedDisplayName": "StreamCam", "slotPrefix": "streamcam", "thumbnail": "pipeline://core/thumbnails/streamcam.png", "stringPackage": "", "deviceExt": 0, "deviceUnitId": "14251AE4", "deviceSignature": "CAMERA.streamcam.0.14251AE4", "givenName": "", "capabilities": {"sleepTimer": false, "mstateSupport": {"count": 1, "timeOut": 0}, "fnInversion": false, "presentSplashScreen": false, "customizableColor": false, "wirelessReportRate": false, "webcam": {"camera": {"fov": [], "hdr": false, "audioMode": true, "stabilization": true, "orientation": true}}, "hybridEngine": false, "advancedSleepTimer": false, "angleSnapping": false, "excludeGShift": false, "hostRemovalSupport": false, "headphoneJack": false, "hostInfos": false, "gkeyLayout": "INVALID_GKEY_LAYOUT", "hasBatteryStatus": false, "powerOffTimer": false, "requiresBackupForDfu": false, "unifiedBattery": false, "dpiLighting": false, "nonInteractive": false, "chargepadCompatible": false, "individuality": false, "defaultSlotFormat": "INVALID_FORMAT"}, "activeInterfaces": [{"type": "UVC", "id": "046d_0893", "pid": 2195, "modelId": 0, "extendedModel": 2, "serialNumber": "14251AE4", "path": "\\\\?\\usb#vid_046d&pid_0893&mi_00#6&1c7fc66f&0&0000#{65e8773d-8f56-11d0-a3b9-00a0c9223196}\\global", "containerId": "9b56be8e-9fca-5954-a234-b44294ca411d", "deviceType": "INVALID_TYPE", "deviceName": "", "keyboardLayout": "INVALID_LAYOUT", "firmwareVersion": "1.0.211", "unitId": "14251AE4", "firmwareName": "", "connectionType": "USB", "hasOnboardMode": false}], "slots": {"streamcam_camera": {"id": "streamcam_camera", "attribute": "CAMERA_SETTINGS", "disabled": false}, "streamcam_video": {"id": "streamcam_video", "attribute": "VIDEO_SETTINGS", "disabled": false}}}]}}