{
  "drivers": [
    {
      "drivers": [
        {
          "destination": "",
          "hardwareId": "",
          "recreateDeviceNodes": "",
          "restartServices": [],
          "source": "C:\\ProgramData\\LGHUB\\depots\\127575\\driver_usb\\logi_win_usb.inf",
          "type": "INF",
          "version": "2021.8.195.0"
        }
      ],
      "packageName": "logi_win_usb",
      "rebootNeeded": false
    },
    {
      "drivers": [
        {
          "destination": "",
          "hardwareId": "",
          "recreateDeviceNodes": "",
          "restartServices": [
            "Audiosrv",
            "AudioEndpointBuilder"
          ],
          "source": "C:\\ProgramData\\LGHUB\\depots\\127575\\driver_audio\\logi_audio.inf",
          "type": "INF",
          "version": "2021.11.3479.0"
        }
      ],
      "packageName": "audio",
      "rebootNeeded": false
    }
  ],
  "extensions": {
    "driver_hid_virtual": {
      "extensions": [
        {
          "extension": {
            "autoInstall": true,
            "installer": {
              "arguments": [
                "--install",
                "--verbose",
                "--logfile"
              ],
              "pipelineUri": "pipeline://driver_hid_virtual/ghub_bus_driver.exe"
            },
            "name": "virtual_hid",
            "uninstaller": {
              "arguments": [
                "--uninstall",
                "--verbose",
                "--logfile"
              ],
              "pipelineUri": "pipeline://driver_hid_virtual/ghub_bus_driver.exe"
            },
            "version": "2022.1.0.5"
          },
          "state": {
            "error": "",
            "state": "EXTENSION_INSTALLED"
          }
        }
      ]
    }
  },
  "files": [
    {
      "path": "C:\\Program Files\\LGHUB\\chrome_100_percent.pak",
      "registerLibrary": false,
      "sha256": "f14362449e2a7c940c095eda9c41aad5f1e0b1a1b21d1dc911558291c0c36dd2"
    },
    {
      "path": "C:\\Program Files\\LGHUB\\chrome_200_percent.pak",
      "registerLibrary": false,
      "sha256": "04d699cfc36565fa9c06206ba1c0c51474612c8fe481c6fd1807197dc70661e6"
    },
    {
      "path": "C:\\Program Files\\LGHUB\\d3dcompiler_47.dll",
      "registerLibrary": false,
      "sha256": "bc1cf013c02e796373f6c597851e9a46c17e6edd59a90d732f206021a3a22768"
    },
    {
      "path": "C:\\Program Files\\LGHUB\\data\\applications.json",
      "registerLibrary": false,
      "sha256": "975a6b57937394ec06e04a1b5c5b3f1f153cdcd2d31a95a2561bca0bdef925c8"
    },
    {
      "path": "C:\\Program Files\\LGHUB\\data\\camera_presets.json",
      "registerLibrary": false,
      "sha256": "6ebd6aac2b0d6ac3282506fe058730d387bdb74add828519a5222e099f56e3f0"
    },
    {
      "path": "C:\\Program Files\\LGHUB\\data\\card_presets.json",
      "registerLibrary": false,
      "sha256": "54cbd7f20a958ff2945fca4d3308458b630803b3c1cf56e023c7253da4fedb8a"
    },
    {
      "path": "C:\\Program Files\\LGHUB\\data\\eq_presets.json",
      "registerLibrary": false,
      "sha256": "a88e074eca0f3a3893ab1074fc9f17173fcfdfae52cf0a14a64d463c044a8848"
    },
    {
      "path": "C:\\Program Files\\LGHUB\\data\\lighting\\effects\\audio-visualizer-generic.json",
      "registerLibrary": false,
      "sha256": "9435fbe71be67695cc5031e9b7fddcc338a0a96a12baca9ccab2fe689f17b374"
    },
    {
      "path": "C:\\Program Files\\LGHUB\\data\\lighting\\effects\\audio-visualizer-kb-per-key.json",
      "registerLibrary": false,
      "sha256": "88c3f52a21f87c8c06ddf5ae97b736e8e88ab42bcb5d7a411adce00bf099573b"
    },
    {
      "path": "C:\\Program Files\\LGHUB\\data\\lighting\\effects\\audio-visualizer-kb-zonal.json",
      "registerLibrary": false,
      "sha256": "f0cce36eaa5b41f94e2e30c04909e6b53379924a9fe3bb6a3da4f87f1ea0af48"
    },
    {
      "path": "C:\\Program Files\\LGHUB\\data\\lighting\\effects\\audio-visualizer-mouse-rgb-per-key.json",
      "registerLibrary": false,
      "sha256": "5e2246bed347cdacfbe5e36788a21ca6553a4ed95e82d4447624ed1c1d0c8170"
    },
    {
      "path": "C:\\Program Files\\LGHUB\\data\\lighting\\effects\\contrastic.json",
      "registerLibrary": false,
      "sha256": "9d541c9ea0977b23b512c367ec73ed8e5b42dc89442a465ea139683bd18a5e4c"
    },
    {
      "path": "C:\\Program Files\\LGHUB\\data\\lighting\\effects\\lightning.json",
      "registerLibrary": false,
      "sha256": "9da2c8578f8d86ae6dc93a2379da716f28528e94ab7b03cb0528d36e01ee62a4"
    },
    {
      "path": "C:\\Program Files\\LGHUB\\data\\lighting\\effects\\mono-contrastic.json",
      "registerLibrary": false,
      "sha256": "d1e1e1fac399b498c61fe4f7a26f6debc3528bd7c787a7c466d44da87c113b33"
    },
    {
      "path": "C:\\Program Files\\LGHUB\\data\\lighting\\effects\\mono-verticool.json",
      "registerLibrary": false,
      "sha256": "88c52137fa9eee315f47800d7b47ea53b118f043e37274369bafe12c98d3f1ef"
    },
    {
      "path": "C:\\Program Files\\LGHUB\\data\\lighting\\effects\\mouse-oceanwave.json",
      "registerLibrary": false,
      "sha256": "e4a56fa1c4800a6e926fafb11e7df07c68d6c75f432b6496529734d555290e3e"
    },
    {
      "path": "C:\\Program Files\\LGHUB\\data\\lighting\\effects\\mouse-redwhiteblue.json",
      "registerLibrary": false,
      "sha256": "8b5ef016217dc386cab9bd9d06586fc484e3cc976480bb82bfec9e23e1bf8421"
    },
    {
      "path": "C:\\Program Files\\LGHUB\\data\\lighting\\effects\\mouse-verticool.json",
      "registerLibrary": false,
      "sha256": "5de96cde8ebb35a6918559e0b1a545e7ee29c1980f5ab9a007e456498fd36222"
    },
    {
      "path": "C:\\Program Files\\LGHUB\\data\\lighting\\effects\\oceanwave.json",
      "registerLibrary": false,
      "sha256": "b12b9c1cfadaea6729b8d10664afa4a2f4cb15dda0767892f6b3b24a34a1ce9f"
    },
    {
      "path": "C:\\Program Files\\LGHUB\\data\\lighting\\effects\\redwhiteblue.json",
      "registerLibrary": false,
      "sha256": "aada1c8352897a1ac0beea2ad25e038f7c670591184572adba1a128025c60110"
    },
    {
      "path": "C:\\Program Files\\LGHUB\\data\\lighting\\effects\\screen_sampler-kb.json",
      "registerLibrary": false,
      "sha256": "9bd8bc8ee7445ebe1745277d1ad98e8dfd29dae9476af6400888c4a48889c08b"
    },
    {
      "path": "C:\\Program Files\\LGHUB\\data\\lighting\\effects\\screen_sampler-mrpk.json",
      "registerLibrary": false,
      "sha256": "2be3ef4800a715135094499cccad262efab609af4ad8ac8733fe23dfe0327e63"
    },
    {
      "path": "C:\\Program Files\\LGHUB\\data\\lighting\\effects\\screen_sampler.json",
      "registerLibrary": false,
      "sha256": "a6a82867df6e81efe26f688246a253ba4b0bb715ea7ef0db40979041d808bb61"
    },
    {
      "path": "C:\\Program Files\\LGHUB\\data\\lighting\\effects\\verticool.json",
      "registerLibrary": false,
      "sha256": "07a43589f931b1f02e6a387afa70a200f09d7b9d7665722454808e831bc5295d"
    },
    {
      "path": "C:\\Program Files\\LGHUB\\data\\lighting\\effect_prefabs.json",
      "registerLibrary": false,
      "sha256": "9f1161db03155c8e47d94e6f6304c8eada3cb878b80733bf2725910778d25e1c"
    },
    {
      "path": "C:\\Program Files\\LGHUB\\data\\lighting\\effect_presets.json",
      "registerLibrary": false,
      "sha256": "02c1353c70428dff39fa89d297451295f476a23b541b143e1dd0ed3b18f52478"
    },
    {
      "path": "C:\\Program Files\\LGHUB\\data\\pro_eq_presets.json",
      "registerLibrary": false,
      "sha256": "a06c0c79a65054ad5ec9b5ed6e390d4fe877a56b299ccbb7cbf458ab532a4bca"
    },
    {
      "path": "C:\\Program Files\\LGHUB\\data\\sounds\\71ChannelCheckSound.wma",
      "registerLibrary": false,
      "sha256": "3a25eb44361ddcc39ea78443ef4a5f94e3a3025d569ff9af1043ce37a4376e11"
    },
    {
      "path": "C:\\Program Files\\LGHUB\\data\\video_filters.json",
      "registerLibrary": false,
      "sha256": "f6ceaf8132202d66c61c8aa32eea121a627076494b303f48197b243128dcb1ad"
    },
    {
      "path": "C:\\Program Files\\LGHUB\\ffmpeg.dll",
      "registerLibrary": false,
      "sha256": "91e7c1e6930eb743c4b4d3b71d27a08b235161fa8787d5f89b60cc55a4ffe3c8"
    },
    {
      "path": "C:\\Program Files\\LGHUB\\icudtl.dat",
      "registerLibrary": false,
      "sha256": "c61704cc9cf5797bf32301a2b3312158af3fe86eadc913d937031cf594760c2d"
    },
    {
      "path": "C:\\Program Files\\LGHUB\\lghub.exe",
      "registerLibrary": false,
      "sha256": "bddcaf9469874813cefefabbbc51920839603507fb3f0e6c83eff7b40f333a06"
    },
    {
      "path": "C:\\Program Files\\LGHUB\\lghub_agent.exe",
      "registerLibrary": false,
      "sha256": "d20b1cc121e85dcec652587d0c7912ed254052fbdc80575cad3b77b9ba582328"
    },
    {
      "path": "C:\\Program Files\\LGHUB\\lghub_uninstaller.exe",
      "registerLibrary": false,
      "sha256": "fe6b9fe5cea0b4a7df7bb3081653a4f6786a76851a4a0a0a1944b29fdc69490d"
    },
    {
      "path": "C:\\Program Files\\LGHUB\\lghub_updater.exe",
      "registerLibrary": false,
      "sha256": "d852eb0902bc125685a0513c387048a7d05ef1afd077320eda6fe732296afe84"
    },
    {
      "path": "C:\\Program Files\\LGHUB\\libEGL.dll",
      "registerLibrary": false,
      "sha256": "94e76850162b3025e2a2461557d917c12e3472a3830a643fe811d834c4c73f64"
    },
    {
      "path": "C:\\Program Files\\LGHUB\\libGLESv2.dll",
      "registerLibrary": false,
      "sha256": "cc222b16b2b827cfce838677e9f3fa595cdfc89a952743627f6d808e1e17bb54"
    },
    {
      "path": "C:\\Program Files\\LGHUB\\LICENSE",
      "registerLibrary": false,
      "sha256": "5154e165bd6c2cc0cfbcd8916498c7abab0497923bafcd5cb07673fe8480087d"
    },
    {
      "path": "C:\\Program Files\\LGHUB\\LICENSES.chromium.html",
      "registerLibrary": false,
      "sha256": "501f0b7ebf0be7ed8702d317332a0f8820af837c0a2a1d7645ba04352270e2b8"
    },
    {
      "path": "C:\\Program Files\\LGHUB\\locales\\am.pak",
      "registerLibrary": false,
      "sha256": "e98f3437f6d451fb9fec33473abc9f07abf0794cd45d02ae1de48ccb9fc5c8b6"
    },
    {
      "path": "C:\\Program Files\\LGHUB\\locales\\ar.pak",
      "registerLibrary": false,
      "sha256": "f9d96af7d5ef9e0b4f4ef133a98a64b4398c7aef04e20688b523e6ea27c61f15"
    },
    {
      "path": "C:\\Program Files\\LGHUB\\locales\\bg.pak",
      "registerLibrary": false,
      "sha256": "58bec94801d09157c852cfbc3ccd9916fafd1947fdc61c1453456bce5b054c4e"
    },
    {
      "path": "C:\\Program Files\\LGHUB\\locales\\bn.pak",
      "registerLibrary": false,
      "sha256": "3250adece302934b9a78569d72ca70e596d91865455d5274ccf8d651ccac5350"
    },
    {
      "path": "C:\\Program Files\\LGHUB\\locales\\ca.pak",
      "registerLibrary": false,
      "sha256": "d8a83a19f8c66742226538af9489b70c1439f6133591e29a353addd9089f67c6"
    },
    {
      "path": "C:\\Program Files\\LGHUB\\locales\\cs.pak",
      "registerLibrary": false,
      "sha256": "30fd14794ee1088d37387f42e5d366f962fa9273eba8ccdd9b950646d2dd6172"
    },
    {
      "path": "C:\\Program Files\\LGHUB\\locales\\da.pak",
      "registerLibrary": false,
      "sha256": "0997be868557f97f013242c066b192e574b4fa553d13f37f97a1de714b95a858"
    },
    {
      "path": "C:\\Program Files\\LGHUB\\locales\\de.pak",
      "registerLibrary": false,
      "sha256": "d67f95e2982e7debf67741b88ce054f5bb8356021a280e092227b77ec82e298f"
    },
    {
      "path": "C:\\Program Files\\LGHUB\\locales\\el.pak",
      "registerLibrary": false,
      "sha256": "168fdc777570fa85c16ee7a701bef28fe6d7eb943a674ad8681a2f9fcedd2635"
    },
    {
      "path": "C:\\Program Files\\LGHUB\\locales\\en-GB.pak",
      "registerLibrary": false,
      "sha256": "fcbcdfb71363750a9e404a365a00f196c9ed4fe149532580f149811475b45636"
    },
    {
      "path": "C:\\Program Files\\LGHUB\\locales\\en-US.pak",
      "registerLibrary": false,
      "sha256": "9f0c75c84381360677055d6197812c7a6c42dbfc6134eb8212d8a60ed1ca1601"
    },
    {
      "path": "C:\\Program Files\\LGHUB\\locales\\es-419.pak",
      "registerLibrary": false,
      "sha256": "04b24396cc017e1dbb0bca7371d7cae10cad2350da661a8a035b572aa76cbd49"
    },
    {
      "path": "C:\\Program Files\\LGHUB\\locales\\es.pak",
      "registerLibrary": false,
      "sha256": "665e93ca25de6050a4fbc1f343d67496d6e1e296dbbcc9edf3dab7bbcf1035db"
    },
    {
      "path": "C:\\Program Files\\LGHUB\\locales\\et.pak",
      "registerLibrary": false,
      "sha256": "502ab41d852c69ea961df20b79480fd9d38f99bbad07a4d1b5e7143ba1f7bdc3"
    },
    {
      "path": "C:\\Program Files\\LGHUB\\locales\\fa.pak",
      "registerLibrary": false,
      "sha256": "309cec5292ee0361d45796c2234cf40a064249da09108b1da75bf570963941a2"
    },
    {
      "path": "C:\\Program Files\\LGHUB\\locales\\fi.pak",
      "registerLibrary": false,
      "sha256": "9e1c20ecdbe9d15386ed493d0ac839612cc91a2284d5a97d9dc38ea2c90a3dc1"
    },
    {
      "path": "C:\\Program Files\\LGHUB\\locales\\fil.pak",
      "registerLibrary": false,
      "sha256": "7a4c4822516f47cdbabc4b9ef45b710b057a056bc29d3a4a270a22e963e257d3"
    },
    {
      "path": "C:\\Program Files\\LGHUB\\locales\\fr.pak",
      "registerLibrary": false,
      "sha256": "5b9951426b8783b203b8ed44ebab916ca8af020b9e0a32f7249ed9021cce1c3c"
    },
    {
      "path": "C:\\Program Files\\LGHUB\\locales\\gu.pak",
      "registerLibrary": false,
      "sha256": "aa885cbbf8a13fb95405cc3dca6677545fd51e303a65897d14ed019955c040da"
    },
    {
      "path": "C:\\Program Files\\LGHUB\\locales\\he.pak",
      "registerLibrary": false,
      "sha256": "45e428fe527bcc746039a9822db7f5df12fd651452209a8746182383c2c004ec"
    },
    {
      "path": "C:\\Program Files\\LGHUB\\locales\\hi.pak",
      "registerLibrary": false,
      "sha256": "79fc8a24c93e19ed052ddc0f158e516198a10df7280265ccb769ee196a438cd7"
    },
    {
      "path": "C:\\Program Files\\LGHUB\\locales\\hr.pak",
      "registerLibrary": false,
      "sha256": "ad13bab195d7619c58494d592cb11c22dddcf3b2735804be60f951f87ddd734b"
    },
    {
      "path": "C:\\Program Files\\LGHUB\\locales\\hu.pak",
      "registerLibrary": false,
      "sha256": "d7c29c66d265129ede1019c708bd0a358d6b820366509845834752ec2ef705da"
    },
    {
      "path": "C:\\Program Files\\LGHUB\\locales\\id.pak",
      "registerLibrary": false,
      "sha256": "d00c7ee5edeb1bd1493c49cf2d124ffdf47405d21d8d43c1a41c8749ce5c86a3"
    },
    {
      "path": "C:\\Program Files\\LGHUB\\locales\\it.pak",
      "registerLibrary": false,
      "sha256": "27c74ece0aa92e15d2f26628c4e132af03a6db5384e24504932c45912aba7268"
    },
    {
      "path": "C:\\Program Files\\LGHUB\\locales\\ja.pak",
      "registerLibrary": false,
      "sha256": "c2bad3c397cc41210e1d5d1d04a7185f9287c670e285d30c66235f5807b39fcf"
    },
    {
      "path": "C:\\Program Files\\LGHUB\\locales\\kn.pak",
      "registerLibrary": false,
      "sha256": "99c8c57a808c63088d3e7b83dcf7cf80fb2a648d678a7c9473f2b5cc0bef8152"
    },
    {
      "path": "C:\\Program Files\\LGHUB\\locales\\ko.pak",
      "registerLibrary": false,
      "sha256": "5ba83651d941cb9f87b961f735d5bfb0e249878255129be1d8e8d6ba5d903d76"
    },
    {
      "path": "C:\\Program Files\\LGHUB\\locales\\lt.pak",
      "registerLibrary": false,
      "sha256": "fb5bb8aa591d3d8d7557fb296317c30db3c4d5c9f438fe0a43a94b974b9286a1"
    },
    {
      "path": "C:\\Program Files\\LGHUB\\locales\\lv.pak",
      "registerLibrary": false,
      "sha256": "f944e3dbbe9694ef7c111e1a0bf91f5b0229b7c3ca221f54c253276242c281f8"
    },
    {
      "path": "C:\\Program Files\\LGHUB\\locales\\ml.pak",
      "registerLibrary": false,
      "sha256": "2b5c12d6628b1835d5658085c04f9dcf0d792db603a034264e70d86f8d43e044"
    },
    {
      "path": "C:\\Program Files\\LGHUB\\locales\\mr.pak",
      "registerLibrary": false,
      "sha256": "df72eacf4938f4912f5bae563dbe7e81a758a7e8ffd49f14502f6d0b5dab6f27"
    },
    {
      "path": "C:\\Program Files\\LGHUB\\locales\\ms.pak",
      "registerLibrary": false,
      "sha256": "18c1cd2f95f5c029f308c53774f49e4b718bc94b78fc3029f95457bcc58281d7"
    },
    {
      "path": "C:\\Program Files\\LGHUB\\locales\\nb.pak",
      "registerLibrary": false,
      "sha256": "e42e748f28e944f9a3a7fad19e686b856bc60b3e0128de94e6cd7619a7d24071"
    },
    {
      "path": "C:\\Program Files\\LGHUB\\locales\\nl.pak",
      "registerLibrary": false,
      "sha256": "4d450b5659ea7bb907728e2b8f48d77a43dc18024e2a15e749f5a760d4144571"
    },
    {
      "path": "C:\\Program Files\\LGHUB\\locales\\pl.pak",
      "registerLibrary": false,
      "sha256": "4174b220824334d04bad161309d342a647433fae7c353432e34eaf49ec8787cb"
    },
    {
      "path": "C:\\Program Files\\LGHUB\\locales\\pt-BR.pak",
      "registerLibrary": false,
      "sha256": "9d93fdb7f9d0d7833ebef8ea7016f952301075e714a4918c6a3d5338fec08ffe"
    },
    {
      "path": "C:\\Program Files\\LGHUB\\locales\\pt-PT.pak",
      "registerLibrary": false,
      "sha256": "f07d58c568707c6de882a19e260c9f97751bf750237fc0bf3556ba95995f5442"
    },
    {
      "path": "C:\\Program Files\\LGHUB\\locales\\ro.pak",
      "registerLibrary": false,
      "sha256": "8da674abe460d1e2824a13338d29344bae2f092fd94082d71ee91389f8822d69"
    },
    {
      "path": "C:\\Program Files\\LGHUB\\locales\\ru.pak",
      "registerLibrary": false,
      "sha256": "cf4d6fa2c4a8f828fb11d464f504ddbbff5abab9cc78cba326bb8eafcfcdf812"
    },
    {
      "path": "C:\\Program Files\\LGHUB\\locales\\sk.pak",
      "registerLibrary": false,
      "sha256": "e7038a23be62e4a476960b935a6c528aaefb781b28fdb7e24b3d830b5c02f10e"
    },
    {
      "path": "C:\\Program Files\\LGHUB\\locales\\sl.pak",
      "registerLibrary": false,
      "sha256": "cbff2dbb38d4d95fe7c811e0abdb0b92aad621e5c2c1eeda3c394dce5cf1d34f"
    },
    {
      "path": "C:\\Program Files\\LGHUB\\locales\\sr.pak",
      "registerLibrary": false,
      "sha256": "abcee52deb7382d84de334c3228711a62a7d21d9a2ce506385805eea0ed716f4"
    },
    {
      "path": "C:\\Program Files\\LGHUB\\locales\\sv.pak",
      "registerLibrary": false,
      "sha256": "b34e855f518a2041e4bbd7b5c269e35e7dfaa431fdd876fc0aac38b887e65aff"
    },
    {
      "path": "C:\\Program Files\\LGHUB\\locales\\sw.pak",
      "registerLibrary": false,
      "sha256": "fe18b3e9e275d7330706dd19f4af603a8ad899138374bfcba8e2c6764f94c190"
    },
    {
      "path": "C:\\Program Files\\LGHUB\\locales\\ta.pak",
      "registerLibrary": false,
      "sha256": "3d16a99568173ad5760bf195b047c8850e39ec8d308a94f6c81cf7ba733f6f5f"
    },
    {
      "path": "C:\\Program Files\\LGHUB\\locales\\te.pak",
      "registerLibrary": false,
      "sha256": "4ab6fbf03177bd7ad0908318d5affd0cad142ec5e9ed560043e6b76e590ba995"
    },
    {
      "path": "C:\\Program Files\\LGHUB\\locales\\th.pak",
      "registerLibrary": false,
      "sha256": "31f31b2985c2ab430d373dd3d79821db0674edee163b4ae74dc362051ccc1491"
    },
    {
      "path": "C:\\Program Files\\LGHUB\\locales\\tr.pak",
      "registerLibrary": false,
      "sha256": "48b76d081b4398c7af10be207751ef3bf67720700c35b17196a4aa0c94526208"
    },
    {
      "path": "C:\\Program Files\\LGHUB\\locales\\uk.pak",
      "registerLibrary": false,
      "sha256": "5ddf9212cbc6696941547b2e57b02092517bff6e70529f2ee14d0f593610e14f"
    },
    {
      "path": "C:\\Program Files\\LGHUB\\locales\\vi.pak",
      "registerLibrary": false,
      "sha256": "314ff8e069d132d43566143ffe0f5cebc990a015ac32ed550ac687a4ff78d56f"
    },
    {
      "path": "C:\\Program Files\\LGHUB\\locales\\zh-CN.pak",
      "registerLibrary": false,
      "sha256": "2b255293f6c85abb09162c825aea120c3e695156eb952d26d1e5f505ba324b37"
    },
    {
      "path": "C:\\Program Files\\LGHUB\\locales\\zh-TW.pak",
      "registerLibrary": false,
      "sha256": "1710cea2eb84e4feed749e9e497d01e16b1b244d1a621d380226b8ae7cce07c6"
    },
    {
      "path": "C:\\Program Files\\LGHUB\\logi_audio_conexant.dll",
      "registerLibrary": false,
      "sha256": "4117f1d41079b94c7168c051bb5052217251aab195c2766381de46041ffea067"
    },
    {
      "path": "C:\\Program Files\\LGHUB\\logi_crashpad_handler.exe",
      "registerLibrary": false,
      "sha256": "7d0935a149879f43ad0990b49b88b06c113377dade716a851bf2a6e1c6d9ef3f"
    },
    {
      "path": "C:\\Program Files\\LGHUB\\platforms\\qwindows.dll",
      "registerLibrary": false,
      "sha256": "98b6acbaa4ec850c353499b84990441e6ecbd86bf4261efd12454ac38ac642b0"
    },
    {
      "path": "C:\\Program Files\\LGHUB\\Qt5Concurrent.dll",
      "registerLibrary": false,
      "sha256": "0d3b88cfe68df165dfea4d79f8d665c913cb4e87c631fc396775e63cd7a859cc"
    },
    {
      "path": "C:\\Program Files\\LGHUB\\Qt5Core.dll",
      "registerLibrary": false,
      "sha256": "39cd02aa7b9af293fc23ca9b7192d413902157a47b8876e8be674d416cc73d99"
    },
    {
      "path": "C:\\Program Files\\LGHUB\\Qt5Gui.dll",
      "registerLibrary": false,
      "sha256": "c73f8cc591a30f279464188eb25f047f0b8112a9939b1f077c397a4e4cd9e3b2"
    },
    {
      "path": "C:\\Program Files\\LGHUB\\Qt5Network.dll",
      "registerLibrary": false,
      "sha256": "a69a51e20fe65d8be85c319e56cb568bb218073a03371f4c2ee9bf83c8509f30"
    },
    {
      "path": "C:\\Program Files\\LGHUB\\Qt5Widgets.dll",
      "registerLibrary": false,
      "sha256": "978f7a26e90b424fcd56ca82d037c01242930e927bd04156cc59ec74359ae513"
    },
    {
      "path": "C:\\Program Files\\LGHUB\\resources\\app.asar",
      "registerLibrary": false,
      "sha256": "03a401394f8a3cae37a3a9bf4b9199dc1be67a7e610b4ccdb614ea2036d653ab"
    },
    {
      "path": "C:\\Program Files\\LGHUB\\resources\\app.asar.unpacked\\node_modules\\keytar\\build\\Release\\keytar.node",
      "registerLibrary": false,
      "sha256": "e65577cd448c8c41539dd3547febab896138bbafb530d97e07b305336c983a11"
    },
    {
      "path": "C:\\Program Files\\LGHUB\\resources\\icon.png",
      "registerLibrary": false,
      "sha256": "67d0957daca9717fe862746dd968097c7ac30fc718cc580c2563a5a85c6d23be"
    },
    {
      "path": "C:\\Program Files\\LGHUB\\resources.pak",
      "registerLibrary": false,
      "sha256": "dd0cdd9201c5966dcc8b3ac3f587fdb05cad09547e267e0d16b8b1a3cff14772"
    },
    {
      "path": "C:\\Program Files\\LGHUB\\snapshot_blob.bin",
      "registerLibrary": false,
      "sha256": "f25ddf52f68de295bf1cdbd4f7fc6aa9d8f882a16a2f97b4e08e322b6b90546e"
    },
    {
      "path": "C:\\Program Files\\LGHUB\\swiftshader\\libEGL.dll",
      "registerLibrary": false,
      "sha256": "740b6dc96c341d3014c7213ae9606aff2691eb35aaa5b0ad110b1d3b68a10d09"
    },
    {
      "path": "C:\\Program Files\\LGHUB\\swiftshader\\libGLESv2.dll",
      "registerLibrary": false,
      "sha256": "bc27bea8707ca1121ef6a128cab2537f295bce6102652d5c56d9084811e9aa36"
    },
    {
      "path": "C:\\Program Files\\LGHUB\\v8_context_snapshot.bin",
      "registerLibrary": false,
      "sha256": "f033fb86fa92df1be464de590aa312cc016bc5d6bea26672c896bf4d3f1261cd"
    },
    {
      "path": "C:\\Program Files\\LGHUB\\version",
      "registerLibrary": false,
      "sha256": "ae9b07c85b2703532479c8b4a49a4abb64396fa5ab9045aa77cbd49e259c0c82"
    },
    {
      "path": "C:\\Program Files\\LGHUB\\vk_swiftshader.dll",
      "registerLibrary": false,
      "sha256": "0f9c21a85399a4ce47504d6b466f04d636c73008fc8a7d2b0ba9701a79bb7654"
    },
    {
      "path": "C:\\Program Files\\LGHUB\\vk_swiftshader_icd.json",
      "registerLibrary": false,
      "sha256": "32d83ff113fef532a9f97e0d2831f8656628ab1c99e9060f0332b1532839afd9"
    },
    {
      "path": "C:\\Program Files\\LGHUB\\vulkan-1.dll",
      "registerLibrary": false,
      "sha256": "9b1d9fd5b52530925d2b6b3f5c0ad4d350f1499ba5c9b40a7a8f5a663969fe83"
    },
    {
      "path": "C:\\Program Files\\LGHUB\\sdks/trueforce_sdk_x86.dll",
      "registerLibrary": true,
      "sha256": "601e7a63d508984f79bed0f33a119a6abc1f19cbb8921fe9c946c6b4d35427eb"
    },
    {
      "path": "C:\\Program Files\\LGHUB\\sdks/trueforce_sdk_x64.dll",
      "registerLibrary": true,
      "sha256": "e21fdade9b521602cf5926dc813e86529a2bb7e3dd330743ee6b27fbb2cbb46b"
    },
    {
      "path": "C:\\Program Files\\LGHUB\\sdks/hidpp_forcefeedback_x86.dll",
      "registerLibrary": true,
      "sha256": "dbd87726cacacc6078eb157ddb602bf8c217c7fee83eacaf0277b691eb589db9"
    },
    {
      "path": "C:\\Program Files\\LGHUB\\sdks/hidpp_forcefeedback_x64.dll",
      "registerLibrary": true,
      "sha256": "bb52d7f3d9b86493077e85947b546e014e3f45f7c3a716dfa4c95584efab954f"
    },
    {
      "path": "C:\\Program Files\\LGHUB\\sdks/legacy_forcefeedback_x86.dll",
      "registerLibrary": true,
      "sha256": "a9ce9e652ab578edf65db068c495b4fffea0f3f0f87bd7ebec4fbda6ee24d84e"
    },
    {
      "path": "C:\\Program Files\\LGHUB\\sdks/legacy_forcefeedback_x64.dll",
      "registerLibrary": true,
      "sha256": "9b2a20961da32a0b90201593831a714f796d05c254344eb1aa3510784229dfdd"
    },
    {
      "path": "C:\\Program Files\\LGHUB\\sdks/sdk_legacy_led_x86.dll",
      "registerLibrary": true,
      "sha256": "63eb33b7b36cfce716b50f07ed0f1673f51d6712882024a1ceece082eaa672c9"
    },
    {
      "path": "C:\\Program Files\\LGHUB\\sdks/sdk_legacy_led_x64.dll",
      "registerLibrary": true,
      "sha256": "397cb39779ddb18e49cc45866ab4ec973f4d11448069206c238ebd1e6b2d8d96"
    },
    {
      "path": "C:\\Program Files\\LGHUB\\sdks/sdk_legacy_steering_wheel_x64.dll",
      "registerLibrary": true,
      "sha256": "8673c8c702925211768d8164a744dd9f42aab2cb3612d0df828f715fa5488a45"
    },
    {
      "path": "C:\\Program Files\\LGHUB\\sdks/sdk_legacy_steering_wheel_x86.dll",
      "registerLibrary": true,
      "sha256": "3eed4b37646f69c8c48dace79da3e1ffbdf6ecd3a989503216c42fbb7745bf44"
    },
    {
      "path": "C:\\Program Files\\LGHUB\\sdks/legacy_arx_control_sdk_x86.dll",
      "registerLibrary": true,
      "sha256": "21cf8fbf6e44774f624fff33bc2fb7e2ba20b2a3907a3b9f4d64c89e36893331"
    },
    {
      "path": "C:\\Program Files\\LGHUB\\sdks/legacy_arx_control_sdk_x64.dll",
      "registerLibrary": true,
      "sha256": "2f8783f2cdc15c8d6bcdf3f24de80bba630b9b0917901393fb1b4a75f21dc2e4"
    },
    {
      "path": "C:\\Users\\a4tech\\AppData\\Local\\LGHUB\\integrations\\applet_overwolf\\config.json",
      "registerLibrary": false,
      "sha256": "a6315cc17f4cde41a04a19e2796fcc04fb21daaed74fc3045e2493ca211acb63"
    },
    {
      "path": "C:\\Users\\a4tech\\AppData\\Local\\LGHUB\\integrations\\applet_discord\\config.json",
      "registerLibrary": false,
      "sha256": "df818820b31755a470ff3c6199942d48385818a11096616c7e734d79f74796a8"
    },
    {
      "path": "C:\\Users\\a4tech\\AppData\\Local\\LGHUB\\integrations\\applet_obs\\config.json",
      "registerLibrary": false,
      "sha256": "f399794f7d8137ab1b8dedba0452ab0fb87e7aeb566e3237094c62480ee33cc8"
    },
    {
      "path": "C:\\Users\\a4tech\\AppData\\Local\\LGHUB\\integrations\\applet_assetto_corsa\\config.json",
      "registerLibrary": false,
      "sha256": "6329eab464c7e29d0264f888703343c0a062a2282a710011ce1d776a736d63b6"
    },
    {
      "path": "C:\\Users\\a4tech\\AppData\\Local\\LGHUB\\integrations\\applet_assetto_corsa\\AssettoCorsaArxApplet.exe",
      "registerLibrary": false,
      "sha256": "26de612cd51dacb93fedbdc444f84b1eb71ee94764fd14c11f05874b0519b3f4"
    },
    {
      "path": "C:\\Users\\a4tech\\AppData\\Local\\LGHUB\\integrations\\applet_assetto_corsa\\applet_files\\acBackground.png",
      "registerLibrary": false,
      "sha256": "815c076c753611ba44d7c9ce410acdc844383b492aa4ff5cd337675bd6f834cd"
    },
    {
      "path": "C:\\Users\\a4tech\\AppData\\Local\\LGHUB\\integrations\\applet_assetto_corsa\\applet_files\\acLogo.png",
      "registerLibrary": false,
      "sha256": "02b9e72eddc73e7b863f6f84b821213407307a3e1a71df7cdae465285b122997"
    },
    {
      "path": "C:\\Users\\a4tech\\AppData\\Local\\LGHUB\\integrations\\applet_assetto_corsa\\applet_files\\acLogoOpaque.png",
      "registerLibrary": false,
      "sha256": "9a6eadfd048283262eccd195dbb8af9550c377c734f54242d8d6ceccb060f90d"
    },
    {
      "path": "C:\\Users\\a4tech\\AppData\\Local\\LGHUB\\integrations\\applet_assetto_corsa\\applet_files\\index.html",
      "registerLibrary": false,
      "sha256": "afbae05c66e56e296ce94191960d3a03f9d3db6f39b6543515b0352720672d93"
    },
    {
      "path": "C:\\Users\\a4tech\\AppData\\Local\\LGHUB\\integrations\\applet_assetto_corsa\\applet_files\\jquery-1.11.1.min.js",
      "registerLibrary": false,
      "sha256": "540bc6dec1dd4b92ea4d3fb903f69eabf6d919afd48f4e312b163c28cff0f441"
    },
    {
      "path": "C:\\Users\\a4tech\\AppData\\Local\\LGHUB\\integrations\\applet_assetto_corsa\\applet_files\\jquery.mobile-1.4.2-onlyEvents.js",
      "registerLibrary": false,
      "sha256": "71616cc59712466b3e0a26919e694ba4bf3560a246d224cdec266c91c220a3fe"
    },
    {
      "path": "C:\\Users\\a4tech\\AppData\\Local\\LGHUB\\integrations\\applet_assetto_corsa\\applet_files\\jquery.svg.js",
      "registerLibrary": false,
      "sha256": "472781d4e49afa540b8b71f8d48bea979bce8e0c0f82f641c24881dda37e6df5"
    },
    {
      "path": "C:\\Users\\a4tech\\AppData\\Local\\LGHUB\\integrations\\applet_assetto_corsa\\applet_files\\jquery.svganim.js",
      "registerLibrary": false,
      "sha256": "93c65c680e21b2c94bf06f8804e64a09303b80f8d434202e371fd98d7e2c0a62"
    },
    {
      "path": "C:\\Users\\a4tech\\AppData\\Local\\LGHUB\\integrations\\applet_assetto_corsa\\applet_files\\script.js",
      "registerLibrary": false,
      "sha256": "54b870eaf3f321309584e7bd0e8d243265b42da6cb6fa90edd18e261f6b7a59a"
    },
    {
      "path": "C:\\Users\\a4tech\\AppData\\Local\\LGHUB\\integrations\\applet_assetto_corsa\\applet_files\\styleSheet.css",
      "registerLibrary": false,
      "sha256": "0b0ee8dc51f1a4834af8a7552e9a4f477192e3708fe1747d5a7bbcdfdc1eac8c"
    },
    {
      "path": "C:\\Users\\a4tech\\AppData\\Local\\LGHUB\\integrations\\applet_assetto_corsa\\applet_files\\styleSheetPhone.css",
      "registerLibrary": false,
      "sha256": "3296d02227c8aad4722052b86bdc293eb41771c9ed27befe7ba0ebae9ab169f5"
    },
    {
      "path": "C:\\Users\\a4tech\\AppData\\Local\\LGHUB\\integrations\\applet_assetto_corsa\\applet_files\\svgController.js",
      "registerLibrary": false,
      "sha256": "1b6aaf4b763ed9f7e586f9359c26632a44a508087e13c26517e964840bdbf15b"
    },
    {
      "path": "C:\\Users\\a4tech\\AppData\\Local\\LGHUB\\integrations\\applet_csgo\\config.json",
      "registerLibrary": false,
      "sha256": "bfe5a7c1bbfebbca8a4e8e50e63cfd84ca5fa69830da4f9f10b4b89fe8a993e2"
    },
    {
      "path": "C:\\Users\\a4tech\\AppData\\Local\\LGHUB\\integrations\\applet_csgo\\CS_GO_Arx_Applet.exe",
      "registerLibrary": false,
      "sha256": "d7b3349a3f907c0ac2229073fae41079531dabdafbdb38045a0ebd6432b23c98"
    },
    {
      "path": "C:\\Users\\a4tech\\AppData\\Local\\LGHUB\\integrations\\applet_csgo\\Applet_files\\background.jpeg",
      "registerLibrary": false,
      "sha256": "5c549a142d2a4d6310f007e8b7dc10cbc099a4941e160772b07044b760638a29"
    },
    {
      "path": "C:\\Users\\a4tech\\AppData\\Local\\LGHUB\\integrations\\applet_csgo\\Applet_files\\counter.png",
      "registerLibrary": false,
      "sha256": "304d1d294f3f9ea4270a6dc77cf7f835bf1a3f4a3803b0d3f648119ee9c326be"
    },
    {
      "path": "C:\\Users\\a4tech\\AppData\\Local\\LGHUB\\integrations\\applet_csgo\\Applet_files\\gamestate_integration_logitech.cfg",
      "registerLibrary": false,
      "sha256": "a2b904036ab6fe53ba8e42de3fa36d2d8f081aa2bc0c6767e249057df8aebdcf"
    },
    {
      "path": "C:\\Users\\a4tech\\AppData\\Local\\LGHUB\\integrations\\applet_csgo\\Applet_files\\healthLogo.png",
      "registerLibrary": false,
      "sha256": "78ae02373e43d98912a9502079a97856d098862877a09af1807338778ec676c9"
    },
    {
      "path": "C:\\Users\\a4tech\\AppData\\Local\\LGHUB\\integrations\\applet_csgo\\Applet_files\\index.html",
      "registerLibrary": false,
      "sha256": "5efb343c8e7abaf136027b98c04cd2436946fbe8ab829ee6e5765904e9fcf363"
    },
    {
      "path": "C:\\Users\\a4tech\\AppData\\Local\\LGHUB\\integrations\\applet_csgo\\Applet_files\\jquery-1.10.1.js",
      "registerLibrary": false,
      "sha256": "ff30a1dd8b05bbc1e11cf9677e1f102d9ef7b50ee8496c4a29fd16fed64cf0fb"
    },
    {
      "path": "C:\\Users\\a4tech\\AppData\\Local\\LGHUB\\integrations\\applet_csgo\\Applet_files\\script.js",
      "registerLibrary": false,
      "sha256": "5b29acee73426da5985475b44233ad0ba8bda155962c421858ff18c7a26ccd2e"
    },
    {
      "path": "C:\\Users\\a4tech\\AppData\\Local\\LGHUB\\integrations\\applet_csgo\\Applet_files\\shieldLogo.png",
      "registerLibrary": false,
      "sha256": "84c4807e2fe66a3a5b4899f4ef590c8e7b3b9117a2e9d7635253386b4e79cc4f"
    },
    {
      "path": "C:\\Users\\a4tech\\AppData\\Local\\LGHUB\\integrations\\applet_csgo\\Applet_files\\style.css",
      "registerLibrary": false,
      "sha256": "4c866158d8eaca2b2c5dd865d1bf0ffed1f3de8318e30398067a54ed36c2648d"
    },
    {
      "path": "C:\\Users\\a4tech\\AppData\\Local\\LGHUB\\integrations\\applet_csgo\\Applet_files\\terrorist.png",
      "registerLibrary": false,
      "sha256": "6858183295d645cb93a1eac62af75ae4111a15107e3b8d440dea12f039eed172"
    },
    {
      "path": "C:\\Users\\a4tech\\AppData\\Local\\LGHUB\\integrations\\applet_dota2\\config.json",
      "registerLibrary": false,
      "sha256": "911695851daa5ab00c63b001173a58c9ab52279f193e1246afffd6d771469255"
    },
    {
      "path": "C:\\Users\\a4tech\\AppData\\Local\\LGHUB\\integrations\\applet_dota2\\Dota2ArxApplet.exe",
      "registerLibrary": false,
      "sha256": "ba94001cda6500953aafd6f0e8104a29e6fba28b443224bce26930744be89140"
    },
    {
      "path": "C:\\Users\\a4tech\\AppData\\Local\\LGHUB\\integrations\\applet_dota2\\Applet_Files\\background.png",
      "registerLibrary": false,
      "sha256": "418f60dc46bd2ccd417eb2eb9a8e5f560ac1d8979162a7f11b858679e9cf75a4"
    },
    {
      "path": "C:\\Users\\a4tech\\AppData\\Local\\LGHUB\\integrations\\applet_dota2\\Applet_Files\\dotaBadge.png",
      "registerLibrary": false,
      "sha256": "14cdb5b9e2cde211b9289197aae8f0fc7b381ffc5a6aee9773bc22a5ce78c0df"
    },
    {
      "path": "C:\\Users\\a4tech\\AppData\\Local\\LGHUB\\integrations\\applet_dota2\\Applet_Files\\empty_item.png",
      "registerLibrary": false,
      "sha256": "c01eb28cb2a14027573982c7b071829408f81414009aec3db99e5868457038f8"
    },
    {
      "path": "C:\\Users\\a4tech\\AppData\\Local\\LGHUB\\integrations\\applet_dota2\\Applet_Files\\gamestate_integration_logitech.cfg",
      "registerLibrary": false,
      "sha256": "4e39af721910e0165676a92d9f89b88df9448cf6c960af2b878dd9d0a023fc0f"
    },
    {
      "path": "C:\\Users\\a4tech\\AppData\\Local\\LGHUB\\integrations\\applet_dota2\\Applet_Files\\gold.png",
      "registerLibrary": false,
      "sha256": "b883e30a9c314f2248d37d81103cd17c3ac5ed21578c94d319b5ad40a648c9c4"
    },
    {
      "path": "C:\\Users\\a4tech\\AppData\\Local\\LGHUB\\integrations\\applet_dota2\\Applet_Files\\goldIcon.png",
      "registerLibrary": false,
      "sha256": "c0c03a2e67d5b18b36780b41491517439847bff7a6aa199a0f985ea4b2e36ffe"
    },
    {
      "path": "C:\\Users\\a4tech\\AppData\\Local\\LGHUB\\integrations\\applet_dota2\\Applet_Files\\health.png",
      "registerLibrary": false,
      "sha256": "ca6c7d93aca212f0d5cfa95e6f6e4d3b77f1cf40086af4c501e94ffb34af3b4e"
    },
    {
      "path": "C:\\Users\\a4tech\\AppData\\Local\\LGHUB\\integrations\\applet_dota2\\Applet_Files\\index.html",
      "registerLibrary": false,
      "sha256": "210b03033087ad8774537c7d097a9bbeac4b5e77742c55b0417f39e39d727ed8"
    },
    {
      "path": "C:\\Users\\a4tech\\AppData\\Local\\LGHUB\\integrations\\applet_dota2\\Applet_Files\\jquery-ui-1.11.4.min.js",
      "registerLibrary": false,
      "sha256": "fea24b936201e256b41bfc7a4293b7485a5d7ec0a716eac929b13eb480cb1d1a"
    },
    {
      "path": "C:\\Users\\a4tech\\AppData\\Local\\LGHUB\\integrations\\applet_dota2\\Applet_Files\\mana.png",
      "registerLibrary": false,
      "sha256": "a8f392460b7c73b1bb5e131154b57c4eca5a5c34aeee7772db14f3c0c9201094"
    },
    {
      "path": "C:\\Users\\a4tech\\AppData\\Local\\LGHUB\\integrations\\applet_dota2\\Applet_Files\\orb.png",
      "registerLibrary": false,
      "sha256": "530c721656e1e6179f8ebfdfc202b3a6d770c9e811fdf1e259c862e56b9e0319"
    },
    {
      "path": "C:\\Users\\a4tech\\AppData\\Local\\LGHUB\\integrations\\applet_dota2\\Applet_Files\\pro.html",
      "registerLibrary": false,
      "sha256": "12fc002db6c4b79cd512da437541c5f51866e83d83d7102a056f97c051c8d821"
    },
    {
      "path": "C:\\Users\\a4tech\\AppData\\Local\\LGHUB\\integrations\\applet_dota2\\Applet_Files\\script.js",
      "registerLibrary": false,
      "sha256": "b28a70efc79752fcac3215399081d942c7b8ed582792dcbce0c0d1751adc5496"
    },
    {
      "path": "C:\\Users\\a4tech\\AppData\\Local\\LGHUB\\integrations\\applet_dota2\\Applet_Files\\style.css",
      "registerLibrary": false,
      "sha256": "6a2d76b2f1bc3b4022185c5c5d1d89ff5109bf4dbbefa4126ca48807c09a7b59"
    },
    {
      "path": "C:\\Users\\a4tech\\AppData\\Local\\LGHUB\\integrations\\applet_dota2\\Applet_Files\\tempHero.png",
      "registerLibrary": false,
      "sha256": "0112d18afa1b26b89254cfbcd47e9846cae38c672b18fd2d4f2bfbd82b4a358a"
    }
  ],
  "folders": [
    {
      "path": "C:/Program Files\\LGHUB"
    },
    {
      "path": "C:/Program Files\\LGHUB\\data"
    },
    {
      "path": "C:/Program Files\\LGHUB\\data\\lighting"
    },
    {
      "path": "C:/Program Files\\LGHUB\\data\\lighting\\effects"
    },
    {
      "path": "C:/Program Files\\LGHUB\\data\\sounds"
    },
    {
      "path": "C:/Program Files\\LGHUB\\locales"
    },
    {
      "path": "C:/Program Files\\LGHUB\\platforms"
    },
    {
      "path": "C:/Program Files\\LGHUB\\resources"
    },
    {
      "path": "C:/Program Files\\LGHUB\\resources\\app.asar.unpacked"
    },
    {
      "path": "C:/Program Files\\LGHUB\\resources\\app.asar.unpacked\\node_modules"
    },
    {
      "path": "C:/Program Files\\LGHUB\\resources\\app.asar.unpacked\\node_modules\\keytar"
    },
    {
      "path": "C:/Program Files\\LGHUB\\resources\\app.asar.unpacked\\node_modules\\keytar\\build"
    },
    {
      "path": "C:/Program Files\\LGHUB\\resources\\app.asar.unpacked\\node_modules\\keytar\\build\\Release"
    },
    {
      "path": "C:/Program Files\\LGHUB\\swiftshader"
    },
    {
      "path": "C:/Program Files\\LGHUB\\sdks"
    }
  ],
  "processControl": {
    "identifiers": [
      "lghub",
      "lghub_installer",
      "lghub_agent"
    ]
  },
  "product": {
    "guid": "{521c89be-637f-4274-a840-baaf7460c2b2}",
    "icon": "{frontend_root}/lghub.exe",
    "linkAbout": "http://www.logitechg.com",
    "linkHelp": "http://support.logitech.com",
    "name": "{brand} G HUB",
    "publisher": "{brand}",
    "version": "2022.6.268570"
  },
  "renamedItems": [],
  "services": [
    {
      "asConsoleUser": false,
      "command": {
        "arguments": [
          "--run-as-service"
        ],
        "executable": "C:\\Program Files\\LGHUB\\lghub_updater.exe"
      },
      "service": "LGHUBUpdaterService"
    },
    {
      "asConsoleUser": true,
      "command": {
        "arguments": [
          "--background"
        ],
        "executable": "C:\\Program Files\\LGHUB\\lghub.exe"
      },
      "service": "LGHUB"
    }
  ],
  "shortcuts": [
    {
      "description": "",
      "name": "{brand} G HUB",
      "onDesktop": true,
      "onStartMenu": true,
      "path": "{frontend_root}/lghub.exe"
    }
  ],
  "uninstaller": {
    "arguments": [
      "--uninstall"
    ],
    "executable": "C:\\Program Files\\LGHUB\\lghub_updater.exe"
  }
}