 {"msgId": "4477d786-1342-4ddc-b760-a3920aef8c33", "verb": "GET", "path": "/devices/list", "origin": "backend", "result": {"code": "SUCCESS", "what": ""}, "payload": {"@type": "type.googleapis.com/logi.protocol.devices.Device.Info.List", "deviceInfos": [{"id": "dev00000000", "pid": 2735, "state": "ACTIVE", "onboardMode": false, "individualMode": false, "resourcesAvailable": true, "connectionType": "USB", "hasWirelessInterface": false, "deviceType": "MICROPHONE", "deviceFamily": "", "deviceModel": "yeti_x", "deviceBaseModel": "yeti_x", "displayName": "Yeti X", "extendedDisplayName": "Yeti X", "slotPrefix": "yetix", "thumbnail": "pipeline://core/thumbnails/yetix.png", "deviceExt": 0, "deviceUnitId": "268454144", "deviceSignature": "MICROPHONE.yeti_x.0.268454144", "givenName": "", "capabilities": {"audio": {"dtsSupported": false, "dolbySupported": false, "denoiserSupported": false, "onboardEqSupported": false, "onboardProEqSupported": false, "dtsHx2eSupported": true, "proEqSupported": false, "blueVoiceSupported": false, "hardwareNoiseReductionSupported": false, "blueVoice2Supported": true, "hidMic": false, "devioVolumeFeatures": true}, "lightingSupport": {"deviceCategory": "MICROPHONE_RGB_ZONAL", "typeMap": {"ZONE_RIGHT_SIDE": "RIGHT_SIDE", "ZONE_ONE": "ZONAL_ONE", "ZONE_SIX": "ZONAL_SIX", "ZONE_TWO": "ZONAL_TWO", "ZONE_BRANDING": "LOGO", "ZONE_FOUR": "ZONAL_FOUR", "ZONE_PRIMARY": "PRIMARY", "ZONE_LEFT_SIDE": "LEFT_SIDE", "ZONE_COMBINED": "COMBINED", "ZONE_THREE": "ZONAL_THREE", "ZONE_FIVE": "ZONAL_FIVE", "ZONE_SEVEN": "ZONAL_SEVEN"}, "zones": [{"zoneType": "ZONE_PRIMARY", "supportedEffects": [{"id": "FIXED", "syncable": false, "fixedIntensity": false, "signature": false, "inactivityOnly": false}, {"id": "BREATHING", "syncable": false, "fixedIntensity": false, "signature": false, "inactivityOnly": false}], "defaultColor": {"rgba": {"red": 0, "green": 1, "blue": 0, "alpha": 1}, "tag": ""}, "onboardCluster": "CLUSTER_DEFAULT"}, {"zoneType": "ZONE_BRANDING", "supportedEffects": [{"id": "FIXED", "syncable": false, "fixedIntensity": false, "signature": false, "inactivityOnly": false}, {"id": "BREATHING", "syncable": false, "fixedIntensity": false, "signature": false, "inactivityOnly": false}], "defaultColor": {"rgba": {"red": 1, "green": 0, "blue": 0, "alpha": 1}, "tag": ""}, "onboardCluster": "CLUSTER_DEFAULT"}, {"zoneType": "ZONE_LEFT_SIDE", "supportedEffects": [{"id": "FIXED", "syncable": false, "fixedIntensity": false, "signature": false, "inactivityOnly": false}], "defaultColor": {"rgba": {"red": 0, "green": 0, "blue": 1, "alpha": 1}, "tag": ""}, "onboardCluster": "CLUSTER_DEFAULT"}, {"zoneType": "ZONE_RIGHT_SIDE", "supportedEffects": [{"id": "FIXED", "syncable": false, "fixedIntensity": false, "signature": false, "inactivityOnly": false}, {"id": "BREATHING", "syncable": false, "fixedIntensity": false, "signature": false, "inactivityOnly": false}], "defaultColor": {"rgba": {"red": 1, "green": 1, "blue": 1, "alpha": 1}, "tag": ""}, "onboardCluster": "CLUSTER_DEFAULT"}, {"zoneType": "ZONE_COMBINED", "supportedEffects": [{"id": "FIXED", "syncable": false, "fixedIntensity": false, "signature": false, "inactivityOnly": false}, {"id": "BREATHING", "syncable": false, "fixedIntensity": false, "signature": false, "inactivityOnly": false}], "defaultColor": {"rgba": {"red": 1, "green": 0, "blue": 1, "alpha": 1}, "tag": ""}, "onboardCluster": "CLUSTER_DEFAULT"}, {"zoneType": "ZONE_ONE", "supportedEffects": [{"id": "FIXED", "syncable": false, "fixedIntensity": false, "signature": false, "inactivityOnly": false}, {"id": "BREATHING", "syncable": false, "fixedIntensity": false, "signature": false, "inactivityOnly": false}], "defaultColor": {"rgba": {"red": 1, "green": 1, "blue": 1, "alpha": 1}, "tag": ""}, "onboardCluster": "CLUSTER_DEFAULT"}, {"zoneType": "ZONE_TWO", "supportedEffects": [{"id": "FIXED", "syncable": false, "fixedIntensity": false, "signature": false, "inactivityOnly": false}, {"id": "BREATHING", "syncable": false, "fixedIntensity": false, "signature": false, "inactivityOnly": false}], "defaultColor": {"rgba": {"red": 1, "green": 1, "blue": 1, "alpha": 1}, "tag": ""}, "onboardCluster": "CLUSTER_DEFAULT"}, {"zoneType": "ZONE_THREE", "supportedEffects": [{"id": "FIXED", "syncable": false, "fixedIntensity": false, "signature": false, "inactivityOnly": false}, {"id": "BREATHING", "syncable": false, "fixedIntensity": false, "signature": false, "inactivityOnly": false}], "defaultColor": {"rgba": {"red": 1, "green": 1, "blue": 1, "alpha": 1}, "tag": ""}, "onboardCluster": "CLUSTER_DEFAULT"}, {"zoneType": "ZONE_FOUR", "supportedEffects": [{"id": "FIXED", "syncable": false, "fixedIntensity": false, "signature": false, "inactivityOnly": false}, {"id": "BREATHING", "syncable": false, "fixedIntensity": false, "signature": false, "inactivityOnly": false}], "defaultColor": {"rgba": {"red": 1, "green": 1, "blue": 1, "alpha": 1}, "tag": ""}, "onboardCluster": "CLUSTER_DEFAULT"}, {"zoneType": "ZONE_FIVE", "supportedEffects": [{"id": "FIXED", "syncable": false, "fixedIntensity": false, "signature": false, "inactivityOnly": false}], "defaultColor": {"rgba": {"red": 0, "green": 1, "blue": 0, "alpha": 1}, "tag": ""}, "onboardCluster": "CLUSTER_DEFAULT"}, {"zoneType": "ZONE_SIX", "supportedEffects": [{"id": "FIXED", "syncable": false, "fixedIntensity": false, "signature": false, "inactivityOnly": false}], "defaultColor": {"rgba": {"red": 1, "green": 1, "blue": 0, "alpha": 1}, "tag": ""}, "onboardCluster": "CLUSTER_DEFAULT"}, {"zoneType": "ZONE_SEVEN", "supportedEffects": [{"id": "FIXED", "syncable": false, "fixedIntensity": false, "signature": false, "inactivityOnly": false}], "defaultColor": {"rgba": {"red": 1, "green": 0, "blue": 0, "alpha": 1}, "tag": ""}, "onboardCluster": "CLUSTER_DEFAULT"}], "isMonochrome": false, "isPerKey": false, "hideStartupEffect": true, "shutdownEffect": false, "brightnessLevels": [], "powerSavingEffect": false, "lowBatteryEffect": false, "brightnessPercentage": false, "gamma": false, "firmwareOnly": true, "offRamp": false, "activeDimming": false, "hasPositionalEffect": false}, "sleepTimer": false, "mstateSupport": {"count": 1, "timeOut": 0}, "fnInversion": false, "presentSplashScreen": false, "customizableColor": false, "wirelessReportRate": false, "hybridEngine": false, "advancedSleepTimer": false, "angleSnapping": false, "excludeGShift": false, "hostRemovalSupport": false, "microphoneSupport": {"supportedPolarPatterns": [{"id": "POLAR_PATTERN_STEREO"}, {"id": "POLAR_PATTERN_OMNI"}, {"id": "POLAR_PATTERN_CARDIOID"}, {"id": "POLAR_PATTERN_BIDIRECTIONAL"}], "supportedMicrophoneModes": [{"id": "MICROPHONE_GAIN"}, {"id": "HEADPHONE_LEVEL"}, {"id": "BLEND"}]}, "headphoneJack": true, "hostInfos": false, "gkeyLayout": "INVALID_GKEY_LAYOUT", "hasBatteryStatus": false, "powerOffTimer": false, "requiresBackupForDfu": false, "unifiedBattery": false, "dpiLighting": false, "nonInteractive": false, "chargepadCompatible": false, "individuality": false}, "activeInterfaces": [{"type": "DEVIO", "id": "046d_0aaf", "pid": 2735, "modelId": 0, "extendedModel": 0, "serialNumber": "268454144", "path": "usb\\vid_046d&pid_0aaf&mi_03\\6&278262b3&0&0003", "containerId": "d7688c4b-8a08-565a-b2b1-010d2c30b891", "deviceType": "MICROPHONE", "deviceName": "Yeti X", "keyboardLayout": "INVALID_LAYOUT", "firmwareVersion": "11.5.1105", "unitId": "268454144", "firmwarePrefix": "U 11", "connectionType": "USB", "hasOnboardMode": false}, {"type": "HIDIO", "id": "HID_046d_0aaf_ffff0001", "pid": 2735, "modelId": 0, "extendedModel": 0, "serialNumber": "", "path": "\\\\?\\HID#VID_046D&PID_0AAF&MI_03&COL04#7&2FA1E766&0&0003#{4D1E55B2-F16F-11CF-88CB-001111000030}", "containerId": "d7688c4b-8a08-565a-b2b1-010d2c30b891", "deviceType": "MICROPHONE", "deviceName": "Yeti X", "keyboardLayout": "INVALID_LAYOUT", "firmwareVersion": "", "unitId": "", "firmwarePrefix": "", "connectionType": "USB", "hasOnboardMode": false}, {"type": "AUDIO", "id": "", "pid": 0, "modelId": 0, "extendedModel": 0, "serialNumber": "", "path": "", "containerId": "d7688c4b-8a08-565a-b2b1-010d2c30b891", "deviceType": "INVALID_TYPE", "deviceName": "", "keyboardLayout": "INVALID_LAYOUT", "firmwareVersion": "", "unitId": "", "firmwarePrefix": "", "connectionType": "VIRTUAL", "hasOnboardMode": false}], "slots": {"yetix_blue_voice_2_settings": {"id": "yetix_blue_voice_2_settings", "attribute": "BLUE_VOICE_2_SETTINGS", "disabled": false}, "yetix_microphone_settings": {"id": "yetix_microphone_settings", "attribute": "MICROPHONE_SETTINGS", "disabled": false}, "yetix_acoustics": {"id": "yetix_acoustics", "attribute": "ACOUSTICS", "disabled": false}, "yetix_equalizer": {"id": "yetix_equalizer", "attribute": "EQUALIZER", "disabled": false}, "yetix_lighting_setting_firmware": {"id": "yetix_lighting_setting_firmware", "attribute": "FIRMWARE_LIGHTING_SETTINGS", "disabled": false}}}, {"id": "dev00000001", "pid": 16531, "state": "NOT_CONNECTED", "onboardMode": false, "individualMode": false, "resourcesAvailable": true, "connectionType": "WIRELESS", "hasWirelessInterface": true, "deviceType": "MOUSE", "deviceFamily": "", "deviceModel": "pro_x_wireless_mouse", "deviceBaseModel": "pro_x_wireless_mouse", "displayName": "PRO X SUPERLIGHT", "extendedDisplayName": "PRO X SUPERLIGHT Wireless Mouse", "slotPrefix": "proxwirelessmouse", "thumbnail": "pipeline://core/thumbnails/pro_x_wireless_mouse.png", "deviceExt": 0, "deviceUnitId": "3154342299", "deviceSignature": "MOUSE.pro_x_wireless_mouse.0.3154342299", "givenName": "", "capabilities": {"sleepTimer": false, "mstateSupport": {"count": 1, "timeOut": 0}, "fnInversion": false, "presentSplashScreen": false, "customizableColor": false, "wirelessReportRate": false, "dpiIndicatorLed": {"zoneType": "PRIMARY", "steps": {"1": {"tag": "", "hex": "#FFFF00"}, "5": {"tag": "", "hex": "#8D40FF"}, "4": {"tag": "", "hex": "#FF0293"}, "2": {"tag": "", "hex": "#FFFFFF"}, "3": {"tag": "", "hex": "#FF9900"}}}, "hybridEngine": false, "advancedSleepTimer": false, "angleSnapping": false, "excludeGShift": false, "hostRemovalSupport": false, "headphoneJack": false, "hostInfos": false, "gkeyLayout": "INVALID_GKEY_LAYOUT", "hasBatteryStatus": true, "powerOffTimer": false, "requiresBackupForDfu": false, "unifiedBattery": true, "dpiLighting": false, "nonInteractive": false, "receiverPairing": {"receiverType": "LS2", "receiverPid": 0, "pairingAction": "ACTION_POWER_CYCLE", "hasForcePairing": true}, "chargepadCompatible": true, "individuality": false}, "activeInterfaces": [], "slots": {}}]}}