 {"msgId": "74a3b406-f8cd-41f9-88a3-ed67bc3b2932", "verb": "GET", "path": "/devices/list", "origin": "backend", "result": {"code": "SUCCESS", "what": ""}, "payload": {"@type": "type.googleapis.com/logi.protocol.devices.Device.Info.List", "deviceInfos": [{"id": "dev00000000", "pid": 2741, "state": "ACTIVE", "onboardMode": false, "individualMode": false, "resourcesAvailable": true, "connectionType": "USB", "hasWirelessInterface": false, "deviceType": "HEADSET", "deviceFamily": "", "deviceModel": "g733_ext2", "deviceBaseModel": "g733", "displayName": "G733", "extendedDisplayName": "G733 Wireless LIGHTSYNC Gaming Headset", "slotPrefix": "g733", "thumbnail": "pipeline://core/thumbnails/g733_lilac.png", "deviceExt": 2, "deviceUnitId": "4294967295", "deviceSignature": "HEADSET.g733.2.4294967295", "givenName": "", "capabilities": {"audio": {"dtsSupported": false, "dolbySupported": false, "denoiserSupported": false, "onboardEqSupported": false, "onboardProEqSupported": false, "dtsHx2eSupported": true, "proEqSupported": false, "blueVoiceSupported": true, "hardwareNoiseReductionSupported": false, "blueVoice2Supported": false, "hidMic": false, "devioVolumeFeatures": false}, "lightingSupport": {"deviceCategory": "HEADSET_RGB_ZONAL", "typeMap": {"ZONE_BOTTOM": "LOGO", "ZONE_TOP": "PRIMARY"}, "zones": [{"zoneType": "ZONE_TOP", "supportedEffects": [{"id": "OFF", "syncable": true, "fixedIntensity": false, "signature": false, "inactivityOnly": false}, {"id": "FIXED", "syncable": true, "fixedIntensity": false, "signature": false, "inactivityOnly": false}, {"id": "CYCLE", "syncable": true, "fixedIntensity": false, "signature": false, "inactivityOnly": false}, {"id": "BREATHING", "syncable": true, "fixedIntensity": false, "signature": false, "inactivityOnly": false}], "onboardCluster": "CLUSTER_DEFAULT"}, {"zoneType": "ZONE_BOTTOM", "supportedEffects": [{"id": "OFF", "syncable": true, "fixedIntensity": false, "signature": false, "inactivityOnly": false}, {"id": "FIXED", "syncable": true, "fixedIntensity": false, "signature": false, "inactivityOnly": false}, {"id": "CYCLE", "syncable": true, "fixedIntensity": false, "signature": false, "inactivityOnly": false}, {"id": "BREATHING", "syncable": true, "fixedIntensity": false, "signature": false, "inactivityOnly": false}], "onboardCluster": "CLUSTER_DEFAULT"}], "isMonochrome": false, "isPerKey": false, "hideStartupEffect": false, "shutdownEffect": false, "brightnessLevels": [], "powerSavingEffect": false, "lowBatteryEffect": true, "brightnessPercentage": false, "gamma": true, "firmwareOnly": false, "offRamp": false, "activeDimming": false, "hasPositionalEffect": false}, "sleepTimer": false, "mstateSupport": {"count": 1, "timeOut": 0}, "fnInversion": false, "presentSplashScreen": true, "customizableColor": false, "wirelessReportRate": false, "hybridEngine": false, "advancedSleepTimer": false, "angleSnapping": false, "excludeGShift": false, "hostRemovalSupport": false, "headphoneJack": false, "hostInfos": false, "gkeyLayout": "INVALID_GKEY_LAYOUT", "hasBatteryStatus": true, "powerOffTimer": true, "requiresBackupForDfu": false, "notificationSupport": {"audioPrompts": {"playOnDevice": true, "battery": {"automaticWarning": true, "warningTimeout": {"milliseconds": 0, "seconds": 0, "minutes": 15, "hours": 0, "days": 0, "dateTime": "0"}, "warningThreshold": 5, "onUserCheck": true}}}, "unifiedBattery": false, "dpiLighting": false, "nonInteractive": false, "chargepadCompatible": false, "individuality": false}, "activeInterfaces": [{"type": "DEVIO", "id": "046d_0ab5", "pid": 2741, "modelId": 0, "extendedModel": 2, "serialNumber": "4294967295", "path": "\\\\?\\hid#vid_046d&pid_0ab5&mi_03&col03#a&1aba8d8b&0&0002#{4d1e55b2-f16f-11cf-88cb-001111000030}", "containerId": "d1b3b8af-4cc9-11ec-b6c2-503eaa026b67", "deviceType": "HEADSET", "deviceName": "G733 Gaming Headset", "keyboardLayout": "INVALID_LAYOUT", "firmwareVersion": "137.0.131", "unitId": "4294967295", "firmwarePrefix": "U137", "connectionType": "USB", "hasOnboardMode": false}, {"type": "AUDIO", "id": "", "pid": 0, "modelId": 0, "extendedModel": 0, "serialNumber": "", "path": "", "containerId": "d1b3b8af-4cc9-11ec-b6c2-503eaa026b67", "deviceType": "INVALID_TYPE", "deviceName": "", "keyboardLayout": "INVALID_LAYOUT", "firmwareVersion": "", "unitId": "", "firmwarePrefix": "", "connectionType": "VIRTUAL", "hasOnboardMode": false}], "slots": {"g733_g2_m1": {"id": "g733_g2_m1", "attribute": "MACRO_PLAYBACK", "disabled": false}, "g733_g2_m1_shifted": {"id": "g733_g2_m1_shifted", "attribute": "MACRO_PLAYBACK", "disabled": false}, "g733_lighting_setting_firmware": {"id": "g733_lighting_setting_firmware", "attribute": "FIRMWARE_LIGHTING_SETTINGS", "disabled": false}, "g733_blue_voice_settings": {"id": "g733_blue_voice_settings", "attribute": "BLUE_VOICE_SETTINGS", "disabled": false}, "g733_acoustics": {"id": "g733_acoustics", "attribute": "ACOUSTICS", "disabled": false}, "g733_microphone_settings": {"id": "g733_microphone_settings", "attribute": "MICROPHONE_SETTINGS", "disabled": false}, "g733_equalizer": {"id": "g733_equalizer", "attribute": "EQUALIZER", "disabled": false}, "g733_g1_m1_shifted": {"id": "g733_g1_m1_shifted", "attribute": "MACRO_PLAYBACK", "disabled": false}, "g733_g1_m1": {"id": "g733_g1_m1", "attribute": "MACRO_PLAYBACK", "disabled": false}}}, {"id": "dev00000001", "pid": 2758, "state": "ACTIVE", "onboardMode": false, "individualMode": false, "resourcesAvailable": true, "connectionType": "USB", "hasWirelessInterface": false, "deviceType": "MICROPHONE", "deviceFamily": "", "deviceModel": "yeti_x_wow", "deviceBaseModel": "yeti_x_wow", "displayName": "Yeti X WoW\u00ae Edition", "extendedDisplayName": "Yeti X WoW\u00ae Edition", "slotPrefix": "yetix-wow", "thumbnail": "pipeline://core/thumbnails/yetix_wow.png", "deviceExt": 0, "deviceUnitId": "754984960", "deviceSignature": "MICROPHONE.yeti_x_wow.0.754984960", "givenName": "", "capabilities": {"audio": {"dtsSupported": false, "dolbySupported": false, "denoiserSupported": false, "onboardEqSupported": false, "onboardProEqSupported": false, "dtsHx2eSupported": true, "proEqSupported": false, "blueVoiceSupported": false, "hardwareNoiseReductionSupported": false, "blueVoice2Supported": true, "hidMic": false, "devioVolumeFeatures": true}, "lightingSupport": {"deviceCategory": "MICROPHONE_RGB_ZONAL", "typeMap": {"ZONE_ONE": "ZONAL_ONE", "ZONE_COMBINED": "COMBINED", "ZONE_SEVEN": "ZONAL_SEVEN", "ZONE_FIVE": "ZONAL_FIVE", "ZONE_RIGHT_SIDE": "RIGHT_SIDE", "ZONE_PRIMARY": "PRIMARY", "ZONE_BRANDING": "LOGO", "ZONE_FOUR": "ZONAL_FOUR", "ZONE_LEFT_SIDE": "LEFT_SIDE", "ZONE_SIX": "ZONAL_SIX", "ZONE_TWO": "ZONAL_TWO", "ZONE_THREE": "ZONAL_THREE"}, "zones": [{"zoneType": "ZONE_PRIMARY", "supportedEffects": [{"id": "FIXED", "syncable": false, "fixedIntensity": false, "signature": false, "inactivityOnly": false}, {"id": "BREATHING", "syncable": false, "fixedIntensity": false, "signature": false, "inactivityOnly": false}], "defaultColor": {"rgba": {"red": 0, "green": 1, "blue": 0, "alpha": 1}, "tag": ""}, "onboardCluster": "CLUSTER_DEFAULT"}, {"zoneType": "ZONE_BRANDING", "supportedEffects": [{"id": "FIXED", "syncable": false, "fixedIntensity": false, "signature": false, "inactivityOnly": false}, {"id": "BREATHING", "syncable": false, "fixedIntensity": false, "signature": false, "inactivityOnly": false}], "defaultColor": {"rgba": {"red": 1, "green": 0, "blue": 0, "alpha": 1}, "tag": ""}, "onboardCluster": "CLUSTER_DEFAULT"}, {"zoneType": "ZONE_LEFT_SIDE", "supportedEffects": [{"id": "FIXED", "syncable": false, "fixedIntensity": false, "signature": false, "inactivityOnly": false}], "defaultColor": {"rgba": {"red": 0, "green": 0, "blue": 1, "alpha": 1}, "tag": ""}, "onboardCluster": "CLUSTER_DEFAULT"}, {"zoneType": "ZONE_RIGHT_SIDE", "supportedEffects": [{"id": "FIXED", "syncable": false, "fixedIntensity": false, "signature": false, "inactivityOnly": false}, {"id": "BREATHING", "syncable": false, "fixedIntensity": false, "signature": false, "inactivityOnly": false}], "defaultColor": {"rgba": {"red": 1, "green": 1, "blue": 1, "alpha": 1}, "tag": ""}, "onboardCluster": "CLUSTER_DEFAULT"}, {"zoneType": "ZONE_COMBINED", "supportedEffects": [{"id": "FIXED", "syncable": false, "fixedIntensity": false, "signature": false, "inactivityOnly": false}, {"id": "BREATHING", "syncable": false, "fixedIntensity": false, "signature": false, "inactivityOnly": false}], "defaultColor": {"rgba": {"red": 1, "green": 0, "blue": 1, "alpha": 1}, "tag": ""}, "onboardCluster": "CLUSTER_DEFAULT"}, {"zoneType": "ZONE_ONE", "supportedEffects": [{"id": "FIXED", "syncable": false, "fixedIntensity": false, "signature": false, "inactivityOnly": false}, {"id": "BREATHING", "syncable": false, "fixedIntensity": false, "signature": false, "inactivityOnly": false}], "defaultColor": {"rgba": {"red": 1, "green": 1, "blue": 1, "alpha": 1}, "tag": ""}, "onboardCluster": "CLUSTER_DEFAULT"}, {"zoneType": "ZONE_TWO", "supportedEffects": [{"id": "FIXED", "syncable": false, "fixedIntensity": false, "signature": false, "inactivityOnly": false}, {"id": "BREATHING", "syncable": false, "fixedIntensity": false, "signature": false, "inactivityOnly": false}], "defaultColor": {"rgba": {"red": 1, "green": 1, "blue": 1, "alpha": 1}, "tag": ""}, "onboardCluster": "CLUSTER_DEFAULT"}, {"zoneType": "ZONE_THREE", "supportedEffects": [{"id": "FIXED", "syncable": false, "fixedIntensity": false, "signature": false, "inactivityOnly": false}, {"id": "BREATHING", "syncable": false, "fixedIntensity": false, "signature": false, "inactivityOnly": false}], "defaultColor": {"rgba": {"red": 1, "green": 1, "blue": 1, "alpha": 1}, "tag": ""}, "onboardCluster": "CLUSTER_DEFAULT"}, {"zoneType": "ZONE_FOUR", "supportedEffects": [{"id": "FIXED", "syncable": false, "fixedIntensity": false, "signature": false, "inactivityOnly": false}, {"id": "BREATHING", "syncable": false, "fixedIntensity": false, "signature": false, "inactivityOnly": false}], "defaultColor": {"rgba": {"red": 1, "green": 1, "blue": 1, "alpha": 1}, "tag": ""}, "onboardCluster": "CLUSTER_DEFAULT"}, {"zoneType": "ZONE_FIVE", "supportedEffects": [{"id": "FIXED", "syncable": false, "fixedIntensity": false, "signature": false, "inactivityOnly": false}], "defaultColor": {"rgba": {"red": 0, "green": 1, "blue": 0, "alpha": 1}, "tag": ""}, "onboardCluster": "CLUSTER_DEFAULT"}, {"zoneType": "ZONE_SIX", "supportedEffects": [{"id": "FIXED", "syncable": false, "fixedIntensity": false, "signature": false, "inactivityOnly": false}], "defaultColor": {"rgba": {"red": 1, "green": 1, "blue": 0, "alpha": 1}, "tag": ""}, "onboardCluster": "CLUSTER_DEFAULT"}, {"zoneType": "ZONE_SEVEN", "supportedEffects": [{"id": "FIXED", "syncable": false, "fixedIntensity": false, "signature": false, "inactivityOnly": false}], "defaultColor": {"rgba": {"red": 1, "green": 0, "blue": 0, "alpha": 1}, "tag": ""}, "onboardCluster": "CLUSTER_DEFAULT"}], "isMonochrome": false, "isPerKey": false, "hideStartupEffect": true, "shutdownEffect": false, "brightnessLevels": [], "powerSavingEffect": false, "lowBatteryEffect": false, "brightnessPercentage": false, "gamma": false, "firmwareOnly": false, "offRamp": false, "activeDimming": false, "hasPositionalEffect": false}, "sleepTimer": false, "mstateSupport": {"count": 1, "timeOut": 0}, "fnInversion": false, "presentSplashScreen": false, "customizableColor": false, "wirelessReportRate": false, "hybridEngine": false, "advancedSleepTimer": false, "angleSnapping": false, "excludeGShift": false, "hostRemovalSupport": false, "microphoneSupport": {"supportedPolarPatterns": [{"id": "POLAR_PATTERN_STEREO"}, {"id": "POLAR_PATTERN_OMNI"}, {"id": "POLAR_PATTERN_CARDIOID"}, {"id": "POLAR_PATTERN_BIDIRECTIONAL"}], "supportedMicrophoneModes": [{"id": "MICROPHONE_GAIN"}, {"id": "HEADPHONE_LEVEL"}, {"id": "BLEND"}]}, "headphoneJack": true, "hostInfos": false, "gkeyLayout": "INVALID_GKEY_LAYOUT", "hasBatteryStatus": false, "powerOffTimer": false, "requiresBackupForDfu": false, "unifiedBattery": false, "dpiLighting": false, "nonInteractive": false, "chargepadCompatible": false, "individuality": false}, "activeInterfaces": [{"type": "DEVIO", "id": "046d_0ac6", "pid": 2758, "modelId": 0, "extendedModel": 0, "serialNumber": "754984960", "path": "usb\\vid_046d&pid_0ac6&mi_03\\9&11f38c42&1&0003", "containerId": "6c215aa6-878b-5837-95a1-88ae787505b6", "deviceType": "MICROPHONE", "deviceName": "Yeti X WoW Edition", "keyboardLayout": "INVALID_LAYOUT", "firmwareVersion": "11.5.1105", "unitId": "754984960", "firmwarePrefix": "U 11", "connectionType": "USB", "hasOnboardMode": false}, {"type": "HIDIO", "id": "HID_046d_0ac6_ffff0001", "pid": 2758, "modelId": 0, "extendedModel": 0, "serialNumber": "", "path": "\\\\?\\HID#VID_046D&PID_0AC6&MI_03&COL04#A&7F250F7&0&0003#{4D1E55B2-F16F-11CF-88CB-001111000030}", "containerId": "6c215aa6-878b-5837-95a1-88ae787505b6", "deviceType": "MICROPHONE", "deviceName": "Yeti X WoW Edition", "keyboardLayout": "INVALID_LAYOUT", "firmwareVersion": "", "unitId": "", "firmwarePrefix": "", "connectionType": "USB", "hasOnboardMode": false}, {"type": "AUDIO", "id": "", "pid": 0, "modelId": 0, "extendedModel": 0, "serialNumber": "", "path": "", "containerId": "6c215aa6-878b-5837-95a1-88ae787505b6", "deviceType": "INVALID_TYPE", "deviceName": "", "keyboardLayout": "INVALID_LAYOUT", "firmwareVersion": "", "unitId": "", "firmwarePrefix": "", "connectionType": "VIRTUAL", "hasOnboardMode": false}], "slots": {"yetix-wow_blue_voice_2_settings": {"id": "yetix-wow_blue_voice_2_settings", "attribute": "BLUE_VOICE_2_SETTINGS", "disabled": false}, "yetix-wow_acoustics": {"id": "yetix-wow_acoustics", "attribute": "ACOUSTICS", "disabled": false}, "yetix-wow_lighting_setting_firmware": {"id": "yetix-wow_lighting_setting_firmware", "attribute": "FIRMWARE_LIGHTING_SETTINGS", "disabled": false}, "yetix-wow_microphone_settings": {"id": "yetix-wow_microphone_settings", "attribute": "MICROPHONE_SETTINGS", "disabled": false}, "yetix-wow_equalizer": {"id": "yetix-wow_equalizer", "attribute": "EQUALIZER", "disabled": false}}}, {"id": "dev00000002", "pid": 2769, "state": "ACTIVE", "onboardMode": false, "individualMode": false, "resourcesAvailable": true, "connectionType": "USB", "hasWirelessInterface": false, "deviceType": "MICROPHONE", "deviceFamily": "", "deviceModel": "yeti_x_evantra", "deviceBaseModel": "yeti_x_evantra", "displayName": "Yeti X", "extendedDisplayName": "Yeti X", "slotPrefix": "yetix", "thumbnail": "pipeline://core/thumbnails/yetix.png", "deviceExt": 0, "deviceUnitId": "1191204096", "deviceSignature": "MICROPHONE.yeti_x_evantra.0.1191204096", "givenName": "", "capabilities": {"audio": {"dtsSupported": false, "dolbySupported": false, "denoiserSupported": false, "onboardEqSupported": false, "onboardProEqSupported": false, "dtsHx2eSupported": true, "proEqSupported": false, "blueVoiceSupported": false, "hardwareNoiseReductionSupported": false, "blueVoice2Supported": true, "hidMic": false, "devioVolumeFeatures": true}, "lightingSupport": {"deviceCategory": "MICROPHONE_RGB_ZONAL", "typeMap": {"ZONE_ONE": "ZONAL_ONE", "ZONE_COMBINED": "COMBINED", "ZONE_SEVEN": "ZONAL_SEVEN", "ZONE_FIVE": "ZONAL_FIVE", "ZONE_RIGHT_SIDE": "RIGHT_SIDE", "ZONE_PRIMARY": "PRIMARY", "ZONE_BRANDING": "LOGO", "ZONE_FOUR": "ZONAL_FOUR", "ZONE_LEFT_SIDE": "LEFT_SIDE", "ZONE_SIX": "ZONAL_SIX", "ZONE_TWO": "ZONAL_TWO", "ZONE_THREE": "ZONAL_THREE"}, "zones": [{"zoneType": "ZONE_PRIMARY", "supportedEffects": [{"id": "FIXED", "syncable": false, "fixedIntensity": false, "signature": false, "inactivityOnly": false}, {"id": "BREATHING", "syncable": false, "fixedIntensity": false, "signature": false, "inactivityOnly": false}], "defaultColor": {"rgba": {"red": 0, "green": 1, "blue": 0, "alpha": 1}, "tag": ""}, "onboardCluster": "CLUSTER_DEFAULT"}, {"zoneType": "ZONE_BRANDING", "supportedEffects": [{"id": "FIXED", "syncable": false, "fixedIntensity": false, "signature": false, "inactivityOnly": false}, {"id": "BREATHING", "syncable": false, "fixedIntensity": false, "signature": false, "inactivityOnly": false}], "defaultColor": {"rgba": {"red": 1, "green": 0, "blue": 0, "alpha": 1}, "tag": ""}, "onboardCluster": "CLUSTER_DEFAULT"}, {"zoneType": "ZONE_LEFT_SIDE", "supportedEffects": [{"id": "FIXED", "syncable": false, "fixedIntensity": false, "signature": false, "inactivityOnly": false}], "defaultColor": {"rgba": {"red": 0, "green": 0, "blue": 1, "alpha": 1}, "tag": ""}, "onboardCluster": "CLUSTER_DEFAULT"}, {"zoneType": "ZONE_RIGHT_SIDE", "supportedEffects": [{"id": "FIXED", "syncable": false, "fixedIntensity": false, "signature": false, "inactivityOnly": false}, {"id": "BREATHING", "syncable": false, "fixedIntensity": false, "signature": false, "inactivityOnly": false}], "defaultColor": {"rgba": {"red": 1, "green": 1, "blue": 1, "alpha": 1}, "tag": ""}, "onboardCluster": "CLUSTER_DEFAULT"}, {"zoneType": "ZONE_COMBINED", "supportedEffects": [{"id": "FIXED", "syncable": false, "fixedIntensity": false, "signature": false, "inactivityOnly": false}, {"id": "BREATHING", "syncable": false, "fixedIntensity": false, "signature": false, "inactivityOnly": false}], "defaultColor": {"rgba": {"red": 1, "green": 0, "blue": 1, "alpha": 1}, "tag": ""}, "onboardCluster": "CLUSTER_DEFAULT"}, {"zoneType": "ZONE_ONE", "supportedEffects": [{"id": "FIXED", "syncable": false, "fixedIntensity": false, "signature": false, "inactivityOnly": false}, {"id": "BREATHING", "syncable": false, "fixedIntensity": false, "signature": false, "inactivityOnly": false}], "defaultColor": {"rgba": {"red": 1, "green": 1, "blue": 1, "alpha": 1}, "tag": ""}, "onboardCluster": "CLUSTER_DEFAULT"}, {"zoneType": "ZONE_TWO", "supportedEffects": [{"id": "FIXED", "syncable": false, "fixedIntensity": false, "signature": false, "inactivityOnly": false}, {"id": "BREATHING", "syncable": false, "fixedIntensity": false, "signature": false, "inactivityOnly": false}], "defaultColor": {"rgba": {"red": 1, "green": 1, "blue": 1, "alpha": 1}, "tag": ""}, "onboardCluster": "CLUSTER_DEFAULT"}, {"zoneType": "ZONE_THREE", "supportedEffects": [{"id": "FIXED", "syncable": false, "fixedIntensity": false, "signature": false, "inactivityOnly": false}, {"id": "BREATHING", "syncable": false, "fixedIntensity": false, "signature": false, "inactivityOnly": false}], "defaultColor": {"rgba": {"red": 1, "green": 1, "blue": 1, "alpha": 1}, "tag": ""}, "onboardCluster": "CLUSTER_DEFAULT"}, {"zoneType": "ZONE_FOUR", "supportedEffects": [{"id": "FIXED", "syncable": false, "fixedIntensity": false, "signature": false, "inactivityOnly": false}, {"id": "BREATHING", "syncable": false, "fixedIntensity": false, "signature": false, "inactivityOnly": false}], "defaultColor": {"rgba": {"red": 1, "green": 1, "blue": 1, "alpha": 1}, "tag": ""}, "onboardCluster": "CLUSTER_DEFAULT"}, {"zoneType": "ZONE_FIVE", "supportedEffects": [{"id": "FIXED", "syncable": false, "fixedIntensity": false, "signature": false, "inactivityOnly": false}], "defaultColor": {"rgba": {"red": 0, "green": 1, "blue": 0, "alpha": 1}, "tag": ""}, "onboardCluster": "CLUSTER_DEFAULT"}, {"zoneType": "ZONE_SIX", "supportedEffects": [{"id": "FIXED", "syncable": false, "fixedIntensity": false, "signature": false, "inactivityOnly": false}], "defaultColor": {"rgba": {"red": 1, "green": 1, "blue": 0, "alpha": 1}, "tag": ""}, "onboardCluster": "CLUSTER_DEFAULT"}, {"zoneType": "ZONE_SEVEN", "supportedEffects": [{"id": "FIXED", "syncable": false, "fixedIntensity": false, "signature": false, "inactivityOnly": false}], "defaultColor": {"rgba": {"red": 1, "green": 0, "blue": 0, "alpha": 1}, "tag": ""}, "onboardCluster": "CLUSTER_DEFAULT"}], "isMonochrome": false, "isPerKey": false, "hideStartupEffect": true, "shutdownEffect": false, "brightnessLevels": [], "powerSavingEffect": false, "lowBatteryEffect": false, "brightnessPercentage": false, "gamma": false, "firmwareOnly": true, "offRamp": false, "activeDimming": false, "hasPositionalEffect": false}, "sleepTimer": false, "mstateSupport": {"count": 1, "timeOut": 0}, "fnInversion": false, "presentSplashScreen": false, "customizableColor": false, "wirelessReportRate": false, "hybridEngine": false, "advancedSleepTimer": false, "angleSnapping": false, "excludeGShift": false, "hostRemovalSupport": false, "microphoneSupport": {"supportedPolarPatterns": [{"id": "POLAR_PATTERN_STEREO"}, {"id": "POLAR_PATTERN_OMNI"}, {"id": "POLAR_PATTERN_CARDIOID"}, {"id": "POLAR_PATTERN_BIDIRECTIONAL"}], "supportedMicrophoneModes": [{"id": "MICROPHONE_GAIN"}, {"id": "HEADPHONE_LEVEL"}, {"id": "BLEND"}]}, "headphoneJack": true, "hostInfos": false, "gkeyLayout": "INVALID_GKEY_LAYOUT", "hasBatteryStatus": false, "powerOffTimer": false, "requiresBackupForDfu": false, "unifiedBattery": false, "dpiLighting": false, "nonInteractive": false, "chargepadCompatible": false, "individuality": false}, "activeInterfaces": [{"type": "DEVIO", "id": "046d_0ad1", "pid": 2769, "modelId": 0, "extendedModel": 0, "serialNumber": "1191204096", "path": "usb\\vid_046d&pid_0ad1&mi_03\\9&1b5b88cf&0&0003", "containerId": "32ffc2db-bb57-5c2b-80fe-e958a45b4fce", "deviceType": "MICROPHONE", "deviceName": "Yeti X", "keyboardLayout": "INVALID_LAYOUT", "firmwareVersion": "12.16.1216", "unitId": "1191204096", "firmwarePrefix": "U 12", "connectionType": "USB", "hasOnboardMode": false}, {"type": "HIDIO", "id": "HID_046d_0ad1_ffff0001", "pid": 2769, "modelId": 0, "extendedModel": 0, "serialNumber": "", "path": "\\\\?\\HID#VID_046D&PID_0AD1&MI_03&COL04#A&33D053&0&0003#{4D1E55B2-F16F-11CF-88CB-001111000030}", "containerId": "32ffc2db-bb57-5c2b-80fe-e958a45b4fce", "deviceType": "MICROPHONE", "deviceName": "Yeti X", "keyboardLayout": "INVALID_LAYOUT", "firmwareVersion": "", "unitId": "", "firmwarePrefix": "", "connectionType": "USB", "hasOnboardMode": false}, {"type": "AUDIO", "id": "", "pid": 0, "modelId": 0, "extendedModel": 0, "serialNumber": "", "path": "", "containerId": "32ffc2db-bb57-5c2b-80fe-e958a45b4fce", "deviceType": "INVALID_TYPE", "deviceName": "", "keyboardLayout": "INVALID_LAYOUT", "firmwareVersion": "", "unitId": "", "firmwarePrefix": "", "connectionType": "VIRTUAL", "hasOnboardMode": false}], "slots": {"yetix_acoustics": {"id": "yetix_acoustics", "attribute": "ACOUSTICS", "disabled": false}, "yetix_lighting_setting_firmware": {"id": "yetix_lighting_setting_firmware", "attribute": "FIRMWARE_LIGHTING_SETTINGS", "disabled": false}, "yetix_equalizer": {"id": "yetix_equalizer", "attribute": "EQUALIZER", "disabled": false}, "yetix_microphone_settings": {"id": "yetix_microphone_settings", "attribute": "MICROPHONE_SETTINGS", "disabled": false}, "yetix_blue_voice_2_settings": {"id": "yetix_blue_voice_2_settings", "attribute": "BLUE_VOICE_2_SETTINGS", "disabled": false}}}]}}