 {"msgId": "6cc27dea-6e09-432b-a102-187894a7450c", "verb": "GET", "path": "/devices/list", "origin": "backend", "result": {"code": "SUCCESS", "what": ""}, "payload": {"@type": "type.googleapis.com/logi.protocol.devices.Device.Info.List", "deviceInfos": [{"id": "dev00000000", "pid": 49976, "firmwareName": "U104", "isSubdevice": false, "state": "ACTIVE", "onboardMode": false, "individualMode": false, "resourcesAvailable": true, "connectionType": "USB", "hasWirelessInterface": false, "displayConnectionType": "USB", "deviceType": "KEYBOARD", "deviceFamily": "", "deviceModel": "g610", "deviceBaseModel": "g610", "displayName": "G610", "extendedDisplayName": "G610 Orion", "slotPrefix": "g610", "thumbnail": "pipeline://core/thumbnails/g610.png", "stringPackage": "", "deviceExt": 0, "deviceUnitId": "859391750", "deviceSignature": "KEYBOARD.g610.0.859391750", "givenName": "", "capabilities": {"lightingSupport": {"deviceCategory": "KEYBOARD_MONO_PER_KEY", "typeMap": {"PERKEY_CONSUMER": "HID_CONSUMER", "PERKEY_INDICATOR": "KEYBOARD_OTHER", "PERKEY_KEYBOARD": "HID_KEYBOARD", "ZONE_BRANDING": "LOGO", "PERKEY_BRANDING": "LOGO", "ZONE_PRIMARY": "PRIMARY"}, "zones": [{"zoneType": "ZONE_PRIMARY", "supportedEffects": [{"id": "OFF", "syncable": true, "fixedIntensity": false, "signature": false, "inactivityOnly": false}, {"id": "FIXED", "syncable": true, "fixedIntensity": false, "signature": false, "inactivityOnly": false}, {"id": "COLORWAVE", "syncable": false, "fixedIntensity": true, "signature": false, "inactivityOnly": false}, {"id": "BREATHING", "syncable": true, "fixedIntensity": true, "signature": false, "inactivityOnly": false}], "onboardCluster": "CLUSTER_DEFAULT"}, {"zoneType": "ZONE_BRANDING", "supportedEffects": [{"id": "OFF", "syncable": true, "fixedIntensity": false, "signature": false, "inactivityOnly": false}, {"id": "FIXED", "syncable": true, "fixedIntensity": false, "signature": false, "inactivityOnly": false}, {"id": "BREATHING", "syncable": true, "fixedIntensity": true, "signature": false, "inactivityOnly": false}], "onboardCluster": "CLUSTER_DEFAULT"}], "isMonochrome": true, "color": {"tag": "", "hex": "#ffffff"}, "isPerKey": true, "hideStartupEffect": false, "shutdownEffect": false, "brightnessLevels": [], "powerSavingEffect": false, "lowBatteryEffect": false, "brightnessPercentage": false, "gamma": false, "firmwareOnly": false, "offRamp": false, "activeDimming": false, "hasPositionalEffect": false, "hasPastelPalette": false, "hasRingLeds": false, "hasMasterSwitch": false, "needKeepAliveSignal": false}, "sleepTimer": false, "mstateSupport": {"count": 1, "timeOut": 0}, "reportHidControls": {"pages": [{"page": 7, "usages": [{"usage": 58, "button": 1}, {"usage": 59, "button": 2}, {"usage": 60, "button": 3}, {"usage": 61, "button": 4}, {"usage": 62, "button": 5}, {"usage": 63, "button": 6}, {"usage": 64, "button": 7}, {"usage": 65, "button": 8}, {"usage": 66, "button": 9}, {"usage": 67, "button": 10}, {"usage": 68, "button": 11}, {"usage": 69, "button": 12}]}]}, "fnInversion": false, "presentSplashScreen": false, "customizableColor": false, "wirelessReportRate": false, "hybridEngine": false, "advancedSleepTimer": false, "angleSnapping": false, "excludeGShift": false, "hostRemovalSupport": false, "headphoneJack": false, "hostInfos": false, "gkeyLayout": "INVALID_GKEY_LAYOUT", "hasBatteryStatus": false, "powerOffTimer": false, "requiresBackupForDfu": false, "unifiedBattery": false, "dpiLighting": false, "nonInteractive": false, "chargepadCompatible": false, "individuality": false, "defaultSlotFormat": "INVALID_FORMAT", "fnToggle": false}, "activeInterfaces": [{"type": "DEVIO", "id": "046d_c338", "pid": 49976, "modelId": 0, "extendedModel": 0, "serialNumber": "859391750", "path": "usb\\vid_046d&pid_c338&mi_01\\8&2ba1098d&0&0001", "containerId": "151c7a9d-6536-5735-b368-936f450af9d6", "deviceType": "KEYBOARD", "deviceName": "Logitech Gaming Keyboard G610", "keyboardLayout": "US", "firmwareVersion": "104.13.14", "firmwareName": "U104", "firmwareRevision": 13, "hardwareRevision": 0, "unitId": "859391750", "connectionType": "USB", "hasOnboardMode": false}], "slots": {"g610_g1_m1": {"id": "g610_g1_m1", "attribute": "MACRO_PLAYBACK", "disabled": false}, "g610_g6_m1": {"id": "g610_g6_m1", "attribute": "MACRO_PLAYBACK", "disabled": false}, "g610_g12_m1": {"id": "g610_g12_m1", "attribute": "MACRO_PLAYBACK", "disabled": false}, "g610_g2_m1_shifted": {"id": "g610_g2_m1_shifted", "attribute": "MACRO_PLAYBACK", "disabled": false}, "g610_g8_m1": {"id": "g610_g8_m1", "attribute": "MACRO_PLAYBACK", "disabled": false}, "g610_g7_m1": {"id": "g610_g7_m1", "attribute": "MACRO_PLAYBACK", "disabled": false}, "g610_g3_m1_shifted": {"id": "g610_g3_m1_shifted", "attribute": "MACRO_PLAYBACK", "disabled": false}, "g610_g4_m1": {"id": "g610_g4_m1", "attribute": "MACRO_PLAYBACK", "disabled": false}, "g610_lighting_setting_firmware": {"id": "g610_lighting_setting_firmware", "attribute": "FIRMWARE_LIGHTING_SETTINGS", "disabled": false}, "g610_g5_m1_shifted": {"id": "g610_g5_m1_shifted", "attribute": "MACRO_PLAYBACK", "disabled": false}, "g610_g11_m1": {"id": "g610_g11_m1", "attribute": "MACRO_PLAYBACK", "disabled": false}, "g610_g1_m1_shifted": {"id": "g610_g1_m1_shifted", "attribute": "MACRO_PLAYBACK", "disabled": false}, "g610_g9_m1": {"id": "g610_g9_m1", "attribute": "MACRO_PLAYBACK", "disabled": false}, "g610_g11_m1_shifted": {"id": "g610_g11_m1_shifted", "attribute": "MACRO_PLAYBACK", "disabled": false}, "g610_g9_m1_shifted": {"id": "g610_g9_m1_shifted", "attribute": "MACRO_PLAYBACK", "disabled": false}, "g610_g6_m1_shifted": {"id": "g610_g6_m1_shifted", "attribute": "MACRO_PLAYBACK", "disabled": false}, "g610_g5_m1": {"id": "g610_g5_m1", "attribute": "MACRO_PLAYBACK", "disabled": false}, "g610_g8_m1_shifted": {"id": "g610_g8_m1_shifted", "attribute": "MACRO_PLAYBACK", "disabled": false}, "g610_g12_m1_shifted": {"id": "g610_g12_m1_shifted", "attribute": "MACRO_PLAYBACK", "disabled": false}, "g610_g7_m1_shifted": {"id": "g610_g7_m1_shifted", "attribute": "MACRO_PLAYBACK", "disabled": false}, "g610_g10_m1": {"id": "g610_g10_m1", "attribute": "MACRO_PLAYBACK", "disabled": false}, "g610_g3_m1": {"id": "g610_g3_m1", "attribute": "MACRO_PLAYBACK", "disabled": false}, "g610_g10_m1_shifted": {"id": "g610_g10_m1_shifted", "attribute": "MACRO_PLAYBACK", "disabled": false}, "g610_disable_keys": {"id": "g610_disable_keys", "attribute": "DISABLE_KEY_SETTINGS", "disabled": false}, "g610_g4_m1_shifted": {"id": "g610_g4_m1_shifted", "attribute": "MACRO_PLAYBACK", "disabled": false}, "g610_g2_m1": {"id": "g610_g2_m1", "attribute": "MACRO_PLAYBACK", "disabled": false}}}, {"id": "dev00000001", "pid": 2195, "firmwareName": "", "isSubdevice": false, "state": "ACTIVE", "onboardMode": false, "individualMode": false, "resourcesAvailable": true, "connectionType": "USB", "hasWirelessInterface": false, "displayConnectionType": "USB", "deviceType": "CAMERA", "deviceFamily": "", "deviceModel": "streamcam", "deviceBaseModel": "streamcam", "displayName": "StreamCam", "extendedDisplayName": "StreamCam", "slotPrefix": "streamcam", "thumbnail": "pipeline://core/thumbnails/streamcam.png", "stringPackage": "", "deviceExt": 0, "deviceUnitId": "14251AE4", "deviceSignature": "CAMERA.streamcam.0.14251AE4", "givenName": "", "capabilities": {"sleepTimer": false, "mstateSupport": {"count": 1, "timeOut": 0}, "fnInversion": false, "presentSplashScreen": false, "customizableColor": false, "wirelessReportRate": false, "webcam": {"camera": {"fov": [], "hdr": false, "audioMode": true, "stabilization": true, "orientation": true}}, "hybridEngine": false, "advancedSleepTimer": false, "angleSnapping": false, "excludeGShift": false, "hostRemovalSupport": false, "headphoneJack": false, "hostInfos": false, "gkeyLayout": "INVALID_GKEY_LAYOUT", "hasBatteryStatus": false, "powerOffTimer": false, "requiresBackupForDfu": false, "unifiedBattery": false, "dpiLighting": false, "nonInteractive": false, "chargepadCompatible": false, "individuality": false, "defaultSlotFormat": "INVALID_FORMAT", "fnToggle": false}, "activeInterfaces": [{"type": "UVC", "id": "046d_0893", "pid": 2195, "modelId": 0, "extendedModel": 2, "serialNumber": "14251AE4", "path": "\\\\?\\usb#vid_046d&pid_0893&mi_00#6&1c7fc66f&0&0000#{65e8773d-8f56-11d0-a3b9-00a0c9223196}\\global", "containerId": "9b56be8e-9fca-5954-a234-b44294ca411d", "deviceType": "INVALID_TYPE", "deviceName": "", "keyboardLayout": "INVALID_LAYOUT", "firmwareVersion": "1.0.211", "firmwareName": "", "firmwareRevision": 0, "hardwareRevision": 0, "unitId": "14251AE4", "connectionType": "USB", "hasOnboardMode": false}], "slots": {"streamcam_camera": {"id": "streamcam_camera", "attribute": "CAMERA_SETTINGS", "disabled": false}, "streamcam_video": {"id": "streamcam_video", "attribute": "VIDEO_SETTINGS", "disabled": false}}}]}}