 {"msgId": "385d5db4-7e7c-4a8b-8627-5ffb477194d2", "verb": "GET", "path": "/devices/list", "origin": "backend", "result": {"code": "SUCCESS", "what": ""}, "payload": {"@type": "type.googleapis.com/logi.protocol.devices.Device.Info.List", "deviceInfos": [{"id": "dev00000000", "pid": 49976, "state": "ACTIVE", "onboardMode": false, "resourcesAvailable": true, "connectionType": "USB", "hasWirelessInterface": false, "deviceType": "KEYBOARD", "deviceModel": "g610", "displayName": "G610", "extendedDisplayName": "G610 Orion", "slotPrefix": "g610", "thumbnail": "pipeline://core/thumbnails/g610.png", "capabilities": {"lightingSupport": {"deviceCategory": "KEYBOARD_MONO_PER_KEY", "typeMap": {"PERKEY_INDICATOR": "KEYBOARD_OTHER", "ZONE_BRANDING": "LOGO", "ZONE_PRIMARY": "PRIMARY", "PERKEY_BRANDING": "LOGO", "PERKEY_CONSUMER": "HID_CONSUMER", "PERKEY_KEYBOARD": "HID_KEYBOARD"}, "zones": [{"zoneType": "ZONE_PRIMARY", "supportedEffects": [{"id": "OFF", "syncable": true, "fixedIntensity": false, "signature": false, "inactivityOnly": false}, {"id": "FIXED", "syncable": true, "fixedIntensity": false, "signature": false, "inactivityOnly": false}, {"id": "COLORWAVE", "syncable": false, "fixedIntensity": true, "signature": false, "inactivityOnly": false}, {"id": "BREATHING", "syncable": true, "fixedIntensity": true, "signature": false, "inactivityOnly": false}], "onboardCluster": "CLUSTER_DEFAULT"}, {"zoneType": "ZONE_BRANDING", "supportedEffects": [{"id": "OFF", "syncable": true, "fixedIntensity": false, "signature": false, "inactivityOnly": false}, {"id": "FIXED", "syncable": true, "fixedIntensity": false, "signature": false, "inactivityOnly": false}, {"id": "BREATHING", "syncable": true, "fixedIntensity": true, "signature": false, "inactivityOnly": false}], "onboardCluster": "CLUSTER_DEFAULT"}], "isMonochrome": true, "color": {"tag": "", "hex": "#ffffff"}, "isPerKey": true, "hideStartupEffect": false, "shudownEffect": false, "brightnessLevels": [], "powerSavingEffect": false, "lowBatteryEffect": false, "brightnessPercentage": false, "gamma": false, "firmwareOnly": false, "offRamp": false, "activeDimming": false}, "sleepTimer": false, "mstateSupport": {"count": 1, "timeOut": 0}, "reportHidControls": {"pages": [{"page": 7, "usages": [{"usage": 58, "button": 1}, {"usage": 59, "button": 2}, {"usage": 60, "button": 3}, {"usage": 61, "button": 4}, {"usage": 62, "button": 5}, {"usage": 63, "button": 6}, {"usage": 64, "button": 7}, {"usage": 65, "button": 8}, {"usage": 66, "button": 9}, {"usage": 67, "button": 10}, {"usage": 68, "button": 11}, {"usage": 69, "button": 12}]}]}, "fnInversion": false, "presentSplashScreen": false, "customizableColor": false, "wirelessReportRate": false, "hybridEngine": false, "advancedSleepTimer": false, "angleSnapping": false, "excludeGShift": false, "hostRemovalSupport": false, "headphoneJack": false, "hostInfos": false, "gkeyLayout": "INVALID_GKEY_LAYOUT", "hasBatteryStatus": false, "powerOffTimer": false, "requiresBackupForDfu": false, "unifiedBattery": false, "dpiLighting": false, "nonInteractive": false, "chargepadCompatible": false}, "activeInterfaces": [{"type": "DEVIO", "id": "046d_c338", "pid": 49976, "modelId": 0, "extendedModel": 0, "serialNumber": "859391752", "path": "IOService:/AppleACPIPlatformExpert/PCI0@0/AppleACPIPCI/XHC1@14/XHC1@14000000/HS10@14600000/USBHub3p-2[A]@14600000/AppleUSB20Hub@14600000/AppleUSB20HubPort@14640000/USBHub3p-2[0-3]@14640000/AppleUSB20Hub@14640000/AppleUSB20HubPort@14641000/Gaming Keyboard G610@14641000/IOUSBHostInterface@1/AppleUserUSBHostHIDDevice", "containerId": "0x14641000", "deviceType": "KEYBOARD", "deviceName": "Logitech Gaming Keyboard G610", "keyboardLayout": "US", "firmwareVersion": "104.13.14", "connectionType": "USB", "hasOnboardMode": false}], "slots": {"g610_g2_m1": {"id": "g610_g2_m1", "attribute": "MACRO_PLAYBACK", "disabled": false}, "g610_g2_m1_shifted": {"id": "g610_g2_m1_shifted", "attribute": "MACRO_PLAYBACK", "disabled": false}, "g610_g7_m1_shifted": {"id": "g610_g7_m1_shifted", "attribute": "MACRO_PLAYBACK", "disabled": false}, "g610_g11_m1_shifted": {"id": "g610_g11_m1_shifted", "attribute": "MACRO_PLAYBACK", "disabled": false}, "g610_g11_m1": {"id": "g610_g11_m1", "attribute": "MACRO_PLAYBACK", "disabled": false}, "g610_g6_m1": {"id": "g610_g6_m1", "attribute": "MACRO_PLAYBACK", "disabled": false}, "g610_g12_m1_shifted": {"id": "g610_g12_m1_shifted", "attribute": "MACRO_PLAYBACK", "disabled": false}, "g610_g3_m1": {"id": "g610_g3_m1", "attribute": "MACRO_PLAYBACK", "disabled": false}, "g610_g1_m1_shifted": {"id": "g610_g1_m1_shifted", "attribute": "MACRO_PLAYBACK", "disabled": false}, "g610_g4_m1": {"id": "g610_g4_m1", "attribute": "MACRO_PLAYBACK", "disabled": false}, "g610_g8_m1": {"id": "g610_g8_m1", "attribute": "MACRO_PLAYBACK", "disabled": false}, "g610_g8_m1_shifted": {"id": "g610_g8_m1_shifted", "attribute": "MACRO_PLAYBACK", "disabled": false}, "g610_g7_m1": {"id": "g610_g7_m1", "attribute": "MACRO_PLAYBACK", "disabled": false}, "g610_disable_keys": {"id": "g610_disable_keys", "attribute": "DISABLE_KEY_SETTINGS", "disabled": false}, "g610_g6_m1_shifted": {"id": "g610_g6_m1_shifted", "attribute": "MACRO_PLAYBACK", "disabled": false}, "g610_g12_m1": {"id": "g610_g12_m1", "attribute": "MACRO_PLAYBACK", "disabled": false}, "g610_lighting_setting_firmware": {"id": "g610_lighting_setting_firmware", "attribute": "FIRMWARE_LIGHTING_SETTINGS", "disabled": false}, "g610_g5_m1_shifted": {"id": "g610_g5_m1_shifted", "attribute": "MACRO_PLAYBACK", "disabled": false}, "g610_g9_m1": {"id": "g610_g9_m1", "attribute": "MACRO_PLAYBACK", "disabled": false}, "g610_g4_m1_shifted": {"id": "g610_g4_m1_shifted", "attribute": "MACRO_PLAYBACK", "disabled": false}, "g610_g10_m1": {"id": "g610_g10_m1", "attribute": "MACRO_PLAYBACK", "disabled": false}, "g610_g10_m1_shifted": {"id": "g610_g10_m1_shifted", "attribute": "MACRO_PLAYBACK", "disabled": false}, "g610_g3_m1_shifted": {"id": "g610_g3_m1_shifted", "attribute": "MACRO_PLAYBACK", "disabled": false}, "g610_g1_m1": {"id": "g610_g1_m1", "attribute": "MACRO_PLAYBACK", "disabled": false}, "g610_g5_m1": {"id": "g610_g5_m1", "attribute": "MACRO_PLAYBACK", "disabled": false}, "g610_g9_m1_shifted": {"id": "g610_g9_m1_shifted", "attribute": "MACRO_PLAYBACK", "disabled": false}}}]}}