{
  "drivers": [
    {
      "drivers": [
        {
          "destination": "",
          "hardwareId": "",
          "recreateDeviceNodes": "",
          "restartServices": [],
          "source": "C:\\ProgramData\\LGHUB\\depots\\142847\\driver_hid_mouse\\logi_mouse_hid_filter.inf",
          "type": "INF",
          "version": "2019.3.99"
        }
      ],
      "packageName": "mouse_hid_filter",
      "rebootNeeded": false
    }
  ],
  "extensions": {
    "di_ffb": {
      "extensions": [
        {
          "extension": {
            "autoInstall": true,
            "installer": {
              "arguments": [
                "--install",
                "--path \"%ProgramFiles%/Logitech/Direct Input Force Feedback\"",
                "--logfile"
              ],
              "pipelineUri": "pipeline://di_ffb/di_ffb_manager.exe"
            },
            "name": "di_ffb_manager",
            "uninstaller": {
              "arguments": [
                "--uninstall",
                "--logfile"
              ],
              "pipelineUri": "pipeline://di_ffb/di_ffb_manager.exe"
            },
            "version": "1.1.0.0"
          },
          "state": {
            "error": "",
            "state": "EXTENSION_INSTALLED"
          }
        }
      ]
    },
    "driver_hid_virtual": {
      "extensions": [
        {
          "extension": {
            "autoInstall": true,
            "installer": {
              "arguments": [
                "--install",
                "--verbose",
                "--logfile"
              ],
              "pipelineUri": "pipeline://driver_hid_virtual/ghub_bus_driver.exe"
            },
            "name": "virtual_hid",
            "uninstaller": {
              "arguments": [
                "--uninstall",
                "--verbose",
                "--logfile"
              ],
              "pipelineUri": "pipeline://driver_hid_virtual/ghub_bus_driver.exe"
            },
            "version": "2022.3.0.0"
          },
          "state": {
            "error": "",
            "state": "EXTENSION_INSTALLED"
          }
        }
      ]
    }
  },
  "files": [
    {
      "path": "C:\\Program Files\\LGHUB\\chrome_100_percent.pak",
      "registerLibrary": false,
      "sha256": "662a9db6ef4197cb4b6c50648a2cafceb7fd903015828df3fee605a602370be0"
    },
    {
      "path": "C:\\Program Files\\LGHUB\\chrome_200_percent.pak",
      "registerLibrary": false,
      "sha256": "d4282ae977f23afe252e19e421c8d09696ea3b83a1e73a6aaebaaa5547c74cbc"
    },
    {
      "path": "C:\\Program Files\\LGHUB\\d3dcompiler_47.dll",
      "registerLibrary": false,
      "sha256": "36377fb7178567e8d9c0924e412cda91656d2ffafa1f5cb74bbf8030874196fa"
    },
    {
      "path": "C:\\Program Files\\LGHUB\\data\\applications.json",
      "registerLibrary": false,
      "sha256": "6c7e12c09925c9c524beda7ebe5a76191a559fde3bbc1adc6c5e518a8ad57212"
    },
    {
      "path": "C:\\Program Files\\LGHUB\\data\\camera_presets.json",
      "registerLibrary": false,
      "sha256": "6ebd6aac2b0d6ac3282506fe058730d387bdb74add828519a5222e099f56e3f0"
    },
    {
      "path": "C:\\Program Files\\LGHUB\\data\\card_presets.json",
      "registerLibrary": false,
      "sha256": "2c662b3444c0194616c4cbc1e03db8aa976155dafc99bebe5adf09985dedca5a"
    },
    {
      "path": "C:\\Program Files\\LGHUB\\data\\centurion_eq_presets.json",
      "registerLibrary": false,
      "sha256": "f52de219b1702d63bba1c4663187b74efc8d0b634661e72009075dee8cb1398b"
    },
    {
      "path": "C:\\Program Files\\LGHUB\\data\\eq_presets.json",
      "registerLibrary": false,
      "sha256": "a88e074eca0f3a3893ab1074fc9f17173fcfdfae52cf0a14a64d463c044a8848"
    },
    {
      "path": "C:\\Program Files\\LGHUB\\data\\lighting\\effects\\audio-visualizer-generic.json",
      "registerLibrary": false,
      "sha256": "9435fbe71be67695cc5031e9b7fddcc338a0a96a12baca9ccab2fe689f17b374"
    },
    {
      "path": "C:\\Program Files\\LGHUB\\data\\lighting\\effects\\audio-visualizer-kb-per-key.json",
      "registerLibrary": false,
      "sha256": "ab85325b6ed2d57bb03eaa8b41cffef1516928ab0866fd12331f84718434af67"
    },
    {
      "path": "C:\\Program Files\\LGHUB\\data\\lighting\\effects\\audio-visualizer-kb-zonal.json",
      "registerLibrary": false,
      "sha256": "f0cce36eaa5b41f94e2e30c04909e6b53379924a9fe3bb6a3da4f87f1ea0af48"
    },
    {
      "path": "C:\\Program Files\\LGHUB\\data\\lighting\\effects\\audio-visualizer-mouse-rgb-per-key.json",
      "registerLibrary": false,
      "sha256": "2101103b6c89336279f7154120e69e79772d9e8bd245caacc16d85fc38109316"
    },
    {
      "path": "C:\\Program Files\\LGHUB\\data\\lighting\\effects\\contrastic.json",
      "registerLibrary": false,
      "sha256": "c160ef5036687cb4651cc73e75975add3fed5108b0839ae42adfb5ed54606dc2"
    },
    {
      "path": "C:\\Program Files\\LGHUB\\data\\lighting\\effects\\lightning.json",
      "registerLibrary": false,
      "sha256": "1e5b93178163721921ab4b51fdfdff8f7609a3be7f1096f9f6bbdaa3545f431f"
    },
    {
      "path": "C:\\Program Files\\LGHUB\\data\\lighting\\effects\\mono-contrastic.json",
      "registerLibrary": false,
      "sha256": "d1e1e1fac399b498c61fe4f7a26f6debc3528bd7c787a7c466d44da87c113b33"
    },
    {
      "path": "C:\\Program Files\\LGHUB\\data\\lighting\\effects\\mono-verticool.json",
      "registerLibrary": false,
      "sha256": "88c52137fa9eee315f47800d7b47ea53b118f043e37274369bafe12c98d3f1ef"
    },
    {
      "path": "C:\\Program Files\\LGHUB\\data\\lighting\\effects\\mouse-oceanwave.json",
      "registerLibrary": false,
      "sha256": "4f50f354c11d3bf07cf7f12205b36fb088fc282d27d64a54cf98c8386914ec36"
    },
    {
      "path": "C:\\Program Files\\LGHUB\\data\\lighting\\effects\\mouse-redwhiteblue.json",
      "registerLibrary": false,
      "sha256": "0bfde5f32da146717bdb055061f9171e797e136e79093fec838d8232af98e1b4"
    },
    {
      "path": "C:\\Program Files\\LGHUB\\data\\lighting\\effects\\mouse-verticool.json",
      "registerLibrary": false,
      "sha256": "e253aea0bb61a05938727884ff343ad082fb7157055440fd329ab719d38073d3"
    },
    {
      "path": "C:\\Program Files\\LGHUB\\data\\lighting\\effects\\oceanwave.json",
      "registerLibrary": false,
      "sha256": "06fcf945a6a2f287ea384b1a3a80eb2fe697e51e1df981cf6a9789c671b44190"
    },
    {
      "path": "C:\\Program Files\\LGHUB\\data\\lighting\\effects\\redwhiteblue.json",
      "registerLibrary": false,
      "sha256": "64923427b09999ef3dfad06006f1ecea36947162d4f09e20e2031059e00fc207"
    },
    {
      "path": "C:\\Program Files\\LGHUB\\data\\lighting\\effects\\screen_sampler-kb.json",
      "registerLibrary": false,
      "sha256": "9bd8bc8ee7445ebe1745277d1ad98e8dfd29dae9476af6400888c4a48889c08b"
    },
    {
      "path": "C:\\Program Files\\LGHUB\\data\\lighting\\effects\\screen_sampler-mrpk.json",
      "registerLibrary": false,
      "sha256": "ed9639148c3c3bc3fbe5d08523b3d9713dd7886c7bfc87af5f8ac214d67824f1"
    },
    {
      "path": "C:\\Program Files\\LGHUB\\data\\lighting\\effects\\screen_sampler.json",
      "registerLibrary": false,
      "sha256": "a6a82867df6e81efe26f688246a253ba4b0bb715ea7ef0db40979041d808bb61"
    },
    {
      "path": "C:\\Program Files\\LGHUB\\data\\lighting\\effects\\verticool.json",
      "registerLibrary": false,
      "sha256": "ddc5ebd23468958659a73701aa3fc08e63077bd0cf72cdca225d68f3976dae14"
    },
    {
      "path": "C:\\Program Files\\LGHUB\\data\\lighting\\effect_prefabs.json",
      "registerLibrary": false,
      "sha256": "59595737ae6b70d2d3540c45aae1b7754f486fd56896ea6be388e5f05939bfa7"
    },
    {
      "path": "C:\\Program Files\\LGHUB\\data\\lighting\\effect_presets.json",
      "registerLibrary": false,
      "sha256": "02c1353c70428dff39fa89d297451295f476a23b541b143e1dd0ed3b18f52478"
    },
    {
      "path": "C:\\Program Files\\LGHUB\\data\\pro_eq_presets.json",
      "registerLibrary": false,
      "sha256": "a06c0c79a65054ad5ec9b5ed6e390d4fe877a56b299ccbb7cbf458ab532a4bca"
    },
    {
      "path": "C:\\Program Files\\LGHUB\\data\\sounds\\71ChannelCheckSound.wma",
      "registerLibrary": false,
      "sha256": "3a25eb44361ddcc39ea78443ef4a5f94e3a3025d569ff9af1043ce37a4376e11"
    },
    {
      "path": "C:\\Program Files\\LGHUB\\data\\video_filters.json",
      "registerLibrary": false,
      "sha256": "f6ceaf8132202d66c61c8aa32eea121a627076494b303f48197b243128dcb1ad"
    },
    {
      "path": "C:\\Program Files\\LGHUB\\ffmpeg.dll",
      "registerLibrary": false,
      "sha256": "7e6dfcf7e868dcea513b13025cdc2141761f5d1f25db9ad8f19dd677c5352a86"
    },
    {
      "path": "C:\\Program Files\\LGHUB\\icudtl.dat",
      "registerLibrary": false,
      "sha256": "cb73d42d36839708013393ad0e4e932fdda9a1acda9275ecdbe74fe89eea8366"
    },
    {
      "path": "C:\\Program Files\\LGHUB\\lghub.exe",
      "registerLibrary": false,
      "sha256": "5ee71d69312521f8c3bf603302315606e8ece2927b11e2a273d3d4dedcc494a6"
    },
    {
      "path": "C:\\Program Files\\LGHUB\\lghub_agent.exe",
      "registerLibrary": false,
      "sha256": "1107720863944af7aa678ebfbd45a4c554882862b2eaa5f2488b13c939d9020c"
    },
    {
      "path": "C:\\Program Files\\LGHUB\\lghub_uninstaller.exe",
      "registerLibrary": false,
      "sha256": "ded52fdb4696d71c0db7ab1c6218882c16cd4723d20fe34d972554274ebcbcfa"
    },
    {
      "path": "C:\\Program Files\\LGHUB\\lghub_updater.exe",
      "registerLibrary": false,
      "sha256": "b182c8b6d4c8dc4c993811b368b5d6825761e9da3be6a8643f8405c1954d1503"
    },
    {
      "path": "C:\\Program Files\\LGHUB\\libEGL.dll",
      "registerLibrary": false,
      "sha256": "5edc5e48504b33710dfc907c5aa32b0be9308ccf2351c92be60c769f31887b20"
    },
    {
      "path": "C:\\Program Files\\LGHUB\\libGLESv2.dll",
      "registerLibrary": false,
      "sha256": "1dc2d0045bea2eeefef26214a4589c845e10d5c921ee676c0add809437e260ec"
    },
    {
      "path": "C:\\Program Files\\LGHUB\\LICENSE",
      "registerLibrary": false,
      "sha256": "5154e165bd6c2cc0cfbcd8916498c7abab0497923bafcd5cb07673fe8480087d"
    },
    {
      "path": "C:\\Program Files\\LGHUB\\LICENSES.chromium.html",
      "registerLibrary": false,
      "sha256": "d3bf6dd8892c6d77555e0b55efe98bfd18f08987ea39668bc5d0c419877aef1f"
    },
    {
      "path": "C:\\Program Files\\LGHUB\\locales\\af.pak",
      "registerLibrary": false,
      "sha256": "e6db19247e92d007323f9e0ee776c423a6a8a64ab321c9d5c964cf137e390a4d"
    },
    {
      "path": "C:\\Program Files\\LGHUB\\locales\\am.pak",
      "registerLibrary": false,
      "sha256": "9aa0bee97cd6957d3fa1dc43e3bc45b7fc4f55df6df9a33faa7aeaf6e2c46a71"
    },
    {
      "path": "C:\\Program Files\\LGHUB\\locales\\ar.pak",
      "registerLibrary": false,
      "sha256": "88645be62d0421ace7b2c44df7de67a4a83b04977049bef82b465f60f06d5560"
    },
    {
      "path": "C:\\Program Files\\LGHUB\\locales\\bg.pak",
      "registerLibrary": false,
      "sha256": "4a7d229dbd7ca53bac0438d5705a8ecad9e33213f6752e58624da1b9e9cd571b"
    },
    {
      "path": "C:\\Program Files\\LGHUB\\locales\\bn.pak",
      "registerLibrary": false,
      "sha256": "6ad844d2b22c8fbf3587ea603140deb1475dab934ac62e402dbf1c6946dc882e"
    },
    {
      "path": "C:\\Program Files\\LGHUB\\locales\\ca.pak",
      "registerLibrary": false,
      "sha256": "2b4281c355f0ef19417c3b944ef40642f2e4d0fa3730c626f77f00cef70a6d7e"
    },
    {
      "path": "C:\\Program Files\\LGHUB\\locales\\cs.pak",
      "registerLibrary": false,
      "sha256": "dee2f88b85753600284bb4acc844be1f0edd5688f98340770bc042aecbd73fb9"
    },
    {
      "path": "C:\\Program Files\\LGHUB\\locales\\da.pak",
      "registerLibrary": false,
      "sha256": "19444d709ff0b9343aef93a640c505566572a0f3121012716d2af937c08d6dd1"
    },
    {
      "path": "C:\\Program Files\\LGHUB\\locales\\de.pak",
      "registerLibrary": false,
      "sha256": "6e8983727e035e77652fb453192871e435dbab03ffb3088a86ec918ef01b7f37"
    },
    {
      "path": "C:\\Program Files\\LGHUB\\locales\\el.pak",
      "registerLibrary": false,
      "sha256": "b4bdd19191dc4bc22f8a3ecab032f034b0c0c0669e9a5ba1b42717ec0b5b418b"
    },
    {
      "path": "C:\\Program Files\\LGHUB\\locales\\en-GB.pak",
      "registerLibrary": false,
      "sha256": "e252661d412a068610ac2e2a64609f21f71c64602c579a14d7e6ee59d08fdfc1"
    },
    {
      "path": "C:\\Program Files\\LGHUB\\locales\\en-US.pak",
      "registerLibrary": false,
      "sha256": "bd67fc968d75e77f2bae7ad552c398ccc4dad8635d74814c2046f813010c45e7"
    },
    {
      "path": "C:\\Program Files\\LGHUB\\locales\\es-419.pak",
      "registerLibrary": false,
      "sha256": "376cb23e273650f9b81fd531fe8c2f6ab4f2dbc1badf02327669489a654143ca"
    },
    {
      "path": "C:\\Program Files\\LGHUB\\locales\\es.pak",
      "registerLibrary": false,
      "sha256": "e1a9180677d2989137e8dd381e6c847c47b385a6d3e965a047829479317736ae"
    },
    {
      "path": "C:\\Program Files\\LGHUB\\locales\\et.pak",
      "registerLibrary": false,
      "sha256": "8e75989893f0d59f6ccae2042231ec8e7dea6fbc78210700d0d1d3a67f6b1d59"
    },
    {
      "path": "C:\\Program Files\\LGHUB\\locales\\fa.pak",
      "registerLibrary": false,
      "sha256": "59695da5aa5c468d85f998c9f27dcc6e68bc1a9b12792355069b7cac4d223c31"
    },
    {
      "path": "C:\\Program Files\\LGHUB\\locales\\fi.pak",
      "registerLibrary": false,
      "sha256": "0b41ce33c0036aee83989ce4ffc2d096b2f6fab77634e4bb500ec70a51b4e0bd"
    },
    {
      "path": "C:\\Program Files\\LGHUB\\locales\\fil.pak",
      "registerLibrary": false,
      "sha256": "742705b1c87900f6e8f02fa112d2cf13ffaa6c09c62a7dc34a2cd6a29608dd10"
    },
    {
      "path": "C:\\Program Files\\LGHUB\\locales\\fr.pak",
      "registerLibrary": false,
      "sha256": "b7b3e4f04dadde5c228408c32c55f088372181cad5b71df515cdad8dd1ef9e6d"
    },
    {
      "path": "C:\\Program Files\\LGHUB\\locales\\gu.pak",
      "registerLibrary": false,
      "sha256": "984aed687408ebdeb291a57893034490d6acfe9d34546dcc3715f33c8907ca61"
    },
    {
      "path": "C:\\Program Files\\LGHUB\\locales\\he.pak",
      "registerLibrary": false,
      "sha256": "4e972808f0a25619462a0390105e8a869037341a30b3481b3c80d918009efdb2"
    },
    {
      "path": "C:\\Program Files\\LGHUB\\locales\\hi.pak",
      "registerLibrary": false,
      "sha256": "ba422906b81ebbcc2177459f7a0303f428590dd5008dbfc1430265dc008290ba"
    },
    {
      "path": "C:\\Program Files\\LGHUB\\locales\\hr.pak",
      "registerLibrary": false,
      "sha256": "66e85a46152b7baa26b2fd8d6af3df0ca67f54b75281aa08cf6a0f7e769aee8c"
    },
    {
      "path": "C:\\Program Files\\LGHUB\\locales\\hu.pak",
      "registerLibrary": false,
      "sha256": "df6c21a38bedd4c6d02ab60650f4c34537e238d4c72b96b2857973027542c3d8"
    },
    {
      "path": "C:\\Program Files\\LGHUB\\locales\\id.pak",
      "registerLibrary": false,
      "sha256": "788a4e41a8e6b70e714913b4894a48fdf24799f7a20320565c523b233a41a8be"
    },
    {
      "path": "C:\\Program Files\\LGHUB\\locales\\it.pak",
      "registerLibrary": false,
      "sha256": "94652279dd554461d91613fd2cf295e0c68a7fa46855c53172781b15a5b2bcb7"
    },
    {
      "path": "C:\\Program Files\\LGHUB\\locales\\ja.pak",
      "registerLibrary": false,
      "sha256": "1b3bcb7b6482cd9b005aaf30ccde3b4f3603f0a9e1d0f2209d70ecc74f7353de"
    },
    {
      "path": "C:\\Program Files\\LGHUB\\locales\\kn.pak",
      "registerLibrary": false,
      "sha256": "c06445ffccb52fca884686db4eda33d315d8340fd653c199c0fd8a07d1872720"
    },
    {
      "path": "C:\\Program Files\\LGHUB\\locales\\ko.pak",
      "registerLibrary": false,
      "sha256": "7b87b2795f4bee5d4ea37b959ef9d7815b4cc39ba3470d97006370337c3e5997"
    },
    {
      "path": "C:\\Program Files\\LGHUB\\locales\\lt.pak",
      "registerLibrary": false,
      "sha256": "da21c47633640002d0eb397d9f2685df542b6f5e53ee3ca655340750de2f3217"
    },
    {
      "path": "C:\\Program Files\\LGHUB\\locales\\lv.pak",
      "registerLibrary": false,
      "sha256": "1af1ac2692035d502e772f976c977936d0feb42f65a9096e0af2fcf8b7df03bf"
    },
    {
      "path": "C:\\Program Files\\LGHUB\\locales\\ml.pak",
      "registerLibrary": false,
      "sha256": "c990dd02ea8ccad94f5002b2b05e74ad258a9b13ec1168732cde06d0723e2a91"
    },
    {
      "path": "C:\\Program Files\\LGHUB\\locales\\mr.pak",
      "registerLibrary": false,
      "sha256": "c20543bde56b4ba78b7efd8a1fd4d6990e751ea7e243c91a2e83ca78dc0d9289"
    },
    {
      "path": "C:\\Program Files\\LGHUB\\locales\\ms.pak",
      "registerLibrary": false,
      "sha256": "d51d9f4fd2be492a751db6898b4c2843b2b6cbfe893bb66ffa4eb8e1a66e7e5f"
    },
    {
      "path": "C:\\Program Files\\LGHUB\\locales\\nb.pak",
      "registerLibrary": false,
      "sha256": "fee60b6eff88716fd8ad4a9b2da8b16827753c819671831e2d7dc2723aee3bf8"
    },
    {
      "path": "C:\\Program Files\\LGHUB\\locales\\nl.pak",
      "registerLibrary": false,
      "sha256": "361d54411d890d26fbe6d1f8e8f8258e72afca143783f9f16145b9f4f5f9333d"
    },
    {
      "path": "C:\\Program Files\\LGHUB\\locales\\pl.pak",
      "registerLibrary": false,
      "sha256": "fb1dc5b556f59b6ad642167f1df9e654517ad494559eb3f441ca8f79d56a86e0"
    },
    {
      "path": "C:\\Program Files\\LGHUB\\locales\\pt-BR.pak",
      "registerLibrary": false,
      "sha256": "1054376071aba92b165cf561b7931a18ae0b29c9ca22eda85c5c9c7e6721e49b"
    },
    {
      "path": "C:\\Program Files\\LGHUB\\locales\\pt-PT.pak",
      "registerLibrary": false,
      "sha256": "e5c382258030217591f439a4020069378c3362677258d5129c69ef8e25abd6c2"
    },
    {
      "path": "C:\\Program Files\\LGHUB\\locales\\ro.pak",
      "registerLibrary": false,
      "sha256": "d56825b2ad81fa419b428855d8b3cff01015a446b7cc989d7b17fe1b3b5f45cd"
    },
    {
      "path": "C:\\Program Files\\LGHUB\\locales\\ru.pak",
      "registerLibrary": false,
      "sha256": "f6b76bf79ea9f03d6bf8a399778a387029baf9a94ad274788514b2086b612bd8"
    },
    {
      "path": "C:\\Program Files\\LGHUB\\locales\\sk.pak",
      "registerLibrary": false,
      "sha256": "fe43904bfb0072add943ee8d44e9f92a80eb2aa55ce7157de52ea625c277db53"
    },
    {
      "path": "C:\\Program Files\\LGHUB\\locales\\sl.pak",
      "registerLibrary": false,
      "sha256": "5015c0685b66ef38c92ffc4963e144e913b646d8e855f3976e50c8039879cccf"
    },
    {
      "path": "C:\\Program Files\\LGHUB\\locales\\sr.pak",
      "registerLibrary": false,
      "sha256": "a0ef17a572ce510796886b844226b65991bbddcc71b763b91569a07ef23d2070"
    },
    {
      "path": "C:\\Program Files\\LGHUB\\locales\\sv.pak",
      "registerLibrary": false,
      "sha256": "21c7d459c55f255c6da5a6454eafc836a3bcdba9c99c76bad0f0d6fbbe7a33ef"
    },
    {
      "path": "C:\\Program Files\\LGHUB\\locales\\sw.pak",
      "registerLibrary": false,
      "sha256": "a8d904e4871efa01c72ef64bab601e6cb1de216db4a696966e90fe1b733bef17"
    },
    {
      "path": "C:\\Program Files\\LGHUB\\locales\\ta.pak",
      "registerLibrary": false,
      "sha256": "fafe173abc2ca773026b0caa24e693a0ac4c9d0ad7c40258bece10e4714dcb15"
    },
    {
      "path": "C:\\Program Files\\LGHUB\\locales\\te.pak",
      "registerLibrary": false,
      "sha256": "7fc98e50ecf3bbc04ff70a85c1157e4b02e7fc40562f996c4ea25582bb9f4ee7"
    },
    {
      "path": "C:\\Program Files\\LGHUB\\locales\\th.pak",
      "registerLibrary": false,
      "sha256": "bb8b656b1d2c4cf5f361f59b44abd4809cd774e664dbd0f90b62b97ea125e3c6"
    },
    {
      "path": "C:\\Program Files\\LGHUB\\locales\\tr.pak",
      "registerLibrary": false,
      "sha256": "e31a9cefcbef64d082b77a16a2d5dff11673f74363cf9fc34e36004a62e308d6"
    },
    {
      "path": "C:\\Program Files\\LGHUB\\locales\\uk.pak",
      "registerLibrary": false,
      "sha256": "d10af321c33d48f5e97abb1c74b76e43e63390b9022bed58437fa4d271283900"
    },
    {
      "path": "C:\\Program Files\\LGHUB\\locales\\ur.pak",
      "registerLibrary": false,
      "sha256": "ae2457b6f347d34fa8ecf524d91154ba9b80ee160196d774546c1b8924049495"
    },
    {
      "path": "C:\\Program Files\\LGHUB\\locales\\vi.pak",
      "registerLibrary": false,
      "sha256": "2ca9eb9d04ab45f479b392ca9067d353e5472f863d3b784acfcb1361c6da30d7"
    },
    {
      "path": "C:\\Program Files\\LGHUB\\locales\\zh-CN.pak",
      "registerLibrary": false,
      "sha256": "3e63b6f4557d7ad41138dff35760e301ecf08e403e95bae8d7789e2ecd620aa8"
    },
    {
      "path": "C:\\Program Files\\LGHUB\\locales\\zh-TW.pak",
      "registerLibrary": false,
      "sha256": "54469b7be7f1c7cd972e77d9853813d41b515b2ef8a3824e7fad2646b3ebb3a4"
    },
    {
      "path": "C:\\Program Files\\LGHUB\\logi_audio_conexant.dll",
      "registerLibrary": false,
      "sha256": "9878623cfc2505eed70bf4561064863fdfeabba871cdceafed351a01781e96ba"
    },
    {
      "path": "C:\\Program Files\\LGHUB\\logi_crashpad_handler.exe",
      "registerLibrary": false,
      "sha256": "75ad3eac2a10d4b1209311144e9b7337f1ab3fed8e4da5de4caf4e2de50ea045"
    },
    {
      "path": "C:\\Program Files\\LGHUB\\platforms\\qwindows.dll",
      "registerLibrary": false,
      "sha256": "a575f78282e58567435eff80cedc0dc98cd7ee894cd7780be77cb1066caac23f"
    },
    {
      "path": "C:\\Program Files\\LGHUB\\Qt5Concurrent.dll",
      "registerLibrary": false,
      "sha256": "384b2f239b12f436a4699919facc7432289f368934c621fa738efa98cae8e4f1"
    },
    {
      "path": "C:\\Program Files\\LGHUB\\Qt5Core.dll",
      "registerLibrary": false,
      "sha256": "af017600a39658be31cd7e9d02f3f7e62632e22c5ef786dd7ce96b17eb8904cd"
    },
    {
      "path": "C:\\Program Files\\LGHUB\\Qt5Gui.dll",
      "registerLibrary": false,
      "sha256": "4c8a0663d855627ede9ed91f7691e02098c997202275d3fbe8c5d5de76388577"
    },
    {
      "path": "C:\\Program Files\\LGHUB\\Qt5Network.dll",
      "registerLibrary": false,
      "sha256": "07fad15e87dabdf970b8761dcbf76675bfdb634f6c3bc4217a3a53432fd7eb8e"
    },
    {
      "path": "C:\\Program Files\\LGHUB\\Qt5Widgets.dll",
      "registerLibrary": false,
      "sha256": "6d0368f0d8d0ee4347b2e6fd9282df49005d25c31406595866cec68d2aefe384"
    },
    {
      "path": "C:\\Program Files\\LGHUB\\resources\\app.asar",
      "registerLibrary": false,
      "sha256": "5b931cd69d728b939c6add8330dda05ba52dc88fa58fcf8088be6c25aadc8df3"
    },
    {
      "path": "C:\\Program Files\\LGHUB\\resources\\app.asar.unpacked\\node_modules\\keytar\\build\\Release\\keytar.node",
      "registerLibrary": false,
      "sha256": "53546b65dddbe42b7dd9a2a2940e8f5d27e02051416a28d8406cfd8cc9e6ba42"
    },
    {
      "path": "C:\\Program Files\\LGHUB\\resources\\icon.png",
      "registerLibrary": false,
      "sha256": "67d0957daca9717fe862746dd968097c7ac30fc718cc580c2563a5a85c6d23be"
    },
    {
      "path": "C:\\Program Files\\LGHUB\\resources.pak",
      "registerLibrary": false,
      "sha256": "54a6f32a288069872561bae115d211fe3b2701d55a5048311d1cfcd541fe4659"
    },
    {
      "path": "C:\\Program Files\\LGHUB\\snapshot_blob.bin",
      "registerLibrary": false,
      "sha256": "2590aa136bc101f1075e42cd8939c7679ceb35b773c989be2ada49acaffd01a5"
    },
    {
      "path": "C:\\Program Files\\LGHUB\\v8_context_snapshot.bin",
      "registerLibrary": false,
      "sha256": "f59fa568139442c7f547fc8a5a0fd090ddc8427cc409e2fcef0518a9dcb47a96"
    },
    {
      "path": "C:\\Program Files\\LGHUB\\version",
      "registerLibrary": false,
      "sha256": "7e9af7e8b198ae957b6391de33d9a5c809793d0f605da6316676a70baaad2745"
    },
    {
      "path": "C:\\Program Files\\LGHUB\\vk_swiftshader.dll",
      "registerLibrary": false,
      "sha256": "c2245ba599c16967fe4a311920b6a5fa46a902ca888135e2becb568b3aae4196"
    },
    {
      "path": "C:\\Program Files\\LGHUB\\vk_swiftshader_icd.json",
      "registerLibrary": false,
      "sha256": "32d83ff113fef532a9f97e0d2831f8656628ab1c99e9060f0332b1532839afd9"
    },
    {
      "path": "C:\\Program Files\\LGHUB\\vulkan-1.dll",
      "registerLibrary": false,
      "sha256": "2a8fd1777c87d892bdc7d9d7efb1c2371779afe13715b39efafee234d56a3e42"
    },
    {
      "path": "C:\\Program Files\\LGHUB\\sdks/trueforce_sdk_x86.dll",
      "registerLibrary": true,
      "sha256": "e67cfb928317647efa966a8bb531faa9ad897f691fce21679052f645679d97cb"
    },
    {
      "path": "C:\\Program Files\\LGHUB\\sdks/trueforce_sdk_x64.dll",
      "registerLibrary": true,
      "sha256": "953eb6999933fe6882151f8b3ceeda2a6fd3764b28e0648b818286b8abf5e646"
    },
    {
      "path": "C:\\Program Files\\LGHUB\\sdks/sdk_legacy_led_x86.dll",
      "registerLibrary": true,
      "sha256": "d4957ca2c20dd7f16d6086155e4a21f837b9dfd6158e68041ea5a5b5378d6801"
    },
    {
      "path": "C:\\Program Files\\LGHUB\\sdks/sdk_legacy_led_x64.dll",
      "registerLibrary": true,
      "sha256": "065cf28ca614f00d08eea2111aa7b5a1b2aeb3d3a6fbb4135021b702aa15e19a"
    },
    {
      "path": "C:\\Program Files\\LGHUB\\sdks/sdk_legacy_steering_wheel_x64.dll",
      "registerLibrary": true,
      "sha256": "d471545d5cb4386e4c0346e02c4d048491b3a4c2423913b6cf4fa241764c1ef3"
    },
    {
      "path": "C:\\Program Files\\LGHUB\\sdks/sdk_legacy_steering_wheel_x86.dll",
      "registerLibrary": true,
      "sha256": "bbd03f28ef58f2ba28a274c72e8e0bc487b49558ca464aa4fe51fc89fab0d309"
    },
    {
      "path": "C:\\Users\\Lenovo-QA\\AppData\\Local\\LGHUB\\integrations\\applet_discord\\config.json",
      "registerLibrary": false,
      "sha256": "df818820b31755a470ff3c6199942d48385818a11096616c7e734d79f74796a8"
    },
    {
      "path": "C:\\Users\\Lenovo-QA\\AppData\\Local\\LGHUB\\integrations\\applet_obs\\config.json",
      "registerLibrary": false,
      "sha256": "f399794f7d8137ab1b8dedba0452ab0fb87e7aeb566e3237094c62480ee33cc8"
    },
    {
      "path": "C:\\Users\\Lenovo-QA\\AppData\\Local\\LGHUB\\integrations\\applet_assetto_corsa\\config.json",
      "registerLibrary": false,
      "sha256": "6329eab464c7e29d0264f888703343c0a062a2282a710011ce1d776a736d63b6"
    },
    {
      "path": "C:\\Users\\Lenovo-QA\\AppData\\Local\\LGHUB\\integrations\\applet_assetto_corsa\\AssettoCorsaArxApplet.exe",
      "registerLibrary": false,
      "sha256": "26de612cd51dacb93fedbdc444f84b1eb71ee94764fd14c11f05874b0519b3f4"
    },
    {
      "path": "C:\\Users\\Lenovo-QA\\AppData\\Local\\LGHUB\\integrations\\applet_assetto_corsa\\applet_files\\acBackground.png",
      "registerLibrary": false,
      "sha256": "815c076c753611ba44d7c9ce410acdc844383b492aa4ff5cd337675bd6f834cd"
    },
    {
      "path": "C:\\Users\\Lenovo-QA\\AppData\\Local\\LGHUB\\integrations\\applet_assetto_corsa\\applet_files\\acLogo.png",
      "registerLibrary": false,
      "sha256": "02b9e72eddc73e7b863f6f84b821213407307a3e1a71df7cdae465285b122997"
    },
    {
      "path": "C:\\Users\\Lenovo-QA\\AppData\\Local\\LGHUB\\integrations\\applet_assetto_corsa\\applet_files\\acLogoOpaque.png",
      "registerLibrary": false,
      "sha256": "9a6eadfd048283262eccd195dbb8af9550c377c734f54242d8d6ceccb060f90d"
    },
    {
      "path": "C:\\Users\\Lenovo-QA\\AppData\\Local\\LGHUB\\integrations\\applet_assetto_corsa\\applet_files\\index.html",
      "registerLibrary": false,
      "sha256": "afbae05c66e56e296ce94191960d3a03f9d3db6f39b6543515b0352720672d93"
    },
    {
      "path": "C:\\Users\\Lenovo-QA\\AppData\\Local\\LGHUB\\integrations\\applet_assetto_corsa\\applet_files\\jquery-1.11.1.min.js",
      "registerLibrary": false,
      "sha256": "540bc6dec1dd4b92ea4d3fb903f69eabf6d919afd48f4e312b163c28cff0f441"
    },
    {
      "path": "C:\\Users\\Lenovo-QA\\AppData\\Local\\LGHUB\\integrations\\applet_assetto_corsa\\applet_files\\jquery.mobile-1.4.2-onlyEvents.js",
      "registerLibrary": false,
      "sha256": "71616cc59712466b3e0a26919e694ba4bf3560a246d224cdec266c91c220a3fe"
    },
    {
      "path": "C:\\Users\\Lenovo-QA\\AppData\\Local\\LGHUB\\integrations\\applet_assetto_corsa\\applet_files\\jquery.svg.js",
      "registerLibrary": false,
      "sha256": "472781d4e49afa540b8b71f8d48bea979bce8e0c0f82f641c24881dda37e6df5"
    },
    {
      "path": "C:\\Users\\Lenovo-QA\\AppData\\Local\\LGHUB\\integrations\\applet_assetto_corsa\\applet_files\\jquery.svganim.js",
      "registerLibrary": false,
      "sha256": "93c65c680e21b2c94bf06f8804e64a09303b80f8d434202e371fd98d7e2c0a62"
    },
    {
      "path": "C:\\Users\\Lenovo-QA\\AppData\\Local\\LGHUB\\integrations\\applet_assetto_corsa\\applet_files\\script.js",
      "registerLibrary": false,
      "sha256": "54b870eaf3f321309584e7bd0e8d243265b42da6cb6fa90edd18e261f6b7a59a"
    },
    {
      "path": "C:\\Users\\Lenovo-QA\\AppData\\Local\\LGHUB\\integrations\\applet_assetto_corsa\\applet_files\\styleSheet.css",
      "registerLibrary": false,
      "sha256": "0b0ee8dc51f1a4834af8a7552e9a4f477192e3708fe1747d5a7bbcdfdc1eac8c"
    },
    {
      "path": "C:\\Users\\Lenovo-QA\\AppData\\Local\\LGHUB\\integrations\\applet_assetto_corsa\\applet_files\\styleSheetPhone.css",
      "registerLibrary": false,
      "sha256": "3296d02227c8aad4722052b86bdc293eb41771c9ed27befe7ba0ebae9ab169f5"
    },
    {
      "path": "C:\\Users\\Lenovo-QA\\AppData\\Local\\LGHUB\\integrations\\applet_assetto_corsa\\applet_files\\svgController.js",
      "registerLibrary": false,
      "sha256": "1b6aaf4b763ed9f7e586f9359c26632a44a508087e13c26517e964840bdbf15b"
    },
    {
      "path": "C:\\Users\\Lenovo-QA\\AppData\\Local\\LGHUB\\integrations\\applet_csgo\\config.json",
      "registerLibrary": false,
      "sha256": "bfe5a7c1bbfebbca8a4e8e50e63cfd84ca5fa69830da4f9f10b4b89fe8a993e2"
    },
    {
      "path": "C:\\Users\\Lenovo-QA\\AppData\\Local\\LGHUB\\integrations\\applet_csgo\\CS_GO_Arx_Applet.exe",
      "registerLibrary": false,
      "sha256": "4968c9bfd589f55e917d24950fa177d2e094efa62d4a2b903092669bbf8b7993"
    },
    {
      "path": "C:\\Users\\Lenovo-QA\\AppData\\Local\\LGHUB\\integrations\\applet_csgo\\Applet_files\\gamestate_integration_logitech.cfg",
      "registerLibrary": false,
      "sha256": "a2b904036ab6fe53ba8e42de3fa36d2d8f081aa2bc0c6767e249057df8aebdcf"
    },
    {
      "path": "C:\\Users\\Lenovo-QA\\AppData\\Local\\LGHUB\\integrations\\applet_dota2\\config.json",
      "registerLibrary": false,
      "sha256": "911695851daa5ab00c63b001173a58c9ab52279f193e1246afffd6d771469255"
    },
    {
      "path": "C:\\Users\\Lenovo-QA\\AppData\\Local\\LGHUB\\integrations\\applet_dota2\\Dota2ArxApplet.exe",
      "registerLibrary": false,
      "sha256": "c8dbbe5abb5508f4bf17e9b45c5b8dac0c4938639ec816ef7303fb57b2c84ca3"
    },
    {
      "path": "C:\\Users\\Lenovo-QA\\AppData\\Local\\LGHUB\\integrations\\applet_dota2\\Applet_Files\\gamestate_integration_logitech.cfg",
      "registerLibrary": false,
      "sha256": "4e39af721910e0165676a92d9f89b88df9448cf6c960af2b878dd9d0a023fc0f"
    },
    {
      "path": "C:\\Users\\Lenovo-QA\\AppData\\Local\\LGHUB\\integrations\\applet_overwolf\\config.json",
      "registerLibrary": false,
      "sha256": "a6315cc17f4cde41a04a19e2796fcc04fb21daaed74fc3045e2493ca211acb63"
    }
  ],
  "folders": [
    {
      "path": "C:/Program Files\\LGHUB\\data"
    },
    {
      "path": "C:/Program Files\\LGHUB\\data\\lighting"
    },
    {
      "path": "C:/Program Files\\LGHUB\\data\\lighting\\effects"
    },
    {
      "path": "C:/Program Files\\LGHUB\\data\\sounds"
    },
    {
      "path": "C:/Program Files\\LGHUB\\locales"
    },
    {
      "path": "C:/Program Files\\LGHUB\\platforms"
    },
    {
      "path": "C:/Program Files\\LGHUB\\resources"
    },
    {
      "path": "C:/Program Files\\LGHUB\\resources\\app.asar.unpacked"
    },
    {
      "path": "C:/Program Files\\LGHUB\\resources\\app.asar.unpacked\\node_modules"
    },
    {
      "path": "C:/Program Files\\LGHUB\\resources\\app.asar.unpacked\\node_modules\\keytar"
    },
    {
      "path": "C:/Program Files\\LGHUB\\resources\\app.asar.unpacked\\node_modules\\keytar\\build"
    },
    {
      "path": "C:/Program Files\\LGHUB\\resources\\app.asar.unpacked\\node_modules\\keytar\\build\\Release"
    },
    {
      "path": "C:/Program Files\\LGHUB\\sdks"
    }
  ],
  "processControl": {
    "identifiers": [
      "lghub",
      "lghub_installer",
      "lghub_agent"
    ]
  },
  "product": {
    "guid": "{521c89be-637f-4274-a840-baaf7460c2b2}",
    "icon": "{frontend_root}/lghub.exe",
    "linkAbout": "http://www.logitechg.com",
    "linkHelp": "http://support.logitech.com",
    "name": "{brand} G HUB",
    "publisher": "{brand}",
    "version": "2022.9.310789"
  },
  "renamedItems": [],
  "services": [
    {
      "asConsoleUser": false,
      "command": {
        "arguments": [
          "--run-as-service"
        ],
        "executable": "C:\\Program Files\\LGHUB\\lghub_updater.exe"
      },
      "service": "LGHUBUpdaterService"
    },
    {
      "asConsoleUser": true,
      "command": {
        "arguments": [
          "--background"
        ],
        "executable": "C:\\Program Files\\LGHUB\\lghub.exe"
      },
      "service": "LGHUB"
    }
  ],
  "shortcuts": [
    {
      "description": "",
      "name": "{brand} G HUB",
      "onDesktop": true,
      "onStartMenu": true,
      "path": "{frontend_root}/lghub.exe"
    }
  ],
  "uninstaller": {
    "arguments": [
      "--uninstall"
    ],
    "executable": "C:\\Program Files\\LGHUB\\lghub_updater.exe"
  }
}