 {"msgId": "86fab433-dd1f-48e7-8b85-72af99d35242", "verb": "GET", "path": "/devices/list", "origin": "backend", "result": {"code": "SUCCESS", "what": ""}, "payload": {"@type": "type.googleapis.com/logi.protocol.devices.Device.Info.List", "deviceInfos": [{"id": "dev00000000", "pid": 2680, "state": "ACTIVE", "onboardMode": false, "individualMode": false, "resourcesAvailable": true, "connectionType": "USB", "hasWirelessInterface": false, "deviceType": "SPEAKER", "deviceFamily": "", "deviceModel": "g560", "deviceBaseModel": "g560", "displayName": "G560", "extendedDisplayName": "G560 Gaming Speaker", "slotPrefix": "g560", "thumbnail": "pipeline://core/thumbnails/g560.png", "deviceExt": 0, "deviceUnitId": "4294967295", "deviceSignature": "SPEAKER.g560.0.4294967295", "givenName": "", "capabilities": {"audio": {"dtsSupported": true, "dolbySupported": false, "denoiserSupported": false, "onboardEqSupported": false, "onboardProEqSupported": false, "dtsHx2eSupported": false, "proEqSupported": false, "blueVoiceSupported": false, "hardwareNoiseReductionSupported": false, "blueVoice2Supported": false, "hidMic": false, "devioVolumeFeatures": false}, "lightingSupport": {"deviceCategory": "SPEAKER_RGB_ZONAL", "typeMap": {"ZONE_FOUR": "RIGHT_SIDE", "ZONE_TWO": "LEFT_SIDE", "ZONE_ONE": "PRIMARY", "ZONE_THREE": "LOGO"}, "zones": [{"zoneType": "ZONE_ONE", "supportedEffects": [{"id": "OFF", "syncable": true, "fixedIntensity": false, "signature": false, "inactivityOnly": false}, {"id": "FIXED", "syncable": true, "fixedIntensity": false, "signature": false, "inactivityOnly": false}, {"id": "CYCLE", "syncable": true, "fixedIntensity": false, "signature": false, "inactivityOnly": false}, {"id": "BREATHING", "syncable": true, "fixedIntensity": false, "signature": false, "inactivityOnly": false}], "onboardCluster": "CLUSTER_DEFAULT"}, {"zoneType": "ZONE_TWO", "supportedEffects": [{"id": "OFF", "syncable": true, "fixedIntensity": false, "signature": false, "inactivityOnly": false}, {"id": "FIXED", "syncable": true, "fixedIntensity": false, "signature": false, "inactivityOnly": false}, {"id": "CYCLE", "syncable": true, "fixedIntensity": false, "signature": false, "inactivityOnly": false}, {"id": "BREATHING", "syncable": true, "fixedIntensity": false, "signature": false, "inactivityOnly": false}], "onboardCluster": "CLUSTER_DEFAULT"}, {"zoneType": "ZONE_THREE", "supportedEffects": [{"id": "OFF", "syncable": true, "fixedIntensity": false, "signature": false, "inactivityOnly": false}, {"id": "FIXED", "syncable": true, "fixedIntensity": false, "signature": false, "inactivityOnly": false}, {"id": "CYCLE", "syncable": true, "fixedIntensity": false, "signature": false, "inactivityOnly": false}, {"id": "BREATHING", "syncable": true, "fixedIntensity": false, "signature": false, "inactivityOnly": false}], "onboardCluster": "CLUSTER_DEFAULT"}, {"zoneType": "ZONE_FOUR", "supportedEffects": [{"id": "OFF", "syncable": true, "fixedIntensity": false, "signature": false, "inactivityOnly": false}, {"id": "FIXED", "syncable": true, "fixedIntensity": false, "signature": false, "inactivityOnly": false}, {"id": "CYCLE", "syncable": true, "fixedIntensity": false, "signature": false, "inactivityOnly": false}, {"id": "BREATHING", "syncable": true, "fixedIntensity": false, "signature": false, "inactivityOnly": false}], "onboardCluster": "CLUSTER_DEFAULT"}], "isMonochrome": false, "isPerKey": false, "hideStartupEffect": false, "shutdownEffect": false, "brightnessLevels": [100, 50, 25, 0], "powerSavingEffect": false, "lowBatteryEffect": false, "brightnessPercentage": false, "gamma": false, "firmwareOnly": false, "offRamp": false, "activeDimming": false, "hasPositionalEffect": false}, "sleepTimer": false, "mstateSupport": {"count": 1, "timeOut": 0}, "fnInversion": false, "presentSplashScreen": false, "customizableColor": false, "wirelessReportRate": false, "hybridEngine": false, "advancedSleepTimer": false, "angleSnapping": false, "excludeGShift": false, "hostRemovalSupport": false, "headphoneJack": false, "hostInfos": false, "gkeyLayout": "INVALID_GKEY_LAYOUT", "hasBatteryStatus": false, "powerOffTimer": false, "requiresBackupForDfu": false, "notificationSupport": {}, "unifiedBattery": false, "dpiLighting": false, "nonInteractive": false, "chargepadCompatible": false, "individuality": false, "defaultSlotFormat": "INVALID_FORMAT"}, "activeInterfaces": [{"type": "DEVIO", "id": "046d_0a78", "pid": 2680, "modelId": 0, "extendedModel": 0, "serialNumber": "4294967295", "path": "\\\\?\\hid#vid_046d&pid_0a78&mi_02&col03#7&34d9012b&0&0002#{4d1e55b2-f16f-11cf-88cb-001111000030}", "containerId": "f5b7eec4-2d71-5296-be8c-247e0df6b587", "deviceType": "SPEAKER", "deviceName": "G560 Gaming Speaker", "keyboardLayout": "INVALID_LAYOUT", "firmwareVersion": "122.3.23", "unitId": "4294967295", "firmwareName": "U12203", "connectionType": "USB", "hasOnboardMode": false}, {"type": "AUDIO", "id": "", "pid": 0, "modelId": 0, "extendedModel": 0, "serialNumber": "", "path": "", "containerId": "f5b7eec4-2d71-5296-be8c-247e0df6b587", "deviceType": "INVALID_TYPE", "deviceName": "", "keyboardLayout": "INVALID_LAYOUT", "firmwareVersion": "", "unitId": "", "firmwareName": "", "connectionType": "VIRTUAL", "hasOnboardMode": false}], "slots": {"g560_equalizer": {"id": "g560_equalizer", "attribute": "EQUALIZER", "disabled": false}, "g560_lighting_setting_firmware": {"id": "g560_lighting_setting_firmware", "attribute": "FIRMWARE_LIGHTING_SETTINGS", "disabled": false}, "g560_g1_m1_shifted": {"id": "g560_g1_m1_shifted", "attribute": "MACRO_PLAYBACK", "disabled": false}, "g560_g1_m1": {"id": "g560_g1_m1", "attribute": "MACRO_PLAYBACK", "disabled": false}, "g560_acoustics": {"id": "g560_acoustics", "attribute": "ACOUSTICS", "disabled": false}}}, {"id": "dev00000001", "pid": 49288, "state": "ACTIVE", "onboardMode": false, "individualMode": false, "resourcesAvailable": true, "connectionType": "USB", "hasWirelessInterface": false, "deviceType": "MOUSE", "deviceFamily": "", "deviceModel": "pro_wireless_mouse_ext16", "deviceBaseModel": "pro_wireless_mouse", "displayName": "PRO WIRELESS LOL", "extendedDisplayName": "Pro Wireless Mouse", "slotPrefix": "prowirelessmouse", "thumbnail": "pipeline://core/thumbnails/pro_wireless_mouse_lol.png", "deviceExt": 16, "deviceUnitId": "4137936573", "deviceSignature": "MOUSE.pro_wireless_mouse.16.4137936573", "givenName": "", "capabilities": {"lightingSupport": {"deviceCategory": "MOUSE_RGB_ZONAL", "typeMap": {"ZONE_BRANDING": "LOGO", "ZONE_PRIMARY": "PRIMARY"}, "zones": [{"zoneType": "ZONE_PRIMARY", "supportedEffects": [{"id": "OFF", "syncable": true, "fixedIntensity": false, "signature": false, "inactivityOnly": false}, {"id": "FIXED", "syncable": true, "fixedIntensity": false, "signature": false, "inactivityOnly": false}, {"id": "CYCLE", "syncable": true, "fixedIntensity": false, "signature": false, "inactivityOnly": false}, {"id": "BREATHING", "syncable": true, "fixedIntensity": false, "signature": false, "inactivityOnly": false}], "onboardCluster": "CLUSTER_DEFAULT"}, {"zoneType": "ZONE_BRANDING", "supportedEffects": [{"id": "OFF", "syncable": true, "fixedIntensity": false, "signature": false, "inactivityOnly": false}, {"id": "FIXED", "syncable": true, "fixedIntensity": false, "signature": false, "inactivityOnly": false}, {"id": "CYCLE", "syncable": true, "fixedIntensity": false, "signature": false, "inactivityOnly": false}, {"id": "BREATHING", "syncable": true, "fixedIntensity": false, "signature": false, "inactivityOnly": false}], "onboardCluster": "CLUSTER_DEFAULT"}], "isMonochrome": false, "isPerKey": false, "hideStartupEffect": false, "shutdownEffect": false, "brightnessLevels": [], "powerSavingEffect": false, "lowBatteryEffect": true, "brightnessPercentage": false, "gamma": false, "firmwareOnly": false, "offRamp": false, "activeDimming": false, "hasPositionalEffect": false}, "sleepTimer": false, "mstateSupport": {"count": 1, "timeOut": 0}, "maskableZones": {"zones": [{"id": "bottom_left", "slotIds": ["prowirelessmouse_g4_m1", "prowirelessmouse_g4_m1_shifted"], "displayIconKey": "mouse_4_buttons_bottom_left_icon", "renderIconKey": "cover_bottom_left", "enabled": false}, {"id": "top_left", "slotIds": ["prowirelessmouse_g5_m1", "prowirelessmouse_g5_m1_shifted"], "displayIconKey": "mouse_4_buttons_top_left_icon", "renderIconKey": "cover_top_left", "enabled": false}, {"id": "bottom_right", "slotIds": ["prowirelessmouse_g7_m1", "prowirelessmouse_g7_m1_shifted"], "displayIconKey": "mouse_4_buttons_bottom_right_icon", "renderIconKey": "cover_bottom_right", "enabled": false}, {"id": "top_right", "slotIds": ["prowirelessmouse_g8_m1", "prowirelessmouse_g8_m1_shifted"], "displayIconKey": "mouse_4_buttons_top_right_icon", "renderIconKey": "cover_top_right", "enabled": false}]}, "fnInversion": false, "presentSplashScreen": false, "customizableColor": false, "wirelessReportRate": false, "hybridEngine": false, "advancedSleepTimer": false, "angleSnapping": false, "excludeGShift": false, "hostRemovalSupport": false, "headphoneJack": false, "hostInfos": false, "gkeyLayout": "INVALID_GKEY_LAYOUT", "hasBatteryStatus": true, "powerOffTimer": false, "requiresBackupForDfu": false, "unifiedBattery": false, "dpiLighting": true, "nonInteractive": false, "receiverPairing": {"receiverType": "LS1", "receiverPid": 0, "pairingAction": "ACTION_POWER_CYCLE", "hasForcePairing": false}, "chargepadCompatible": true, "individuality": false, "defaultSlotFormat": "INVALID_FORMAT"}, "activeInterfaces": [{"type": "DEVIO", "id": "046d_c088", "pid": 49288, "modelId": 0, "extendedModel": 16, "serialNumber": "4137936573", "path": "usb\\vid_046d&pid_c088&mi_02\\6&2322ef8c&0&0002", "containerId": "14e3dda3-a530-5108-9a63-3235f96356e5", "deviceType": "MOUSE", "deviceName": "G Pro Wireless Gaming Mouse", "keyboardLayout": "INVALID_LAYOUT", "firmwareVersion": "15.2.26", "unitId": "4137936573", "firmwareName": "MPM1502", "connectionType": "USB", "hasOnboardMode": true}], "slots": {"prowirelessmouse_g4_m1_shifted": {"id": "prowirelessmouse_g4_m1_shifted", "attribute": "MACRO_PLAYBACK", "disabled": false}, "prowirelessmouse_g2_m1_shifted": {"id": "prowirelessmouse_g2_m1_shifted", "attribute": "MACRO_PLAYBACK", "disabled": false}, "prowirelessmouse_g6_m1": {"id": "prowirelessmouse_g6_m1", "attribute": "MACRO_PLAYBACK", "disabled": false}, "prowirelessmouse_g7_m1": {"id": "prowirelessmouse_g7_m1", "attribute": "MACRO_PLAYBACK", "disabled": false}, "prowirelessmouse_g3_m1_shifted": {"id": "prowirelessmouse_g3_m1_shifted", "attribute": "MACRO_PLAYBACK", "disabled": false}, "prowirelessmouse_lighting_setting_firmware": {"id": "prowirelessmouse_lighting_setting_firmware", "attribute": "FIRMWARE_LIGHTING_SETTINGS", "disabled": false}, "prowirelessmouse_g2_m1": {"id": "prowirelessmouse_g2_m1", "attribute": "MACRO_PLAYBACK", "disabled": false}, "prowirelessmouse_g8_m1": {"id": "prowirelessmouse_g8_m1", "attribute": "MACRO_PLAYBACK", "disabled": false}, "prowirelessmouse_g7_m1_shifted": {"id": "prowirelessmouse_g7_m1_shifted", "attribute": "MACRO_PLAYBACK", "disabled": false}, "prowirelessmouse_g3_m1": {"id": "prowirelessmouse_g3_m1", "attribute": "MACRO_PLAYBACK", "disabled": false}, "prowirelessmouse_g6_m1_shifted": {"id": "prowirelessmouse_g6_m1_shifted", "attribute": "MACRO_PLAYBACK", "disabled": false}, "prowirelessmouse_mouse_settings": {"id": "prowirelessmouse_mouse_settings", "attribute": "MOUSE_SETTINGS", "disabled": false}, "prowirelessmouse_g1_m1": {"id": "prowirelessmouse_g1_m1", "attribute": "MACRO_PLAYBACK", "disabled": false}, "prowirelessmouse_g1_m1_shifted": {"id": "prowirelessmouse_g1_m1_shifted", "attribute": "MACRO_PLAYBACK", "disabled": false}, "prowirelessmouse_g5_m1_shifted": {"id": "prowirelessmouse_g5_m1_shifted", "attribute": "MACRO_PLAYBACK", "disabled": false}, "prowirelessmouse_g8_m1_shifted": {"id": "prowirelessmouse_g8_m1_shifted", "attribute": "MACRO_PLAYBACK", "disabled": false}, "prowirelessmouse_g5_m1": {"id": "prowirelessmouse_g5_m1", "attribute": "MACRO_PLAYBACK", "disabled": false}, "prowirelessmouse_g4_m1": {"id": "prowirelessmouse_g4_m1", "attribute": "MACRO_PLAYBACK", "disabled": false}}}, {"id": "dev00000002", "pid": 49774, "state": "ACTIVE", "onboardMode": false, "individualMode": false, "resourcesAvailable": true, "connectionType": "USB", "hasWirelessInterface": false, "deviceType": "STEERING_WHEEL", "deviceFamily": "", "deviceModel": "g923_xbox", "deviceBaseModel": "g923_xbox", "displayName": "G923", "extendedDisplayName": "G923 Racing Wheel for XBox One and PC", "slotPrefix": "g923-xbox", "thumbnail": "pipeline://core/thumbnails/g923_xbox.png", "deviceExt": 0, "deviceUnitId": "1350144186", "deviceSignature": "STEERING_WHEEL.g923_xbox.0.1350144186", "givenName": "", "capabilities": {"sleepTimer": false, "mstateSupport": {"count": 1, "timeOut": 0}, "reportHidControls": {"pages": [{"page": 9, "usages": [{"usage": 1, "button": 1}, {"usage": 2, "button": 2}, {"usage": 3, "button": 3}, {"usage": 4, "button": 4}, {"usage": 5, "button": 5}, {"usage": 6, "button": 6}, {"usage": 7, "button": 7}, {"usage": 8, "button": 8}, {"usage": 9, "button": 9}, {"usage": 10, "button": 10}, {"usage": 11, "button": 11}, {"usage": 12, "button": 12}, {"usage": 13, "button": 13}, {"usage": 14, "button": 14}, {"usage": 15, "button": 15}, {"usage": 16, "button": 16}, {"usage": 17, "button": 17}, {"usage": 18, "button": 18}, {"usage": 19, "button": 19}, {"usage": 20, "button": 20}, {"usage": 21, "button": 21}, {"usage": 22, "button": 22}, {"usage": 23, "button": 23}]}, {"page": 65280, "usages": [{"usage": 1, "button": 24}, {"usage": 2, "button": 25}, {"usage": 3, "button": 26}, {"usage": 4, "button": 27}, {"usage": 5, "button": 28}, {"usage": 6, "button": 29}, {"usage": 7, "button": 30}, {"usage": 8, "button": 31}]}]}, "fnInversion": false, "presentSplashScreen": false, "customizableColor": false, "wirelessReportRate": false, "hybridEngine": false, "advancedSleepTimer": false, "angleSnapping": false, "excludeGShift": false, "hostRemovalSupport": false, "headphoneJack": false, "gamingAttachments": {"attachments": [{"id": "DAYLIGHT_STARLIGHT_SHIFTER", "slotIds": ["g923-xbox_g12_m1", "g923-xbox_g13_m1", "g923-xbox_g14_m1", "g923-xbox_g15_m1", "g923-xbox_g16_m1", "g923-xbox_g17_m1", "g923-xbox_g18_m1", "g923-xbox_g12_m1_shifted", "g923-xbox_g13_m1_shifted", "g923-xbox_g14_m1_shifted", "g923-xbox_g15_m1_shifted", "g923-xbox_g16_m1_shifted", "g923-xbox_g17_m1_shifted", "g923-xbox_g18_m1_shifted"]}, {"id": "DAYLIGHT_STARLIGHT_PEDALS", "slotIds": ["g923-xbox_pedal_settings"]}]}, "operatingRange": {"minimum": 180, "maximum": 900}, "pedalHidControls": {"pages": [{"page": 1, "usages": [{"usage": 49, "button": 1}, {"usage": 50, "button": 2}, {"usage": 53, "button": 3}]}]}, "hostInfos": false, "gkeyLayout": "INVALID_GKEY_LAYOUT", "hasBatteryStatus": false, "powerOffTimer": false, "trueforce": {"deviceId": "", "tfGain": {"value": 100}, "kfGain": {"value": 100}, "gameControl": {"enabled": true}}, "axisMonitor": {"axes": [{"axisId": "WHEEL", "interfaceId": "HID_046d_c26e_00010004", "controlPage": 1, "controlUsage": 48}, {"axisId": "BRAKE", "interfaceId": "HID_046d_c26e_00010004", "controlPage": 1, "controlUsage": 50}, {"axisId": "CLUTCH", "interfaceId": "HID_046d_c26e_00010004", "controlPage": 1, "controlUsage": 53}, {"axisId": "ACCELERATOR", "interfaceId": "HID_046d_c26e_00010004", "controlPage": 1, "controlUsage": 49}]}, "requiresBackupForDfu": false, "unifiedBattery": false, "dpiLighting": false, "nonInteractive": false, "chargepadCompatible": false, "individuality": false, "defaultSlotFormat": "INVALID_FORMAT"}, "activeInterfaces": [{"type": "DEVIO", "id": "046d_c26e", "pid": 49774, "modelId": 0, "extendedModel": 0, "serialNumber": "1350144186", "path": "usb\\vid_046d&pid_c26e&mi_00\\6&1c093627&0&0000", "containerId": "4b10125f-eb84-52fe-9c02-6900e5024534", "deviceType": "STEERING_WHEEL", "deviceName": "G923 Racing Wheel for Xbox One and PC", "keyboardLayout": "INVALID_LAYOUT", "firmwareVersion": "139.1.49", "unitId": "1350144186", "firmwareName": "U13901", "connectionType": "USB", "hasOnboardMode": false}, {"type": "HIDIO", "id": "HID_046d_c26e_00010004", "pid": 49774, "modelId": 0, "extendedModel": 0, "serialNumber": "", "path": "\\\\?\\HID#VID_046D&PID_C26E&MI_00&COL01#7&8990C80&0&0000#{4D1E55B2-F16F-11CF-88CB-001111000030}", "containerId": "4b10125f-eb84-52fe-9c02-6900e5024534", "deviceType": "STEERING_WHEEL", "deviceName": "", "keyboardLayout": "INVALID_LAYOUT", "firmwareVersion": "", "unitId": "", "firmwareName": "", "connectionType": "USB", "hasOnboardMode": false}], "slots": {"g923-xbox_g18_m1_shifted": {"id": "g923-xbox_g18_m1_shifted", "attribute": "MACRO_PLAYBACK", "disabled": true}, "g923-xbox_g26_m1": {"id": "g923-xbox_g26_m1", "attribute": "MACRO_PLAYBACK", "disabled": false}, "g923-xbox_g22_m1_shifted": {"id": "g923-xbox_g22_m1_shifted", "attribute": "MACRO_PLAYBACK", "disabled": false}, "g923-xbox_g7_m1_shifted": {"id": "g923-xbox_g7_m1_shifted", "attribute": "MACRO_PLAYBACK", "disabled": false}, "g923-xbox_g3_m1": {"id": "g923-xbox_g3_m1", "attribute": "MACRO_PLAYBACK", "disabled": false}, "g923-xbox_g28_m1": {"id": "g923-xbox_g28_m1", "attribute": "MACRO_PLAYBACK", "disabled": false}, "g923-xbox_g9_m1_shifted": {"id": "g923-xbox_g9_m1_shifted", "attribute": "MACRO_PLAYBACK", "disabled": false}, "g923-xbox_g3_m1_shifted": {"id": "g923-xbox_g3_m1_shifted", "attribute": "MACRO_PLAYBACK", "disabled": false}, "g923-xbox_g14_m1": {"id": "g923-xbox_g14_m1", "attribute": "MACRO_PLAYBACK", "disabled": true}, "g923-xbox_g5_m1_shifted": {"id": "g923-xbox_g5_m1_shifted", "attribute": "MACRO_PLAYBACK", "disabled": false}, "g923-xbox_g10_m1_shifted": {"id": "g923-xbox_g10_m1_shifted", "attribute": "MACRO_PLAYBACK", "disabled": false}, "g923-xbox_g14_m1_shifted": {"id": "g923-xbox_g14_m1_shifted", "attribute": "MACRO_PLAYBACK", "disabled": true}, "g923-xbox_g12_m1_shifted": {"id": "g923-xbox_g12_m1_shifted", "attribute": "MACRO_PLAYBACK", "disabled": true}, "g923-xbox_g27_m1": {"id": "g923-xbox_g27_m1", "attribute": "MACRO_PLAYBACK", "disabled": false}, "g923-xbox_g4_m1": {"id": "g923-xbox_g4_m1", "attribute": "MACRO_PLAYBACK", "disabled": false}, "g923-xbox_g13_m1": {"id": "g923-xbox_g13_m1", "attribute": "MACRO_PLAYBACK", "disabled": true}, "g923-xbox_g31_m1": {"id": "g923-xbox_g31_m1", "attribute": "MACRO_PLAYBACK", "disabled": false}, "g923-xbox_g6_m1": {"id": "g923-xbox_g6_m1", "attribute": "MACRO_PLAYBACK", "disabled": false}, "g923-xbox_g16_m1": {"id": "g923-xbox_g16_m1", "attribute": "MACRO_PLAYBACK", "disabled": true}, "g923-xbox_g5_m1": {"id": "g923-xbox_g5_m1", "attribute": "MACRO_PLAYBACK", "disabled": false}, "g923-xbox_wheel_settings": {"id": "g923-xbox_wheel_settings", "attribute": "WHEEL_SETTINGS", "disabled": false}, "g923-xbox_g1_m1_shifted": {"id": "g923-xbox_g1_m1_shifted", "attribute": "MACRO_PLAYBACK", "disabled": false}, "g923-xbox_g2_m1": {"id": "g923-xbox_g2_m1", "attribute": "MACRO_PLAYBACK", "disabled": false}, "g923-xbox_g30_m1": {"id": "g923-xbox_g30_m1", "attribute": "MACRO_PLAYBACK", "disabled": false}, "g923-xbox_g7_m1": {"id": "g923-xbox_g7_m1", "attribute": "MACRO_PLAYBACK", "disabled": false}, "g923-xbox_g20_m1_shifted": {"id": "g923-xbox_g20_m1_shifted", "attribute": "MACRO_PLAYBACK", "disabled": false}, "g923-xbox_g20_m1": {"id": "g923-xbox_g20_m1", "attribute": "MACRO_PLAYBACK", "disabled": false}, "g923-xbox_g30_m1_shifted": {"id": "g923-xbox_g30_m1_shifted", "attribute": "MACRO_PLAYBACK", "disabled": false}, "g923-xbox_g27_m1_shifted": {"id": "g923-xbox_g27_m1_shifted", "attribute": "MACRO_PLAYBACK", "disabled": false}, "g923-xbox_g23_m1": {"id": "g923-xbox_g23_m1", "attribute": "MACRO_PLAYBACK", "disabled": false}, "g923-xbox_g15_m1_shifted": {"id": "g923-xbox_g15_m1_shifted", "attribute": "MACRO_PLAYBACK", "disabled": true}, "g923-xbox_g28_m1_shifted": {"id": "g923-xbox_g28_m1_shifted", "attribute": "MACRO_PLAYBACK", "disabled": false}, "g923-xbox_g10_m1": {"id": "g923-xbox_g10_m1", "attribute": "MACRO_PLAYBACK", "disabled": false}, "g923-xbox_trueforce_settings": {"id": "g923-xbox_trueforce_settings", "attribute": "TRUEFORCE_SETTINGS", "disabled": false}, "g923-xbox_g25_m1": {"id": "g923-xbox_g25_m1", "attribute": "MACRO_PLAYBACK", "disabled": false}, "g923-xbox_g11_m1": {"id": "g923-xbox_g11_m1", "attribute": "MACRO_PLAYBACK", "disabled": false}, "g923-xbox_g24_m1": {"id": "g923-xbox_g24_m1", "attribute": "MACRO_PLAYBACK", "disabled": false}, "g923-xbox_g2_m1_shifted": {"id": "g923-xbox_g2_m1_shifted", "attribute": "MACRO_PLAYBACK", "disabled": false}, "g923-xbox_g13_m1_shifted": {"id": "g923-xbox_g13_m1_shifted", "attribute": "MACRO_PLAYBACK", "disabled": true}, "g923-xbox_g9_m1": {"id": "g923-xbox_g9_m1", "attribute": "MACRO_PLAYBACK", "disabled": false}, "g923-xbox_g21_m1": {"id": "g923-xbox_g21_m1", "attribute": "MACRO_PLAYBACK", "disabled": false}, "g923-xbox_g6_m1_shifted": {"id": "g923-xbox_g6_m1_shifted", "attribute": "MACRO_PLAYBACK", "disabled": false}, "g923-xbox_g16_m1_shifted": {"id": "g923-xbox_g16_m1_shifted", "attribute": "MACRO_PLAYBACK", "disabled": true}, "g923-xbox_g8_m1": {"id": "g923-xbox_g8_m1", "attribute": "MACRO_PLAYBACK", "disabled": false}, "g923-xbox_g19_m1": {"id": "g923-xbox_g19_m1", "attribute": "MACRO_PLAYBACK", "disabled": false}, "g923-xbox_g18_m1": {"id": "g923-xbox_g18_m1", "attribute": "MACRO_PLAYBACK", "disabled": true}, "g923-xbox_g31_m1_shifted": {"id": "g923-xbox_g31_m1_shifted", "attribute": "MACRO_PLAYBACK", "disabled": false}, "g923-xbox_g1_m1": {"id": "g923-xbox_g1_m1", "attribute": "MACRO_PLAYBACK", "disabled": false}, "g923-xbox_g23_m1_shifted": {"id": "g923-xbox_g23_m1_shifted", "attribute": "MACRO_PLAYBACK", "disabled": false}, "g923-xbox_g22_m1": {"id": "g923-xbox_g22_m1", "attribute": "MACRO_PLAYBACK", "disabled": false}, "g923-xbox_g29_m1": {"id": "g923-xbox_g29_m1", "attribute": "MACRO_PLAYBACK", "disabled": false}, "g923-xbox_g15_m1": {"id": "g923-xbox_g15_m1", "attribute": "MACRO_PLAYBACK", "disabled": true}, "g923-xbox_g29_m1_shifted": {"id": "g923-xbox_g29_m1_shifted", "attribute": "MACRO_PLAYBACK", "disabled": false}, "g923-xbox_g11_m1_shifted": {"id": "g923-xbox_g11_m1_shifted", "attribute": "MACRO_PLAYBACK", "disabled": false}, "g923-xbox_g4_m1_shifted": {"id": "g923-xbox_g4_m1_shifted", "attribute": "MACRO_PLAYBACK", "disabled": false}, "g923-xbox_g24_m1_shifted": {"id": "g923-xbox_g24_m1_shifted", "attribute": "MACRO_PLAYBACK", "disabled": false}, "g923-xbox_pedal_settings": {"id": "g923-xbox_pedal_settings", "attribute": "PEDAL_SETTINGS", "disabled": false}, "g923-xbox_g26_m1_shifted": {"id": "g923-xbox_g26_m1_shifted", "attribute": "MACRO_PLAYBACK", "disabled": false}, "g923-xbox_g8_m1_shifted": {"id": "g923-xbox_g8_m1_shifted", "attribute": "MACRO_PLAYBACK", "disabled": false}, "g923-xbox_g25_m1_shifted": {"id": "g923-xbox_g25_m1_shifted", "attribute": "MACRO_PLAYBACK", "disabled": false}, "g923-xbox_g12_m1": {"id": "g923-xbox_g12_m1", "attribute": "MACRO_PLAYBACK", "disabled": true}, "g923-xbox_g19_m1_shifted": {"id": "g923-xbox_g19_m1_shifted", "attribute": "MACRO_PLAYBACK", "disabled": false}, "g923-xbox_g21_m1_shifted": {"id": "g923-xbox_g21_m1_shifted", "attribute": "MACRO_PLAYBACK", "disabled": false}, "g923-xbox_g17_m1": {"id": "g923-xbox_g17_m1", "attribute": "MACRO_PLAYBACK", "disabled": true}, "g923-xbox_g17_m1_shifted": {"id": "g923-xbox_g17_m1_shifted", "attribute": "MACRO_PLAYBACK", "disabled": true}}}, {"id": "dev00000003", "pid": 49982, "state": "ACTIVE", "onboardMode": false, "individualMode": false, "resourcesAvailable": true, "connectionType": "USB", "hasWirelessInterface": false, "deviceType": "KEYBOARD", "deviceFamily": "", "deviceModel": "g915", "deviceBaseModel": "g915", "displayName": "G915", "extendedDisplayName": "G915 Wireless RGB Mechanical Gaming Keyboard", "slotPrefix": "g915", "thumbnail": "pipeline://core/thumbnails/g915.png", "deviceExt": 0, "deviceUnitId": "3934874904", "deviceSignature": "KEYBOARD.g915.0.3934874904", "givenName": "", "capabilities": {"lightingSupport": {"deviceCategory": "KEYBOARD_RGB_PER_KEY", "typeMap": {"PERKEY_GKEY": "G_KEY", "PERKEY_CONSUMER": "HID_CONSUMER", "ZONE_PRIMARY": "PRIMARY", "PERKEY_BRANDING": "LOGO", "PERKEY_KEYBOARD": "HID_KEYBOARD", "ZONE_BRANDING": "LOGO", "PERKEY_INDICATOR": "KEYBOARD_OTHER"}, "zones": [{"zoneType": "ZONE_PRIMARY", "supportedEffects": [{"id": "OFF", "syncable": true, "fixedIntensity": false, "signature": false, "inactivityOnly": false}, {"id": "FIXED", "syncable": true, "fixedIntensity": false, "signature": false, "inactivityOnly": false}, {"id": "CYCLE", "syncable": true, "fixedIntensity": false, "signature": false, "inactivityOnly": false}, {"id": "COLORWAVE", "syncable": false, "fixedIntensity": false, "signature": false, "inactivityOnly": false}, {"id": "BREATHING", "syncable": true, "fixedIntensity": false, "signature": false, "inactivityOnly": false}, {"id": "RIPPLE", "syncable": false, "fixedIntensity": false, "signature": false, "inactivityOnly": false}, {"id": "CUSTOM", "syncable": false, "fixedIntensity": true, "signature": false, "inactivityOnly": false}], "onboardCluster": "CLUSTER_DEFAULT"}, {"zoneType": "ZONE_BRANDING", "supportedEffects": [{"id": "OFF", "syncable": true, "fixedIntensity": false, "signature": false, "inactivityOnly": false}, {"id": "FIXED", "syncable": true, "fixedIntensity": false, "signature": false, "inactivityOnly": false}, {"id": "CYCLE", "syncable": true, "fixedIntensity": false, "signature": false, "inactivityOnly": false}, {"id": "BREATHING", "syncable": true, "fixedIntensity": false, "signature": false, "inactivityOnly": false}], "onboardCluster": "CLUSTER_DEFAULT"}], "isMonochrome": false, "isPerKey": true, "persistence": {"zoneEffects": false, "perKeyFixed": false, "customEffects": {"slots": 2, "entityOffset": 3}}, "hideStartupEffect": true, "shutdownEffect": false, "brightnessLevels": [], "powerSavingEffect": true, "lowBatteryEffect": true, "brightnessPercentage": true, "gamma": false, "firmwareOnly": false, "offRamp": false, "activeDimming": false, "hasPositionalEffect": false}, "sleepTimer": false, "mstateSupport": {"count": 3, "timeOut": 0}, "fnInversion": false, "presentSplashScreen": true, "customizableColor": false, "wirelessReportRate": false, "hybridEngine": false, "advancedSleepTimer": false, "angleSnapping": false, "excludeGShift": false, "hostRemovalSupport": false, "headphoneJack": false, "hostInfos": false, "gkeyLayout": "GKEY_LEFT_COLUMN_5", "hasBatteryStatus": true, "powerOffTimer": false, "requiresBackupForDfu": false, "unifiedBattery": false, "dpiLighting": false, "nonInteractive": false, "receiverPairing": {"receiverType": "LS2", "receiverPid": 0, "pairingAction": "ACTION_LONG_PRESS", "hasForcePairing": false}, "chargepadCompatible": false, "individuality": false, "defaultSlotFormat": "INVALID_FORMAT"}, "activeInterfaces": [{"type": "DEVIO", "id": "046d_c33e", "pid": 49982, "modelId": 0, "extendedModel": 1, "serialNumber": "3934874904", "path": "usb\\vid_046d&pid_c33e&mi_02\\6&1a7f1c89&0&0002", "containerId": "8a451b73-aa6e-54e4-9581-1da2c291e1c8", "deviceType": "KEYBOARD", "deviceName": "G915 WIRELESS RGB MECHANICAL GAMING KEYBOARD", "keyboardLayout": "US", "firmwareVersion": "9.3.41", "unitId": "3934874904", "firmwareName": "MPK0903", "connectionType": "USB", "hasOnboardMode": true}], "slots": {"g915_g3_m3": {"id": "g915_g3_m3", "attribute": "MACRO_PLAYBACK", "disabled": false}, "g915_g3_m2_shifted": {"id": "g915_g3_m2_shifted", "attribute": "MACRO_PLAYBACK", "disabled": false}, "g915_g3_m1_shifted": {"id": "g915_g3_m1_shifted", "attribute": "MACRO_PLAYBACK", "disabled": false}, "g915_g2_m3_shifted": {"id": "g915_g2_m3_shifted", "attribute": "MACRO_PLAYBACK", "disabled": false}, "g915_g5_m3": {"id": "g915_g5_m3", "attribute": "MACRO_PLAYBACK", "disabled": false}, "g915_g3_m1": {"id": "g915_g3_m1", "attribute": "MACRO_PLAYBACK", "disabled": false}, "g915_g4_m1": {"id": "g915_g4_m1", "attribute": "MACRO_PLAYBACK", "disabled": false}, "g915_g3_m3_shifted": {"id": "g915_g3_m3_shifted", "attribute": "MACRO_PLAYBACK", "disabled": false}, "g915_disable_keys": {"id": "g915_disable_keys", "attribute": "DISABLE_KEY_SETTINGS", "disabled": false}, "g915_g5_m1_shifted": {"id": "g915_g5_m1_shifted", "attribute": "MACRO_PLAYBACK", "disabled": false}, "g915_g4_m2_shifted": {"id": "g915_g4_m2_shifted", "attribute": "MACRO_PLAYBACK", "disabled": false}, "g915_g2_m3": {"id": "g915_g2_m3", "attribute": "MACRO_PLAYBACK", "disabled": false}, "g915_g5_m2": {"id": "g915_g5_m2", "attribute": "MACRO_PLAYBACK", "disabled": false}, "g915_g1_m1": {"id": "g915_g1_m1", "attribute": "MACRO_PLAYBACK", "disabled": false}, "g915_g1_m2": {"id": "g915_g1_m2", "attribute": "MACRO_PLAYBACK", "disabled": false}, "g915_g1_m3_shifted": {"id": "g915_g1_m3_shifted", "attribute": "MACRO_PLAYBACK", "disabled": false}, "g915_g2_m1": {"id": "g915_g2_m1", "attribute": "MACRO_PLAYBACK", "disabled": false}, "g915_lighting_setting_firmware": {"id": "g915_lighting_setting_firmware", "attribute": "FIRMWARE_LIGHTING_SETTINGS", "disabled": false}, "g915_g5_m1": {"id": "g915_g5_m1", "attribute": "MACRO_PLAYBACK", "disabled": false}, "g915_g1_m2_shifted": {"id": "g915_g1_m2_shifted", "attribute": "MACRO_PLAYBACK", "disabled": false}, "g915_g1_m3": {"id": "g915_g1_m3", "attribute": "MACRO_PLAYBACK", "disabled": false}, "g915_g1_m1_shifted": {"id": "g915_g1_m1_shifted", "attribute": "MACRO_PLAYBACK", "disabled": false}, "g915_g4_m3": {"id": "g915_g4_m3", "attribute": "MACRO_PLAYBACK", "disabled": false}, "g915_g2_m2": {"id": "g915_g2_m2", "attribute": "MACRO_PLAYBACK", "disabled": false}, "g915_g2_m2_shifted": {"id": "g915_g2_m2_shifted", "attribute": "MACRO_PLAYBACK", "disabled": false}, "g915_g5_m2_shifted": {"id": "g915_g5_m2_shifted", "attribute": "MACRO_PLAYBACK", "disabled": false}, "g915_g4_m2": {"id": "g915_g4_m2", "attribute": "MACRO_PLAYBACK", "disabled": false}, "g915_g5_m3_shifted": {"id": "g915_g5_m3_shifted", "attribute": "MACRO_PLAYBACK", "disabled": false}, "g915_g3_m2": {"id": "g915_g3_m2", "attribute": "MACRO_PLAYBACK", "disabled": false}, "g915_g4_m3_shifted": {"id": "g915_g4_m3_shifted", "attribute": "MACRO_PLAYBACK", "disabled": false}, "g915_g4_m1_shifted": {"id": "g915_g4_m1_shifted", "attribute": "MACRO_PLAYBACK", "disabled": false}, "g915_g2_m1_shifted": {"id": "g915_g2_m1_shifted", "attribute": "MACRO_PLAYBACK", "disabled": false}}}, {"id": "dev00000004", "pid": 2140, "state": "ACTIVE", "onboardMode": false, "individualMode": false, "resourcesAvailable": true, "connectionType": "USB", "hasWirelessInterface": false, "deviceType": "CAMERA", "deviceFamily": "", "deviceModel": "c922", "deviceBaseModel": "c922", "displayName": "C922", "extendedDisplayName": "C922 HD Pro Webcam", "slotPrefix": "c922", "thumbnail": "pipeline://core/thumbnails/c922.png", "deviceExt": 0, "deviceUnitId": "A53820EF", "deviceSignature": "CAMERA.c922.0.A53820EF", "givenName": "", "capabilities": {"sleepTimer": false, "mstateSupport": {"count": 1, "timeOut": 0}, "fnInversion": false, "presentSplashScreen": false, "customizableColor": false, "wirelessReportRate": false, "hybridEngine": false, "advancedSleepTimer": false, "angleSnapping": false, "excludeGShift": false, "hostRemovalSupport": false, "headphoneJack": false, "hostInfos": false, "gkeyLayout": "INVALID_GKEY_LAYOUT", "hasBatteryStatus": false, "powerOffTimer": false, "requiresBackupForDfu": false, "unifiedBattery": false, "dpiLighting": false, "nonInteractive": false, "chargepadCompatible": false, "individuality": false, "defaultSlotFormat": "INVALID_FORMAT"}, "activeInterfaces": [{"type": "UVC", "id": "046d_085c", "pid": 2140, "modelId": 0, "extendedModel": 0, "serialNumber": "A53820EF", "path": "\\\\?\\usb#vid_046d&pid_085c&mi_00#6&2ec1c8c7&0&0000#{65e8773d-8f56-11d0-a3b9-00a0c9223196}\\global", "containerId": "bdd204f1-3bce-5455-b40b-271e56bf947a", "deviceType": "INVALID_TYPE", "deviceName": "", "keyboardLayout": "INVALID_LAYOUT", "firmwareVersion": "7.55.1085", "unitId": "A53820EF", "firmwareName": "", "connectionType": "USB", "hasOnboardMode": false}], "slots": {"c922_camera": {"id": "c922_camera", "attribute": "CAMERA_SETTINGS", "disabled": false}, "c922_video": {"id": "c922_video", "attribute": "VIDEO_SETTINGS", "disabled": false}}}]}}