 {"msgId": "17a9f3a8-d392-484b-8462-c409d6012e46", "verb": "GET", "path": "/devices/list", "origin": "backend", "result": {"code": "SUCCESS", "what": ""}, "payload": {"@type": "type.googleapis.com/logi.protocol.devices.Device.Info.List", "deviceInfos": [{"id": "dev00000000", "pid": 0, "firmwareName": "U127", "isSubdevice": false, "state": "ABSENT", "onboardMode": false, "individualMode": false, "resourcesAvailable": true, "connectionType": "INVALID_CONNECTION", "hasWirelessInterface": false, "displayConnectionType": "INVALID_DISPLAY_CONNECTION", "deviceType": "MOUSE", "deviceFamily": "", "deviceModel": "g502_hero", "deviceBaseModel": "g502_hero", "displayName": "G502 HERO", "extendedDisplayName": "G502 Hero Gaming Mouse", "slotPrefix": "g502hero", "thumbnail": "pipeline://core/thumbnails/g502_hero.png", "stringPackage": "", "deviceExt": 0, "deviceUnitId": "859391768", "deviceSignature": "MOUSE.g502_hero.0.859391768", "givenName": "", "capabilities": {"lightingSupport": {"deviceCategory": "MOUSE_RGB_ZONAL", "typeMap": {"ZONE_BRANDING": "LOGO", "ZONE_PRIMARY": "PRIMARY"}, "zones": [{"zoneType": "ZONE_PRIMARY", "supportedEffects": [{"id": "OFF", "syncable": true, "fixedIntensity": false, "signature": false, "inactivityOnly": false}, {"id": "FIXED", "syncable": true, "fixedIntensity": false, "signature": false, "inactivityOnly": false}, {"id": "CYCLE", "syncable": true, "fixedIntensity": false, "signature": false, "inactivityOnly": false}, {"id": "BREATHING", "syncable": true, "fixedIntensity": false, "signature": false, "inactivityOnly": false}], "onboardCluster": "CLUSTER_DEFAULT"}, {"zoneType": "ZONE_BRANDING", "supportedEffects": [{"id": "OFF", "syncable": true, "fixedIntensity": false, "signature": false, "inactivityOnly": false}, {"id": "FIXED", "syncable": true, "fixedIntensity": false, "signature": false, "inactivityOnly": false}, {"id": "CYCLE", "syncable": true, "fixedIntensity": false, "signature": false, "inactivityOnly": false}, {"id": "BREATHING", "syncable": true, "fixedIntensity": false, "signature": false, "inactivityOnly": false}], "onboardCluster": "CLUSTER_DEFAULT"}], "isMonochrome": false, "isPerKey": false, "hideStartupEffect": false, "shutdownEffect": false, "brightnessLevels": [], "powerSavingEffect": false, "lowBatteryEffect": false, "brightnessPercentage": false, "gamma": false, "firmwareOnly": false, "offRamp": false, "activeDimming": false, "hasPositionalEffect": false, "hasPastelPalette": false, "hasRingLeds": false, "hasMasterSwitch": false, "needKeepAliveSignal": false}, "sleepTimer": false, "mstateSupport": {"count": 1, "timeOut": 0}, "fnInversion": false, "presentSplashScreen": false, "customizableColor": false, "wirelessReportRate": false, "hybridEngine": false, "advancedSleepTimer": false, "angleSnapping": false, "excludeGShift": false, "hostRemovalSupport": false, "headphoneJack": false, "hostInfos": false, "gkeyLayout": "INVALID_GKEY_LAYOUT", "hasBatteryStatus": false, "powerOffTimer": false, "requiresBackupForDfu": true, "unifiedBattery": false, "dpiLighting": true, "nonInteractive": false, "chargepadCompatible": false, "individuality": false, "defaultSlotFormat": "INVALID_FORMAT", "fnToggle": false}, "activeInterfaces": [], "slots": {}}, {"id": "dev00000001", "pid": 40580, "firmwareName": "", "isSubdevice": false, "state": "ACTIVE", "onboardMode": false, "individualMode": false, "resourcesAvailable": true, "connectionType": "USB", "hasWirelessInterface": false, "displayConnectionType": "USB", "deviceType": "MICROPHONE", "deviceFamily": "", "deviceModel": "yeti_classic", "deviceBaseModel": "yeti_classic", "displayName": "Yeti", "extendedDisplayName": "Yeti", "slotPrefix": "yeti-classic", "thumbnail": "pipeline://core/thumbnails/yeti_classic.png", "stringPackage": "", "deviceExt": 0, "deviceUnitId": "", "deviceSignature": "", "givenName": "", "capabilities": {"audio": {"dtsSupported": false, "dolbySupported": false, "denoiserSupported": false, "onboardEqSupported": false, "onboardProEqSupported": false, "dtsHx2eSupported": true, "proEqSupported": false, "blueVoiceSupported": false, "hardwareNoiseReductionSupported": false, "blueVoice2Supported": true, "hidMic": false, "devioVolumeFeatures": false, "centurionEqSupported": false, "lightspeedAuxSupported": false}, "sleepTimer": false, "mstateSupport": {"count": 1, "timeOut": 0}, "fnInversion": false, "presentSplashScreen": false, "customizableColor": false, "wirelessReportRate": false, "hybridEngine": false, "advancedSleepTimer": false, "angleSnapping": false, "excludeGShift": false, "hostRemovalSupport": false, "headphoneJack": false, "hostInfos": false, "gkeyLayout": "INVALID_GKEY_LAYOUT", "hasBatteryStatus": false, "powerOffTimer": false, "requiresBackupForDfu": false, "unifiedBattery": false, "dpiLighting": false, "nonInteractive": false, "chargepadCompatible": false, "individuality": false, "defaultSlotFormat": "INVALID_FORMAT", "fnToggle": false}, "activeInterfaces": [{"type": "HIDIO", "id": "HID_b58e_9e84_000c0001", "pid": 40580, "modelId": 0, "extendedModel": 0, "serialNumber": "797_2019/10/08_78667", "path": "\\\\?\\HID#VID_B58E&PID_9E84&MI_03&COL01#8&1F5AB366&0&0000#{4D1E55B2-F16F-11CF-88CB-001111000030}", "containerId": "75f2600b-7c37-5d33-867e-800b8e35c5b1", "deviceType": "MICROPHONE", "deviceName": "Yeti Stereo Microphone", "keyboardLayout": "INVALID_LAYOUT", "firmwareVersion": "01.00", "firmwareName": "", "firmwareRevision": 0, "hardwareRevision": 0, "unitId": "", "connectionType": "USB", "hasOnboardMode": false}, {"type": "AUDIO", "id": "", "pid": 0, "modelId": 0, "extendedModel": 0, "serialNumber": "", "path": "", "containerId": "75f2600b-7c37-5d33-867e-800b8e35c5b1", "deviceType": "INVALID_TYPE", "deviceName": "", "keyboardLayout": "INVALID_LAYOUT", "firmwareVersion": "", "firmwareName": "", "firmwareRevision": 0, "hardwareRevision": 0, "unitId": "", "connectionType": "VIRTUAL", "hasOnboardMode": false}], "slots": {"yeti-classic_acoustics": {"id": "yeti-classic_acoustics", "attribute": "ACOUSTICS", "disabled": false}, "yeti-classic_equalizer": {"id": "yeti-classic_equalizer", "attribute": "EQUALIZER", "disabled": false}, "yeti-classic_microphone_settings": {"id": "yeti-classic_microphone_settings", "attribute": "MICROPHONE_SETTINGS", "disabled": false}, "yeti-classic_blue_voice_2_settings": {"id": "yeti-classic_blue_voice_2_settings", "attribute": "BLUE_VOICE_2_SETTINGS", "disabled": false}}}, {"id": "dev00000002", "pid": 49974, "firmwareName": "U109", "isSubdevice": false, "state": "ACTIVE", "onboardMode": false, "individualMode": false, "resourcesAvailable": true, "connectionType": "USB", "hasWirelessInterface": false, "displayConnectionType": "USB", "deviceType": "KEYBOARD", "deviceFamily": "", "deviceModel": "g213", "deviceBaseModel": "g213", "displayName": "G213", "extendedDisplayName": "G213 Prodigy Keyboard", "slotPrefix": "g213", "thumbnail": "pipeline://core/thumbnails/g213.png", "stringPackage": "", "deviceExt": 0, "deviceUnitId": "808470274", "deviceSignature": "KEYBOARD.g213.0.808470274", "givenName": "", "capabilities": {"lightingSupport": {"deviceCategory": "KEYBOARD_RGB_ZONAL", "typeMap": {"ZONE_THREE": "ZONAL_THREE", "ZONE_FOUR": "ZONAL_FOUR", "ZONE_PRIMARY": "PRIMARY", "ZONE_ONE": "ZONAL_ONE", "ZONE_FIVE": "ZONAL_FIVE", "ZONE_TWO": "ZONAL_TWO"}, "zones": [{"zoneType": "ZONE_PRIMARY", "supportedEffects": [{"id": "OFF", "syncable": true, "fixedIntensity": false, "signature": false, "inactivityOnly": false}, {"id": "FIXED", "syncable": true, "fixedIntensity": false, "signature": false, "inactivityOnly": false}, {"id": "CYCLE", "syncable": true, "fixedIntensity": true, "signature": false, "inactivityOnly": false}, {"id": "COLORWAVE", "syncable": false, "fixedIntensity": true, "signature": false, "inactivityOnly": false}, {"id": "BREATHING", "syncable": true, "fixedIntensity": true, "signature": false, "inactivityOnly": false}], "onboardCluster": "CLUSTER_DEFAULT"}], "isMonochrome": false, "isPerKey": false, "hideStartupEffect": false, "shutdownEffect": false, "brightnessLevels": [], "powerSavingEffect": false, "lowBatteryEffect": false, "brightnessPercentage": false, "gamma": false, "firmwareOnly": false, "offRamp": false, "activeDimming": false, "hasPositionalEffect": false, "hasPastelPalette": false, "hasRingLeds": false, "hasMasterSwitch": false, "needKeepAliveSignal": false}, "sleepTimer": false, "mstateSupport": {"count": 1, "timeOut": 0}, "reportHidControls": {"pages": [{"page": 7, "usages": [{"usage": 58, "button": 1}, {"usage": 59, "button": 2}, {"usage": 60, "button": 3}, {"usage": 61, "button": 4}, {"usage": 62, "button": 5}, {"usage": 63, "button": 6}, {"usage": 64, "button": 7}, {"usage": 65, "button": 8}, {"usage": 66, "button": 9}, {"usage": 67, "button": 10}, {"usage": 68, "button": 11}, {"usage": 69, "button": 12}]}]}, "fnInversion": false, "presentSplashScreen": false, "customizableColor": false, "wirelessReportRate": false, "hybridEngine": false, "advancedSleepTimer": false, "angleSnapping": false, "excludeGShift": false, "hostRemovalSupport": false, "headphoneJack": false, "hostInfos": false, "gkeyLayout": "INVALID_GKEY_LAYOUT", "hasBatteryStatus": false, "powerOffTimer": false, "requiresBackupForDfu": false, "unifiedBattery": false, "dpiLighting": false, "nonInteractive": false, "chargepadCompatible": false, "individuality": false, "defaultSlotFormat": "INVALID_FORMAT", "fnToggle": false}, "activeInterfaces": [{"type": "DEVIO", "id": "046d_c336", "pid": 49974, "modelId": 0, "extendedModel": 0, "serialNumber": "808470274", "path": "usb\\vid_046d&pid_c336&mi_01\\9&1517dab0&0&0001", "containerId": "74e54b7a-893a-5239-86f2-c2e1d751bc61", "deviceType": "KEYBOARD", "deviceName": "Gaming Keyboard G213", "keyboardLayout": "US", "firmwareVersion": "109.0.6", "firmwareName": "U109", "firmwareRevision": 0, "hardwareRevision": 0, "unitId": "808470274", "connectionType": "USB", "hasOnboardMode": false}], "slots": {"g213_g11_m1": {"id": "g213_g11_m1", "attribute": "MACRO_PLAYBACK", "disabled": false}, "g213_g6_m1_shifted": {"id": "g213_g6_m1_shifted", "attribute": "MACRO_PLAYBACK", "disabled": false}, "g213_g7_m1": {"id": "g213_g7_m1", "attribute": "MACRO_PLAYBACK", "disabled": false}, "g213_g10_m1": {"id": "g213_g10_m1", "attribute": "MACRO_PLAYBACK", "disabled": false}, "g213_g12_m1": {"id": "g213_g12_m1", "attribute": "MACRO_PLAYBACK", "disabled": false}, "g213_g3_m1_shifted": {"id": "g213_g3_m1_shifted", "attribute": "MACRO_PLAYBACK", "disabled": false}, "g213_g8_m1_shifted": {"id": "g213_g8_m1_shifted", "attribute": "MACRO_PLAYBACK", "disabled": false}, "g213_g8_m1": {"id": "g213_g8_m1", "attribute": "MACRO_PLAYBACK", "disabled": false}, "g213_g4_m1_shifted": {"id": "g213_g4_m1_shifted", "attribute": "MACRO_PLAYBACK", "disabled": false}, "g213_g6_m1": {"id": "g213_g6_m1", "attribute": "MACRO_PLAYBACK", "disabled": false}, "g213_g4_m1": {"id": "g213_g4_m1", "attribute": "MACRO_PLAYBACK", "disabled": false}, "g213_g2_m1": {"id": "g213_g2_m1", "attribute": "MACRO_PLAYBACK", "disabled": false}, "g213_g9_m1": {"id": "g213_g9_m1", "attribute": "MACRO_PLAYBACK", "disabled": false}, "g213_g1_m1": {"id": "g213_g1_m1", "attribute": "MACRO_PLAYBACK", "disabled": false}, "g213_g9_m1_shifted": {"id": "g213_g9_m1_shifted", "attribute": "MACRO_PLAYBACK", "disabled": false}, "g213_g1_m1_shifted": {"id": "g213_g1_m1_shifted", "attribute": "MACRO_PLAYBACK", "disabled": false}, "g213_g3_m1": {"id": "g213_g3_m1", "attribute": "MACRO_PLAYBACK", "disabled": false}, "g213_g12_m1_shifted": {"id": "g213_g12_m1_shifted", "attribute": "MACRO_PLAYBACK", "disabled": false}, "g213_g11_m1_shifted": {"id": "g213_g11_m1_shifted", "attribute": "MACRO_PLAYBACK", "disabled": false}, "g213_g5_m1": {"id": "g213_g5_m1", "attribute": "MACRO_PLAYBACK", "disabled": false}, "g213_lighting_setting_firmware": {"id": "g213_lighting_setting_firmware", "attribute": "FIRMWARE_LIGHTING_SETTINGS", "disabled": false}, "g213_disable_keys": {"id": "g213_disable_keys", "attribute": "DISABLE_KEY_SETTINGS", "disabled": false}, "g213_g5_m1_shifted": {"id": "g213_g5_m1_shifted", "attribute": "MACRO_PLAYBACK", "disabled": false}, "g213_g10_m1_shifted": {"id": "g213_g10_m1_shifted", "attribute": "MACRO_PLAYBACK", "disabled": false}, "g213_g2_m1_shifted": {"id": "g213_g2_m1_shifted", "attribute": "MACRO_PLAYBACK", "disabled": false}, "g213_g7_m1_shifted": {"id": "g213_g7_m1_shifted", "attribute": "MACRO_PLAYBACK", "disabled": false}}}]}}