 {"msgId": "8c8d5763-b35b-49b4-a2b4-4f80f9cc4e57", "verb": "GET", "path": "/devices/list", "origin": "backend", "result": {"code": "SUCCESS", "what": ""}, "payload": {"@type": "type.googleapis.com/logi.protocol.devices.Device.Info.List", "deviceInfos": [{"id": "dev00000000", "pid": 49291, "state": "ACTIVE", "onboardMode": false, "individualMode": false, "resourcesAvailable": true, "connectionType": "USB", "hasWirelessInterface": false, "deviceType": "MOUSE", "deviceFamily": "", "deviceModel": "g502_hero", "deviceBaseModel": "g502_hero", "displayName": "G502 HERO", "extendedDisplayName": "G502 Hero Gaming Mouse", "slotPrefix": "g502hero", "thumbnail": "pipeline://core/thumbnails/g502_hero.png", "deviceExt": 0, "deviceUnitId": "859391769", "deviceSignature": "MOUSE.g502_hero.0.859391769", "givenName": "", "capabilities": {"lightingSupport": {"deviceCategory": "MOUSE_RGB_ZONAL", "typeMap": {"ZONE_PRIMARY": "PRIMARY", "ZONE_BRANDING": "LOGO"}, "zones": [{"zoneType": "ZONE_PRIMARY", "supportedEffects": [{"id": "OFF", "syncable": true, "fixedIntensity": false, "signature": false, "inactivityOnly": false}, {"id": "FIXED", "syncable": true, "fixedIntensity": false, "signature": false, "inactivityOnly": false}, {"id": "CYCLE", "syncable": true, "fixedIntensity": false, "signature": false, "inactivityOnly": false}, {"id": "BREATHING", "syncable": true, "fixedIntensity": false, "signature": false, "inactivityOnly": false}], "onboardCluster": "CLUSTER_DEFAULT"}, {"zoneType": "ZONE_BRANDING", "supportedEffects": [{"id": "OFF", "syncable": true, "fixedIntensity": false, "signature": false, "inactivityOnly": false}, {"id": "FIXED", "syncable": true, "fixedIntensity": false, "signature": false, "inactivityOnly": false}, {"id": "CYCLE", "syncable": true, "fixedIntensity": false, "signature": false, "inactivityOnly": false}, {"id": "BREATHING", "syncable": true, "fixedIntensity": false, "signature": false, "inactivityOnly": false}], "onboardCluster": "CLUSTER_DEFAULT"}], "isMonochrome": false, "isPerKey": false, "hideStartupEffect": false, "shutdownEffect": false, "brightnessLevels": [], "powerSavingEffect": false, "lowBatteryEffect": false, "brightnessPercentage": false, "gamma": false, "firmwareOnly": false, "offRamp": false, "activeDimming": false, "hasPositionalEffect": false}, "sleepTimer": false, "mstateSupport": {"count": 1, "timeOut": 0}, "fnInversion": false, "presentSplashScreen": false, "customizableColor": false, "wirelessReportRate": false, "hybridEngine": false, "advancedSleepTimer": false, "angleSnapping": false, "excludeGShift": false, "hostRemovalSupport": false, "headphoneJack": false, "hostInfos": false, "gkeyLayout": "INVALID_GKEY_LAYOUT", "hasBatteryStatus": false, "powerOffTimer": false, "requiresBackupForDfu": true, "unifiedBattery": false, "dpiLighting": true, "nonInteractive": false, "chargepadCompatible": false, "individuality": false, "defaultSlotFormat": "INVALID_FORMAT"}, "activeInterfaces": [{"type": "DEVIO", "id": "046d_c08b", "pid": 49291, "modelId": 0, "extendedModel": 0, "serialNumber": "859391769", "path": "usb\\vid_046d&pid_c08b&mi_01\\8&36db7c91&0&0001", "containerId": "a678593b-f0ec-5592-99ba-f1eaca9e8aa2", "deviceType": "MOUSE", "deviceName": "G502 HERO Gaming Mouse", "keyboardLayout": "INVALID_LAYOUT", "firmwareVersion": "127.3.10", "unitId": "859391769", "firmwareName": "U12703", "connectionType": "USB", "hasOnboardMode": true}], "slots": {"g502hero_g9_m1": {"id": "g502hero_g9_m1", "attribute": "MACRO_PLAYBACK", "disabled": false}, "g502hero_g5_m1_shifted": {"id": "g502hero_g5_m1_shifted", "attribute": "MACRO_PLAYBACK", "disabled": false}, "g502hero_g4_m1": {"id": "g502hero_g4_m1", "attribute": "MACRO_PLAYBACK", "disabled": false}, "g502hero_g7_m1": {"id": "g502hero_g7_m1", "attribute": "MACRO_PLAYBACK", "disabled": false}, "g502hero_g6_m1_shifted": {"id": "g502hero_g6_m1_shifted", "attribute": "MACRO_PLAYBACK", "disabled": false}, "g502hero_mouse_settings": {"id": "g502hero_mouse_settings", "attribute": "MOUSE_SETTINGS", "disabled": false}, "g502hero_g11_m1_shifted": {"id": "g502hero_g11_m1_shifted", "attribute": "MACRO_PLAYBACK", "disabled": false}, "g502hero_g11_m1": {"id": "g502hero_g11_m1", "attribute": "MACRO_PLAYBACK", "disabled": false}, "g502hero_g1_m1_shifted": {"id": "g502hero_g1_m1_shifted", "attribute": "MACRO_PLAYBACK", "disabled": false}, "g502hero_g2_m1": {"id": "g502hero_g2_m1", "attribute": "MACRO_PLAYBACK", "disabled": false}, "g502hero_lighting_setting_firmware": {"id": "g502hero_lighting_setting_firmware", "attribute": "FIRMWARE_LIGHTING_SETTINGS", "disabled": false}, "g502hero_g3_m1_shifted": {"id": "g502hero_g3_m1_shifted", "attribute": "MACRO_PLAYBACK", "disabled": false}, "g502hero_g5_m1": {"id": "g502hero_g5_m1", "attribute": "MACRO_PLAYBACK", "disabled": false}, "g502hero_g9_m1_shifted": {"id": "g502hero_g9_m1_shifted", "attribute": "MACRO_PLAYBACK", "disabled": false}, "g502hero_g10_m1_shifted": {"id": "g502hero_g10_m1_shifted", "attribute": "MACRO_PLAYBACK", "disabled": false}, "g502hero_g7_m1_shifted": {"id": "g502hero_g7_m1_shifted", "attribute": "MACRO_PLAYBACK", "disabled": false}, "g502hero_g4_m1_shifted": {"id": "g502hero_g4_m1_shifted", "attribute": "MACRO_PLAYBACK", "disabled": false}, "g502hero_g8_m1": {"id": "g502hero_g8_m1", "attribute": "MACRO_PLAYBACK", "disabled": false}, "g502hero_g2_m1_shifted": {"id": "g502hero_g2_m1_shifted", "attribute": "MACRO_PLAYBACK", "disabled": false}, "g502hero_g3_m1": {"id": "g502hero_g3_m1", "attribute": "MACRO_PLAYBACK", "disabled": false}, "g502hero_g1_m1": {"id": "g502hero_g1_m1", "attribute": "MACRO_PLAYBACK", "disabled": false}, "g502hero_g6_m1": {"id": "g502hero_g6_m1", "attribute": "MACRO_PLAYBACK", "disabled": false}, "g502hero_g10_m1": {"id": "g502hero_g10_m1", "attribute": "MACRO_PLAYBACK", "disabled": false}, "g502hero_g8_m1_shifted": {"id": "g502hero_g8_m1_shifted", "attribute": "MACRO_PLAYBACK", "disabled": false}}}]}}