{
  "drivers": [],
  "extensions": {},
  "files": [
    {
      "path": "/Applications/lghub.app/Contents/CodeResources",
      "registerLibrary": false,
      "sha256": "96c41a763ec812025cb87ab91252261ae36981e31af26cb3fbf5a667e3bafb27"
    },
    {
      "path": "/Applications/lghub.app/Contents/_CodeSignature/CodeResources",
      "registerLibrary": false,
      "sha256": "b7348d655dc34bcd561373c599eb0e0f4a2198577b076b27c3ab2b9b70e16681"
    },
    {
      "path": "/Applications/lghub.app/Contents/MacOS/lghub",
      "registerLibrary": false,
      "sha256": "a26049cd3f3bb202f7703445a66eaecac49d434884202a2adc582d8ae7100bc5"
    },
    {
      "path": "/Applications/lghub.app/Contents/Resources/zh-TW.lproj/Localizable.strings",
      "registerLibrary": false,
      "sha256": "e7c3f2760f5438ba75bb2890d86745939a236110179078c80a644802dd73678d"
    },
    {
      "path": "/Applications/lghub.app/Contents/Resources/zh-TW.lproj/InfoPlist.strings",
      "registerLibrary": false,
      "sha256": "2055441d8c6edd093d26e0feab09a08fd4bb968a8bb549a5925781bf7df72d6e"
    },
    {
      "path": "/Applications/lghub.app/Contents/Resources/icon.png",
      "registerLibrary": false,
      "sha256": "67d0957daca9717fe862746dd968097c7ac30fc718cc580c2563a5a85c6d23be"
    },
    {
      "path": "/Applications/lghub.app/Contents/Resources/it-IT.lproj/Localizable.strings",
      "registerLibrary": false,
      "sha256": "d5d45bf98083e8da30c38137aaa5a8802b1a38dd57f17a61d41a1c5e9606d09a"
    },
    {
      "path": "/Applications/lghub.app/Contents/Resources/it-IT.lproj/InfoPlist.strings",
      "registerLibrary": false,
      "sha256": "3b961627dfb8b84a4afa2a6fcb1e138f0d83faa327eb0ba5a3f8e893f889ea71"
    },
    {
      "path": "/Applications/lghub.app/Contents/Resources/nb-NO.lproj/Localizable.strings",
      "registerLibrary": false,
      "sha256": "c80f93bde877fd28d53bed74c154dfaf8988768f6046c8deb3a7235fbb0b4fdd"
    },
    {
      "path": "/Applications/lghub.app/Contents/Resources/nb-NO.lproj/InfoPlist.strings",
      "registerLibrary": false,
      "sha256": "e0f511f34d2618c24700fb40f5de6a53ce30be0fa7f9ace56e446e97ebdb4905"
    },
    {
      "path": "/Applications/lghub.app/Contents/Resources/electron.icns",
      "registerLibrary": false,
      "sha256": "62839cbe0078f298211ceb84d4edb5745f3be487d47917e7831cb49cfbb045e5"
    },
    {
      "path": "/Applications/lghub.app/Contents/Resources/app.asar",
      "registerLibrary": false,
      "sha256": "4d75afe46958c20e87e18d3ef8fa51c74866ef5f3b2fcdd12af7abbede739448"
    },
    {
      "path": "/Applications/lghub.app/Contents/Resources/ru-RU.lproj/Localizable.strings",
      "registerLibrary": false,
      "sha256": "128a5e1d85080e000904a219de1a237e4a95fecc39d6d63d94add4b0ef56d4e1"
    },
    {
      "path": "/Applications/lghub.app/Contents/Resources/ru-RU.lproj/InfoPlist.strings",
      "registerLibrary": false,
      "sha256": "97ce0055aeef69bc0de0f0c6172f39cf8aa71effeb6514a3d63be2e0784b7cb3"
    },
    {
      "path": "/Applications/lghub.app/Contents/Resources/tr-TR.lproj/Localizable.strings",
      "registerLibrary": false,
      "sha256": "61cd351567e27fcdc5aa21e56cd1f8706a2438eda9b670372d81f51cd74a20f1"
    },
    {
      "path": "/Applications/lghub.app/Contents/Resources/tr-TR.lproj/InfoPlist.strings",
      "registerLibrary": false,
      "sha256": "5cb36f2d6bb5f9d03f82e1c05f315a37fb1b147dc700821a722a781017ebb32f"
    },
    {
      "path": "/Applications/lghub.app/Contents/Resources/es-ES.lproj/Localizable.strings",
      "registerLibrary": false,
      "sha256": "c0f0358f2877216fba54e0dc903882f5bfb320756bb52566f7c589a043e0ca16"
    },
    {
      "path": "/Applications/lghub.app/Contents/Resources/es-ES.lproj/InfoPlist.strings",
      "registerLibrary": false,
      "sha256": "964bd8a99bb46331a8b9f1f07168bd5ec79fba3d1afc8b440e4642a4ac81cb5f"
    },
    {
      "path": "/Applications/lghub.app/Contents/Resources/fr-FR.lproj/Localizable.strings",
      "registerLibrary": false,
      "sha256": "7d69d4a40bf61d70d4b6b05605fee9fa7dba207f02c6d6bd0ec0b8f183aa1151"
    },
    {
      "path": "/Applications/lghub.app/Contents/Resources/fr-FR.lproj/InfoPlist.strings",
      "registerLibrary": false,
      "sha256": "03f464bcc4a49b60c99dfd70aa87fda0bfb1adaec7f465b2a4c7b173bb24a49e"
    },
    {
      "path": "/Applications/lghub.app/Contents/Resources/ja-JP.lproj/Localizable.strings",
      "registerLibrary": false,
      "sha256": "e930f4cde37db03d21669d14e17d5bf988cc9e4785e96e6715598e165506cd9a"
    },
    {
      "path": "/Applications/lghub.app/Contents/Resources/ja-JP.lproj/InfoPlist.strings",
      "registerLibrary": false,
      "sha256": "abc019344d017c6ebcbba0f77f91aa8605dfb7961d88a2927b0b2552c9713d0f"
    },
    {
      "path": "/Applications/lghub.app/Contents/Resources/ko-KR.lproj/Localizable.strings",
      "registerLibrary": false,
      "sha256": "2af525451f9a50cb8e256fdec9cc0258ea031cae70165bf371723210881fda46"
    },
    {
      "path": "/Applications/lghub.app/Contents/Resources/ko-KR.lproj/InfoPlist.strings",
      "registerLibrary": false,
      "sha256": "8825f9e586df7882831b5b058969874e2ec73e8ebfb0d7a10a95469a90237cf2"
    },
    {
      "path": "/Applications/lghub.app/Contents/Resources/Base.lproj/Localizable.strings",
      "registerLibrary": false,
      "sha256": "a9c4d33131eb1e29c02f3a955ba60a1613be1fc4a515ceb35dd2f5042ec1b90d"
    },
    {
      "path": "/Applications/lghub.app/Contents/Resources/Base.lproj/InfoPlist.strings",
      "registerLibrary": false,
      "sha256": "8f9b42c1de21c906cfcc425b3ef6dc01f1c8f84150fdbe7bf083e7bafabdb5dd"
    },
    {
      "path": "/Applications/lghub.app/Contents/Resources/fi-FI.lproj/Localizable.strings",
      "registerLibrary": false,
      "sha256": "b77c0715a187bc8aeafaf7af206523e7b2a846d33baaeb9ec821a499f61e589c"
    },
    {
      "path": "/Applications/lghub.app/Contents/Resources/fi-FI.lproj/InfoPlist.strings",
      "registerLibrary": false,
      "sha256": "bed896b384cc3165a1b8c9afe6f92b602794328cb320d672f651dfefff3702dc"
    },
    {
      "path": "/Applications/lghub.app/Contents/Resources/da-DK.lproj/Localizable.strings",
      "registerLibrary": false,
      "sha256": "58062d19516f69b0be0039632733d5be96dadde29fa158166cf27c9507d7dd1c"
    },
    {
      "path": "/Applications/lghub.app/Contents/Resources/da-DK.lproj/InfoPlist.strings",
      "registerLibrary": false,
      "sha256": "a6f0753a16d6ad9b7a4b9f390c12c38e968c5ca6b60af9be41cced786fabf575"
    },
    {
      "path": "/Applications/lghub.app/Contents/Resources/hu-HU.lproj/Localizable.strings",
      "registerLibrary": false,
      "sha256": "f433388df2bc1e67ec100d526be907d51de02a9c66c04c8476b6636e36e21ff0"
    },
    {
      "path": "/Applications/lghub.app/Contents/Resources/hu-HU.lproj/InfoPlist.strings",
      "registerLibrary": false,
      "sha256": "2953520068abb128b5ac29582299800618bc36e468a4a0c4a426fa1bb15b30fe"
    },
    {
      "path": "/Applications/lghub.app/Contents/Resources/app.asar.unpacked/node_modules/keytar/build/Release/keytar.node",
      "registerLibrary": false,
      "sha256": "81baa3580cbdfcd5953043c71d7e4870a241a7576f26757326bd2760290f58b1"
    },
    {
      "path": "/Applications/lghub.app/Contents/Resources/pt-BR.lproj/Localizable.strings",
      "registerLibrary": false,
      "sha256": "5e8c16e9e4f25b5214a29f6e9dc622227b859ea1e1d438e46fbe561aa8d09fca"
    },
    {
      "path": "/Applications/lghub.app/Contents/Resources/pt-BR.lproj/InfoPlist.strings",
      "registerLibrary": false,
      "sha256": "ae152f121e024f81832cdccf6ed7f124b9cd816b3f316c1a172f8c78bc9e6cb5"
    },
    {
      "path": "/Applications/lghub.app/Contents/Resources/nl-NL.lproj/Localizable.strings",
      "registerLibrary": false,
      "sha256": "3dd52cb7d2d963812608ec5b42215109003a030fc1716e30861da5f0f0567f83"
    },
    {
      "path": "/Applications/lghub.app/Contents/Resources/nl-NL.lproj/InfoPlist.strings",
      "registerLibrary": false,
      "sha256": "46426d99b17b03ef4d42422a887e1f0931dde80ac36394db991a442f6a8f9f87"
    },
    {
      "path": "/Applications/lghub.app/Contents/Resources/cs-CZ.lproj/Localizable.strings",
      "registerLibrary": false,
      "sha256": "9e7040b3913598e29503c41f91c938660fa3131275945aed245f4252de5fb80d"
    },
    {
      "path": "/Applications/lghub.app/Contents/Resources/cs-CZ.lproj/InfoPlist.strings",
      "registerLibrary": false,
      "sha256": "caca3f34e7c41287eb13c519f17a1abaf0e23d18249eadd03ec02d04bcc1b165"
    },
    {
      "path": "/Applications/lghub.app/Contents/Resources/zh-CN.lproj/Localizable.strings",
      "registerLibrary": false,
      "sha256": "7dded5c99846fa3197221eae2cb2eb31fdee5702eb71179d1f01f7a1efb7d8a4"
    },
    {
      "path": "/Applications/lghub.app/Contents/Resources/zh-CN.lproj/InfoPlist.strings",
      "registerLibrary": false,
      "sha256": "c09f676ee16d887f6640b9cfa1033391637e22490badca03d2311d7bdae347a5"
    },
    {
      "path": "/Applications/lghub.app/Contents/Resources/de-DE.lproj/Localizable.strings",
      "registerLibrary": false,
      "sha256": "84e743b069b13f68ec9d11ba0c1ee3191ee31287e88cef0e5d865af991a5bab1"
    },
    {
      "path": "/Applications/lghub.app/Contents/Resources/de-DE.lproj/InfoPlist.strings",
      "registerLibrary": false,
      "sha256": "4236a828cf31c58ce413323bbca072c598c9d7d3de6cda4e69c84c820e0047b7"
    },
    {
      "path": "/Applications/lghub.app/Contents/Resources/pl-PL.lproj/Localizable.strings",
      "registerLibrary": false,
      "sha256": "08058a5fe2b71a97dd20dd9b1e2f8ef6e4fa598a13e23c83855516f5236d97f6"
    },
    {
      "path": "/Applications/lghub.app/Contents/Resources/pl-PL.lproj/InfoPlist.strings",
      "registerLibrary": false,
      "sha256": "af6879a0ac7df849b4393408407cfa27bb87215c5372f3cc21956b0ed4c02fd9"
    },
    {
      "path": "/Applications/lghub.app/Contents/Resources/sv-SE.lproj/Localizable.strings",
      "registerLibrary": false,
      "sha256": "9d631dda4c790763964929a685b3d5d23e89fbe6f6c5683da1c9c61534c94f81"
    },
    {
      "path": "/Applications/lghub.app/Contents/Resources/sv-SE.lproj/InfoPlist.strings",
      "registerLibrary": false,
      "sha256": "5fcd48068dbf80d35d0754f337f48b59874572bb4e85ccbd8edd9e72abf8f134"
    },
    {
      "path": "/Applications/lghub.app/Contents/embedded.provisionprofile",
      "registerLibrary": false,
      "sha256": "bed18d764732f406e49fe6723d7d5f677d36e42920efeb528079607fd242036b"
    },
    {
      "path": "/Applications/lghub.app/Contents/Frameworks/lghub Helper.app/Contents/_CodeSignature/CodeResources",
      "registerLibrary": false,
      "sha256": "6686de10a28a2fe11b36cbb86dcbacc827cfc4ea116b4dabf1845e5aee629e9b"
    },
    {
      "path": "/Applications/lghub.app/Contents/Frameworks/lghub Helper.app/Contents/MacOS/lghub Helper",
      "registerLibrary": false,
      "sha256": "9e260b4b5ec7af60946a9f7ff88a9853fffe1d8353647d121c8ea4de70108421"
    },
    {
      "path": "/Applications/lghub.app/Contents/Frameworks/lghub Helper.app/Contents/Info.plist",
      "registerLibrary": false,
      "sha256": "4f730c04844a64f380444b2c46e2f4bf7cfb895a746da195c8315fc3a87f2813"
    },
    {
      "path": "/Applications/lghub.app/Contents/Frameworks/lghub Helper.app/Contents/PkgInfo",
      "registerLibrary": false,
      "sha256": "82502191c9484b04d685374f9879a0066069c49b8acae7a04b01d38d07e8eca0"
    },
    {
      "path": "/Applications/lghub.app/Contents/Frameworks/lghub_agent.app/Contents/CodeResources",
      "registerLibrary": false,
      "sha256": "2ad61fc4faac348f8444acc6d67fd0ea253dca0398289c2b0112cf9818ff1d54"
    },
    {
      "path": "/Applications/lghub.app/Contents/Frameworks/lghub_agent.app/Contents/_CodeSignature/CodeResources",
      "registerLibrary": false,
      "sha256": "a8a32e8fe78b86b334829adb67fd49f12aa4ce10d58e4874ee75783b825c2698"
    },
    {
      "path": "/Applications/lghub.app/Contents/Frameworks/lghub_agent.app/Contents/MacOS/lghub_agent.dSYM/Contents/Resources/DWARF/lghub_agent",
      "registerLibrary": false,
      "sha256": "11ad1c9e14e2031e0be69732c19c45c2649191125e3b8b87352a063c79295126"
    },
    {
      "path": "/Applications/lghub.app/Contents/Frameworks/lghub_agent.app/Contents/MacOS/lghub_agent.dSYM/Contents/Info.plist",
      "registerLibrary": false,
      "sha256": "cbb6692ffd15da52aa8d5ef6a8d3c2419fbf551f3a0a5f937dcdfaccf8801c42"
    },
    {
      "path": "/Applications/lghub.app/Contents/Frameworks/lghub_agent.app/Contents/MacOS/logi_crashpad_handler",
      "registerLibrary": false,
      "sha256": "20bbb845ff26998c6a5051218d04dde6d7f405f398c527fae8bbad10f14e61db"
    },
    {
      "path": "/Applications/lghub.app/Contents/Frameworks/lghub_agent.app/Contents/MacOS/lghub_agent",
      "registerLibrary": false,
      "sha256": "16aa905b42804ae5310ef59f1c556851b472de6389c4cc0e60987a1705a462e9"
    },
    {
      "path": "/Applications/lghub.app/Contents/Frameworks/lghub_agent.app/Contents/PlugIns/platforms/libqcocoa.dylib",
      "registerLibrary": false,
      "sha256": "eec0d67b1554ad105596143da4de8d201c18bb2a69f9d82168e4d2affd710a47"
    },
    {
      "path": "/Applications/lghub.app/Contents/Frameworks/lghub_agent.app/Contents/PlugIns/printsupport/libcocoaprintersupport.dylib",
      "registerLibrary": false,
      "sha256": "5bc5120f2eee5927c5416f1cd974f97eb7501328fc6f53ac1d65dddd7fa9c26c"
    },
    {
      "path": "/Applications/lghub.app/Contents/Frameworks/lghub_agent.app/Contents/PlugIns/styles/libqmacstyle.dylib",
      "registerLibrary": false,
      "sha256": "0341000e055366340c0d00102608350e66edfe1db57660fefacd4f7537fbe054"
    },
    {
      "path": "/Applications/lghub.app/Contents/Frameworks/lghub_agent.app/Contents/PlugIns/bearer/libqgenericbearer.dylib",
      "registerLibrary": false,
      "sha256": "f5093777e03a2145ebb8e9a2d20e30520825d181de1addc4fb2c2ed05eff2656"
    },
    {
      "path": "/Applications/lghub.app/Contents/Frameworks/lghub_agent.app/Contents/PlugIns/iconengines/libqsvgicon.dylib",
      "registerLibrary": false,
      "sha256": "d1154b92bfcf3ca8920ac2a75f97cbb0df9b9ac2faab8ba9fb2075a00a303d91"
    },
    {
      "path": "/Applications/lghub.app/Contents/Frameworks/lghub_agent.app/Contents/PlugIns/imageformats/libqgif.dylib",
      "registerLibrary": false,
      "sha256": "41d595edde7c8c29ad0422a2b39c77cd8a3795ea4b22547595d4bf715fc1e9b4"
    },
    {
      "path": "/Applications/lghub.app/Contents/Frameworks/lghub_agent.app/Contents/PlugIns/imageformats/libqico.dylib",
      "registerLibrary": false,
      "sha256": "5a6be73fe8ce3ff7f643ecf44285dc892ea48427c13cb393693585eadaea17cc"
    },
    {
      "path": "/Applications/lghub.app/Contents/Frameworks/lghub_agent.app/Contents/PlugIns/imageformats/libqjpeg.dylib",
      "registerLibrary": false,
      "sha256": "2167b4c1b2f81edbd71945b7382702d323af95f7c89dd6ac7e6b9254b4515988"
    },
    {
      "path": "/Applications/lghub.app/Contents/Frameworks/lghub_agent.app/Contents/Resources/qt.conf",
      "registerLibrary": false,
      "sha256": "aa97375f75685d268b1db060f26bc955931c1688312300b61d998115f8001fb0"
    },
    {
      "path": "/Applications/lghub.app/Contents/Frameworks/lghub_agent.app/Contents/Resources/data/card_presets.json",
      "registerLibrary": false,
      "sha256": "cc4b3f112bed2ba639a8fe92def60d92e0a27046e4bf24351357d24dcbc1a958"
    },
    {
      "path": "/Applications/lghub.app/Contents/Frameworks/lghub_agent.app/Contents/Resources/data/eq_presets.json",
      "registerLibrary": false,
      "sha256": "52dbedb1d1b51605d060d6cf107f4b92b11d7c65ea8bd45b986ac5ce91c71e3d"
    },
    {
      "path": "/Applications/lghub.app/Contents/Frameworks/lghub_agent.app/Contents/Resources/data/strings/it-IT.yaml",
      "registerLibrary": false,
      "sha256": "48273426998180367e089843f396af30f08e95358dcb0af1927afb6c73f35a2f"
    },
    {
      "path": "/Applications/lghub.app/Contents/Frameworks/lghub_agent.app/Contents/Resources/data/strings/hu-HU.yaml",
      "registerLibrary": false,
      "sha256": "88c913f80e2a5b5a2ac86db3de9f9dc8ef74c214506e60faf78ca9b034dfb33b"
    },
    {
      "path": "/Applications/lghub.app/Contents/Frameworks/lghub_agent.app/Contents/Resources/data/strings/tr-TR.yaml",
      "registerLibrary": false,
      "sha256": "f6992f0e7df15de04b69e004d5aee576e0d1d0dd8d9c735edd1fdc1155c60a01"
    },
    {
      "path": "/Applications/lghub.app/Contents/Frameworks/lghub_agent.app/Contents/Resources/data/strings/sv-SE.yaml",
      "registerLibrary": false,
      "sha256": "85b55b01e29d9b868aa4f88577ac3fa223b36bf9e5f36d9e54d72e8fb9f771a3"
    },
    {
      "path": "/Applications/lghub.app/Contents/Frameworks/lghub_agent.app/Contents/Resources/data/strings/es-ES.yaml",
      "registerLibrary": false,
      "sha256": "5ff90bcc41d0558b5b40aad3bf07d70b7af22778fcdc2033b5c2bcb9dced4d67"
    },
    {
      "path": "/Applications/lghub.app/Contents/Frameworks/lghub_agent.app/Contents/Resources/data/strings/ko-KR.yaml",
      "registerLibrary": false,
      "sha256": "79cb779874534cd1f71fe3dd163fbf6e89687fac130873eb24292574a3f676e2"
    },
    {
      "path": "/Applications/lghub.app/Contents/Frameworks/lghub_agent.app/Contents/Resources/data/strings/zh-CN.yaml",
      "registerLibrary": false,
      "sha256": "a00f76562bfd79849a8ceff7ebaae77da61ce7b0dfdedb2e6d04af085b56d476"
    },
    {
      "path": "/Applications/lghub.app/Contents/Frameworks/lghub_agent.app/Contents/Resources/data/strings/ja-JP.yaml",
      "registerLibrary": false,
      "sha256": "4592aaaa1c9b93f72129fb3e850b7fe786c8dd3c990a23798be489378f03f408"
    },
    {
      "path": "/Applications/lghub.app/Contents/Frameworks/lghub_agent.app/Contents/Resources/data/strings/nb-NO.yaml",
      "registerLibrary": false,
      "sha256": "c2a5c76f86012e305b361f319002d35da430ac062655595f4cb2c7cb23769d7f"
    },
    {
      "path": "/Applications/lghub.app/Contents/Frameworks/lghub_agent.app/Contents/Resources/data/strings/da-DK.yaml",
      "registerLibrary": false,
      "sha256": "0538157667898729de3e471f86ba26f3c65bd7d443835e1dbfb8ec2489f91f1e"
    },
    {
      "path": "/Applications/lghub.app/Contents/Frameworks/lghub_agent.app/Contents/Resources/data/strings/zh-TW.yaml",
      "registerLibrary": false,
      "sha256": "23b3f203dbc5a7c5143bcf6925c7011748ec7b88af3ca925bb52e8a712b6a845"
    },
    {
      "path": "/Applications/lghub.app/Contents/Frameworks/lghub_agent.app/Contents/Resources/data/strings/fr-FR.yaml",
      "registerLibrary": false,
      "sha256": "e716dc7d458ff6c9e1b6e9e89dd32fc8e9aec1969fa4c08a64d88cd7ce1592b3"
    },
    {
      "path": "/Applications/lghub.app/Contents/Frameworks/lghub_agent.app/Contents/Resources/data/strings/cs-CZ.yaml",
      "registerLibrary": false,
      "sha256": "05bcb8ee45af5aa0efb4ef98707a72a8b9b2897b298c913868921bc6a28ece0b"
    },
    {
      "path": "/Applications/lghub.app/Contents/Frameworks/lghub_agent.app/Contents/Resources/data/strings/de-DE.yaml",
      "registerLibrary": false,
      "sha256": "371263c8ecc0ea9bc4314a818128ae65a3302806fc2450efcd874988e909e173"
    },
    {
      "path": "/Applications/lghub.app/Contents/Frameworks/lghub_agent.app/Contents/Resources/data/strings/pt-BR.yaml",
      "registerLibrary": false,
      "sha256": "597034caba0d2badb64b4099a1d1897bbffaf8a8150e9c6c7262dabf33a8b2b3"
    },
    {
      "path": "/Applications/lghub.app/Contents/Frameworks/lghub_agent.app/Contents/Resources/data/strings/pl-PL.yaml",
      "registerLibrary": false,
      "sha256": "1392991392726cf4ded63edf2de199b15d5333b8d653289b9cda3a5f7f6babf4"
    },
    {
      "path": "/Applications/lghub.app/Contents/Frameworks/lghub_agent.app/Contents/Resources/data/strings/fi-FI.yaml",
      "registerLibrary": false,
      "sha256": "a39d338293f5ac63749ebde4df46f0eda289815e5e1db75fefe07d667e5e0639"
    },
    {
      "path": "/Applications/lghub.app/Contents/Frameworks/lghub_agent.app/Contents/Resources/data/strings/en-US.yaml",
      "registerLibrary": false,
      "sha256": "b1e1f2de3abe794b26330b603f29b234777c1242f001715d3ef01bd92f4aaaa5"
    },
    {
      "path": "/Applications/lghub.app/Contents/Frameworks/lghub_agent.app/Contents/Resources/data/strings/nl-NL.yaml",
      "registerLibrary": false,
      "sha256": "4d8a560b02b5754b2f3c65792e27eaef559a2e45a15102772f05f7d166485009"
    },
    {
      "path": "/Applications/lghub.app/Contents/Frameworks/lghub_agent.app/Contents/Resources/data/strings/ru-RU.yaml",
      "registerLibrary": false,
      "sha256": "af23e48962c573ecd3c65d900335d881fd4c00c8b66f029c04ffa76fe07c3f83"
    },
    {
      "path": "/Applications/lghub.app/Contents/Frameworks/lghub_agent.app/Contents/Resources/data/sounds/71ChannelCheckSound.wma",
      "registerLibrary": false,
      "sha256": "3a25eb44361ddcc39ea78443ef4a5f94e3a3025d569ff9af1043ce37a4376e11"
    },
    {
      "path": "/Applications/lghub.app/Contents/Frameworks/lghub_agent.app/Contents/Resources/data/video_filters.json",
      "registerLibrary": false,
      "sha256": "ed585cc87111cc77308ebd3609484ba867e33711bd1672afd0c8f955e56fa795"
    },
    {
      "path": "/Applications/lghub.app/Contents/Frameworks/lghub_agent.app/Contents/Resources/data/lighting/effect_prefabs.json",
      "registerLibrary": false,
      "sha256": "27013090ca598b4a6c258be8e4bb8dd42e7bdd088f16c79478a9bba0eca8bea4"
    },
    {
      "path": "/Applications/lghub.app/Contents/Frameworks/lghub_agent.app/Contents/Resources/data/lighting/effect_presets.json",
      "registerLibrary": false,
      "sha256": "ca9275ddec7a37afccb50506ecd5c2dde3edfac85572c588976a7443e6c3804b"
    },
    {
      "path": "/Applications/lghub.app/Contents/Frameworks/lghub_agent.app/Contents/Resources/data/lighting/effects/mono-verticool.json",
      "registerLibrary": false,
      "sha256": "a80e2cb59c978f67e1f8bdeb9da0bb599e866886984b495c692db149b1027853"
    },
    {
      "path": "/Applications/lghub.app/Contents/Frameworks/lghub_agent.app/Contents/Resources/data/lighting/effects/verticool.json",
      "registerLibrary": false,
      "sha256": "5707278f46ab60b690a685b99db8e7b352ee54c2764ffcb0344c4206e963e87e"
    },
    {
      "path": "/Applications/lghub.app/Contents/Frameworks/lghub_agent.app/Contents/Resources/data/lighting/effects/audio-visualizer-mouse-rgb-per-key.json",
      "registerLibrary": false,
      "sha256": "4d632d63a5e7f83e354b388c5350ee78e15b4070e4fa7978cbc3b4c3a0ab16ed"
    },
    {
      "path": "/Applications/lghub.app/Contents/Frameworks/lghub_agent.app/Contents/Resources/data/lighting/effects/oceanwave.json",
      "registerLibrary": false,
      "sha256": "44574d1c69970d72937a8431ce446f27b4616c8796515f391709f6e9d6344ee3"
    },
    {
      "path": "/Applications/lghub.app/Contents/Frameworks/lghub_agent.app/Contents/Resources/data/lighting/effects/screen_sampler-kb.json",
      "registerLibrary": false,
      "sha256": "1439abfae3fcff6071e4b8e9c649ad59f23c244e99f59fbeae7711aed5a34355"
    },
    {
      "path": "/Applications/lghub.app/Contents/Frameworks/lghub_agent.app/Contents/Resources/data/lighting/effects/audio-visualizer-generic.json",
      "registerLibrary": false,
      "sha256": "b41a715e74aa2d4805faa2caa11c0a825cc83aba3b6249d0d166d3ec7669e64d"
    },
    {
      "path": "/Applications/lghub.app/Contents/Frameworks/lghub_agent.app/Contents/Resources/data/lighting/effects/mouse-redwhiteblue.json",
      "registerLibrary": false,
      "sha256": "7eeaa85cd47e8fa35d1648be7fc0d09805e60494b785320605ea70488f49d168"
    },
    {
      "path": "/Applications/lghub.app/Contents/Frameworks/lghub_agent.app/Contents/Resources/data/lighting/effects/screen_sampler.json",
      "registerLibrary": false,
      "sha256": "d5ac503f38c2fefcc5be5577f194d4c721beee7f21ff7fe9d67112df86b3bd89"
    },
    {
      "path": "/Applications/lghub.app/Contents/Frameworks/lghub_agent.app/Contents/Resources/data/lighting/effects/redwhiteblue.json",
      "registerLibrary": false,
      "sha256": "d84658b5d4939025bc8e579500eb9bb5fa5710ce33b67866d1d3a3b6b982ec80"
    },
    {
      "path": "/Applications/lghub.app/Contents/Frameworks/lghub_agent.app/Contents/Resources/data/lighting/effects/audio-visualizer-kb-per-key.json",
      "registerLibrary": false,
      "sha256": "8ebf1b61d3e47807c8b4785d66d99ac7f70a9e059c9cac97453466e128ff9332"
    },
    {
      "path": "/Applications/lghub.app/Contents/Frameworks/lghub_agent.app/Contents/Resources/data/lighting/effects/mono-contrastic.json",
      "registerLibrary": false,
      "sha256": "bb57df227a93eab37042de0d9417c001b3bcc11d9f55bb1c02fd1324171dc774"
    },
    {
      "path": "/Applications/lghub.app/Contents/Frameworks/lghub_agent.app/Contents/Resources/data/lighting/effects/contrastic.json",
      "registerLibrary": false,
      "sha256": "e53cbb9c45b3fa9b063294acd3e15cb49b79cb35b649eda3990414c5708e8a2c"
    },
    {
      "path": "/Applications/lghub.app/Contents/Frameworks/lghub_agent.app/Contents/Resources/data/lighting/effects/lightning.json",
      "registerLibrary": false,
      "sha256": "62eea001519c72783bfbf2aaeb2981efe2c4b97265f48ce826ef226b7d41b075"
    },
    {
      "path": "/Applications/lghub.app/Contents/Frameworks/lghub_agent.app/Contents/Resources/data/lighting/effects/audio-visualizer-kb-zonal.json",
      "registerLibrary": false,
      "sha256": "02aca6a33c7c68fe446b17d1d8ad5916f37f8cbf6f8e7f0a23f4a92af8022ab0"
    },
    {
      "path": "/Applications/lghub.app/Contents/Frameworks/lghub_agent.app/Contents/Resources/data/lighting/effects/mouse-oceanwave.json",
      "registerLibrary": false,
      "sha256": "eaf30db6c25a7dc7ccbfccafd9a9079026c23f667c6859c1bc9985b93132fa73"
    },
    {
      "path": "/Applications/lghub.app/Contents/Frameworks/lghub_agent.app/Contents/Resources/data/lighting/effects/screen_sampler-mrpk.json",
      "registerLibrary": false,
      "sha256": "59f23dbf43a1addf45abe431dc104487b4a35823a2bb7c6a588cd66199e76e0a"
    },
    {
      "path": "/Applications/lghub.app/Contents/Frameworks/lghub_agent.app/Contents/Resources/data/lighting/effects/mouse-verticool.json",
      "registerLibrary": false,
      "sha256": "fe6a3ad7c0ba1b2f627406c24a390a634b5e70b1ddc38727d4f91418b957c154"
    },
    {
      "path": "/Applications/lghub.app/Contents/Frameworks/lghub_agent.app/Contents/Resources/data/applications.json",
      "registerLibrary": false,
      "sha256": "56e49dcffc11b268c169903ad519c2907352ec8db00bf3d63dae4c7cccb588c4"
    },
    {
      "path": "/Applications/lghub.app/Contents/Frameworks/lghub_agent.app/Contents/Resources/data/camera_presets.json",
      "registerLibrary": false,
      "sha256": "8bb8e44a057ad33601d60563712fd9d467945b120e958064390d41e5dbca19e0"
    },
    {
      "path": "/Applications/lghub.app/Contents/Frameworks/lghub_agent.app/Contents/Resources/data/tray_osx.png",
      "registerLibrary": false,
      "sha256": "9a927552ca455af375103c5aed55aed8a9a61dd555790715020f2c339bd0eecb"
    },
    {
      "path": "/Applications/lghub.app/Contents/Frameworks/lghub_agent.app/Contents/Resources/data/pro_eq_presets.json",
      "registerLibrary": false,
      "sha256": "4c51126b20550b830fb5d32a655bb60398dc62b2a6de915c0e15085473e75dbc"
    },
    {
      "path": "/Applications/lghub.app/Contents/Frameworks/lghub_agent.app/Contents/Library/SystemExtensions/com.logi.ghub.hidfilter.dext/_CodeSignature/CodeResources",
      "registerLibrary": false,
      "sha256": "ca570dca31780f567d0e311ec91749116afe1f5bc065646ae23cf8a10369f801"
    },
    {
      "path": "/Applications/lghub.app/Contents/Frameworks/lghub_agent.app/Contents/Library/SystemExtensions/com.logi.ghub.hidfilter.dext/com.logi.ghub.hidfilter",
      "registerLibrary": false,
      "sha256": "027b9760009aa984c61288ffab7a7ff157528fea6a250e1622cac11782e21fc2"
    },
    {
      "path": "/Applications/lghub.app/Contents/Frameworks/lghub_agent.app/Contents/Library/SystemExtensions/com.logi.ghub.hidfilter.dext/embedded.provisionprofile",
      "registerLibrary": false,
      "sha256": "1209c8e658ec9f48c3ca7fb3e0258faeada8160ba426cdf9bb948bf95dd21cb5"
    },
    {
      "path": "/Applications/lghub.app/Contents/Frameworks/lghub_agent.app/Contents/Library/SystemExtensions/com.logi.ghub.hidfilter.dext/Info.plist",
      "registerLibrary": false,
      "sha256": "275094d299c62afa7460d1c4eedbbe4272b59db5492b43ce0c5004efa3c4112f"
    },
    {
      "path": "/Applications/lghub.app/Contents/Frameworks/lghub_agent.app/Contents/embedded.provisionprofile",
      "registerLibrary": false,
      "sha256": "538de421f343710602b29c642444db42e6ab1eb4030dbb24071bec6ca5676fe0"
    },
    {
      "path": "/Applications/lghub.app/Contents/Frameworks/lghub_agent.app/Contents/Frameworks/libQt5Network.5.dylib",
      "registerLibrary": false,
      "sha256": "16a8ab34ecc1ca1e72ba20cdec25f933f3a93f39a6781c02b1b5fe14d4d51136"
    },
    {
      "path": "/Applications/lghub.app/Contents/Frameworks/lghub_agent.app/Contents/Frameworks/libQt5DBus.5.dylib",
      "registerLibrary": false,
      "sha256": "f168966add86c6da81c04f33cab1fa2eff6bbfcb775386bf588ed9206e74c309"
    },
    {
      "path": "/Applications/lghub.app/Contents/Frameworks/lghub_agent.app/Contents/Frameworks/libQt5Core.5.dylib",
      "registerLibrary": false,
      "sha256": "ab2dd22d2b3a0b2809a072a441578a781de15c007f528604567ca66967ada125"
    },
    {
      "path": "/Applications/lghub.app/Contents/Frameworks/lghub_agent.app/Contents/Frameworks/libQt5PrintSupport.5.dylib",
      "registerLibrary": false,
      "sha256": "5355b791ff220f4ed00d7a43836a40b242eefc2c4cca5662e269c69941388af2"
    },
    {
      "path": "/Applications/lghub.app/Contents/Frameworks/lghub_agent.app/Contents/Frameworks/libQt5Concurrent.5.dylib",
      "registerLibrary": false,
      "sha256": "2575435e0c56dca2b400feb38a3e8d166f87d039ac463430c8e4f4d6e91cc737"
    },
    {
      "path": "/Applications/lghub.app/Contents/Frameworks/lghub_agent.app/Contents/Frameworks/libQt5Svg.5.dylib",
      "registerLibrary": false,
      "sha256": "ff5a97eea1a76415af110c4f074886aaccb8d3917ae07aabd31ff6001b7538fe"
    },
    {
      "path": "/Applications/lghub.app/Contents/Frameworks/lghub_agent.app/Contents/Frameworks/libQt5Widgets.5.dylib",
      "registerLibrary": false,
      "sha256": "c38bec88702414666dfd79c7012bbbc0f6cfd1881257658a0bd47a04c124fc3e"
    },
    {
      "path": "/Applications/lghub.app/Contents/Frameworks/lghub_agent.app/Contents/Frameworks/libQt5Gui.5.dylib",
      "registerLibrary": false,
      "sha256": "4ece5be91c1cba525b9b3076bbd3e94078a97750d2be282672b4166ee8349295"
    },
    {
      "path": "/Applications/lghub.app/Contents/Frameworks/lghub_agent.app/Contents/Info.plist",
      "registerLibrary": false,
      "sha256": "1614287e2f4a9b64883ff2bdf32ae3ffb6441783e22c906ad42ae5712a24abe2"
    },
    {
      "path": "/Applications/lghub.app/Contents/Frameworks/lghub_agent.app/Contents/PkgInfo",
      "registerLibrary": false,
      "sha256": "e079b5c8da7c98ad0b93984550aa9cbe921d34d1a3d7e25d1410d9c74f5dad83"
    },
    {
      "path": "/Applications/lghub.app/Contents/Frameworks/Electron Framework.framework/Electron Framework",
      "registerLibrary": false,
      "sha256": ""
    },
    {
      "path": "/Applications/lghub.app/Contents/Frameworks/Electron Framework.framework/Versions/A/_CodeSignature/CodeResources",
      "registerLibrary": false,
      "sha256": "84c882352e5b9b6d0bf1052a10c16e920156aac904fbb3282e7ab33f2ae26f40"
    },
    {
      "path": "/Applications/lghub.app/Contents/Frameworks/Electron Framework.framework/Versions/A/Electron Framework",
      "registerLibrary": false,
      "sha256": "8fe56a9efe5db67a98f9ed8df863404ce29eb67006de93dc62281723ee79cc16"
    },
    {
      "path": "/Applications/lghub.app/Contents/Frameworks/Electron Framework.framework/Versions/A/Resources/de.lproj/locale.pak",
      "registerLibrary": false,
      "sha256": "902011e2968feb162c12932763355f00a4e341fb8319448a8ff3f648d98b0191"
    },
    {
      "path": "/Applications/lghub.app/Contents/Frameworks/Electron Framework.framework/Versions/A/Resources/he.lproj/locale.pak",
      "registerLibrary": false,
      "sha256": "83c1c3d7b49570abd9a58650a785e3c2f622efc02417b4c5232b7e2031bb9c41"
    },
    {
      "path": "/Applications/lghub.app/Contents/Frameworks/Electron Framework.framework/Versions/A/Resources/ar.lproj/locale.pak",
      "registerLibrary": false,
      "sha256": "1659993b8e730a5adbe918fbf65ea78ca0677b6e862b99fb844f2b33a8bea8e4"
    },
    {
      "path": "/Applications/lghub.app/Contents/Frameworks/Electron Framework.framework/Versions/A/Resources/el.lproj/locale.pak",
      "registerLibrary": false,
      "sha256": "f8a8d5c28f1c51b94ee425379745ab8db3bf3c55723e03f7c22b6fcb6499f504"
    },
    {
      "path": "/Applications/lghub.app/Contents/Frameworks/Electron Framework.framework/Versions/A/Resources/ja.lproj/locale.pak",
      "registerLibrary": false,
      "sha256": "548bf28e851f7e865944888fa3b3acb023234b237f71590599b0a9e32b67690e"
    },
    {
      "path": "/Applications/lghub.app/Contents/Frameworks/Electron Framework.framework/Versions/A/Resources/fa.lproj/locale.pak",
      "registerLibrary": false,
      "sha256": "a9bd7646c0b105cf25a9bdb4c66cd4238421f677a072983ab52323292136174e"
    },
    {
      "path": "/Applications/lghub.app/Contents/Frameworks/Electron Framework.framework/Versions/A/Resources/mr.lproj/locale.pak",
      "registerLibrary": false,
      "sha256": "4d0f64648394c9c110011c4b7f7bec59467bcd83d99aa3199e72dfbf7e1844dd"
    },
    {
      "path": "/Applications/lghub.app/Contents/Frameworks/Electron Framework.framework/Versions/A/Resources/en.lproj/locale.pak",
      "registerLibrary": false,
      "sha256": "3670f6d17e8c5955b66e3f502b73c6edfb094c539802820038b4e49d4a334a42"
    },
    {
      "path": "/Applications/lghub.app/Contents/Frameworks/Electron Framework.framework/Versions/A/Resources/chrome_200_percent.pak",
      "registerLibrary": false,
      "sha256": "2b47580f12c4fd41902d42888e8668f74232c3d7db4cd8543c23f19a11e28405"
    },
    {
      "path": "/Applications/lghub.app/Contents/Frameworks/Electron Framework.framework/Versions/A/Resources/uk.lproj/locale.pak",
      "registerLibrary": false,
      "sha256": "64c6694d6cbdbc78e3a006844cb02a279c3450f6ca72bae27a8a9d4dd81be9a7"
    },
    {
      "path": "/Applications/lghub.app/Contents/Frameworks/Electron Framework.framework/Versions/A/Resources/es_419.lproj/locale.pak",
      "registerLibrary": false,
      "sha256": "3aeece9f480891cc9579f6ed6545c8615ec6e7f1c6f136199e7a759abd86fbb1"
    },
    {
      "path": "/Applications/lghub.app/Contents/Frameworks/Electron Framework.framework/Versions/A/Resources/gu.lproj/locale.pak",
      "registerLibrary": false,
      "sha256": "a7f46d99c6a3301633dbf3517bf7bc9c5ed35ad4b7482bf590364c18965c0240"
    },
    {
      "path": "/Applications/lghub.app/Contents/Frameworks/Electron Framework.framework/Versions/A/Resources/zh_CN.lproj/locale.pak",
      "registerLibrary": false,
      "sha256": "7b0e10a729d540c709042fba91e08bd1c870989c933c7973d3983ac8c8e312f4"
    },
    {
      "path": "/Applications/lghub.app/Contents/Frameworks/Electron Framework.framework/Versions/A/Resources/kn.lproj/locale.pak",
      "registerLibrary": false,
      "sha256": "63a21797efce3b6366f169285e42515e50c939861a2a9487ea016a9038fd1b77"
    },
    {
      "path": "/Applications/lghub.app/Contents/Frameworks/Electron Framework.framework/Versions/A/Resources/nb.lproj/locale.pak",
      "registerLibrary": false,
      "sha256": "a4b72698d4025c37844c51220740e2764a4c9459e92ce3b5cf233afa9d2a2883"
    },
    {
      "path": "/Applications/lghub.app/Contents/Frameworks/Electron Framework.framework/Versions/A/Resources/chrome_100_percent.pak",
      "registerLibrary": false,
      "sha256": "23d742bcd0cf51e284c46d9a8801f9d9d2597fb18183afecdfa2c3ae9e6418bf"
    },
    {
      "path": "/Applications/lghub.app/Contents/Frameworks/Electron Framework.framework/Versions/A/Resources/am.lproj/locale.pak",
      "registerLibrary": false,
      "sha256": "fda470ba5e938b209ca6b8868ad01206f974e962f27679c274058f8bd02769ba"
    },
    {
      "path": "/Applications/lghub.app/Contents/Frameworks/Electron Framework.framework/Versions/A/Resources/es.lproj/locale.pak",
      "registerLibrary": false,
      "sha256": "d4ca87082bebb3ba79efb410a2862e5d0fdb5dc1748e43260e88d182d1c9b88c"
    },
    {
      "path": "/Applications/lghub.app/Contents/Frameworks/Electron Framework.framework/Versions/A/Resources/sw.lproj/locale.pak",
      "registerLibrary": false,
      "sha256": "9522bbf10baab5a8b267d62ac6a146f54f26e6a538c6c59b16c98591e661a330"
    },
    {
      "path": "/Applications/lghub.app/Contents/Frameworks/Electron Framework.framework/Versions/A/Resources/sl.lproj/locale.pak",
      "registerLibrary": false,
      "sha256": "a2638369b2338fe6482b82b0460229f07ac9e3fe0f6d3d7d086c27e42f494481"
    },
    {
      "path": "/Applications/lghub.app/Contents/Frameworks/Electron Framework.framework/Versions/A/Resources/pt_BR.lproj/locale.pak",
      "registerLibrary": false,
      "sha256": "ee923058861022dd3b65e69a1c232ed7384227cdc8faaacc16dbd4e260d12861"
    },
    {
      "path": "/Applications/lghub.app/Contents/Frameworks/Electron Framework.framework/Versions/A/Resources/da.lproj/locale.pak",
      "registerLibrary": false,
      "sha256": "301cc07666267fb527866c7d5529fe7bfc492b65077dfaec87e667ff2fae2da3"
    },
    {
      "path": "/Applications/lghub.app/Contents/Frameworks/Electron Framework.framework/Versions/A/Resources/et.lproj/locale.pak",
      "registerLibrary": false,
      "sha256": "e50497b32ff4f249cc3bf481bb61499e2f79b57ce017fb0969ce4e8d274a735e"
    },
    {
      "path": "/Applications/lghub.app/Contents/Frameworks/Electron Framework.framework/Versions/A/Resources/it.lproj/locale.pak",
      "registerLibrary": false,
      "sha256": "85f7a4846fba3928a47a968583c0799aa12b804dc9f280e29361e5ad68fdc25c"
    },
    {
      "path": "/Applications/lghub.app/Contents/Frameworks/Electron Framework.framework/Versions/A/Resources/bg.lproj/locale.pak",
      "registerLibrary": false,
      "sha256": "be1e3ca66367a27f25009b7760180d895073c2058add62a1f080c5992854b83d"
    },
    {
      "path": "/Applications/lghub.app/Contents/Frameworks/Electron Framework.framework/Versions/A/Resources/sk.lproj/locale.pak",
      "registerLibrary": false,
      "sha256": "16bd57b5c98c7d3f2dbdbc912cb2504d8a076ae8b48d129cd7d71616f1d87d6a"
    },
    {
      "path": "/Applications/lghub.app/Contents/Frameworks/Electron Framework.framework/Versions/A/Resources/pt_PT.lproj/locale.pak",
      "registerLibrary": false,
      "sha256": "99901f9831fe8aa2fd378d5c41681dd13a201358dbd9d2f7048ef078a8f75383"
    },
    {
      "path": "/Applications/lghub.app/Contents/Frameworks/Electron Framework.framework/Versions/A/Resources/icudtl.dat",
      "registerLibrary": false,
      "sha256": "6e0b6b0d9e14c905f2278dbf25b7bb58cc0622b7680e3b6ff617a1d42348736b"
    },
    {
      "path": "/Applications/lghub.app/Contents/Frameworks/Electron Framework.framework/Versions/A/Resources/sr.lproj/locale.pak",
      "registerLibrary": false,
      "sha256": "0f1a439a9a320738833aaa1d8eef14cd415aae5410559db958fc0922530fe423"
    },
    {
      "path": "/Applications/lghub.app/Contents/Frameworks/Electron Framework.framework/Versions/A/Resources/ms.lproj/locale.pak",
      "registerLibrary": false,
      "sha256": "7c03508191c71c5d02d72c6828a8153ce16f988dc57439806023b69560aff2cf"
    },
    {
      "path": "/Applications/lghub.app/Contents/Frameworks/Electron Framework.framework/Versions/A/Resources/ta.lproj/locale.pak",
      "registerLibrary": false,
      "sha256": "6f7811c64636d71a208ad63e58d2a3b7ad2be51d2b104892dc3e1e7559ea8da2"
    },
    {
      "path": "/Applications/lghub.app/Contents/Frameworks/Electron Framework.framework/Versions/A/Resources/ml.lproj/locale.pak",
      "registerLibrary": false,
      "sha256": "6a851ef71b0c32db1d17cb2882362b5bf4f0ec8b3055a21cfbc43766fadd6bd8"
    },
    {
      "path": "/Applications/lghub.app/Contents/Frameworks/Electron Framework.framework/Versions/A/Resources/sv.lproj/locale.pak",
      "registerLibrary": false,
      "sha256": "6235da31f3067064046c62fa91f7432c01194cda431ebab6ae4454ea077f079e"
    },
    {
      "path": "/Applications/lghub.app/Contents/Frameworks/Electron Framework.framework/Versions/A/Resources/te.lproj/locale.pak",
      "registerLibrary": false,
      "sha256": "65f438aee45be3352698fd0fa2112e7fa3f4fd806f6b4d087dcc36afa2236162"
    },
    {
      "path": "/Applications/lghub.app/Contents/Frameworks/Electron Framework.framework/Versions/A/Resources/cs.lproj/locale.pak",
      "registerLibrary": false,
      "sha256": "c36b62c3af8991976134fbf5aee7e323aece82d0c63e26a371ceb110443f4691"
    },
    {
      "path": "/Applications/lghub.app/Contents/Frameworks/Electron Framework.framework/Versions/A/Resources/ko.lproj/locale.pak",
      "registerLibrary": false,
      "sha256": "a2e366c57a58b702bee4f53a6ccdf518214dd15e8c4f8d7f60b86c565dc7d324"
    },
    {
      "path": "/Applications/lghub.app/Contents/Frameworks/Electron Framework.framework/Versions/A/Resources/fil.lproj/locale.pak",
      "registerLibrary": false,
      "sha256": "d6f0313df9996447b3fb76585becf95522bf41be2ed2410f2e26fbbf9a575121"
    },
    {
      "path": "/Applications/lghub.app/Contents/Frameworks/Electron Framework.framework/Versions/A/Resources/MainMenu.nib",
      "registerLibrary": false,
      "sha256": "2df16bc942c0bb7e1b8bcd4878d40fe0f23879e2782d3b6e12a77a9ceefb4762"
    },
    {
      "path": "/Applications/lghub.app/Contents/Frameworks/Electron Framework.framework/Versions/A/Resources/hu.lproj/locale.pak",
      "registerLibrary": false,
      "sha256": "a62e4c03e027d66618aa007be907d3812ad46b88dc928a07f4f4a64966ec414a"
    },
    {
      "path": "/Applications/lghub.app/Contents/Frameworks/Electron Framework.framework/Versions/A/Resources/tr.lproj/locale.pak",
      "registerLibrary": false,
      "sha256": "5ff882e6ed02625822c5b67c05fa77c08780155429565e9e12e5ee41da0e0316"
    },
    {
      "path": "/Applications/lghub.app/Contents/Frameworks/Electron Framework.framework/Versions/A/Resources/pl.lproj/locale.pak",
      "registerLibrary": false,
      "sha256": "c456861793f0d4329ff8ccb87327df6db556e68e845066733329780df391a289"
    },
    {
      "path": "/Applications/lghub.app/Contents/Frameworks/Electron Framework.framework/Versions/A/Resources/zh_TW.lproj/locale.pak",
      "registerLibrary": false,
      "sha256": "bed22089b4ac1ea47a657401f8b49d5d346113c4824672ed4f41b1af9137cd38"
    },
    {
      "path": "/Applications/lghub.app/Contents/Frameworks/Electron Framework.framework/Versions/A/Resources/en_GB.lproj/locale.pak",
      "registerLibrary": false,
      "sha256": "49b7fa3e00d2b8c2a6c6fb5487ff1ae9b6c006d24c82573ea1c460fd888b6f28"
    },
    {
      "path": "/Applications/lghub.app/Contents/Frameworks/Electron Framework.framework/Versions/A/Resources/resources.pak",
      "registerLibrary": false,
      "sha256": "7139713f8e1796424de54b08ee75d700c9826b9a924333e47d9cd3d1e9003306"
    },
    {
      "path": "/Applications/lghub.app/Contents/Frameworks/Electron Framework.framework/Versions/A/Resources/vi.lproj/locale.pak",
      "registerLibrary": false,
      "sha256": "c514cc495bd902f67d55d3b12179275fb41f79bf46a669d5afa6a9778596bbcf"
    },
    {
      "path": "/Applications/lghub.app/Contents/Frameworks/Electron Framework.framework/Versions/A/Resources/lv.lproj/locale.pak",
      "registerLibrary": false,
      "sha256": "73ed2ffd5c0e2c639166ee6970f950fc346b87f348ae52cc6d934294ecf29403"
    },
    {
      "path": "/Applications/lghub.app/Contents/Frameworks/Electron Framework.framework/Versions/A/Resources/lt.lproj/locale.pak",
      "registerLibrary": false,
      "sha256": "8e65537efb59efe360f51df682bcf8b015b5aabce37bd5d893cab6d6833ec051"
    },
    {
      "path": "/Applications/lghub.app/Contents/Frameworks/Electron Framework.framework/Versions/A/Resources/ru.lproj/locale.pak",
      "registerLibrary": false,
      "sha256": "f7ae187c9b2cfb597692a4d80275d463db957b5cb229988f69318fbad10f6709"
    },
    {
      "path": "/Applications/lghub.app/Contents/Frameworks/Electron Framework.framework/Versions/A/Resources/v8_context_snapshot.x86_64.bin",
      "registerLibrary": false,
      "sha256": "fe5068326049fb97cc392058966f0265e5535634dcdcda56dd336f14c72c2fca"
    },
    {
      "path": "/Applications/lghub.app/Contents/Frameworks/Electron Framework.framework/Versions/A/Resources/fr.lproj/locale.pak",
      "registerLibrary": false,
      "sha256": "e5727ad2cf3a8aaf32725e6cea365b8906b09e0519f2a07541ae76aed1cf7572"
    },
    {
      "path": "/Applications/lghub.app/Contents/Frameworks/Electron Framework.framework/Versions/A/Resources/fi.lproj/locale.pak",
      "registerLibrary": false,
      "sha256": "c6a432f262c4e26ffb1df482b3c2188fad6eac1e512853b26c82291f60cb964f"
    },
    {
      "path": "/Applications/lghub.app/Contents/Frameworks/Electron Framework.framework/Versions/A/Resources/id.lproj/locale.pak",
      "registerLibrary": false,
      "sha256": "25f88e472e716bd15b72e96bbe8b0ae6587cddd256c209f748dcee8599a4a58d"
    },
    {
      "path": "/Applications/lghub.app/Contents/Frameworks/Electron Framework.framework/Versions/A/Resources/nl.lproj/locale.pak",
      "registerLibrary": false,
      "sha256": "83471daca3cd62650fe09c1e6084f11970c85d319395bac07c7deda3babe5b4c"
    },
    {
      "path": "/Applications/lghub.app/Contents/Frameworks/Electron Framework.framework/Versions/A/Resources/th.lproj/locale.pak",
      "registerLibrary": false,
      "sha256": "ce798b8972d991849deb836eba2afed7fb50ba0d99be6ba12742bb9490a8128a"
    },
    {
      "path": "/Applications/lghub.app/Contents/Frameworks/Electron Framework.framework/Versions/A/Resources/bn.lproj/locale.pak",
      "registerLibrary": false,
      "sha256": "0c5d874ef85e95494ca1de1383037c036f7f778f20a4e68228b6ea55076909f0"
    },
    {
      "path": "/Applications/lghub.app/Contents/Frameworks/Electron Framework.framework/Versions/A/Resources/ro.lproj/locale.pak",
      "registerLibrary": false,
      "sha256": "9f682c6d1831d3ac52d9f64f570d975036629e3ef739335a60b46c22df5ed6f8"
    },
    {
      "path": "/Applications/lghub.app/Contents/Frameworks/Electron Framework.framework/Versions/A/Resources/Info.plist",
      "registerLibrary": false,
      "sha256": "85b2823a5a540fbe6fae339acfd3ba2a55d6a2ba3169ebd4fb37ac81de1e5fa8"
    },
    {
      "path": "/Applications/lghub.app/Contents/Frameworks/Electron Framework.framework/Versions/A/Resources/hr.lproj/locale.pak",
      "registerLibrary": false,
      "sha256": "fe0a1ddc1e7c6a52f6574a618c1c204868a138686627da20fbf5b1cedb012310"
    },
    {
      "path": "/Applications/lghub.app/Contents/Frameworks/Electron Framework.framework/Versions/A/Resources/hi.lproj/locale.pak",
      "registerLibrary": false,
      "sha256": "890912b01763abb6b766520beb3f81ae8779b55121844e9ca8bc343c848392c6"
    },
    {
      "path": "/Applications/lghub.app/Contents/Frameworks/Electron Framework.framework/Versions/A/Resources/ca.lproj/locale.pak",
      "registerLibrary": false,
      "sha256": "a6b040efa76382e0cf01ce9a6b5316dcc2b10b5a474619cfec228e8fc3475252"
    },
    {
      "path": "/Applications/lghub.app/Contents/Frameworks/Electron Framework.framework/Versions/A/Libraries/libEGL.dylib",
      "registerLibrary": false,
      "sha256": "caace3f0821b4523d9c65950a174eb75dd0177a0f7a47c362aebdca58c326c75"
    },
    {
      "path": "/Applications/lghub.app/Contents/Frameworks/Electron Framework.framework/Versions/A/Libraries/vk_swiftshader_icd.json",
      "registerLibrary": false,
      "sha256": "d717d915e31e7c27948b80b36ab34e2d897888114c5c7d0af835f93eb53e58f5"
    },
    {
      "path": "/Applications/lghub.app/Contents/Frameworks/Electron Framework.framework/Versions/A/Libraries/libswiftshader_libEGL.dylib",
      "registerLibrary": false,
      "sha256": "c21847ddbf4cd95adfc5ec199321b71e0397aa953bb0700fbc3e2134a5e00663"
    },
    {
      "path": "/Applications/lghub.app/Contents/Frameworks/Electron Framework.framework/Versions/A/Libraries/libvk_swiftshader.dylib",
      "registerLibrary": false,
      "sha256": "45cdf47f8f5448b06643eecdb65414bb7e3c95f61f77f01f07533b8d3cf119e8"
    },
    {
      "path": "/Applications/lghub.app/Contents/Frameworks/Electron Framework.framework/Versions/A/Libraries/libGLESv2.dylib",
      "registerLibrary": false,
      "sha256": "37430fd9c3f354d74380e9d04d11b657fc4ce844076a44bc8c240e460e5074c1"
    },
    {
      "path": "/Applications/lghub.app/Contents/Frameworks/Electron Framework.framework/Versions/A/Libraries/libswiftshader_libGLESv2.dylib",
      "registerLibrary": false,
      "sha256": "14e4f327351e41bf592a2571e95812034172e758885228e44b65c4e5e39f7bf7"
    },
    {
      "path": "/Applications/lghub.app/Contents/Frameworks/Electron Framework.framework/Versions/A/Libraries/libffmpeg.dylib",
      "registerLibrary": false,
      "sha256": "817bd1a635ddcbdcbf7ffe7f67e5676b52589f6127e9ce78fbd7cc5151ec6e76"
    },
    {
      "path": "/Applications/lghub.app/Contents/Frameworks/Electron Framework.framework/Versions/A/Helpers/chrome_crashpad_handler",
      "registerLibrary": false,
      "sha256": "7c7edec926baef680be99fd01bbc6ccb07b2833db6a31daa496ed5fca0f9c5c2"
    },
    {
      "path": "/Applications/lghub.app/Contents/Frameworks/Electron Framework.framework/Versions/Current",
      "registerLibrary": false,
      "sha256": "e3b0c44298fc1c149afbf4c8996fb92427ae41e4649b934ca495991b7852b855"
    },
    {
      "path": "/Applications/lghub.app/Contents/Frameworks/ReactiveObjC.framework/Versions/A/_CodeSignature/CodeResources",
      "registerLibrary": false,
      "sha256": "13462c420c65d35f2256c33399b360b22b2fbcd2e04cfb36f9b08c74f2ead154"
    },
    {
      "path": "/Applications/lghub.app/Contents/Frameworks/ReactiveObjC.framework/Versions/A/Resources/Info.plist",
      "registerLibrary": false,
      "sha256": "29fd7be23dd88592ed30176491355e9ac85286f3bb0caf016f12e53317af9eb9"
    },
    {
      "path": "/Applications/lghub.app/Contents/Frameworks/ReactiveObjC.framework/Versions/A/ReactiveObjC",
      "registerLibrary": false,
      "sha256": "3c691066fd42cae83cbd982431e38ce97dfe55f03e103a36440c58e4636bebb8"
    },
    {
      "path": "/Applications/lghub.app/Contents/Frameworks/lghub Helper (GPU).app/Contents/MacOS/lghub Helper (GPU)",
      "registerLibrary": false,
      "sha256": "41335106ae35e64e853984aec13b1757541f68824d115dbbd542234ea191ec8d"
    },
    {
      "path": "/Applications/lghub.app/Contents/Frameworks/lghub Helper (GPU).app/Contents/Info.plist",
      "registerLibrary": false,
      "sha256": "2b07a5751ae2a7cbbfd3b78a1957a19ce13024de0eb636e858afc293eea44163"
    },
    {
      "path": "/Applications/lghub.app/Contents/Frameworks/libQt5Network.5.dylib",
      "registerLibrary": false,
      "sha256": "9ab0749e34b716aa75fa71b572bf24df214235e13d16f79ba370a28281275b14"
    },
    {
      "path": "/Applications/lghub.app/Contents/Frameworks/libQt5DBus.5.dylib",
      "registerLibrary": false,
      "sha256": "6113f3f339014728e0d8815d1a741c2b063af84d91f519421db008a01b6f99a1"
    },
    {
      "path": "/Applications/lghub.app/Contents/Frameworks/Squirrel.framework/Versions/A/_CodeSignature/CodeResources",
      "registerLibrary": false,
      "sha256": "ff3541e8647f5490ce81f98bc66e80bfd0e673cf7df896de53ec2c0e798470c4"
    },
    {
      "path": "/Applications/lghub.app/Contents/Frameworks/Squirrel.framework/Versions/A/Resources/ShipIt",
      "registerLibrary": false,
      "sha256": "7d0977cbf1c1d0fb1aabb34a29c9642f887032b0ea00c87265a91a0b85a2c1e2"
    },
    {
      "path": "/Applications/lghub.app/Contents/Frameworks/Squirrel.framework/Versions/A/Resources/Info.plist",
      "registerLibrary": false,
      "sha256": "80a3685a128266ac72138f9337da2f38d149610507608ccbf6a1b03ce6f13cc5"
    },
    {
      "path": "/Applications/lghub.app/Contents/Frameworks/Squirrel.framework/Versions/A/Squirrel",
      "registerLibrary": false,
      "sha256": "daa13953ceb895eaf6000c89a6501bd5e21974f0935f708e762bdea00d4324b3"
    },
    {
      "path": "/Applications/lghub.app/Contents/Frameworks/lghub Helper (Plugin).app/Contents/MacOS/lghub Helper (Plugin)",
      "registerLibrary": false,
      "sha256": "178985bb0886af8aa22716bd999a27b9a9dbf311e5c450ea27d3d3e10694d056"
    },
    {
      "path": "/Applications/lghub.app/Contents/Frameworks/lghub Helper (Plugin).app/Contents/Info.plist",
      "registerLibrary": false,
      "sha256": "788515e803e44762b95a635074acd2f6863be2a2cf92c5806cf57b5bfb275a1a"
    },
    {
      "path": "/Applications/lghub.app/Contents/Frameworks/libQt5Core.5.dylib",
      "registerLibrary": false,
      "sha256": "27f5a50c99237bb58a7f84de1488193c06dcfe00aeaec3b7d0ef005e1a796d1a"
    },
    {
      "path": "/Applications/lghub.app/Contents/Frameworks/Mantle.framework/Versions/A/_CodeSignature/CodeResources",
      "registerLibrary": false,
      "sha256": "650ca43d193f196d2e8ca1f48ccc7a53da84ddc97ad988b1400c2156a2a6c126"
    },
    {
      "path": "/Applications/lghub.app/Contents/Frameworks/Mantle.framework/Versions/A/Mantle",
      "registerLibrary": false,
      "sha256": "adabb30125d0c958f9abe9ef937f2fa5d000d6b462ba29f26b9fb3891d9fd2fd"
    },
    {
      "path": "/Applications/lghub.app/Contents/Frameworks/Mantle.framework/Versions/A/Resources/Info.plist",
      "registerLibrary": false,
      "sha256": "63e7fc192c271a340e10c3cdf8cbf08d8e57bf195a6d922723cd7036d4bd79d3"
    },
    {
      "path": "/Applications/lghub.app/Contents/Frameworks/libQt5PrintSupport.5.dylib",
      "registerLibrary": false,
      "sha256": "590469da8400ea416f0e9619556100baf2de0cba2018534cc714c36b65146d57"
    },
    {
      "path": "/Applications/lghub.app/Contents/Frameworks/libQt5Concurrent.5.dylib",
      "registerLibrary": false,
      "sha256": "4d2e2e178fb4750427ae5654dbe74cffae21d10dae3a3e3e7b98f5c862f582ad"
    },
    {
      "path": "/Applications/lghub.app/Contents/Frameworks/libQt5Svg.5.dylib",
      "registerLibrary": false,
      "sha256": "1286732ef1a478bae55833401fa38722f37fdd563a780be67ba1dab7c717b107"
    },
    {
      "path": "/Applications/lghub.app/Contents/Frameworks/lghub_updater.app/Contents/CodeResources",
      "registerLibrary": false,
      "sha256": "ad14b7f98a01ad07b824bdc4f6fa4dcd7892d8c654d85bb3efb7fb8318d910ad"
    },
    {
      "path": "/Applications/lghub.app/Contents/Frameworks/lghub_updater.app/Contents/_CodeSignature/CodeResources",
      "registerLibrary": false,
      "sha256": "06992c22093cca4a1fca9e0916e5d56148db5e8a8c29df0b3de8810b22d4cb62"
    },
    {
      "path": "/Applications/lghub.app/Contents/Frameworks/lghub_updater.app/Contents/MacOS/logi_crashpad_handler",
      "registerLibrary": false,
      "sha256": "cd3fd28b925c25c3e2916028de2b1fd5ffef2af0fbfe66f00fab1d178ff4bad4"
    },
    {
      "path": "/Applications/lghub.app/Contents/Frameworks/lghub_updater.app/Contents/MacOS/lghub_updater",
      "registerLibrary": false,
      "sha256": "5e8dfe75b305db0be68cedada077ec67ae7a38e7b4cf328496b5727f2718ac3e"
    },
    {
      "path": "/Applications/lghub.app/Contents/Frameworks/lghub_updater.app/Contents/Info.plist",
      "registerLibrary": false,
      "sha256": "fbd1acbfe568b8e64257087d470d634e9d760043b32142fced290eaa60b17a62"
    },
    {
      "path": "/Applications/lghub.app/Contents/Frameworks/lghub Helper (Renderer).app/Contents/_CodeSignature/CodeResources",
      "registerLibrary": false,
      "sha256": "4cf3782d18b5d25095be71ad616c55203ef6d0a6b3781b911c4f7df0eb209301"
    },
    {
      "path": "/Applications/lghub.app/Contents/Frameworks/lghub Helper (Renderer).app/Contents/MacOS/lghub Helper (Renderer)",
      "registerLibrary": false,
      "sha256": "f53e723cadc07f5e9d78c9cdb51413b9170a56c77f2130a9b0b18501db4e37a6"
    },
    {
      "path": "/Applications/lghub.app/Contents/Frameworks/lghub Helper (Renderer).app/Contents/Info.plist",
      "registerLibrary": false,
      "sha256": "1fe69417a8c5c18d806232deeacb004de5c8ddeb9d319e262da6c6794ecd0703"
    },
    {
      "path": "/Applications/lghub.app/Contents/Frameworks/libQt5Widgets.5.dylib",
      "registerLibrary": false,
      "sha256": "91e1b430c7507a376cc903511da07a1a0fa864f8e2f275d14dba06f52b325fe5"
    },
    {
      "path": "/Applications/lghub.app/Contents/Frameworks/libQt5Gui.5.dylib",
      "registerLibrary": false,
      "sha256": "4cbe384c5a49e8f7e16c10ee8b4438fdf4de8a6ca4aaf607714351df4073603b"
    },
    {
      "path": "/Applications/lghub.app/Contents/Frameworks/logi_sdk_arx_control.framework/Versions/A/_CodeSignature/CodeResources",
      "registerLibrary": false,
      "sha256": "50e0d063e957a1af2723712f7f1291f0f88aee75d7761ad1a21888929c31e58c"
    },
    {
      "path": "/Applications/lghub.app/Contents/Frameworks/logi_sdk_arx_control.framework/Versions/A/Resources/Info.plist",
      "registerLibrary": false,
      "sha256": "a13d5a71bc7d3c54f311d20daf8ab799b9a5faaf2b6d0ad0e7c5dc83ad3a2cd1"
    },
    {
      "path": "/Applications/lghub.app/Contents/Frameworks/logi_sdk_arx_control.framework/Versions/A/Headers/LogitechGArxControlBase.h",
      "registerLibrary": false,
      "sha256": "9a7f273f7c5f8fbcf000d0a006c3ac0d2aac65827fe9766ea19190dcc06f5a5b"
    },
    {
      "path": "/Applications/lghub.app/Contents/Frameworks/logi_sdk_arx_control.framework/Versions/A/Headers/LogitechGArxControl.h",
      "registerLibrary": false,
      "sha256": "29f47bb187bd00b488c8817d19db97babd6b0b40ad8aa51ead8285dd906a30c2"
    },
    {
      "path": "/Applications/lghub.app/Contents/Frameworks/logi_sdk_arx_control.framework/Versions/A/logi_sdk_arx_control",
      "registerLibrary": false,
      "sha256": "5c86cd402ba3fd08c805668a67448bdeb741aff56e78331ba09db784891a1663"
    },
    {
      "path": "/Applications/lghub.app/Contents/Info.plist",
      "registerLibrary": false,
      "sha256": "80838d9f24876e008e929aca79834a9e7db1e9e1a3a3c3fa6a5102ed5c483688"
    },
    {
      "path": "/Library/LaunchAgents/com.logi.ghub.plist",
      "registerLibrary": false,
      "sha256": "6d35b4c02f67f455434115468ac469cdc94da45bacf53e3d7f98b82d21420733"
    },
    {
      "path": "/Library/LaunchDaemons/com.logi.ghub.updater.plist",
      "registerLibrary": false,
      "sha256": "182c3b364a5a886c64cc1695ecc5b5ad034cbc26793106716c998e33fa81d763"
    },
    {
      "path": "/Users/logiqa/Library/Application Support/LGHUB/integrations/applet_discord/config.json",
      "registerLibrary": false,
      "sha256": "df818820b31755a470ff3c6199942d48385818a11096616c7e734d79f74796a8"
    },
    {
      "path": "/Users/logiqa/Library/Application Support/LGHUB/integrations/applet_obs/config.json",
      "registerLibrary": false,
      "sha256": "f399794f7d8137ab1b8dedba0452ab0fb87e7aeb566e3237094c62480ee33cc8"
    },
    {
      "path": "/Library/Application Support/obs-studio/plugins/logi_obs_plugin/bin/logi_obs_plugin.so",
      "registerLibrary": false,
      "sha256": "4ecb063781929b4d74a1d49ba214108f54c111586bfe4739490271178cea218a"
    }
  ],
  "folders": [
    {
      "path": "/Applications/lghub.app"
    },
    {
      "path": "/Applications/lghub.app/Contents"
    },
    {
      "path": "/Applications/lghub.app/Contents/_CodeSignature"
    },
    {
      "path": "/Applications/lghub.app/Contents/MacOS"
    },
    {
      "path": "/Applications/lghub.app/Contents/Resources"
    },
    {
      "path": "/Applications/lghub.app/Contents/Resources/zh-TW.lproj"
    },
    {
      "path": "/Applications/lghub.app/Contents/Resources/it-IT.lproj"
    },
    {
      "path": "/Applications/lghub.app/Contents/Resources/nb-NO.lproj"
    },
    {
      "path": "/Applications/lghub.app/Contents/Resources/ru-RU.lproj"
    },
    {
      "path": "/Applications/lghub.app/Contents/Resources/tr-TR.lproj"
    },
    {
      "path": "/Applications/lghub.app/Contents/Resources/es-ES.lproj"
    },
    {
      "path": "/Applications/lghub.app/Contents/Resources/fr-FR.lproj"
    },
    {
      "path": "/Applications/lghub.app/Contents/Resources/ja-JP.lproj"
    },
    {
      "path": "/Applications/lghub.app/Contents/Resources/ko-KR.lproj"
    },
    {
      "path": "/Applications/lghub.app/Contents/Resources/Base.lproj"
    },
    {
      "path": "/Applications/lghub.app/Contents/Resources/fi-FI.lproj"
    },
    {
      "path": "/Applications/lghub.app/Contents/Resources/da-DK.lproj"
    },
    {
      "path": "/Applications/lghub.app/Contents/Resources/hu-HU.lproj"
    },
    {
      "path": "/Applications/lghub.app/Contents/Resources/app.asar.unpacked"
    },
    {
      "path": "/Applications/lghub.app/Contents/Resources/app.asar.unpacked/node_modules"
    },
    {
      "path": "/Applications/lghub.app/Contents/Resources/app.asar.unpacked/node_modules/keytar"
    },
    {
      "path": "/Applications/lghub.app/Contents/Resources/app.asar.unpacked/node_modules/keytar/build"
    },
    {
      "path": "/Applications/lghub.app/Contents/Resources/app.asar.unpacked/node_modules/keytar/build/Release"
    },
    {
      "path": "/Applications/lghub.app/Contents/Resources/pt-BR.lproj"
    },
    {
      "path": "/Applications/lghub.app/Contents/Resources/nl-NL.lproj"
    },
    {
      "path": "/Applications/lghub.app/Contents/Resources/cs-CZ.lproj"
    },
    {
      "path": "/Applications/lghub.app/Contents/Resources/zh-CN.lproj"
    },
    {
      "path": "/Applications/lghub.app/Contents/Resources/en-US.lproj"
    },
    {
      "path": "/Applications/lghub.app/Contents/Resources/de-DE.lproj"
    },
    {
      "path": "/Applications/lghub.app/Contents/Resources/pl-PL.lproj"
    },
    {
      "path": "/Applications/lghub.app/Contents/Resources/sv-SE.lproj"
    },
    {
      "path": "/Applications/lghub.app/Contents/Frameworks"
    },
    {
      "path": "/Applications/lghub.app/Contents/Frameworks/lghub Helper.app"
    },
    {
      "path": "/Applications/lghub.app/Contents/Frameworks/lghub Helper.app/Contents"
    },
    {
      "path": "/Applications/lghub.app/Contents/Frameworks/lghub Helper.app/Contents/_CodeSignature"
    },
    {
      "path": "/Applications/lghub.app/Contents/Frameworks/lghub Helper.app/Contents/MacOS"
    },
    {
      "path": "/Applications/lghub.app/Contents/Frameworks/lghub_agent.app"
    },
    {
      "path": "/Applications/lghub.app/Contents/Frameworks/lghub_agent.app/Contents"
    },
    {
      "path": "/Applications/lghub.app/Contents/Frameworks/lghub_agent.app/Contents/_CodeSignature"
    },
    {
      "path": "/Applications/lghub.app/Contents/Frameworks/lghub_agent.app/Contents/MacOS"
    },
    {
      "path": "/Applications/lghub.app/Contents/Frameworks/lghub_agent.app/Contents/MacOS/lghub_agent.dSYM"
    },
    {
      "path": "/Applications/lghub.app/Contents/Frameworks/lghub_agent.app/Contents/MacOS/lghub_agent.dSYM/Contents"
    },
    {
      "path": "/Applications/lghub.app/Contents/Frameworks/lghub_agent.app/Contents/MacOS/lghub_agent.dSYM/Contents/Resources"
    },
    {
      "path": "/Applications/lghub.app/Contents/Frameworks/lghub_agent.app/Contents/MacOS/lghub_agent.dSYM/Contents/Resources/DWARF"
    },
    {
      "path": "/Applications/lghub.app/Contents/Frameworks/lghub_agent.app/Contents/PlugIns"
    },
    {
      "path": "/Applications/lghub.app/Contents/Frameworks/lghub_agent.app/Contents/PlugIns/platforms"
    },
    {
      "path": "/Applications/lghub.app/Contents/Frameworks/lghub_agent.app/Contents/PlugIns/printsupport"
    },
    {
      "path": "/Applications/lghub.app/Contents/Frameworks/lghub_agent.app/Contents/PlugIns/styles"
    },
    {
      "path": "/Applications/lghub.app/Contents/Frameworks/lghub_agent.app/Contents/PlugIns/bearer"
    },
    {
      "path": "/Applications/lghub.app/Contents/Frameworks/lghub_agent.app/Contents/PlugIns/iconengines"
    },
    {
      "path": "/Applications/lghub.app/Contents/Frameworks/lghub_agent.app/Contents/PlugIns/imageformats"
    },
    {
      "path": "/Applications/lghub.app/Contents/Frameworks/lghub_agent.app/Contents/Resources"
    },
    {
      "path": "/Applications/lghub.app/Contents/Frameworks/lghub_agent.app/Contents/Resources/data"
    },
    {
      "path": "/Applications/lghub.app/Contents/Frameworks/lghub_agent.app/Contents/Resources/data/strings"
    },
    {
      "path": "/Applications/lghub.app/Contents/Frameworks/lghub_agent.app/Contents/Resources/data/sounds"
    },
    {
      "path": "/Applications/lghub.app/Contents/Frameworks/lghub_agent.app/Contents/Resources/data/lighting"
    },
    {
      "path": "/Applications/lghub.app/Contents/Frameworks/lghub_agent.app/Contents/Resources/data/lighting/effects"
    },
    {
      "path": "/Applications/lghub.app/Contents/Frameworks/lghub_agent.app/Contents/Library"
    },
    {
      "path": "/Applications/lghub.app/Contents/Frameworks/lghub_agent.app/Contents/Library/SystemExtensions"
    },
    {
      "path": "/Applications/lghub.app/Contents/Frameworks/lghub_agent.app/Contents/Library/SystemExtensions/com.logi.ghub.hidfilter.dext"
    },
    {
      "path": "/Applications/lghub.app/Contents/Frameworks/lghub_agent.app/Contents/Library/SystemExtensions/com.logi.ghub.hidfilter.dext/_CodeSignature"
    },
    {
      "path": "/Applications/lghub.app/Contents/Frameworks/lghub_agent.app/Contents/Frameworks"
    },
    {
      "path": "/Applications/lghub.app/Contents/Frameworks/Electron Framework.framework"
    },
    {
      "path": "/Applications/lghub.app/Contents/Frameworks/Electron Framework.framework/Versions"
    },
    {
      "path": "/Applications/lghub.app/Contents/Frameworks/Electron Framework.framework/Versions/A"
    },
    {
      "path": "/Applications/lghub.app/Contents/Frameworks/Electron Framework.framework/Versions/A/_CodeSignature"
    },
    {
      "path": "/Applications/lghub.app/Contents/Frameworks/Electron Framework.framework/Versions/A/Resources"
    },
    {
      "path": "/Applications/lghub.app/Contents/Frameworks/Electron Framework.framework/Versions/A/Resources/de.lproj"
    },
    {
      "path": "/Applications/lghub.app/Contents/Frameworks/Electron Framework.framework/Versions/A/Resources/he.lproj"
    },
    {
      "path": "/Applications/lghub.app/Contents/Frameworks/Electron Framework.framework/Versions/A/Resources/ar.lproj"
    },
    {
      "path": "/Applications/lghub.app/Contents/Frameworks/Electron Framework.framework/Versions/A/Resources/el.lproj"
    },
    {
      "path": "/Applications/lghub.app/Contents/Frameworks/Electron Framework.framework/Versions/A/Resources/ja.lproj"
    },
    {
      "path": "/Applications/lghub.app/Contents/Frameworks/Electron Framework.framework/Versions/A/Resources/fa.lproj"
    },
    {
      "path": "/Applications/lghub.app/Contents/Frameworks/Electron Framework.framework/Versions/A/Resources/mr.lproj"
    },
    {
      "path": "/Applications/lghub.app/Contents/Frameworks/Electron Framework.framework/Versions/A/Resources/en.lproj"
    },
    {
      "path": "/Applications/lghub.app/Contents/Frameworks/Electron Framework.framework/Versions/A/Resources/uk.lproj"
    },
    {
      "path": "/Applications/lghub.app/Contents/Frameworks/Electron Framework.framework/Versions/A/Resources/es_419.lproj"
    },
    {
      "path": "/Applications/lghub.app/Contents/Frameworks/Electron Framework.framework/Versions/A/Resources/gu.lproj"
    },
    {
      "path": "/Applications/lghub.app/Contents/Frameworks/Electron Framework.framework/Versions/A/Resources/zh_CN.lproj"
    },
    {
      "path": "/Applications/lghub.app/Contents/Frameworks/Electron Framework.framework/Versions/A/Resources/kn.lproj"
    },
    {
      "path": "/Applications/lghub.app/Contents/Frameworks/Electron Framework.framework/Versions/A/Resources/nb.lproj"
    },
    {
      "path": "/Applications/lghub.app/Contents/Frameworks/Electron Framework.framework/Versions/A/Resources/am.lproj"
    },
    {
      "path": "/Applications/lghub.app/Contents/Frameworks/Electron Framework.framework/Versions/A/Resources/es.lproj"
    },
    {
      "path": "/Applications/lghub.app/Contents/Frameworks/Electron Framework.framework/Versions/A/Resources/sw.lproj"
    },
    {
      "path": "/Applications/lghub.app/Contents/Frameworks/Electron Framework.framework/Versions/A/Resources/sl.lproj"
    },
    {
      "path": "/Applications/lghub.app/Contents/Frameworks/Electron Framework.framework/Versions/A/Resources/pt_BR.lproj"
    },
    {
      "path": "/Applications/lghub.app/Contents/Frameworks/Electron Framework.framework/Versions/A/Resources/da.lproj"
    },
    {
      "path": "/Applications/lghub.app/Contents/Frameworks/Electron Framework.framework/Versions/A/Resources/et.lproj"
    },
    {
      "path": "/Applications/lghub.app/Contents/Frameworks/Electron Framework.framework/Versions/A/Resources/it.lproj"
    },
    {
      "path": "/Applications/lghub.app/Contents/Frameworks/Electron Framework.framework/Versions/A/Resources/bg.lproj"
    },
    {
      "path": "/Applications/lghub.app/Contents/Frameworks/Electron Framework.framework/Versions/A/Resources/sk.lproj"
    },
    {
      "path": "/Applications/lghub.app/Contents/Frameworks/Electron Framework.framework/Versions/A/Resources/pt_PT.lproj"
    },
    {
      "path": "/Applications/lghub.app/Contents/Frameworks/Electron Framework.framework/Versions/A/Resources/sr.lproj"
    },
    {
      "path": "/Applications/lghub.app/Contents/Frameworks/Electron Framework.framework/Versions/A/Resources/ms.lproj"
    },
    {
      "path": "/Applications/lghub.app/Contents/Frameworks/Electron Framework.framework/Versions/A/Resources/ta.lproj"
    },
    {
      "path": "/Applications/lghub.app/Contents/Frameworks/Electron Framework.framework/Versions/A/Resources/ml.lproj"
    },
    {
      "path": "/Applications/lghub.app/Contents/Frameworks/Electron Framework.framework/Versions/A/Resources/sv.lproj"
    },
    {
      "path": "/Applications/lghub.app/Contents/Frameworks/Electron Framework.framework/Versions/A/Resources/te.lproj"
    },
    {
      "path": "/Applications/lghub.app/Contents/Frameworks/Electron Framework.framework/Versions/A/Resources/cs.lproj"
    },
    {
      "path": "/Applications/lghub.app/Contents/Frameworks/Electron Framework.framework/Versions/A/Resources/ko.lproj"
    },
    {
      "path": "/Applications/lghub.app/Contents/Frameworks/Electron Framework.framework/Versions/A/Resources/fil.lproj"
    },
    {
      "path": "/Applications/lghub.app/Contents/Frameworks/Electron Framework.framework/Versions/A/Resources/hu.lproj"
    },
    {
      "path": "/Applications/lghub.app/Contents/Frameworks/Electron Framework.framework/Versions/A/Resources/tr.lproj"
    },
    {
      "path": "/Applications/lghub.app/Contents/Frameworks/Electron Framework.framework/Versions/A/Resources/pl.lproj"
    },
    {
      "path": "/Applications/lghub.app/Contents/Frameworks/Electron Framework.framework/Versions/A/Resources/zh_TW.lproj"
    },
    {
      "path": "/Applications/lghub.app/Contents/Frameworks/Electron Framework.framework/Versions/A/Resources/en_GB.lproj"
    },
    {
      "path": "/Applications/lghub.app/Contents/Frameworks/Electron Framework.framework/Versions/A/Resources/vi.lproj"
    },
    {
      "path": "/Applications/lghub.app/Contents/Frameworks/Electron Framework.framework/Versions/A/Resources/lv.lproj"
    },
    {
      "path": "/Applications/lghub.app/Contents/Frameworks/Electron Framework.framework/Versions/A/Resources/lt.lproj"
    },
    {
      "path": "/Applications/lghub.app/Contents/Frameworks/Electron Framework.framework/Versions/A/Resources/ru.lproj"
    },
    {
      "path": "/Applications/lghub.app/Contents/Frameworks/Electron Framework.framework/Versions/A/Resources/fr.lproj"
    },
    {
      "path": "/Applications/lghub.app/Contents/Frameworks/Electron Framework.framework/Versions/A/Resources/fi.lproj"
    },
    {
      "path": "/Applications/lghub.app/Contents/Frameworks/Electron Framework.framework/Versions/A/Resources/id.lproj"
    },
    {
      "path": "/Applications/lghub.app/Contents/Frameworks/Electron Framework.framework/Versions/A/Resources/nl.lproj"
    },
    {
      "path": "/Applications/lghub.app/Contents/Frameworks/Electron Framework.framework/Versions/A/Resources/th.lproj"
    },
    {
      "path": "/Applications/lghub.app/Contents/Frameworks/Electron Framework.framework/Versions/A/Resources/bn.lproj"
    },
    {
      "path": "/Applications/lghub.app/Contents/Frameworks/Electron Framework.framework/Versions/A/Resources/ro.lproj"
    },
    {
      "path": "/Applications/lghub.app/Contents/Frameworks/Electron Framework.framework/Versions/A/Resources/hr.lproj"
    },
    {
      "path": "/Applications/lghub.app/Contents/Frameworks/Electron Framework.framework/Versions/A/Resources/hi.lproj"
    },
    {
      "path": "/Applications/lghub.app/Contents/Frameworks/Electron Framework.framework/Versions/A/Resources/ca.lproj"
    },
    {
      "path": "/Applications/lghub.app/Contents/Frameworks/Electron Framework.framework/Versions/A/Libraries"
    },
    {
      "path": "/Applications/lghub.app/Contents/Frameworks/Electron Framework.framework/Versions/A/Helpers"
    },
    {
      "path": "/Applications/lghub.app/Contents/Frameworks/ReactiveObjC.framework"
    },
    {
      "path": "/Applications/lghub.app/Contents/Frameworks/ReactiveObjC.framework/Versions"
    },
    {
      "path": "/Applications/lghub.app/Contents/Frameworks/ReactiveObjC.framework/Versions/A"
    },
    {
      "path": "/Applications/lghub.app/Contents/Frameworks/ReactiveObjC.framework/Versions/A/_CodeSignature"
    },
    {
      "path": "/Applications/lghub.app/Contents/Frameworks/ReactiveObjC.framework/Versions/A/Resources"
    },
    {
      "path": "/Applications/lghub.app/Contents/Frameworks/lghub Helper (GPU).app"
    },
    {
      "path": "/Applications/lghub.app/Contents/Frameworks/lghub Helper (GPU).app/Contents"
    },
    {
      "path": "/Applications/lghub.app/Contents/Frameworks/lghub Helper (GPU).app/Contents/_CodeSignature"
    },
    {
      "path": "/Applications/lghub.app/Contents/Frameworks/lghub Helper (GPU).app/Contents/MacOS"
    },
    {
      "path": "/Applications/lghub.app/Contents/Frameworks/Squirrel.framework"
    },
    {
      "path": "/Applications/lghub.app/Contents/Frameworks/Squirrel.framework/Versions"
    },
    {
      "path": "/Applications/lghub.app/Contents/Frameworks/Squirrel.framework/Versions/A"
    },
    {
      "path": "/Applications/lghub.app/Contents/Frameworks/Squirrel.framework/Versions/A/_CodeSignature"
    },
    {
      "path": "/Applications/lghub.app/Contents/Frameworks/Squirrel.framework/Versions/A/Resources"
    },
    {
      "path": "/Applications/lghub.app/Contents/Frameworks/lghub Helper (Plugin).app"
    },
    {
      "path": "/Applications/lghub.app/Contents/Frameworks/lghub Helper (Plugin).app/Contents"
    },
    {
      "path": "/Applications/lghub.app/Contents/Frameworks/lghub Helper (Plugin).app/Contents/_CodeSignature"
    },
    {
      "path": "/Applications/lghub.app/Contents/Frameworks/lghub Helper (Plugin).app/Contents/MacOS"
    },
    {
      "path": "/Applications/lghub.app/Contents/Frameworks/Mantle.framework"
    },
    {
      "path": "/Applications/lghub.app/Contents/Frameworks/Mantle.framework/Versions"
    },
    {
      "path": "/Applications/lghub.app/Contents/Frameworks/Mantle.framework/Versions/A"
    },
    {
      "path": "/Applications/lghub.app/Contents/Frameworks/Mantle.framework/Versions/A/_CodeSignature"
    },
    {
      "path": "/Applications/lghub.app/Contents/Frameworks/Mantle.framework/Versions/A/Resources"
    },
    {
      "path": "/Applications/lghub.app/Contents/Frameworks/lghub_updater.app"
    },
    {
      "path": "/Applications/lghub.app/Contents/Frameworks/lghub_updater.app/Contents"
    },
    {
      "path": "/Applications/lghub.app/Contents/Frameworks/lghub_updater.app/Contents/_CodeSignature"
    },
    {
      "path": "/Applications/lghub.app/Contents/Frameworks/lghub_updater.app/Contents/MacOS"
    },
    {
      "path": "/Applications/lghub.app/Contents/Frameworks/lghub Helper (Renderer).app"
    },
    {
      "path": "/Applications/lghub.app/Contents/Frameworks/lghub Helper (Renderer).app/Contents"
    },
    {
      "path": "/Applications/lghub.app/Contents/Frameworks/lghub Helper (Renderer).app/Contents/_CodeSignature"
    },
    {
      "path": "/Applications/lghub.app/Contents/Frameworks/lghub Helper (Renderer).app/Contents/MacOS"
    },
    {
      "path": "/Applications/lghub.app/Contents/Frameworks/logi_sdk_arx_control.framework"
    },
    {
      "path": "/Applications/lghub.app/Contents/Frameworks/logi_sdk_arx_control.framework/Versions"
    },
    {
      "path": "/Applications/lghub.app/Contents/Frameworks/logi_sdk_arx_control.framework/Versions/A"
    },
    {
      "path": "/Applications/lghub.app/Contents/Frameworks/logi_sdk_arx_control.framework/Versions/A/_CodeSignature"
    },
    {
      "path": "/Applications/lghub.app/Contents/Frameworks/logi_sdk_arx_control.framework/Versions/A/Resources"
    },
    {
      "path": "/Applications/lghub.app/Contents/Frameworks/logi_sdk_arx_control.framework/Versions/A/Headers"
    }
  ],
  "processControl": {
    "identifiers": [
      "lghub_installer",
      "lghub",
      "lghub_agent"
    ]
  },
  "product": {
    "guid": "",
    "icon": "",
    "linkAbout": "",
    "linkHelp": "",
    "name": "",
    "publisher": "",
    "version": "2021.11.7396"
  },
  "renamedItems": [],
  "services": [
    {
      "asConsoleUser": false,
      "command": {
        "arguments": [],
        "executable": ""
      },
      "service": "/Library/LaunchDaemons/com.logi.ghub.updater.plist"
    },
    {
      "asConsoleUser": true,
      "command": {
        "arguments": [],
        "executable": ""
      },
      "service": "/Library/LaunchAgents/com.logi.ghub.plist"
    }
  ],
  "shortcuts": [],
  "uninstaller": {
    "arguments": [
      "--uninstall"
    ],
    "executable": "/Applications/lghub.app/Contents/Frameworks/lghub_updater.app/Contents/MacOS/lghub_updater"
  }
}