 {"msgId": "deebb7a9-bf73-4062-a169-188120fe62f3", "verb": "GET", "path": "/devices/list", "origin": "backend", "result": {"code": "SUCCESS", "what": ""}, "payload": {"@type": "type.googleapis.com/logi.protocol.devices.Device.Info.List", "deviceInfos": [{"id": "dev00000000", "pid": 49300, "firmwareName": "MPM25", "isSubdevice": false, "state": "ACTIVE", "onboardMode": false, "individualMode": false, "resourcesAvailable": true, "connectionType": "USB", "hasWirelessInterface": false, "displayConnectionType": "USB", "deviceType": "MOUSE", "deviceFamily": "", "deviceModel": "pro_x_wireless_mouse", "deviceBaseModel": "pro_x_wireless_mouse", "displayName": "PRO X SUPERLIGHT", "extendedDisplayName": "PRO X SUPERLIGHT Wireless Mouse", "slotPrefix": "proxwirelessmouse", "thumbnail": "pipeline://core/thumbnails/pro_x_wireless_mouse.png", "stringPackage": "", "deviceExt": 0, "deviceUnitId": "2357942611", "deviceSignature": "MOUSE.pro_x_wireless_mouse.0.2357942611", "givenName": "", "capabilities": {"sleepTimer": false, "mstateSupport": {"count": 1, "timeOut": 0}, "fnInversion": false, "presentSplashScreen": false, "customizableColor": false, "wirelessReportRate": false, "dpiIndicatorLed": {"zoneType": "PRIMARY", "steps": {"2": {"tag": "", "hex": "#FFFFFF"}, "3": {"tag": "", "hex": "#FF9900"}, "4": {"tag": "", "hex": "#FF0293"}, "5": {"tag": "", "hex": "#8D40FF"}, "1": {"tag": "", "hex": "#FFFF00"}}}, "hybridEngine": false, "advancedSleepTimer": false, "angleSnapping": false, "excludeGShift": false, "hostRemovalSupport": false, "headphoneJack": false, "hostInfos": false, "gkeyLayout": "INVALID_GKEY_LAYOUT", "hasBatteryStatus": true, "powerOffTimer": false, "requiresBackupForDfu": false, "unifiedBattery": true, "dpiLighting": false, "nonInteractive": false, "receiverPairing": {"receiverType": "LS2", "receiverPid": 0, "pairingAction": "ACTION_POWER_CYCLE", "hasForcePairing": true}, "chargepadCompatible": true, "individuality": false, "defaultSlotFormat": "INVALID_FORMAT", "fnToggle": false}, "activeInterfaces": [{"type": "DEVIO", "id": "046d_c094", "pid": 49300, "modelId": 0, "extendedModel": 0, "serialNumber": "2357942611", "path": "IOService:/AppleACPIPlatformExpert/PCI0@0/AppleACPIPCI/XHC1@14/XHC1@14000000/HS01@14100000/USBHub3p-2[A]@14100000/AppleUSB20Hub@14100000/AppleUSB20HubPort@14140000/USBHub3p-2[0-3]@14140000/AppleUSB20Hub@14140000/AppleUSB20HubPort@14143000/PRO X Wireless@14143000/IOUSBHostInterface@2/AppleUserUSBHostHIDDevice", "containerId": "0x14143000", "deviceType": "MOUSE", "deviceName": "PRO X Wireless", "keyboardLayout": "INVALID_LAYOUT", "firmwareVersion": "25.1.18", "firmwareName": "MPM25", "firmwareRevision": 1, "hardwareRevision": 0, "unitId": "2357942611", "connectionType": "USB", "hasOnboardMode": true}], "slots": {"proxwirelessmouse_mouse_settings": {"id": "proxwirelessmouse_mouse_settings", "attribute": "MOUSE_SETTINGS", "disabled": false}, "proxwirelessmouse_g2_m1": {"id": "proxwirelessmouse_g2_m1", "attribute": "MACRO_PLAYBACK", "disabled": false}, "proxwirelessmouse_g3_m1": {"id": "proxwirelessmouse_g3_m1", "attribute": "MACRO_PLAYBACK", "disabled": false}, "proxwirelessmouse_g4_m1": {"id": "proxwirelessmouse_g4_m1", "attribute": "MACRO_PLAYBACK", "disabled": false}, "proxwirelessmouse_g5_m1_shifted": {"id": "proxwirelessmouse_g5_m1_shifted", "attribute": "MACRO_PLAYBACK", "disabled": false}, "proxwirelessmouse_g2_m1_shifted": {"id": "proxwirelessmouse_g2_m1_shifted", "attribute": "MACRO_PLAYBACK", "disabled": false}, "proxwirelessmouse_g4_m1_shifted": {"id": "proxwirelessmouse_g4_m1_shifted", "attribute": "MACRO_PLAYBACK", "disabled": false}, "proxwirelessmouse_g1_m1": {"id": "proxwirelessmouse_g1_m1", "attribute": "MACRO_PLAYBACK", "disabled": false}, "proxwirelessmouse_g3_m1_shifted": {"id": "proxwirelessmouse_g3_m1_shifted", "attribute": "MACRO_PLAYBACK", "disabled": false}, "proxwirelessmouse_g1_m1_shifted": {"id": "proxwirelessmouse_g1_m1_shifted", "attribute": "MACRO_PLAYBACK", "disabled": false}, "proxwirelessmouse_g5_m1": {"id": "proxwirelessmouse_g5_m1", "attribute": "MACRO_PLAYBACK", "disabled": false}}}]}}