 {"msgId": "aa606cec-4433-41c6-ad8f-a243d05381c4", "verb": "GET", "path": "/devices/list", "origin": "backend", "result": {"code": "SUCCESS", "what": ""}, "payload": {"@type": "type.googleapis.com/logi.protocol.devices.Device.Info.List", "deviceInfos": [{"id": "dev00000000", "pid": 49296, "firmwareName": "MPM2202", "isSubdevice": false, "state": "ACTIVE", "onboardMode": false, "individualMode": false, "resourcesAvailable": true, "connectionType": "USB", "hasWirelessInterface": false, "deviceType": "MOUSE", "deviceFamily": "", "deviceModel": "g703_hero", "deviceBaseModel": "g703_hero", "displayName": "G703 LIGHTSPEED", "extendedDisplayName": "G703 LIGHTSPEED Wireless Gaming Mouse", "slotPrefix": "g703hero", "thumbnail": "pipeline://core/thumbnails/g703.png", "stringPackage": "", "deviceExt": 0, "deviceUnitId": "1883534238", "deviceSignature": "MOUSE.g703_hero.0.1883534238", "givenName": "", "capabilities": {"lightingSupport": {"deviceCategory": "MOUSE_RGB_ZONAL", "typeMap": {"ZONE_PRIMARY": "PRIMARY", "ZONE_BRANDING": "LOGO"}, "zones": [{"zoneType": "ZONE_PRIMARY", "supportedEffects": [{"id": "OFF", "syncable": true, "fixedIntensity": false, "signature": false, "inactivityOnly": false}, {"id": "FIXED", "syncable": true, "fixedIntensity": false, "signature": false, "inactivityOnly": false}, {"id": "CYCLE", "syncable": true, "fixedIntensity": false, "signature": false, "inactivityOnly": false}, {"id": "BREATHING", "syncable": true, "fixedIntensity": false, "signature": false, "inactivityOnly": false}], "onboardCluster": "CLUSTER_DEFAULT"}, {"zoneType": "ZONE_BRANDING", "supportedEffects": [{"id": "OFF", "syncable": true, "fixedIntensity": false, "signature": false, "inactivityOnly": false}, {"id": "FIXED", "syncable": true, "fixedIntensity": false, "signature": false, "inactivityOnly": false}, {"id": "CYCLE", "syncable": true, "fixedIntensity": false, "signature": false, "inactivityOnly": false}, {"id": "BREATHING", "syncable": true, "fixedIntensity": false, "signature": false, "inactivityOnly": false}], "onboardCluster": "CLUSTER_DEFAULT"}], "isMonochrome": false, "isPerKey": false, "hideStartupEffect": false, "shutdownEffect": false, "brightnessLevels": [], "powerSavingEffect": true, "lowBatteryEffect": true, "brightnessPercentage": false, "gamma": false, "firmwareOnly": false, "offRamp": false, "activeDimming": false, "hasPositionalEffect": false}, "sleepTimer": false, "mstateSupport": {"count": 1, "timeOut": 0}, "fnInversion": false, "presentSplashScreen": false, "customizableColor": false, "wirelessReportRate": false, "hybridEngine": false, "advancedSleepTimer": false, "angleSnapping": false, "excludeGShift": false, "hostRemovalSupport": false, "headphoneJack": false, "hostInfos": false, "gkeyLayout": "INVALID_GKEY_LAYOUT", "hasBatteryStatus": true, "powerOffTimer": false, "requiresBackupForDfu": false, "unifiedBattery": false, "dpiLighting": false, "nonInteractive": false, "receiverPairing": {"receiverType": "LS1", "receiverPid": 0, "pairingAction": "ACTION_POWER_CYCLE", "hasForcePairing": false}, "chargepadCompatible": true, "individuality": false, "defaultSlotFormat": "INVALID_FORMAT"}, "activeInterfaces": [{"type": "DEVIO", "id": "046d_c090", "pid": 49296, "modelId": 0, "extendedModel": 0, "serialNumber": "1883534238", "path": "usb\\vid_046d&pid_c090&mi_02\\8&e0eccd3&1&0002", "containerId": "c97036c3-3a02-5b21-9bf8-0d0714941546", "deviceType": "MOUSE", "deviceName": "G703 LIGHTSPEED Wireless Gaming Mouse w/ HERO", "keyboardLayout": "INVALID_LAYOUT", "firmwareVersion": "22.2.15", "unitId": "1883534238", "firmwareName": "MPM2202", "connectionType": "USB", "hasOnboardMode": true}], "slots": {"g703hero_g2_m1_shifted": {"id": "g703hero_g2_m1_shifted", "attribute": "MACRO_PLAYBACK", "disabled": false}, "g703hero_g4_m1": {"id": "g703hero_g4_m1", "attribute": "MACRO_PLAYBACK", "disabled": false}, "g703hero_g3_m1": {"id": "g703hero_g3_m1", "attribute": "MACRO_PLAYBACK", "disabled": false}, "g703hero_g6_m1": {"id": "g703hero_g6_m1", "attribute": "MACRO_PLAYBACK", "disabled": false}, "g703hero_g1_m1_shifted": {"id": "g703hero_g1_m1_shifted", "attribute": "MACRO_PLAYBACK", "disabled": false}, "g703hero_g1_m1": {"id": "g703hero_g1_m1", "attribute": "MACRO_PLAYBACK", "disabled": false}, "g703hero_g6_m1_shifted": {"id": "g703hero_g6_m1_shifted", "attribute": "MACRO_PLAYBACK", "disabled": false}, "g703hero_g3_m1_shifted": {"id": "g703hero_g3_m1_shifted", "attribute": "MACRO_PLAYBACK", "disabled": false}, "g703hero_g4_m1_shifted": {"id": "g703hero_g4_m1_shifted", "attribute": "MACRO_PLAYBACK", "disabled": false}, "g703hero_mouse_settings": {"id": "g703hero_mouse_settings", "attribute": "MOUSE_SETTINGS", "disabled": false}, "g703hero_g2_m1": {"id": "g703hero_g2_m1", "attribute": "MACRO_PLAYBACK", "disabled": false}, "g703hero_lighting_setting_firmware": {"id": "g703hero_lighting_setting_firmware", "attribute": "FIRMWARE_LIGHTING_SETTINGS", "disabled": false}, "g703hero_g5_m1_shifted": {"id": "g703hero_g5_m1_shifted", "attribute": "MACRO_PLAYBACK", "disabled": false}, "g703hero_g5_m1": {"id": "g703hero_g5_m1", "attribute": "MACRO_PLAYBACK", "disabled": false}}}, {"id": "dev00000001", "pid": 2195, "firmwareName": "", "isSubdevice": false, "state": "ACTIVE", "onboardMode": false, "individualMode": false, "resourcesAvailable": true, "connectionType": "USB", "hasWirelessInterface": false, "deviceType": "CAMERA", "deviceFamily": "", "deviceModel": "streamcam", "deviceBaseModel": "streamcam", "displayName": "StreamCam", "extendedDisplayName": "StreamCam", "slotPrefix": "streamcam", "thumbnail": "pipeline://core/thumbnails/streamcam.png", "stringPackage": "", "deviceExt": 0, "deviceUnitId": "14251AE4", "deviceSignature": "CAMERA.streamcam.0.14251AE4", "givenName": "", "capabilities": {"sleepTimer": false, "mstateSupport": {"count": 1, "timeOut": 0}, "fnInversion": false, "presentSplashScreen": false, "customizableColor": false, "wirelessReportRate": false, "webcam": {"camera": {"fov": [], "hdr": false, "audioMode": true, "stabilization": true, "orientation": true}}, "hybridEngine": false, "advancedSleepTimer": false, "angleSnapping": false, "excludeGShift": false, "hostRemovalSupport": false, "headphoneJack": false, "hostInfos": false, "gkeyLayout": "INVALID_GKEY_LAYOUT", "hasBatteryStatus": false, "powerOffTimer": false, "requiresBackupForDfu": false, "unifiedBattery": false, "dpiLighting": false, "nonInteractive": false, "chargepadCompatible": false, "individuality": false, "defaultSlotFormat": "INVALID_FORMAT"}, "activeInterfaces": [{"type": "UVC", "id": "046d_0893", "pid": 2195, "modelId": 0, "extendedModel": 2, "serialNumber": "14251AE4", "path": "\\\\?\\usb#vid_046d&pid_0893&mi_00#6&1c7fc66f&0&0000#{65e8773d-8f56-11d0-a3b9-00a0c9223196}\\global", "containerId": "9b56be8e-9fca-5954-a234-b44294ca411d", "deviceType": "INVALID_TYPE", "deviceName": "", "keyboardLayout": "INVALID_LAYOUT", "firmwareVersion": "1.0.211", "unitId": "14251AE4", "firmwareName": "", "connectionType": "USB", "hasOnboardMode": false}], "slots": {"streamcam_video": {"id": "streamcam_video", "attribute": "VIDEO_SETTINGS", "disabled": false}, "streamcam_camera": {"id": "streamcam_camera", "attribute": "CAMERA_SETTINGS", "disabled": false}}}]}}