 {"msgId": "818540b6-6438-4c03-bf7b-e1d404e56db4", "verb": "GET", "path": "/devices/list", "origin": "backend", "result": {"code": "SUCCESS", "what": ""}, "payload": {"@type": "type.googleapis.com/logi.protocol.devices.Device.Info.List", "deviceInfos": [{"id": "dev00000000", "pid": 49278, "state": "ACTIVE", "onboardMode": false, "resourcesAvailable": true, "connectionType": "USB", "hasWirelessInterface": false, "deviceType": "MOUSE", "deviceModel": "g402", "displayName": "G402", "extendedDisplayName": "G402 Hyperion Fury", "slotPrefix": "g402", "thumbnail": "pipeline://core/thumbnails/g402.png", "capabilities": {"lightingSupport": {"deviceCategory": "MOUSE_MONO_ZONAL", "typeMap": {"ZONE_BRANDING": "LOGO"}, "zones": [{"zoneType": "ZONE_BRANDING", "supportedEffects": [{"id": "OFF", "syncable": false, "fixedIntensity": false, "signature": false, "inactivityOnly": false}, {"id": "FIXED", "syncable": false, "fixedIntensity": false, "signature": false, "inactivityOnly": false}, {"id": "BREATHING", "syncable": false, "fixedIntensity": true, "signature": false, "inactivityOnly": false}], "onboardCluster": "CLUSTER_DEFAULT"}], "isMonochrome": true, "color": {"tag": "", "hex": "#00a5ff"}, "isPerKey": false, "hideStartupEffect": false, "shudownEffect": false, "brightnessLevels": [], "powerSavingEffect": false, "lowBatteryEffect": false, "brightnessPercentage": false, "gamma": false, "firmwareOnly": true, "offRamp": false, "activeDimming": false}, "sleepTimer": false, "mstateSupport": {"count": 1, "timeOut": 0}, "fnInversion": false, "presentSplashScreen": false, "customizableColor": false, "wirelessReportRate": false, "dpiInfoOverride": {"range": {"min": 300, "max": 4000, "steps": 50, "maxLevels": 0}}, "dpiTableOverride": {"levels": [400, 800, 1600, 3200], "defaultDpi": 1600, "shiftDpi": 400, "activeDpi": 1600}, "hybridEngine": true, "advancedSleepTimer": false, "angleSnapping": false, "excludeGShift": false, "hostRemovalSupport": false, "headphoneJack": false, "hostInfos": false, "gkeyLayout": "INVALID_GKEY_LAYOUT", "hasBatteryStatus": false, "powerOffTimer": false, "requiresBackupForDfu": false, "unifiedBattery": false, "dpiLighting": true, "nonInteractive": false}, "activeInterfaces": [{"type": "DEVIO", "id": "046d_c07e", "pid": 49278, "modelId": 0, "extendedModel": 0, "serialNumber": "0", "path": "IOService:/AppleARMPE/arm-io@10F00000/AppleT810xIO/apcie@90000000/AppleT8103PCIe/pci-bridge1@1/IOPP/pcie-xhci@0/AppleT8103USBXHCIFL1100@02000000/pcie-xhci-hs-port1@02100000/USBHub3p-2[A]@02100000/AppleUSB20Hub@02100000/AppleUSB20HubPort@02140000/USBHub3p-2[0-3]@02140000/AppleUSB20Hub@02140000/AppleUSB20HubPort@02142000/Gaming Mouse G402@02142000/IOUSBHostInterface@1/AppleUserUSBHostHIDDevice", "containerId": "0x2142000", "deviceType": "MOUSE", "deviceName": "G402 Hyperion Fury FPS Gaming Mouse", "keyboardLayout": "INVALID_LAYOUT", "firmwareVersion": "90.3.20", "connectionType": "USB", "hasOnboardMode": true}], "slots": {"g402_g5_m1_shifted": {"id": "g402_g5_m1_shifted", "attribute": "MACRO_PLAYBACK", "disabled": false}, "g402_g2_m1": {"id": "g402_g2_m1", "attribute": "MACRO_PLAYBACK", "disabled": false}, "g402_mouse_settings": {"id": "g402_mouse_settings", "attribute": "MOUSE_SETTINGS", "disabled": false}, "g402_g7_m1": {"id": "g402_g7_m1", "attribute": "MACRO_PLAYBACK", "disabled": false}, "g402_g2_m1_shifted": {"id": "g402_g2_m1_shifted", "attribute": "MACRO_PLAYBACK", "disabled": false}, "g402_g3_m1": {"id": "g402_g3_m1", "attribute": "MACRO_PLAYBACK", "disabled": false}, "g402_g1_m1": {"id": "g402_g1_m1", "attribute": "MACRO_PLAYBACK", "disabled": false}, "g402_g1_m1_shifted": {"id": "g402_g1_m1_shifted", "attribute": "MACRO_PLAYBACK", "disabled": false}, "g402_lighting_setting_firmware": {"id": "g402_lighting_setting_firmware", "attribute": "FIRMWARE_LIGHTING_SETTINGS", "disabled": false}, "g402_g6_m1": {"id": "g402_g6_m1", "attribute": "MACRO_PLAYBACK", "disabled": false}, "g402_g4_m1_shifted": {"id": "g402_g4_m1_shifted", "attribute": "MACRO_PLAYBACK", "disabled": false}, "g402_g6_m1_shifted": {"id": "g402_g6_m1_shifted", "attribute": "MACRO_PLAYBACK", "disabled": false}, "g402_g3_m1_shifted": {"id": "g402_g3_m1_shifted", "attribute": "MACRO_PLAYBACK", "disabled": false}, "g402_g4_m1": {"id": "g402_g4_m1", "attribute": "MACRO_PLAYBACK", "disabled": false}, "g402_g8_m1_shifted": {"id": "g402_g8_m1_shifted", "attribute": "MACRO_PLAYBACK", "disabled": false}, "g402_g8_m1": {"id": "g402_g8_m1", "attribute": "MACRO_PLAYBACK", "disabled": false}, "g402_g5_m1": {"id": "g402_g5_m1", "attribute": "MACRO_PLAYBACK", "disabled": false}, "g402_g7_m1_shifted": {"id": "g402_g7_m1_shifted", "attribute": "MACRO_PLAYBACK", "disabled": false}}}]}}