 {"msgId": "9b4a5149-eb64-4e96-b524-fe491f5fd271", "verb": "GET", "path": "/devices/list", "origin": "backend", "result": {"code": "SUCCESS", "what": ""}, "payload": {"@type": "type.googleapis.com/logi.protocol.devices.Device.Info.List", "deviceInfos": [{"id": "dev00000000", "pid": 2730, "firmwareName": "U171", "isSubdevice": false, "parentId": "", "state": "ACTIVE", "onboardMode": false, "individualMode": false, "resourcesAvailable": true, "connectionType": "USB", "hasWirelessInterface": false, "displayConnectionType": "USB", "deviceType": "HEADSET", "deviceFamily": "", "deviceModel": "pro_71_gaming_headset", "deviceBaseModel": "pro_71_gaming_headset", "displayName": "PRO X", "extendedDisplayName": "PRO X Gaming Headset", "slotPrefix": "pro71headset", "thumbnail": "pipeline://core/thumbnails/pro_headset.png", "stringPackage": "", "deviceExt": 0, "deviceUnitId": "", "deviceSignature": "", "givenName": "", "capabilities": {"audio": {"dtsSupported": false, "dolbySupported": false, "denoiserSupported": true, "onboardEqSupported": false, "onboardProEqSupported": true, "dtsHx2eSupported": true, "proEqSupported": true, "blueVoiceSupported": true, "hardwareNoiseReductionSupported": true, "blueVoice2Supported": false, "hidMic": false, "devioVolumeFeatures": false, "centurionEqSupported": false, "lightspeedAuxSupported": false, "audioMixingSupported": false, "rtxDenoiserSupported": true}, "sleepTimer": false, "mstateSupport": {"count": 1, "timeOut": 0}, "fnInversion": false, "presentSplashScreen": false, "customizableColor": false, "wirelessReportRate": false, "hybridEngine": false, "advancedSleepTimer": false, "angleSnapping": false, "excludeGShift": false, "hostRemovalSupport": false, "headphoneJack": false, "hostInfos": false, "gkeyLayout": "INVALID_GKEY_LAYOUT", "hasBatteryStatus": false, "powerOffTimer": false, "requiresBackupForDfu": false, "unifiedBattery": false, "dpiLighting": false, "hasGlobalDamping": false, "nonInteractive": false, "chargepadCompatible": false, "individuality": false, "defaultSlotFormat": "INVALID_FORMAT", "fnToggle": false, "isFullHidppWheel": false, "hasConfigurationProfiles": false, "disableCenterSpring": false, "renameDeviceDisplayName": false, "systemTraySupport": false}, "activeInterfaces": [{"type": "DEVIO", "id": "046d_0aaa", "pid": 2730, "modelId": 0, "extendedModel": 255, "serialNumber": "", "path": "\\\\?\\hid#vid_046d&pid_0aaa&mi_03&col04#9&320a6035&0&0003#{4d1e55b2-f16f-11cf-88cb-001111000030}", "containerId": "fc076a82-1920-5c98-9a71-7d6de398d166", "deviceType": "HEADSET", "deviceName": "PRO X", "keyboardLayout": "INVALID_LAYOUT", "firmwareVersion": "171.0.1", "firmwareName": "U171", "firmwareRevision": 0, "hardwareRevision": 0, "unitId": "", "fwEntities": {}, "connectionType": "USB", "hasOnboardMode": false, "parentPath": ""}, {"type": "AUDIO", "id": "", "pid": 0, "modelId": 0, "extendedModel": 0, "serialNumber": "", "path": "", "containerId": "fc076a82-1920-5c98-9a71-7d6de398d166", "deviceType": "INVALID_TYPE", "deviceName": "", "keyboardLayout": "INVALID_LAYOUT", "firmwareVersion": "", "firmwareName": "", "firmwareRevision": 0, "hardwareRevision": 0, "unitId": "", "fwEntities": {}, "connectionType": "VIRTUAL", "hasOnboardMode": false, "parentPath": ""}], "slots": {"pro71headset_pro_equalizer": {"id": "pro71headset_pro_equalizer", "attribute": "PRO_EQUALIZER", "disabled": false, "defaultCard": "0487742c-a435-4379-95d6-f0b52fe4e0f8"}, "pro71headset_acoustics": {"id": "pro71headset_acoustics", "attribute": "ACOUSTICS", "disabled": false, "defaultCard": "9b85425b-8c71-4b15-808c-12020aaa0000"}, "pro71headset_blue_voice_settings": {"id": "pro71headset_blue_voice_settings", "attribute": "BLUE_VOICE_SETTINGS", "disabled": false, "defaultCard": "9f102caf-0b16-4ab0-b4bc-c45cab122095"}, "pro71headset_microphone_settings": {"id": "pro71headset_microphone_settings", "attribute": "MICROPHONE_SETTINGS", "disabled": false, "defaultCard": "9b85425b-8c71-4b15-808c-120e0aaa0000"}}, "path": "\\\\?\\hid#vid_046d&pid_0aaa&mi_03&col04#9&320a6035&0&0003#{4d1e55b2-f16f-11cf-88cb-001111000030}", "parentPath": ""}, {"id": "dev00000001", "pid": 49982, "firmwareName": "MPK09", "isSubdevice": false, "parentId": "", "state": "ACTIVE", "onboardMode": false, "individualMode": false, "resourcesAvailable": true, "connectionType": "USB", "hasWirelessInterface": false, "displayConnectionType": "USB", "deviceType": "KEYBOARD", "deviceFamily": "", "deviceModel": "g915", "deviceBaseModel": "g915", "displayName": "G915", "extendedDisplayName": "G915 Wireless RGB Mechanical Gaming Keyboard", "slotPrefix": "g915", "thumbnail": "pipeline://core/thumbnails/g915.png", "stringPackage": "", "deviceExt": 0, "deviceUnitId": "3934874904", "deviceSignature": "KEYBOARD.g915.0.3934874904", "givenName": "", "capabilities": {"lightingSupport": {"deviceCategory": "KEYBOARD_RGB_PER_KEY", "typeMap": {"PERKEY_GKEY": "G_KEY", "PERKEY_CONSUMER": "HID_CONSUMER", "PERKEY_INDICATOR": "KEYBOARD_OTHER", "PERKEY_BRANDING": "LOGO", "ZONE_BRANDING": "LOGO", "ZONE_PRIMARY": "PRIMARY", "PERKEY_KEYBOARD": "HID_KEYBOARD"}, "zones": [{"zoneType": "ZONE_PRIMARY", "supportedEffects": [{"id": "OFF", "syncable": true, "fixedIntensity": false, "signature": false, "inactivityOnly": false}, {"id": "FIXED", "syncable": true, "fixedIntensity": false, "signature": false, "inactivityOnly": false}, {"id": "CYCLE", "syncable": true, "fixedIntensity": false, "signature": false, "inactivityOnly": false}, {"id": "COLORWAVE", "syncable": false, "fixedIntensity": false, "signature": false, "inactivityOnly": false}, {"id": "BREATHING", "syncable": true, "fixedIntensity": false, "signature": false, "inactivityOnly": false}, {"id": "RIPPLE", "syncable": false, "fixedIntensity": false, "signature": false, "inactivityOnly": false}, {"id": "CUSTOM", "syncable": false, "fixedIntensity": true, "signature": false, "inactivityOnly": false}], "onboardCluster": "CLUSTER_DEFAULT"}, {"zoneType": "ZONE_BRANDING", "supportedEffects": [{"id": "OFF", "syncable": true, "fixedIntensity": false, "signature": false, "inactivityOnly": false}, {"id": "FIXED", "syncable": true, "fixedIntensity": false, "signature": false, "inactivityOnly": false}, {"id": "CYCLE", "syncable": true, "fixedIntensity": false, "signature": false, "inactivityOnly": false}, {"id": "BREATHING", "syncable": true, "fixedIntensity": false, "signature": false, "inactivityOnly": false}], "onboardCluster": "CLUSTER_DEFAULT"}], "isMonochrome": false, "isPerKey": true, "persistence": {"zoneEffects": false, "perKeyFixed": false, "customEffects": {"slots": 2, "entityOffset": 3}}, "hideStartupEffect": true, "shutdownEffect": false, "brightnessLevels": [], "powerSavingEffect": true, "lowBatteryEffect": true, "brightnessPercentage": true, "gamma": false, "firmwareOnly": false, "offRamp": false, "activeDimming": false, "hasPositionalEffect": false, "hasPastelPalette": false, "hasRingLeds": false, "hasMasterSwitch": false, "needKeepAliveSignal": false}, "sleepTimer": false, "mstateSupport": {"count": 3, "timeOut": 0}, "fnInversion": false, "presentSplashScreen": true, "customizableColor": false, "wirelessReportRate": false, "hybridEngine": false, "advancedSleepTimer": false, "onboardProfiles": {"disableProfileNaming": false, "profilesAlwaysActive": false, "supportsOnboardMode": true}, "angleSnapping": false, "excludeGShift": false, "hostRemovalSupport": false, "headphoneJack": false, "hostInfos": false, "gkeyLayout": "GKEY_LEFT_COLUMN_5", "hasBatteryStatus": true, "powerOffTimer": false, "requiresBackupForDfu": false, "unifiedBattery": false, "dpiLighting": false, "hasGlobalDamping": false, "nonInteractive": false, "receiverPairing": {"receiverType": "LS2", "receiverPid": 0, "pairingAction": "ACTION_LONG_PRESS_LIGHTSPEED", "hasForcePairing": false}, "chargepadCompatible": false, "individuality": false, "defaultSlotFormat": "INVALID_FORMAT", "fnToggle": false, "isFullHidppWheel": false, "hasConfigurationProfiles": false, "disableCenterSpring": false, "renameDeviceDisplayName": false, "systemTraySupport": false}, "activeInterfaces": [{"type": "DEVIO", "id": "046d_c33e", "pid": 49982, "modelId": 0, "extendedModel": 1, "serialNumber": "3934874904", "path": "usb\\vid_046d&pid_c33e&mi_02\\6&1a7f1c89&0&0002", "containerId": "8a451b73-aa6e-54e4-9581-1da2c291e1c8", "deviceType": "KEYBOARD", "deviceName": "G915 WIRELESS RGB MECHANICAL GAMING KEYBOARD", "keyboardLayout": "US", "firmwareVersion": "9.3.41", "firmwareName": "MPK09", "firmwareRevision": 3, "hardwareRevision": 0, "unitId": "3934874904", "fwEntities": {}, "connectionType": "USB", "hasOnboardMode": true, "parentPath": ""}], "slots": {"g915_g4_m2_shifted": {"id": "g915_g4_m2_shifted", "attribute": "MACRO_PLAYBACK", "disabled": false, "defaultCard": "0f82f693-5b78-4cf5-867e-090700000000"}, "g915_g3_m3_shifted": {"id": "g915_g3_m3_shifted", "attribute": "MACRO_PLAYBACK", "disabled": false, "defaultCard": "0f82f693-5b78-4cf5-867e-090700000000"}, "g915_g5_m2_shifted": {"id": "g915_g5_m2_shifted", "attribute": "MACRO_PLAYBACK", "disabled": false, "defaultCard": "0f82f693-5b78-4cf5-867e-090700000000"}, "g915_g4_m1_shifted": {"id": "g915_g4_m1_shifted", "attribute": "MACRO_PLAYBACK", "disabled": false, "defaultCard": "0f82f693-5b78-4cf5-867e-090700000000"}, "g915_g1_m3_shifted": {"id": "g915_g1_m3_shifted", "attribute": "MACRO_PLAYBACK", "disabled": false, "defaultCard": "0f82f693-5b78-4cf5-867e-090700000000"}, "g915_g5_m3": {"id": "g915_g5_m3", "attribute": "MACRO_PLAYBACK", "disabled": false, "defaultCard": "0f82f693-5b78-4cf5-867e-013e00000000"}, "g915_g4_m3_shifted": {"id": "g915_g4_m3_shifted", "attribute": "MACRO_PLAYBACK", "disabled": false, "defaultCard": "0f82f693-5b78-4cf5-867e-090700000000"}, "g915_g3_m2_shifted": {"id": "g915_g3_m2_shifted", "attribute": "MACRO_PLAYBACK", "disabled": false, "defaultCard": "0f82f693-5b78-4cf5-867e-090700000000"}, "g915_g3_m2": {"id": "g915_g3_m2", "attribute": "MACRO_PLAYBACK", "disabled": false, "defaultCard": "0f82f693-5b78-4cf5-867e-013c00000000"}, "g915_g3_m3": {"id": "g915_g3_m3", "attribute": "MACRO_PLAYBACK", "disabled": false, "defaultCard": "0f82f693-5b78-4cf5-867e-013c00000000"}, "g915_g3_m1_shifted": {"id": "g915_g3_m1_shifted", "attribute": "MACRO_PLAYBACK", "disabled": false, "defaultCard": "0f82f693-5b78-4cf5-867e-090700000000"}, "g915_g1_m2_shifted": {"id": "g915_g1_m2_shifted", "attribute": "MACRO_PLAYBACK", "disabled": false, "defaultCard": "0f82f693-5b78-4cf5-867e-090700000000"}, "g915_disable_keys": {"id": "g915_disable_keys", "attribute": "DISABLE_KEY_SETTINGS", "disabled": false, "defaultCard": "9b85425b-8c71-4b15-808c-1205c33e0000"}, "g915_g2_m2": {"id": "g915_g2_m2", "attribute": "MACRO_PLAYBACK", "disabled": false, "defaultCard": "0f82f693-5b78-4cf5-867e-013b00000000"}, "g915_g1_m3": {"id": "g915_g1_m3", "attribute": "MACRO_PLAYBACK", "disabled": false, "defaultCard": "0f82f693-5b78-4cf5-867e-013a00000000"}, "g915_g4_m2": {"id": "g915_g4_m2", "attribute": "MACRO_PLAYBACK", "disabled": false, "defaultCard": "0f82f693-5b78-4cf5-867e-013d00000000"}, "g915_g4_m3": {"id": "g915_g4_m3", "attribute": "MACRO_PLAYBACK", "disabled": false, "defaultCard": "0f82f693-5b78-4cf5-867e-013d00000000"}, "g915_g2_m3_shifted": {"id": "g915_g2_m3_shifted", "attribute": "MACRO_PLAYBACK", "disabled": false, "defaultCard": "0f82f693-5b78-4cf5-867e-090700000000"}, "g915_g5_m3_shifted": {"id": "g915_g5_m3_shifted", "attribute": "MACRO_PLAYBACK", "disabled": false, "defaultCard": "0f82f693-5b78-4cf5-867e-090700000000"}, "g915_g5_m1_shifted": {"id": "g915_g5_m1_shifted", "attribute": "MACRO_PLAYBACK", "disabled": false, "defaultCard": "0f82f693-5b78-4cf5-867e-090700000000"}, "g915_g5_m1": {"id": "g915_g5_m1", "attribute": "MACRO_PLAYBACK", "disabled": false, "defaultCard": "0f82f693-5b78-4cf5-867e-013e00000000"}, "g915_g5_m2": {"id": "g915_g5_m2", "attribute": "MACRO_PLAYBACK", "disabled": false, "defaultCard": "0f82f693-5b78-4cf5-867e-013e00000000"}, "g915_g2_m2_shifted": {"id": "g915_g2_m2_shifted", "attribute": "MACRO_PLAYBACK", "disabled": false, "defaultCard": "0f82f693-5b78-4cf5-867e-090700000000"}, "g915_g4_m1": {"id": "g915_g4_m1", "attribute": "MACRO_PLAYBACK", "disabled": false, "defaultCard": "0f82f693-5b78-4cf5-867e-013d00000000"}, "g915_g1_m1_shifted": {"id": "g915_g1_m1_shifted", "attribute": "MACRO_PLAYBACK", "disabled": false, "defaultCard": "0f82f693-5b78-4cf5-867e-090700000000"}, "g915_lighting_setting_firmware": {"id": "g915_lighting_setting_firmware", "attribute": "FIRMWARE_LIGHTING_SETTINGS", "disabled": false, "defaultCard": "9b85425b-8c71-4b15-808c-1206c33e0000"}, "g915_g3_m1": {"id": "g915_g3_m1", "attribute": "MACRO_PLAYBACK", "disabled": false, "defaultCard": "0f82f693-5b78-4cf5-867e-013c00000000"}, "g915_g1_m2": {"id": "g915_g1_m2", "attribute": "MACRO_PLAYBACK", "disabled": false, "defaultCard": "0f82f693-5b78-4cf5-867e-013a00000000"}, "g915_g2_m1": {"id": "g915_g2_m1", "attribute": "MACRO_PLAYBACK", "disabled": false, "defaultCard": "0f82f693-5b78-4cf5-867e-013b00000000"}, "g915_g2_m3": {"id": "g915_g2_m3", "attribute": "MACRO_PLAYBACK", "disabled": false, "defaultCard": "0f82f693-5b78-4cf5-867e-013b00000000"}, "g915_g2_m1_shifted": {"id": "g915_g2_m1_shifted", "attribute": "MACRO_PLAYBACK", "disabled": false, "defaultCard": "0f82f693-5b78-4cf5-867e-090700000000"}, "g915_g1_m1": {"id": "g915_g1_m1", "attribute": "MACRO_PLAYBACK", "disabled": false, "defaultCard": "0f82f693-5b78-4cf5-867e-013a00000000"}}, "path": "usb\\vid_046d&pid_c33e&mi_02\\6&1a7f1c89&0&0002", "parentPath": ""}]}}