 {"msgId": "9f23484f-01de-4f10-91c4-4a9cc46bccba", "verb": "GET", "path": "/devices/list", "origin": "backend", "result": {"code": "SUCCESS", "what": ""}, "payload": {"@type": "type.googleapis.com/logi.protocol.devices.Device.Info.List", "deviceInfos": [{"id": "dev00000000", "pid": 49293, "firmwareName": "MPM17", "isSubdevice": false, "parentId": "", "state": "ACTIVE", "onboardMode": false, "individualMode": false, "resourcesAvailable": true, "connectionType": "USB", "hasWirelessInterface": false, "displayConnectionType": "USB", "deviceType": "MOUSE", "deviceFamily": "", "deviceModel": "g502_wireless", "deviceBaseModel": "g502_wireless", "displayName": "G502 LIGHTSPEED", "extendedDisplayName": "G502 LIGHTSPEED Wireless Gaming Mouse", "slotPrefix": "g502wireless", "thumbnail": "pipeline://core/thumbnails/g502_wireless.png", "stringPackage": "", "deviceExt": 0, "deviceUnitId": "3899910155", "deviceSignature": "MOUSE.g502_wireless.0.3899910155", "givenName": "", "capabilities": {"lightingSupport": {"deviceCategory": "MOUSE_RGB_ZONAL", "typeMap": {"ZONE_BRANDING": "LOGO", "ZONE_PRIMARY": "PRIMARY"}, "zones": [{"zoneType": "ZONE_PRIMARY", "supportedEffects": [{"id": "OFF", "syncable": true, "fixedIntensity": false, "signature": false, "inactivityOnly": false}, {"id": "FIXED", "syncable": true, "fixedIntensity": false, "signature": false, "inactivityOnly": false}, {"id": "CYCLE", "syncable": true, "fixedIntensity": false, "signature": false, "inactivityOnly": false}, {"id": "BREATHING", "syncable": true, "fixedIntensity": false, "signature": false, "inactivityOnly": false}], "onboardCluster": "CLUSTER_DEFAULT"}, {"zoneType": "ZONE_BRANDING", "supportedEffects": [{"id": "OFF", "syncable": true, "fixedIntensity": false, "signature": false, "inactivityOnly": false}, {"id": "FIXED", "syncable": true, "fixedIntensity": false, "signature": false, "inactivityOnly": false}, {"id": "CYCLE", "syncable": true, "fixedIntensity": false, "signature": false, "inactivityOnly": false}, {"id": "BREATHING", "syncable": true, "fixedIntensity": false, "signature": false, "inactivityOnly": false}], "onboardCluster": "CLUSTER_DEFAULT"}], "isMonochrome": false, "isPerKey": false, "hideStartupEffect": false, "shutdownEffect": false, "brightnessLevels": [], "powerSavingEffect": false, "lowBatteryEffect": true, "brightnessPercentage": false, "gamma": false, "firmwareOnly": false, "offRamp": false, "activeDimming": false, "hasPositionalEffect": false, "hasPastelPalette": false, "hasRingLeds": false, "hasMasterSwitch": false, "needKeepAliveSignal": false}, "sleepTimer": false, "mstateSupport": {"count": 1, "timeOut": 0}, "fnInversion": false, "presentSplashScreen": false, "customizableColor": false, "wirelessReportRate": false, "hybridEngine": false, "advancedSleepTimer": false, "angleSnapping": false, "excludeGShift": false, "hostRemovalSupport": false, "headphoneJack": false, "hostInfos": false, "gkeyLayout": "INVALID_GKEY_LAYOUT", "hasBatteryStatus": true, "powerOffTimer": false, "requiresBackupForDfu": false, "unifiedBattery": false, "dpiLighting": true, "hasGlobalDamping": false, "nonInteractive": false, "receiverPairing": {"receiverType": "LS1", "receiverPid": 0, "pairingAction": "ACTION_POWER_CYCLE", "hasForcePairing": false}, "chargepadCompatible": true, "individuality": false, "defaultSlotFormat": "INVALID_FORMAT", "fnToggle": false, "hasPaddles": false, "isFullHidppWheel": false, "hasConfigurationProfiles": false, "disableCenterSpring": false, "renameDeviceDisplayName": false}, "activeInterfaces": [{"type": "DEVIO", "id": "046d_c08d", "pid": 49293, "modelId": 0, "extendedModel": 0, "serialNumber": "3899910155", "path": "IOService:/AppleARMPE/arm-io@10F00000/AppleT810xIO/apcie@90000000/AppleT8103PCIe/pci-bridge1@1/IOPP/pcie-xhci@0/AppleEmbeddedUSBXHCIFL1100@02000000/pcie-xhci-hs-port1@02100000/USBHub3p-2[A]@02100000/AppleUSB20Hub@02100000/AppleUSB20HubPort@02130000/USBHub3p-2[4-7]@02130000/AppleUSB20Hub@02130000/AppleUSB20HubPort@02131000/G502 LIGHTSPEED Wireless Gaming Mouse@02131000/IOUSBHostInterface@2/AppleUserUSBHostHIDDevice", "containerId": "0x2131000", "deviceType": "MOUSE", "deviceName": "G502 LIGHTSPEED Wireless Gaming Mouse", "keyboardLayout": "INVALID_LAYOUT", "firmwareVersion": "17.0.8", "firmwareName": "MPM17", "firmwareRevision": 0, "hardwareRevision": 0, "unitId": "3899910155", "fwEntities": {}, "connectionType": "USB", "hasOnboardMode": true, "parentPath": ""}], "slots": {"g502wireless_mouse_settings": {"id": "g502wireless_mouse_settings", "attribute": "MOUSE_SETTINGS", "disabled": false, "defaultCard": "9b85425b-8c71-4b15-808c-1204c08d0000"}, "g502wireless_g8_m1": {"id": "g502wireless_g8_m1", "attribute": "MACRO_PLAYBACK", "disabled": false, "defaultCard": "0f82f693-5b78-4cf5-867e-040100000000"}, "g502wireless_g7_m1_shifted": {"id": "g502wireless_g7_m1_shifted", "attribute": "MACRO_PLAYBACK", "disabled": false, "defaultCard": "0f82f693-5b78-4cf5-867e-090700000000"}, "g502wireless_g9_m1_shifted": {"id": "g502wireless_g9_m1_shifted", "attribute": "MACRO_PLAYBACK", "disabled": false, "defaultCard": "0f82f693-5b78-4cf5-867e-090700000000"}, "g502wireless_g1_m1": {"id": "g502wireless_g1_m1", "attribute": "MACRO_PLAYBACK", "disabled": false, "defaultCard": "0f82f693-5b78-4cf5-867e-020100000000"}, "g502wireless_g3_m1": {"id": "g502wireless_g3_m1", "attribute": "MACRO_PLAYBACK", "disabled": false, "defaultCard": "0f82f693-5b78-4cf5-867e-020300000000"}, "g502wireless_g4_m1": {"id": "g502wireless_g4_m1", "attribute": "MACRO_PLAYBACK", "disabled": false, "defaultCard": "0f82f693-5b78-4cf5-867e-020400000000"}, "g502wireless_g10_m1_shifted": {"id": "g502wireless_g10_m1_shifted", "attribute": "MACRO_PLAYBACK", "disabled": false, "defaultCard": "0f82f693-5b78-4cf5-867e-090700000000"}, "g502wireless_g5_m1": {"id": "g502wireless_g5_m1", "attribute": "MACRO_PLAYBACK", "disabled": false, "defaultCard": "0f82f693-5b78-4cf5-867e-020500000000"}, "g502wireless_g11_m1": {"id": "g502wireless_g11_m1", "attribute": "MACRO_PLAYBACK", "disabled": false, "defaultCard": "0f82f693-5b78-4cf5-867e-040b00000000"}, "g502wireless_g6_m1_shifted": {"id": "g502wireless_g6_m1_shifted", "attribute": "MACRO_PLAYBACK", "disabled": false, "defaultCard": "0f82f693-5b78-4cf5-867e-090700000000"}, "g502wireless_g6_m1": {"id": "g502wireless_g6_m1", "attribute": "MACRO_PLAYBACK", "disabled": false, "defaultCard": "0f82f693-5b78-4cf5-867e-040300000000"}, "g502wireless_g5_m1_shifted": {"id": "g502wireless_g5_m1_shifted", "attribute": "MACRO_PLAYBACK", "disabled": false, "defaultCard": "0f82f693-5b78-4cf5-867e-090700000000"}, "g502wireless_g10_m1": {"id": "g502wireless_g10_m1", "attribute": "MACRO_PLAYBACK", "disabled": false, "defaultCard": "0f82f693-5b78-4cf5-867e-040c00000000"}, "g502wireless_lighting_setting_firmware": {"id": "g502wireless_lighting_setting_firmware", "attribute": "FIRMWARE_LIGHTING_SETTINGS", "disabled": false, "defaultCard": "9b85425b-8c71-4b15-808c-1206c08d0000"}, "g502wireless_g4_m1_shifted": {"id": "g502wireless_g4_m1_shifted", "attribute": "MACRO_PLAYBACK", "disabled": false, "defaultCard": "0f82f693-5b78-4cf5-867e-090700000000"}, "g502wireless_g11_m1_shifted": {"id": "g502wireless_g11_m1_shifted", "attribute": "MACRO_PLAYBACK", "disabled": false, "defaultCard": "0f82f693-5b78-4cf5-867e-090700000000"}, "g502wireless_g9_m1": {"id": "g502wireless_g9_m1", "attribute": "MACRO_PLAYBACK", "disabled": false, "defaultCard": "0f82f693-5b78-4cf5-867e-090600000000"}, "g502wireless_g2_m1": {"id": "g502wireless_g2_m1", "attribute": "MACRO_PLAYBACK", "disabled": false, "defaultCard": "0f82f693-5b78-4cf5-867e-020200000000"}, "g502wireless_g8_m1_shifted": {"id": "g502wireless_g8_m1_shifted", "attribute": "MACRO_PLAYBACK", "disabled": false, "defaultCard": "0f82f693-5b78-4cf5-867e-090700000000"}, "g502wireless_g1_m1_shifted": {"id": "g502wireless_g1_m1_shifted", "attribute": "MACRO_PLAYBACK", "disabled": false, "defaultCard": "0f82f693-5b78-4cf5-867e-090700000000"}, "g502wireless_g7_m1": {"id": "g502wireless_g7_m1", "attribute": "MACRO_PLAYBACK", "disabled": false, "defaultCard": "0f82f693-5b78-4cf5-867e-040200000000"}, "g502wireless_g3_m1_shifted": {"id": "g502wireless_g3_m1_shifted", "attribute": "MACRO_PLAYBACK", "disabled": false, "defaultCard": "0f82f693-5b78-4cf5-867e-090700000000"}, "g502wireless_g2_m1_shifted": {"id": "g502wireless_g2_m1_shifted", "attribute": "MACRO_PLAYBACK", "disabled": false, "defaultCard": "0f82f693-5b78-4cf5-867e-090700000000"}}, "path": "IOService:/AppleARMPE/arm-io@10F00000/AppleT810xIO/apcie@90000000/AppleT8103PCIe/pci-bridge1@1/IOPP/pcie-xhci@0/AppleEmbeddedUSBXHCIFL1100@02000000/pcie-xhci-hs-port1@02100000/USBHub3p-2[A]@02100000/AppleUSB20Hub@02100000/AppleUSB20HubPort@02130000/USBHub3p-2[4-7]@02130000/AppleUSB20Hub@02130000/AppleUSB20HubPort@02131000/G502 LIGHTSPEED Wireless Gaming Mouse@02131000/IOUSBHostInterface@2/AppleUserUSBHostHIDDevice", "parentPath": ""}, {"id": "dev00000001", "pid": 49974, "firmwareName": "U109", "isSubdevice": false, "parentId": "", "state": "ACTIVE", "onboardMode": false, "individualMode": false, "resourcesAvailable": true, "connectionType": "USB", "hasWirelessInterface": false, "displayConnectionType": "USB", "deviceType": "KEYBOARD", "deviceFamily": "", "deviceModel": "g213", "deviceBaseModel": "g213", "displayName": "G213", "extendedDisplayName": "G213 Prodigy Keyboard", "slotPrefix": "g213", "thumbnail": "pipeline://core/thumbnails/g213.png", "stringPackage": "", "deviceExt": 0, "deviceUnitId": "875579138", "deviceSignature": "KEYBOARD.g213.0.875579138", "givenName": "", "capabilities": {"lightingSupport": {"deviceCategory": "KEYBOARD_RGB_ZONAL", "typeMap": {"ZONE_PRIMARY": "PRIMARY", "ZONE_THREE": "ZONAL_THREE", "ZONE_TWO": "ZONAL_TWO", "ZONE_FOUR": "ZONAL_FOUR", "ZONE_FIVE": "ZONAL_FIVE", "ZONE_ONE": "ZONAL_ONE"}, "zones": [{"zoneType": "ZONE_PRIMARY", "supportedEffects": [{"id": "OFF", "syncable": true, "fixedIntensity": false, "signature": false, "inactivityOnly": false}, {"id": "FIXED", "syncable": true, "fixedIntensity": false, "signature": false, "inactivityOnly": false}, {"id": "CYCLE", "syncable": true, "fixedIntensity": true, "signature": false, "inactivityOnly": false}, {"id": "COLORWAVE", "syncable": false, "fixedIntensity": true, "signature": false, "inactivityOnly": false}, {"id": "BREATHING", "syncable": true, "fixedIntensity": true, "signature": false, "inactivityOnly": false}], "onboardCluster": "CLUSTER_DEFAULT"}], "isMonochrome": false, "isPerKey": false, "hideStartupEffect": false, "shutdownEffect": false, "brightnessLevels": [], "powerSavingEffect": false, "lowBatteryEffect": false, "brightnessPercentage": false, "gamma": false, "firmwareOnly": false, "offRamp": false, "activeDimming": false, "hasPositionalEffect": false, "hasPastelPalette": false, "hasRingLeds": false, "hasMasterSwitch": false, "needKeepAliveSignal": false}, "sleepTimer": false, "mstateSupport": {"count": 1, "timeOut": 0}, "reportHidControls": {"pages": [{"page": 7, "usages": [{"usage": 58, "button": 1}, {"usage": 59, "button": 2}, {"usage": 60, "button": 3}, {"usage": 61, "button": 4}, {"usage": 62, "button": 5}, {"usage": 63, "button": 6}, {"usage": 64, "button": 7}, {"usage": 65, "button": 8}, {"usage": 66, "button": 9}, {"usage": 67, "button": 10}, {"usage": 68, "button": 11}, {"usage": 69, "button": 12}]}]}, "fnInversion": false, "presentSplashScreen": false, "customizableColor": false, "wirelessReportRate": false, "hybridEngine": false, "advancedSleepTimer": false, "angleSnapping": false, "excludeGShift": false, "hostRemovalSupport": false, "headphoneJack": false, "hostInfos": false, "gkeyLayout": "INVALID_GKEY_LAYOUT", "hasBatteryStatus": false, "powerOffTimer": false, "requiresBackupForDfu": false, "unifiedBattery": false, "dpiLighting": false, "hasGlobalDamping": false, "nonInteractive": false, "chargepadCompatible": false, "individuality": false, "defaultSlotFormat": "INVALID_FORMAT", "fnToggle": false, "hasPaddles": false, "isFullHidppWheel": false, "hasConfigurationProfiles": false, "disableCenterSpring": false, "renameDeviceDisplayName": false}, "activeInterfaces": [{"type": "DEVIO", "id": "046d_c336", "pid": 49974, "modelId": 0, "extendedModel": 0, "serialNumber": "875579138", "path": "IOService:/AppleARMPE/arm-io@10F00000/AppleT810xIO/apcie@90000000/AppleT8103PCIe/pci-bridge1@1/IOPP/pcie-xhci@0/AppleEmbeddedUSBXHCIFL1100@02000000/pcie-xhci-hs-port1@02100000/USBHub3p-2[A]@02100000/AppleUSB20Hub@02100000/AppleUSB20HubPort@02130000/USBHub3p-2[4-7]@02130000/AppleUSB20Hub@02130000/AppleUSB20HubPort@02134000/Gaming Keyboard G213@02134000/IOUSBHostInterface@1/AppleUserUSBHostHIDDevice", "containerId": "0x2134000", "deviceType": "KEYBOARD", "deviceName": "Gaming Keyboard G213", "keyboardLayout": "US", "firmwareVersion": "109.0.6", "firmwareName": "U109", "firmwareRevision": 0, "hardwareRevision": 0, "unitId": "875579138", "fwEntities": {}, "connectionType": "USB", "hasOnboardMode": false, "parentPath": ""}], "slots": {"g213_disable_keys": {"id": "g213_disable_keys", "attribute": "DISABLE_KEY_SETTINGS", "disabled": false, "defaultCard": "9b85425b-8c71-4b15-808c-1205c3360000"}, "g213_g5_m1_shifted": {"id": "g213_g5_m1_shifted", "attribute": "MACRO_PLAYBACK", "disabled": false, "defaultCard": "0f82f693-5b78-4cf5-867e-090700000000"}, "g213_g11_m1": {"id": "g213_g11_m1", "attribute": "MACRO_PLAYBACK", "disabled": false, "defaultCard": "0f82f693-5b78-4cf5-867e-014400000000"}, "g213_g3_m1": {"id": "g213_g3_m1", "attribute": "MACRO_PLAYBACK", "disabled": false, "defaultCard": "0f82f693-5b78-4cf5-867e-013c00000000"}, "g213_g10_m1_shifted": {"id": "g213_g10_m1_shifted", "attribute": "MACRO_PLAYBACK", "disabled": false, "defaultCard": "0f82f693-5b78-4cf5-867e-090700000000"}, "g213_g9_m1": {"id": "g213_g9_m1", "attribute": "MACRO_PLAYBACK", "disabled": false, "defaultCard": "0f82f693-5b78-4cf5-867e-014200000000"}, "g213_g12_m1": {"id": "g213_g12_m1", "attribute": "MACRO_PLAYBACK", "disabled": false, "defaultCard": "0f82f693-5b78-4cf5-867e-014500000000"}, "g213_g4_m1": {"id": "g213_g4_m1", "attribute": "MACRO_PLAYBACK", "disabled": false, "defaultCard": "0f82f693-5b78-4cf5-867e-013d00000000"}, "g213_g7_m1_shifted": {"id": "g213_g7_m1_shifted", "attribute": "MACRO_PLAYBACK", "disabled": false, "defaultCard": "0f82f693-5b78-4cf5-867e-090700000000"}, "g213_g7_m1": {"id": "g213_g7_m1", "attribute": "MACRO_PLAYBACK", "disabled": false, "defaultCard": "0f82f693-5b78-4cf5-867e-014000000000"}, "g213_g3_m1_shifted": {"id": "g213_g3_m1_shifted", "attribute": "MACRO_PLAYBACK", "disabled": false, "defaultCard": "0f82f693-5b78-4cf5-867e-090700000000"}, "g213_g11_m1_shifted": {"id": "g213_g11_m1_shifted", "attribute": "MACRO_PLAYBACK", "disabled": false, "defaultCard": "0f82f693-5b78-4cf5-867e-090700000000"}, "g213_g8_m1": {"id": "g213_g8_m1", "attribute": "MACRO_PLAYBACK", "disabled": false, "defaultCard": "0f82f693-5b78-4cf5-867e-014100000000"}, "g213_g6_m1_shifted": {"id": "g213_g6_m1_shifted", "attribute": "MACRO_PLAYBACK", "disabled": false, "defaultCard": "0f82f693-5b78-4cf5-867e-090700000000"}, "g213_g12_m1_shifted": {"id": "g213_g12_m1_shifted", "attribute": "MACRO_PLAYBACK", "disabled": false, "defaultCard": "0f82f693-5b78-4cf5-867e-090700000000"}, "g213_g5_m1": {"id": "g213_g5_m1", "attribute": "MACRO_PLAYBACK", "disabled": false, "defaultCard": "0f82f693-5b78-4cf5-867e-013e00000000"}, "g213_g6_m1": {"id": "g213_g6_m1", "attribute": "MACRO_PLAYBACK", "disabled": false, "defaultCard": "0f82f693-5b78-4cf5-867e-013f00000000"}, "g213_g1_m1": {"id": "g213_g1_m1", "attribute": "MACRO_PLAYBACK", "disabled": false, "defaultCard": "0f82f693-5b78-4cf5-867e-013a00000000"}, "g213_g9_m1_shifted": {"id": "g213_g9_m1_shifted", "attribute": "MACRO_PLAYBACK", "disabled": false, "defaultCard": "0f82f693-5b78-4cf5-867e-090700000000"}, "g213_g10_m1": {"id": "g213_g10_m1", "attribute": "MACRO_PLAYBACK", "disabled": false, "defaultCard": "0f82f693-5b78-4cf5-867e-014300000000"}, "g213_g2_m1": {"id": "g213_g2_m1", "attribute": "MACRO_PLAYBACK", "disabled": false, "defaultCard": "0f82f693-5b78-4cf5-867e-013b00000000"}, "g213_g2_m1_shifted": {"id": "g213_g2_m1_shifted", "attribute": "MACRO_PLAYBACK", "disabled": false, "defaultCard": "0f82f693-5b78-4cf5-867e-090700000000"}, "g213_g1_m1_shifted": {"id": "g213_g1_m1_shifted", "attribute": "MACRO_PLAYBACK", "disabled": false, "defaultCard": "0f82f693-5b78-4cf5-867e-090700000000"}, "g213_g4_m1_shifted": {"id": "g213_g4_m1_shifted", "attribute": "MACRO_PLAYBACK", "disabled": false, "defaultCard": "0f82f693-5b78-4cf5-867e-090700000000"}, "g213_g8_m1_shifted": {"id": "g213_g8_m1_shifted", "attribute": "MACRO_PLAYBACK", "disabled": false, "defaultCard": "0f82f693-5b78-4cf5-867e-090700000000"}, "g213_lighting_setting_firmware": {"id": "g213_lighting_setting_firmware", "attribute": "FIRMWARE_LIGHTING_SETTINGS", "disabled": false, "defaultCard": "9b85425b-8c71-4b15-808c-1206c3360000"}}, "path": "IOService:/AppleARMPE/arm-io@10F00000/AppleT810xIO/apcie@90000000/AppleT8103PCIe/pci-bridge1@1/IOPP/pcie-xhci@0/AppleEmbeddedUSBXHCIFL1100@02000000/pcie-xhci-hs-port1@02100000/USBHub3p-2[A]@02100000/AppleUSB20Hub@02100000/AppleUSB20HubPort@02130000/USBHub3p-2[4-7]@02130000/AppleUSB20Hub@02130000/AppleUSB20HubPort@02134000/Gaming Keyboard G213@02134000/IOUSBHostInterface@1/AppleUserUSBHostHIDDevice", "parentPath": ""}, {"id": "dev00000002", "pid": 49278, "firmwareName": "", "isSubdevice": false, "parentId": "", "state": "ACTIVE", "onboardMode": false, "individualMode": false, "resourcesAvailable": true, "connectionType": "USB", "hasWirelessInterface": false, "displayConnectionType": "USB", "deviceType": "MOUSE", "deviceFamily": "", "deviceModel": "g402", "deviceBaseModel": "g402", "displayName": "G402", "extendedDisplayName": "G402 Hyperion Fury", "slotPrefix": "g402", "thumbnail": "pipeline://core/thumbnails/g402.png", "stringPackage": "", "deviceExt": 0, "deviceUnitId": "0", "deviceSignature": "MOUSE.g402.0.0", "givenName": "", "capabilities": {"lightingSupport": {"deviceCategory": "MOUSE_MONO_ZONAL", "typeMap": {"ZONE_BRANDING": "LOGO"}, "zones": [{"zoneType": "ZONE_BRANDING", "supportedEffects": [{"id": "OFF", "syncable": false, "fixedIntensity": false, "signature": false, "inactivityOnly": false}, {"id": "FIXED", "syncable": false, "fixedIntensity": false, "signature": false, "inactivityOnly": false}, {"id": "BREATHING", "syncable": false, "fixedIntensity": true, "signature": false, "inactivityOnly": false}], "onboardCluster": "CLUSTER_DEFAULT"}], "isMonochrome": true, "color": {"tag": "", "hex": "#00a5ff"}, "isPerKey": false, "hideStartupEffect": false, "shutdownEffect": false, "brightnessLevels": [], "powerSavingEffect": false, "lowBatteryEffect": false, "brightnessPercentage": false, "gamma": false, "firmwareOnly": true, "offRamp": false, "activeDimming": false, "hasPositionalEffect": false, "hasPastelPalette": false, "hasRingLeds": false, "hasMasterSwitch": false, "needKeepAliveSignal": false}, "sleepTimer": false, "mstateSupport": {"count": 1, "timeOut": 0}, "fnInversion": false, "presentSplashScreen": false, "customizableColor": false, "wirelessReportRate": false, "dpiInfoOverride": {"range": {"min": 300, "max": 4000, "steps": 50, "maxLevels": 0}}, "dpiTableOverride": {"levels": [400, 800, 1600, 3200], "defaultDpi": 1600, "shiftDpi": 400, "activeDpi": 1600}, "hybridEngine": true, "advancedSleepTimer": false, "angleSnapping": false, "excludeGShift": false, "hostRemovalSupport": false, "headphoneJack": false, "hostInfos": false, "gkeyLayout": "INVALID_GKEY_LAYOUT", "hasBatteryStatus": false, "powerOffTimer": false, "requiresBackupForDfu": false, "unifiedBattery": false, "dpiLighting": true, "hasGlobalDamping": false, "nonInteractive": false, "chargepadCompatible": false, "individuality": false, "defaultSlotFormat": "INVALID_FORMAT", "fnToggle": false, "hasPaddles": false, "isFullHidppWheel": false, "hasConfigurationProfiles": false, "disableCenterSpring": false, "renameDeviceDisplayName": false}, "activeInterfaces": [{"type": "DEVIO", "id": "046d_c07e", "pid": 49278, "modelId": 0, "extendedModel": 0, "serialNumber": "0", "path": "IOService:/AppleARMPE/arm-io@10F00000/AppleT810xIO/apcie@90000000/AppleT8103PCIe/pci-bridge1@1/IOPP/pcie-xhci@0/AppleEmbeddedUSBXHCIFL1100@02000000/pcie-xhci-hs-port1@02100000/USBHub3p-2[A]@02100000/AppleUSB20Hub@02100000/AppleUSB20HubPort@02140000/USBHub3p-2[0-3]@02140000/AppleUSB20Hub@02140000/AppleUSB20HubPort@02142000/Gaming Mouse G402@02142000/IOUSBHostInterface@1/AppleUserUSBHostHIDDevice", "containerId": "0x2142000", "deviceType": "MOUSE", "deviceName": "G402 Hyperion Fury FPS Gaming Mouse", "keyboardLayout": "INVALID_LAYOUT", "firmwareVersion": "90.3.20", "firmwareName": "", "firmwareRevision": 0, "hardwareRevision": 0, "unitId": "0", "fwEntities": {}, "connectionType": "USB", "hasOnboardMode": true, "parentPath": ""}], "slots": {"g402_g7_m1_shifted": {"id": "g402_g7_m1_shifted", "attribute": "MACRO_PLAYBACK", "disabled": false, "defaultCard": "0f82f693-5b78-4cf5-867e-090700000000"}, "g402_g7_m1": {"id": "g402_g7_m1", "attribute": "MACRO_PLAYBACK", "disabled": false, "defaultCard": "0f82f693-5b78-4cf5-867e-040200000000"}, "g402_g2_m1_shifted": {"id": "g402_g2_m1_shifted", "attribute": "MACRO_PLAYBACK", "disabled": false, "defaultCard": "0f82f693-5b78-4cf5-867e-090700000000"}, "g402_g4_m1_shifted": {"id": "g402_g4_m1_shifted", "attribute": "MACRO_PLAYBACK", "disabled": false, "defaultCard": "0f82f693-5b78-4cf5-867e-090700000000"}, "g402_g3_m1": {"id": "g402_g3_m1", "attribute": "MACRO_PLAYBACK", "disabled": false, "defaultCard": "0f82f693-5b78-4cf5-867e-020300000000"}, "g402_g8_m1": {"id": "g402_g8_m1", "attribute": "MACRO_PLAYBACK", "disabled": false, "defaultCard": "0f82f693-5b78-4cf5-867e-040100000000"}, "g402_g2_m1": {"id": "g402_g2_m1", "attribute": "MACRO_PLAYBACK", "disabled": false, "defaultCard": "0f82f693-5b78-4cf5-867e-020200000000"}, "g402_g3_m1_shifted": {"id": "g402_g3_m1_shifted", "attribute": "MACRO_PLAYBACK", "disabled": false, "defaultCard": "0f82f693-5b78-4cf5-867e-090700000000"}, "g402_g1_m1": {"id": "g402_g1_m1", "attribute": "MACRO_PLAYBACK", "disabled": false, "defaultCard": "0f82f693-5b78-4cf5-867e-020100000000"}, "g402_g6_m1_shifted": {"id": "g402_g6_m1_shifted", "attribute": "MACRO_PLAYBACK", "disabled": false, "defaultCard": "0f82f693-5b78-4cf5-867e-090700000000"}, "g402_mouse_settings": {"id": "g402_mouse_settings", "attribute": "MOUSE_SETTINGS", "disabled": false, "defaultCard": "9b85425b-8c71-4b15-808c-1204c07e0000"}, "g402_g5_m1_shifted": {"id": "g402_g5_m1_shifted", "attribute": "MACRO_PLAYBACK", "disabled": false, "defaultCard": "0f82f693-5b78-4cf5-867e-090700000000"}, "g402_g8_m1_shifted": {"id": "g402_g8_m1_shifted", "attribute": "MACRO_PLAYBACK", "disabled": false, "defaultCard": "0f82f693-5b78-4cf5-867e-090700000000"}, "g402_lighting_setting_firmware": {"id": "g402_lighting_setting_firmware", "attribute": "FIRMWARE_LIGHTING_SETTINGS", "disabled": false, "defaultCard": "9b85425b-8c71-4b15-808c-1206c07e0000"}, "g402_g1_m1_shifted": {"id": "g402_g1_m1_shifted", "attribute": "MACRO_PLAYBACK", "disabled": false, "defaultCard": "0f82f693-5b78-4cf5-867e-090700000000"}, "g402_g4_m1": {"id": "g402_g4_m1", "attribute": "MACRO_PLAYBACK", "disabled": false, "defaultCard": "0f82f693-5b78-4cf5-867e-020400000000"}, "g402_g5_m1": {"id": "g402_g5_m1", "attribute": "MACRO_PLAYBACK", "disabled": false, "defaultCard": "0f82f693-5b78-4cf5-867e-020500000000"}, "g402_g6_m1": {"id": "g402_g6_m1", "attribute": "MACRO_PLAYBACK", "disabled": false, "defaultCard": "0f82f693-5b78-4cf5-867e-040300000000"}}, "path": "IOService:/AppleARMPE/arm-io@10F00000/AppleT810xIO/apcie@90000000/AppleT8103PCIe/pci-bridge1@1/IOPP/pcie-xhci@0/AppleEmbeddedUSBXHCIFL1100@02000000/pcie-xhci-hs-port1@02100000/USBHub3p-2[A]@02100000/AppleUSB20Hub@02100000/AppleUSB20HubPort@02140000/USBHub3p-2[0-3]@02140000/AppleUSB20Hub@02140000/AppleUSB20HubPort@02142000/Gaming Mouse G402@02142000/IOUSBHostInterface@1/AppleUserUSBHostHIDDevice", "parentPath": ""}, {"id": "dev00000003", "pid": 49295, "firmwareName": "U145", "isSubdevice": false, "parentId": "", "state": "ACTIVE", "onboardMode": false, "individualMode": false, "resourcesAvailable": true, "connectionType": "USB", "hasWirelessInterface": false, "displayConnectionType": "USB", "deviceType": "MOUSE", "deviceFamily": "", "deviceModel": "g403_hero", "deviceBaseModel": "g403_hero", "displayName": "G403 HERO", "extendedDisplayName": "G403 HERO Gaming Mouse", "slotPrefix": "g403hero", "thumbnail": "pipeline://core/thumbnails/g403_wired.png", "stringPackage": "", "deviceExt": 0, "deviceUnitId": "892356369", "deviceSignature": "MOUSE.g403_hero.0.892356369", "givenName": "", "capabilities": {"lightingSupport": {"deviceCategory": "MOUSE_RGB_ZONAL", "typeMap": {"ZONE_BRANDING": "LOGO", "ZONE_PRIMARY": "PRIMARY"}, "zones": [{"zoneType": "ZONE_PRIMARY", "supportedEffects": [{"id": "OFF", "syncable": true, "fixedIntensity": false, "signature": false, "inactivityOnly": false}, {"id": "FIXED", "syncable": true, "fixedIntensity": false, "signature": false, "inactivityOnly": false}, {"id": "CYCLE", "syncable": true, "fixedIntensity": false, "signature": false, "inactivityOnly": false}, {"id": "BREATHING", "syncable": true, "fixedIntensity": false, "signature": false, "inactivityOnly": false}], "onboardCluster": "CLUSTER_DEFAULT"}, {"zoneType": "ZONE_BRANDING", "supportedEffects": [{"id": "OFF", "syncable": true, "fixedIntensity": false, "signature": false, "inactivityOnly": false}, {"id": "FIXED", "syncable": true, "fixedIntensity": false, "signature": false, "inactivityOnly": false}, {"id": "CYCLE", "syncable": true, "fixedIntensity": false, "signature": false, "inactivityOnly": false}, {"id": "BREATHING", "syncable": true, "fixedIntensity": false, "signature": false, "inactivityOnly": false}], "onboardCluster": "CLUSTER_DEFAULT"}], "isMonochrome": false, "isPerKey": false, "hideStartupEffect": false, "shutdownEffect": false, "brightnessLevels": [], "powerSavingEffect": false, "lowBatteryEffect": false, "brightnessPercentage": false, "gamma": false, "firmwareOnly": false, "offRamp": false, "activeDimming": false, "hasPositionalEffect": false, "hasPastelPalette": false, "hasRingLeds": false, "hasMasterSwitch": false, "needKeepAliveSignal": false}, "sleepTimer": false, "mstateSupport": {"count": 1, "timeOut": 0}, "fnInversion": false, "presentSplashScreen": false, "customizableColor": false, "wirelessReportRate": false, "hybridEngine": false, "advancedSleepTimer": false, "angleSnapping": false, "excludeGShift": false, "hostRemovalSupport": false, "headphoneJack": false, "hostInfos": false, "gkeyLayout": "INVALID_GKEY_LAYOUT", "hasBatteryStatus": false, "powerOffTimer": false, "requiresBackupForDfu": true, "unifiedBattery": false, "dpiLighting": false, "hasGlobalDamping": false, "nonInteractive": false, "chargepadCompatible": false, "individuality": false, "defaultSlotFormat": "INVALID_FORMAT", "fnToggle": false, "hasPaddles": false, "isFullHidppWheel": false, "hasConfigurationProfiles": false, "disableCenterSpring": false, "renameDeviceDisplayName": false}, "activeInterfaces": [{"type": "DEVIO", "id": "046d_c08f", "pid": 49295, "modelId": 0, "extendedModel": 0, "serialNumber": "892356369", "path": "IOService:/AppleARMPE/arm-io@10F00000/AppleT810xIO/apcie@90000000/AppleT8103PCIe/pci-bridge1@1/IOPP/pcie-xhci@0/AppleEmbeddedUSBXHCIFL1100@02000000/pcie-xhci-hs-port1@02100000/USBHub3p-2[A]@02100000/AppleUSB20Hub@02100000/AppleUSB20HubPort@02140000/USBHub3p-2[0-3]@02140000/AppleUSB20Hub@02140000/AppleUSB20HubPort@02143000/G403 HERO Gaming Mouse@02143000/IOUSBHostInterface@1/AppleUserUSBHostHIDDevice", "containerId": "0x2143000", "deviceType": "MOUSE", "deviceName": "G403 HERO Gaming Mouse", "keyboardLayout": "INVALID_LAYOUT", "firmwareVersion": "145.1.7", "firmwareName": "U145", "firmwareRevision": 1, "hardwareRevision": 0, "unitId": "892356369", "fwEntities": {}, "connectionType": "USB", "hasOnboardMode": true, "parentPath": ""}], "slots": {"g403hero_g6_m1_shifted": {"id": "g403hero_g6_m1_shifted", "attribute": "MACRO_PLAYBACK", "disabled": false, "defaultCard": "0f82f693-5b78-4cf5-867e-090700000000"}, "g403hero_g2_m1": {"id": "g403hero_g2_m1", "attribute": "MACRO_PLAYBACK", "disabled": false, "defaultCard": "0f82f693-5b78-4cf5-867e-020200000000"}, "g403hero_g4_m1_shifted": {"id": "g403hero_g4_m1_shifted", "attribute": "MACRO_PLAYBACK", "disabled": false, "defaultCard": "0f82f693-5b78-4cf5-867e-090700000000"}, "g403hero_lighting_setting_firmware": {"id": "g403hero_lighting_setting_firmware", "attribute": "FIRMWARE_LIGHTING_SETTINGS", "disabled": false, "defaultCard": "9b85425b-8c71-4b15-808c-1206c08f0000"}, "g403hero_g3_m1_shifted": {"id": "g403hero_g3_m1_shifted", "attribute": "MACRO_PLAYBACK", "disabled": false, "defaultCard": "0f82f693-5b78-4cf5-867e-090700000000"}, "g403hero_g1_m1": {"id": "g403hero_g1_m1", "attribute": "MACRO_PLAYBACK", "disabled": false, "defaultCard": "0f82f693-5b78-4cf5-867e-020100000000"}, "g403hero_g4_m1": {"id": "g403hero_g4_m1", "attribute": "MACRO_PLAYBACK", "disabled": false, "defaultCard": "0f82f693-5b78-4cf5-867e-020400000000"}, "g403hero_g5_m1": {"id": "g403hero_g5_m1", "attribute": "MACRO_PLAYBACK", "disabled": false, "defaultCard": "0f82f693-5b78-4cf5-867e-020500000000"}, "g403hero_g5_m1_shifted": {"id": "g403hero_g5_m1_shifted", "attribute": "MACRO_PLAYBACK", "disabled": false, "defaultCard": "0f82f693-5b78-4cf5-867e-090700000000"}, "g403hero_mouse_settings": {"id": "g403hero_mouse_settings", "attribute": "MOUSE_SETTINGS", "disabled": false, "defaultCard": "9b85425b-8c71-4b15-808c-1204c08f0000"}, "g403hero_g2_m1_shifted": {"id": "g403hero_g2_m1_shifted", "attribute": "MACRO_PLAYBACK", "disabled": false, "defaultCard": "0f82f693-5b78-4cf5-867e-090700000000"}, "g403hero_g1_m1_shifted": {"id": "g403hero_g1_m1_shifted", "attribute": "MACRO_PLAYBACK", "disabled": false, "defaultCard": "0f82f693-5b78-4cf5-867e-090700000000"}, "g403hero_g6_m1": {"id": "g403hero_g6_m1", "attribute": "MACRO_PLAYBACK", "disabled": false, "defaultCard": "0f82f693-5b78-4cf5-867e-040400000000"}, "g403hero_g3_m1": {"id": "g403hero_g3_m1", "attribute": "MACRO_PLAYBACK", "disabled": false, "defaultCard": "0f82f693-5b78-4cf5-867e-020300000000"}}, "path": "IOService:/AppleARMPE/arm-io@10F00000/AppleT810xIO/apcie@90000000/AppleT8103PCIe/pci-bridge1@1/IOPP/pcie-xhci@0/AppleEmbeddedUSBXHCIFL1100@02000000/pcie-xhci-hs-port1@02100000/USBHub3p-2[A]@02100000/AppleUSB20Hub@02100000/AppleUSB20HubPort@02140000/USBHub3p-2[0-3]@02140000/AppleUSB20Hub@02140000/AppleUSB20HubPort@02143000/G403 HERO Gaming Mouse@02143000/IOUSBHostInterface@1/AppleUserUSBHostHIDDevice", "parentPath": ""}, {"id": "dev00000004", "pid": 49291, "firmwareName": "U127", "isSubdevice": false, "parentId": "", "state": "ACTIVE", "onboardMode": false, "individualMode": false, "resourcesAvailable": true, "connectionType": "USB", "hasWirelessInterface": false, "displayConnectionType": "USB", "deviceType": "MOUSE", "deviceFamily": "", "deviceModel": "g502_hero", "deviceBaseModel": "g502_hero", "displayName": "G502 HERO", "extendedDisplayName": "G502 Hero Gaming Mouse", "slotPrefix": "g502hero", "thumbnail": "pipeline://core/thumbnails/g502_hero.png", "stringPackage": "", "deviceExt": 0, "deviceUnitId": "859326214", "deviceSignature": "MOUSE.g502_hero.0.859326214", "givenName": "", "capabilities": {"lightingSupport": {"deviceCategory": "MOUSE_RGB_ZONAL", "typeMap": {"ZONE_BRANDING": "LOGO", "ZONE_PRIMARY": "PRIMARY"}, "zones": [{"zoneType": "ZONE_PRIMARY", "supportedEffects": [{"id": "OFF", "syncable": true, "fixedIntensity": false, "signature": false, "inactivityOnly": false}, {"id": "FIXED", "syncable": true, "fixedIntensity": false, "signature": false, "inactivityOnly": false}, {"id": "CYCLE", "syncable": true, "fixedIntensity": false, "signature": false, "inactivityOnly": false}, {"id": "BREATHING", "syncable": true, "fixedIntensity": false, "signature": false, "inactivityOnly": false}], "onboardCluster": "CLUSTER_DEFAULT"}, {"zoneType": "ZONE_BRANDING", "supportedEffects": [{"id": "OFF", "syncable": true, "fixedIntensity": false, "signature": false, "inactivityOnly": false}, {"id": "FIXED", "syncable": true, "fixedIntensity": false, "signature": false, "inactivityOnly": false}, {"id": "CYCLE", "syncable": true, "fixedIntensity": false, "signature": false, "inactivityOnly": false}, {"id": "BREATHING", "syncable": true, "fixedIntensity": false, "signature": false, "inactivityOnly": false}], "onboardCluster": "CLUSTER_DEFAULT"}], "isMonochrome": false, "isPerKey": false, "hideStartupEffect": false, "shutdownEffect": false, "brightnessLevels": [], "powerSavingEffect": false, "lowBatteryEffect": false, "brightnessPercentage": false, "gamma": false, "firmwareOnly": false, "offRamp": false, "activeDimming": false, "hasPositionalEffect": false, "hasPastelPalette": false, "hasRingLeds": false, "hasMasterSwitch": false, "needKeepAliveSignal": false}, "sleepTimer": false, "mstateSupport": {"count": 1, "timeOut": 0}, "fnInversion": false, "presentSplashScreen": false, "customizableColor": false, "wirelessReportRate": false, "hybridEngine": false, "advancedSleepTimer": false, "angleSnapping": false, "excludeGShift": false, "hostRemovalSupport": false, "headphoneJack": false, "hostInfos": false, "gkeyLayout": "INVALID_GKEY_LAYOUT", "hasBatteryStatus": false, "powerOffTimer": false, "requiresBackupForDfu": true, "unifiedBattery": false, "dpiLighting": true, "hasGlobalDamping": false, "nonInteractive": false, "chargepadCompatible": false, "individuality": false, "defaultSlotFormat": "INVALID_FORMAT", "fnToggle": false, "hasPaddles": false, "isFullHidppWheel": false, "hasConfigurationProfiles": false, "disableCenterSpring": false, "renameDeviceDisplayName": false}, "activeInterfaces": [{"type": "DEVIO", "id": "046d_c08b", "pid": 49291, "modelId": 0, "extendedModel": 0, "serialNumber": "859326214", "path": "IOService:/AppleARMPE/arm-io@10F00000/AppleT810xIO/apcie@90000000/AppleT8103PCIe/pci-bridge1@1/IOPP/pcie-xhci@0/AppleEmbeddedUSBXHCIFL1100@02000000/pcie-xhci-hs-port1@02100000/USBHub3p-2[A]@02100000/AppleUSB20Hub@02100000/AppleUSB20HubPort@02140000/USBHub3p-2[0-3]@02140000/AppleUSB20Hub@02140000/AppleUSB20HubPort@02144000/G502 HERO Gaming Mouse@02144000/IOUSBHostInterface@1/AppleUserUSBHostHIDDevice", "containerId": "0x2144000", "deviceType": "MOUSE", "deviceName": "G502 HERO Gaming Mouse", "keyboardLayout": "INVALID_LAYOUT", "firmwareVersion": "127.3.10", "firmwareName": "U127", "firmwareRevision": 3, "hardwareRevision": 0, "unitId": "859326214", "fwEntities": {}, "connectionType": "USB", "hasOnboardMode": true, "parentPath": ""}], "slots": {"g502hero_g6_m1": {"id": "g502hero_g6_m1", "attribute": "MACRO_PLAYBACK", "disabled": false, "defaultCard": "0f82f693-5b78-4cf5-867e-040300000000"}, "g502hero_g11_m1": {"id": "g502hero_g11_m1", "attribute": "MACRO_PLAYBACK", "disabled": false, "defaultCard": "0f82f693-5b78-4cf5-867e-040b00000000"}, "g502hero_g7_m1": {"id": "g502hero_g7_m1", "attribute": "MACRO_PLAYBACK", "disabled": false, "defaultCard": "0f82f693-5b78-4cf5-867e-040200000000"}, "g502hero_g5_m1": {"id": "g502hero_g5_m1", "attribute": "MACRO_PLAYBACK", "disabled": false, "defaultCard": "0f82f693-5b78-4cf5-867e-020500000000"}, "g502hero_g8_m1": {"id": "g502hero_g8_m1", "attribute": "MACRO_PLAYBACK", "disabled": false, "defaultCard": "0f82f693-5b78-4cf5-867e-040100000000"}, "g502hero_g8_m1_shifted": {"id": "g502hero_g8_m1_shifted", "attribute": "MACRO_PLAYBACK", "disabled": false, "defaultCard": "0f82f693-5b78-4cf5-867e-090700000000"}, "g502hero_lighting_setting_firmware": {"id": "g502hero_lighting_setting_firmware", "attribute": "FIRMWARE_LIGHTING_SETTINGS", "disabled": false, "defaultCard": "9b85425b-8c71-4b15-808c-1206c08b0000"}, "g502hero_g9_m1": {"id": "g502hero_g9_m1", "attribute": "MACRO_PLAYBACK", "disabled": false, "defaultCard": "0f82f693-5b78-4cf5-867e-090100000000"}, "g502hero_g3_m1_shifted": {"id": "g502hero_g3_m1_shifted", "attribute": "MACRO_PLAYBACK", "disabled": false, "defaultCard": "0f82f693-5b78-4cf5-867e-090700000000"}, "g502hero_g4_m1_shifted": {"id": "g502hero_g4_m1_shifted", "attribute": "MACRO_PLAYBACK", "disabled": false, "defaultCard": "0f82f693-5b78-4cf5-867e-090700000000"}, "g502hero_g4_m1": {"id": "g502hero_g4_m1", "attribute": "MACRO_PLAYBACK", "disabled": false, "defaultCard": "0f82f693-5b78-4cf5-867e-020400000000"}, "g502hero_g9_m1_shifted": {"id": "g502hero_g9_m1_shifted", "attribute": "MACRO_PLAYBACK", "disabled": false, "defaultCard": "0f82f693-5b78-4cf5-867e-090700000000"}, "g502hero_g1_m1": {"id": "g502hero_g1_m1", "attribute": "MACRO_PLAYBACK", "disabled": false, "defaultCard": "0f82f693-5b78-4cf5-867e-020100000000"}, "g502hero_g3_m1": {"id": "g502hero_g3_m1", "attribute": "MACRO_PLAYBACK", "disabled": false, "defaultCard": "0f82f693-5b78-4cf5-867e-020300000000"}, "g502hero_g2_m1_shifted": {"id": "g502hero_g2_m1_shifted", "attribute": "MACRO_PLAYBACK", "disabled": false, "defaultCard": "0f82f693-5b78-4cf5-867e-090700000000"}, "g502hero_g5_m1_shifted": {"id": "g502hero_g5_m1_shifted", "attribute": "MACRO_PLAYBACK", "disabled": false, "defaultCard": "0f82f693-5b78-4cf5-867e-090700000000"}, "g502hero_g7_m1_shifted": {"id": "g502hero_g7_m1_shifted", "attribute": "MACRO_PLAYBACK", "disabled": false, "defaultCard": "0f82f693-5b78-4cf5-867e-090700000000"}, "g502hero_g11_m1_shifted": {"id": "g502hero_g11_m1_shifted", "attribute": "MACRO_PLAYBACK", "disabled": false, "defaultCard": "0f82f693-5b78-4cf5-867e-090700000000"}, "g502hero_g10_m1": {"id": "g502hero_g10_m1", "attribute": "MACRO_PLAYBACK", "disabled": false, "defaultCard": "0f82f693-5b78-4cf5-867e-040c00000000"}, "g502hero_mouse_settings": {"id": "g502hero_mouse_settings", "attribute": "MOUSE_SETTINGS", "disabled": false, "defaultCard": "9b85425b-8c71-4b15-808c-1204c08b0000"}, "g502hero_g1_m1_shifted": {"id": "g502hero_g1_m1_shifted", "attribute": "MACRO_PLAYBACK", "disabled": false, "defaultCard": "0f82f693-5b78-4cf5-867e-090700000000"}, "g502hero_g6_m1_shifted": {"id": "g502hero_g6_m1_shifted", "attribute": "MACRO_PLAYBACK", "disabled": false, "defaultCard": "0f82f693-5b78-4cf5-867e-090700000000"}, "g502hero_g2_m1": {"id": "g502hero_g2_m1", "attribute": "MACRO_PLAYBACK", "disabled": false, "defaultCard": "0f82f693-5b78-4cf5-867e-020200000000"}, "g502hero_g10_m1_shifted": {"id": "g502hero_g10_m1_shifted", "attribute": "MACRO_PLAYBACK", "disabled": false, "defaultCard": "0f82f693-5b78-4cf5-867e-090700000000"}}, "path": "IOService:/AppleARMPE/arm-io@10F00000/AppleT810xIO/apcie@90000000/AppleT8103PCIe/pci-bridge1@1/IOPP/pcie-xhci@0/AppleEmbeddedUSBXHCIFL1100@02000000/pcie-xhci-hs-port1@02100000/USBHub3p-2[A]@02100000/AppleUSB20Hub@02100000/AppleUSB20HubPort@02140000/USBHub3p-2[0-3]@02140000/AppleUSB20Hub@02140000/AppleUSB20HubPort@02144000/G502 HERO Gaming Mouse@02144000/IOUSBHostInterface@1/AppleUserUSBHostHIDDevice", "parentPath": ""}, {"id": "dev00000005", "pid": 2697, "firmwareName": "U130", "isSubdevice": false, "parentId": "", "state": "ACTIVE", "onboardMode": false, "individualMode": false, "resourcesAvailable": true, "connectionType": "USB", "hasWirelessInterface": false, "displayConnectionType": "USB", "deviceType": "HEADSET", "deviceFamily": "", "deviceModel": "g633s", "deviceBaseModel": "g635", "displayName": "G633s", "extendedDisplayName": "G633s Wired 7.1 LIGHTSYNC Gaming Headset", "slotPrefix": "g635", "thumbnail": "pipeline://core/thumbnails/g633s.png", "stringPackage": "", "deviceExt": 1, "deviceUnitId": "4294967295", "deviceSignature": "HEADSET.g635.1.4294967295", "givenName": "", "capabilities": {"audio": {"dtsSupported": false, "dolbySupported": false, "denoiserSupported": true, "onboardEqSupported": false, "onboardProEqSupported": false, "dtsHx2eSupported": true, "proEqSupported": false, "blueVoiceSupported": false, "hardwareNoiseReductionSupported": false, "blueVoice2Supported": false, "hidMic": true, "devioVolumeFeatures": false, "centurionEqSupported": false, "lightspeedAuxSupported": false, "audioMixingSupported": false, "rtxDenoiserSupported": false}, "lightingSupport": {"deviceCategory": "HEADSET_RGB_ZONAL", "typeMap": {"ZONE_PRIMARY": "PRIMARY", "ZONE_BRANDING": "LOGO"}, "zones": [{"zoneType": "ZONE_PRIMARY", "supportedEffects": [{"id": "OFF", "syncable": true, "fixedIntensity": false, "signature": false, "inactivityOnly": false}, {"id": "FIXED", "syncable": true, "fixedIntensity": false, "signature": false, "inactivityOnly": false}, {"id": "CYCLE", "syncable": true, "fixedIntensity": false, "signature": false, "inactivityOnly": false}, {"id": "BREATHING", "syncable": true, "fixedIntensity": false, "signature": false, "inactivityOnly": false}], "onboardCluster": "CLUSTER_DEFAULT"}, {"zoneType": "ZONE_BRANDING", "supportedEffects": [{"id": "OFF", "syncable": true, "fixedIntensity": false, "signature": false, "inactivityOnly": false}, {"id": "FIXED", "syncable": true, "fixedIntensity": false, "signature": false, "inactivityOnly": false}, {"id": "CYCLE", "syncable": true, "fixedIntensity": false, "signature": false, "inactivityOnly": false}, {"id": "BREATHING", "syncable": true, "fixedIntensity": false, "signature": false, "inactivityOnly": false}], "onboardCluster": "CLUSTER_DEFAULT"}], "isMonochrome": false, "isPerKey": false, "persistence": {"zoneEffects": true, "perKeyFixed": false}, "hideStartupEffect": false, "shutdownEffect": false, "brightnessLevels": [], "powerSavingEffect": false, "lowBatteryEffect": false, "brightnessPercentage": false, "gamma": true, "firmwareOnly": false, "offRamp": false, "activeDimming": false, "hasPositionalEffect": false, "hasPastelPalette": false, "hasRingLeds": false, "hasMasterSwitch": false, "needKeepAliveSignal": false}, "sleepTimer": false, "mstateSupport": {"count": 1, "timeOut": 0}, "fnInversion": false, "presentSplashScreen": false, "customizableColor": false, "wirelessReportRate": false, "hybridEngine": false, "advancedSleepTimer": false, "angleSnapping": false, "excludeGShift": true, "hostRemovalSupport": false, "headphoneJack": false, "hostInfos": false, "gkeyLayout": "INVALID_GKEY_LAYOUT", "hasBatteryStatus": true, "powerOffTimer": false, "requiresBackupForDfu": false, "notificationSupport": {}, "unifiedBattery": false, "dpiLighting": false, "hasGlobalDamping": false, "nonInteractive": false, "chargepadCompatible": false, "individuality": false, "defaultSlotFormat": "INVALID_FORMAT", "fnToggle": false, "hasPaddles": false, "isFullHidppWheel": false, "hasConfigurationProfiles": false, "disableCenterSpring": false, "renameDeviceDisplayName": false}, "activeInterfaces": [{"type": "DEVIO", "id": "046d_0a89", "pid": 2697, "modelId": 0, "extendedModel": 1, "serialNumber": "4294967295", "path": "IOService:/AppleARMPE/arm-io@10F00000/AppleT810xIO/apcie@90000000/AppleT8103PCIe/pci-bridge1@1/IOPP/pcie-xhci@0/AppleEmbeddedUSBXHCIFL1100@02000000/pcie-xhci-hs-port2@02200000/USB2.0 HUB@02200000/AppleUSB20Hub@02200000/AppleUSB20HubPort@02210000/G633s Gaming Headset@02210000/IOUSBHostInterface@3/AppleUserUSBHostHIDDevice", "containerId": "0x2210000", "deviceType": "HEADSET", "deviceName": "G633s Gaming Headset", "keyboardLayout": "INVALID_LAYOUT", "firmwareVersion": "130.0.7", "firmwareName": "U130", "firmwareRevision": 0, "hardwareRevision": 0, "unitId": "4294967295", "fwEntities": {}, "connectionType": "USB", "hasOnboardMode": false, "parentPath": ""}, {"type": "HIDIO", "id": "HID_046d_0a89_000b0001", "pid": 2697, "modelId": 0, "extendedModel": 0, "serialNumber": "00000000", "path": "IOService:/AppleARMPE/arm-io@10F00000/AppleT810xIO/apcie@90000000/AppleT8103PCIe/pci-bridge1@1/IOPP/pcie-xhci@0/AppleEmbeddedUSBXHCIFL1100@02000000/pcie-xhci-hs-port2@02200000/USB2.0 HUB@02200000/AppleUSB20Hub@02200000/AppleUSB20HubPort@02210000/G633s Gaming Headset@02210000/IOUSBHostInterface@3/AppleUserUSBHostHIDDevice", "containerId": "0x2210000", "deviceType": "INVALID_TYPE", "deviceName": "", "keyboardLayout": "INVALID_LAYOUT", "firmwareVersion": "6008", "firmwareName": "", "firmwareRevision": 0, "hardwareRevision": 0, "unitId": "", "fwEntities": {}, "connectionType": "USB", "hasOnboardMode": false, "parentPath": ""}, {"type": "AUDIO", "id": "", "pid": 0, "modelId": 0, "extendedModel": 0, "serialNumber": "", "path": "", "containerId": "0x2210000", "deviceType": "INVALID_TYPE", "deviceName": "", "keyboardLayout": "INVALID_LAYOUT", "firmwareVersion": "", "firmwareName": "", "firmwareRevision": 0, "hardwareRevision": 0, "unitId": "", "fwEntities": {}, "connectionType": "VIRTUAL", "hasOnboardMode": false, "parentPath": ""}], "slots": {"g635_lighting_setting_firmware": {"id": "g635_lighting_setting_firmware", "attribute": "FIRMWARE_LIGHTING_SETTINGS", "disabled": false, "defaultCard": "9b85425b-8c71-4b15-808c-12060a890000"}, "g635_acoustics": {"id": "g635_acoustics", "attribute": "ACOUSTICS", "disabled": false, "defaultCard": "9b85425b-8c71-4b15-808c-12020a890000"}, "g635_g2_m1_shifted": {"id": "g635_g2_m1_shifted", "attribute": "MACRO_PLAYBACK", "disabled": false, "defaultCard": "0f82f693-5b78-4cf5-867e-090700000000"}, "g635_g2_m1": {"id": "g635_g2_m1", "attribute": "MACRO_PLAYBACK", "disabled": false, "defaultCard": "0f82f693-5b78-4cf5-867e-060c00000000"}, "g635_g1_m1": {"id": "g635_g1_m1", "attribute": "MACRO_PLAYBACK", "disabled": false, "defaultCard": "0f82f693-5b78-4cf5-867e-070200000000"}, "g635_g3_m1_shifted": {"id": "g635_g3_m1_shifted", "attribute": "MACRO_PLAYBACK", "disabled": false, "defaultCard": "0f82f693-5b78-4cf5-867e-090700000000"}, "g635_g1_m1_shifted": {"id": "g635_g1_m1_shifted", "attribute": "MACRO_PLAYBACK", "disabled": false, "defaultCard": "0f82f693-5b78-4cf5-867e-090700000000"}, "g635_g3_m1": {"id": "g635_g3_m1", "attribute": "MACRO_PLAYBACK", "disabled": false, "defaultCard": "0f82f693-5b78-4cf5-867e-060d00000000"}}, "path": "IOService:/AppleARMPE/arm-io@10F00000/AppleT810xIO/apcie@90000000/AppleT8103PCIe/pci-bridge1@1/IOPP/pcie-xhci@0/AppleEmbeddedUSBXHCIFL1100@02000000/pcie-xhci-hs-port2@02200000/USB2.0 HUB@02200000/AppleUSB20Hub@02200000/AppleUSB20HubPort@02210000/G633s Gaming Headset@02210000/IOUSBHostInterface@3/AppleUserUSBHostHIDDevice", "parentPath": ""}]}}