 {"msgId": "8c5d7a0b-f1b6-46eb-997a-6b031a8ec64a", "verb": "GET", "path": "/devices/list", "origin": "backend", "result": {"code": "SUCCESS", "what": ""}, "payload": {"@type": "type.googleapis.com/logi.protocol.devices.Device.Info.List", "deviceInfos": [{"id": "dev00000000", "pid": 49297, "state": "ACTIVE", "onboardMode": false, "resourcesAvailable": true, "connectionType": "USB", "hasWirelessInterface": false, "deviceType": "MOUSE", "deviceModel": "g903_hero", "displayName": "G903 LIGHTSPEED", "extendedDisplayName": "G903 LIGHTSPEED Wireless Gaming Mouse", "slotPrefix": "g903hero", "thumbnail": "pipeline://core/thumbnails/g900.png", "capabilities": {"lightingSupport": {"deviceCategory": "MOUSE_RGB_ZONAL", "typeMap": {"ZONE_PRIMARY": "PRIMARY", "ZONE_BRANDING": "LOGO"}, "zones": [{"zoneType": "ZONE_PRIMARY", "supportedEffects": [{"id": "OFF", "syncable": true, "fixedIntensity": false, "signature": false, "inactivityOnly": false}, {"id": "FIXED", "syncable": true, "fixedIntensity": false, "signature": false, "inactivityOnly": false}, {"id": "CYCLE", "syncable": true, "fixedIntensity": false, "signature": false, "inactivityOnly": false}, {"id": "BREATHING", "syncable": true, "fixedIntensity": false, "signature": false, "inactivityOnly": false}], "onboardCluster": "CLUSTER_DEFAULT"}, {"zoneType": "ZONE_BRANDING", "supportedEffects": [{"id": "OFF", "syncable": true, "fixedIntensity": false, "signature": false, "inactivityOnly": false}, {"id": "FIXED", "syncable": true, "fixedIntensity": false, "signature": false, "inactivityOnly": false}, {"id": "CYCLE", "syncable": true, "fixedIntensity": false, "signature": false, "inactivityOnly": false}, {"id": "BREATHING", "syncable": true, "fixedIntensity": false, "signature": false, "inactivityOnly": false}], "onboardCluster": "CLUSTER_DEFAULT"}], "isMonochrome": false, "isPerKey": false, "hideStartupEffect": false, "shutdownEffect": false, "brightnessLevels": [], "powerSavingEffect": true, "lowBatteryEffect": true, "brightnessPercentage": false, "gamma": false, "firmwareOnly": false, "offRamp": false, "activeDimming": false}, "sleepTimer": false, "mstateSupport": {"count": 1, "timeOut": 0}, "maskableZones": {"zones": [{"id": "left_side", "slotIds": ["g903hero_g4_m1", "g903hero_g4_m1_shifted", "g903hero_g5_m1", "g903hero_g5_m1_shifted"], "displayIconKey": "mouse_2_buttons_left_icon", "renderIconKey": "cover_image_left", "enabled": false}, {"id": "right_side", "slotIds": ["g903hero_g6_m1", "g903hero_g6_m1_shifted", "g903hero_g7_m1", "g903hero_g7_m1_shifted"], "displayIconKey": "mouse_2_buttons_right_icon", "renderIconKey": "cover_image_right", "enabled": false}]}, "fnInversion": false, "presentSplashScreen": false, "customizableColor": false, "wirelessReportRate": false, "hybridEngine": false, "advancedSleepTimer": false, "angleSnapping": false, "excludeGShift": false, "onboardCycleId": {"value": 11}, "hostRemovalSupport": false, "headphoneJack": false, "hostInfos": false, "gkeyLayout": "INVALID_GKEY_LAYOUT", "hasBatteryStatus": true, "powerOffTimer": false, "requiresBackupForDfu": false, "unifiedBattery": false, "dpiLighting": true, "nonInteractive": false, "receiverPairing": {"receiverType": "LS1", "receiverPid": 0, "pairingAction": "ACTION_POWER_CYCLE", "hasForcePairing": false}, "chargepadCompatible": true}, "activeInterfaces": [{"type": "DEVIO", "id": "046d_c091", "pid": 49297, "modelId": 0, "extendedModel": 0, "serialNumber": "1068377182", "path": "usb\\vid_046d&pid_c091&mi_02\\8&11fffa44&0&0002", "containerId": "a946cb90-f3fa-5c04-a9a6-99e0af7acf3e", "deviceType": "MOUSE", "deviceName": "G903 LIGHTSPEED Wireless Gaming Mouse w/ HERO", "keyboardLayout": "INVALID_LAYOUT", "firmwareVersion": "23.1.13", "connectionType": "USB", "hasOnboardMode": true}], "slots": {"g903hero_g4_m1_shifted": {"id": "g903hero_g4_m1_shifted", "attribute": "MACRO_PLAYBACK", "disabled": false}, "g903hero_g5_m1": {"id": "g903hero_g5_m1", "attribute": "MACRO_PLAYBACK", "disabled": false}, "g903hero_g11_m1_shifted": {"id": "g903hero_g11_m1_shifted", "attribute": "MACRO_PLAYBACK", "disabled": false}, "g903hero_lighting_setting_firmware": {"id": "g903hero_lighting_setting_firmware", "attribute": "FIRMWARE_LIGHTING_SETTINGS", "disabled": false}, "g903hero_g11_m1": {"id": "g903hero_g11_m1", "attribute": "MACRO_PLAYBACK", "disabled": false}, "g903hero_mouse_settings": {"id": "g903hero_mouse_settings", "attribute": "MOUSE_SETTINGS", "disabled": false}, "g903hero_g5_m1_shifted": {"id": "g903hero_g5_m1_shifted", "attribute": "MACRO_PLAYBACK", "disabled": false}, "g903hero_g10_m1_shifted": {"id": "g903hero_g10_m1_shifted", "attribute": "MACRO_PLAYBACK", "disabled": false}, "g903hero_g2_m1_shifted": {"id": "g903hero_g2_m1_shifted", "attribute": "MACRO_PLAYBACK", "disabled": false}, "g903hero_g3_m1": {"id": "g903hero_g3_m1", "attribute": "MACRO_PLAYBACK", "disabled": false}, "g903hero_g8_m1_shifted": {"id": "g903hero_g8_m1_shifted", "attribute": "MACRO_PLAYBACK", "disabled": false}, "g903hero_g9_m1_shifted": {"id": "g903hero_g9_m1_shifted", "attribute": "MACRO_PLAYBACK", "disabled": false}, "g903hero_g4_m1": {"id": "g903hero_g4_m1", "attribute": "MACRO_PLAYBACK", "disabled": false}, "g903hero_g1_m1_shifted": {"id": "g903hero_g1_m1_shifted", "attribute": "MACRO_PLAYBACK", "disabled": false}, "g903hero_g7_m1": {"id": "g903hero_g7_m1", "attribute": "MACRO_PLAYBACK", "disabled": false}, "g903hero_g12_m1": {"id": "g903hero_g12_m1", "attribute": "MACRO_PLAYBACK", "disabled": false}, "g903hero_g1_m1": {"id": "g903hero_g1_m1", "attribute": "MACRO_PLAYBACK", "disabled": false}, "g903hero_g3_m1_shifted": {"id": "g903hero_g3_m1_shifted", "attribute": "MACRO_PLAYBACK", "disabled": false}, "g903hero_g8_m1": {"id": "g903hero_g8_m1", "attribute": "MACRO_PLAYBACK", "disabled": false}, "g903hero_g9_m1": {"id": "g903hero_g9_m1", "attribute": "MACRO_PLAYBACK", "disabled": false}, "g903hero_g12_m1_shifted": {"id": "g903hero_g12_m1_shifted", "attribute": "MACRO_PLAYBACK", "disabled": false}, "g903hero_g10_m1": {"id": "g903hero_g10_m1", "attribute": "MACRO_PLAYBACK", "disabled": false}, "g903hero_g2_m1": {"id": "g903hero_g2_m1", "attribute": "MACRO_PLAYBACK", "disabled": false}, "g903hero_g6_m1": {"id": "g903hero_g6_m1", "attribute": "MACRO_PLAYBACK", "disabled": false}, "g903hero_g7_m1_shifted": {"id": "g903hero_g7_m1_shifted", "attribute": "MACRO_PLAYBACK", "disabled": false}, "g903hero_g6_m1_shifted": {"id": "g903hero_g6_m1_shifted", "attribute": "MACRO_PLAYBACK", "disabled": false}}}]}}