 {"msgId": "6e34e82f-9e51-44d2-b0c4-cf2564291f77", "verb": "GET", "path": "/devices/list", "origin": "backend", "result": {"code": "SUCCESS", "what": ""}, "payload": {"@type": "type.googleapis.com/logi.protocol.devices.Device.Info.List", "deviceInfos": [{"id": "dev00000000", "pid": 49973, "firmwareName": "U106", "isSubdevice": false, "state": "ACTIVE", "onboardMode": false, "individualMode": false, "resourcesAvailable": true, "connectionType": "USB", "hasWirelessInterface": false, "displayConnectionType": "USB", "deviceType": "KEYBOARD", "deviceFamily": "", "deviceModel": "g910v2", "deviceBaseModel": "g910v2", "displayName": "G910", "extendedDisplayName": "G910 Orion Spectrum", "slotPrefix": "g910", "thumbnail": "pipeline://core/thumbnails/g910.png", "stringPackage": "", "deviceExt": 0, "deviceUnitId": "876103429", "deviceSignature": "KEYBOARD.g910v2.0.876103429", "givenName": "", "capabilities": {"lightingSupport": {"deviceCategory": "KEYBOARD_RGB_PER_KEY", "typeMap": {"ZONE_PRIMARY": "PRIMARY", "ZONE_BRANDING": "LOGO", "PERKEY_BRANDING": "LOGO", "PERKEY_KEYBOARD": "HID_KEYBOARD", "PERKEY_GKEY": "G_KEY"}, "zones": [{"zoneType": "ZONE_PRIMARY", "supportedEffects": [{"id": "OFF", "syncable": true, "fixedIntensity": false, "signature": false, "inactivityOnly": false}, {"id": "FIXED", "syncable": true, "fixedIntensity": false, "signature": false, "inactivityOnly": false}, {"id": "CYCLE", "syncable": true, "fixedIntensity": true, "signature": false, "inactivityOnly": false}, {"id": "COLORWAVE", "syncable": false, "fixedIntensity": true, "signature": false, "inactivityOnly": false}, {"id": "BREATHING", "syncable": true, "fixedIntensity": true, "signature": false, "inactivityOnly": false}], "onboardCluster": "CLUSTER_DEFAULT"}, {"zoneType": "ZONE_BRANDING", "supportedEffects": [{"id": "OFF", "syncable": true, "fixedIntensity": false, "signature": false, "inactivityOnly": false}, {"id": "FIXED", "syncable": true, "fixedIntensity": false, "signature": false, "inactivityOnly": false}, {"id": "CYCLE", "syncable": true, "fixedIntensity": true, "signature": false, "inactivityOnly": false}, {"id": "BREATHING", "syncable": true, "fixedIntensity": true, "signature": false, "inactivityOnly": false}], "onboardCluster": "CLUSTER_DEFAULT"}], "isMonochrome": false, "isPerKey": true, "hideStartupEffect": false, "shutdownEffect": false, "brightnessLevels": [], "powerSavingEffect": false, "lowBatteryEffect": false, "brightnessPercentage": false, "gamma": false, "firmwareOnly": false, "offRamp": false, "activeDimming": false, "hasPositionalEffect": false, "hasPastelPalette": false, "hasRingLeds": false, "hasMasterSwitch": false, "needKeepAliveSignal": false}, "sleepTimer": false, "mstateSupport": {"count": 3, "timeOut": 0}, "fnInversion": false, "presentSplashScreen": false, "customizableColor": false, "wirelessReportRate": false, "hybridEngine": false, "advancedSleepTimer": false, "angleSnapping": false, "excludeGShift": false, "hostRemovalSupport": false, "headphoneJack": false, "hostInfos": false, "gkeyLayout": "GKEY_LEFT_COLUMN_5_TOP_ROW_4", "hasBatteryStatus": false, "powerOffTimer": false, "requiresBackupForDfu": false, "unifiedBattery": false, "dpiLighting": false, "nonInteractive": false, "chargepadCompatible": false, "individuality": false, "defaultSlotFormat": "INVALID_FORMAT", "fnToggle": false}, "activeInterfaces": [{"type": "DEVIO", "id": "046d_c335", "pid": 49973, "modelId": 0, "extendedModel": 0, "serialNumber": "876103429", "path": "IOService:/AppleACPIPlatformExpert/PCI0@0/AppleACPIPCI/XHC1@14/XHC1@14000000/HS01@14100000/USBHub3p-2[A]@14100000/AppleUSB20Hub@14100000/AppleUSB20HubPort@14130000/USBHub3p-2[4-7]@14130000/AppleUSB20Hub@14130000/AppleUSB20HubPort@14134000/Gaming Keyboard G910@14134000/IOUSBHostInterface@1/AppleUserUSBHostHIDDevice", "containerId": "0x14134000", "deviceType": "KEYBOARD", "deviceName": "G910 Orion Spectrum", "keyboardLayout": "US", "firmwareVersion": "106.2.7", "firmwareName": "U106", "firmwareRevision": 2, "hardwareRevision": 0, "unitId": "876103429", "connectionType": "USB", "hasOnboardMode": false}], "slots": {"g910_g5_m2_shifted": {"id": "g910_g5_m2_shifted", "attribute": "MACRO_PLAYBACK", "disabled": false}, "g910_g1_m1_shifted": {"id": "g910_g1_m1_shifted", "attribute": "MACRO_PLAYBACK", "disabled": false}, "g910_g9_m3": {"id": "g910_g9_m3", "attribute": "MACRO_PLAYBACK", "disabled": false}, "g910_g3_m1": {"id": "g910_g3_m1", "attribute": "MACRO_PLAYBACK", "disabled": false}, "g910_g5_m1": {"id": "g910_g5_m1", "attribute": "MACRO_PLAYBACK", "disabled": false}, "g910_g2_m2_shifted": {"id": "g910_g2_m2_shifted", "attribute": "MACRO_PLAYBACK", "disabled": false}, "g910_g7_m3_shifted": {"id": "g910_g7_m3_shifted", "attribute": "MACRO_PLAYBACK", "disabled": false}, "g910_g3_m3_shifted": {"id": "g910_g3_m3_shifted", "attribute": "MACRO_PLAYBACK", "disabled": false}, "g910_g4_m2": {"id": "g910_g4_m2", "attribute": "MACRO_PLAYBACK", "disabled": false}, "g910_g1_m2_shifted": {"id": "g910_g1_m2_shifted", "attribute": "MACRO_PLAYBACK", "disabled": false}, "g910_g5_m1_shifted": {"id": "g910_g5_m1_shifted", "attribute": "MACRO_PLAYBACK", "disabled": false}, "g910_g8_m1": {"id": "g910_g8_m1", "attribute": "MACRO_PLAYBACK", "disabled": false}, "g910_g1_m1": {"id": "g910_g1_m1", "attribute": "MACRO_PLAYBACK", "disabled": false}, "g910_g8_m3": {"id": "g910_g8_m3", "attribute": "MACRO_PLAYBACK", "disabled": false}, "g910_g4_m1_shifted": {"id": "g910_g4_m1_shifted", "attribute": "MACRO_PLAYBACK", "disabled": false}, "g910_g4_m3_shifted": {"id": "g910_g4_m3_shifted", "attribute": "MACRO_PLAYBACK", "disabled": false}, "g910_g7_m1": {"id": "g910_g7_m1", "attribute": "MACRO_PLAYBACK", "disabled": false}, "g910_g7_m1_shifted": {"id": "g910_g7_m1_shifted", "attribute": "MACRO_PLAYBACK", "disabled": false}, "g910_g8_m2_shifted": {"id": "g910_g8_m2_shifted", "attribute": "MACRO_PLAYBACK", "disabled": false}, "g910_g8_m3_shifted": {"id": "g910_g8_m3_shifted", "attribute": "MACRO_PLAYBACK", "disabled": false}, "g910_g2_m2": {"id": "g910_g2_m2", "attribute": "MACRO_PLAYBACK", "disabled": false}, "g910_g3_m1_shifted": {"id": "g910_g3_m1_shifted", "attribute": "MACRO_PLAYBACK", "disabled": false}, "g910_g2_m1": {"id": "g910_g2_m1", "attribute": "MACRO_PLAYBACK", "disabled": false}, "g910_g9_m1": {"id": "g910_g9_m1", "attribute": "MACRO_PLAYBACK", "disabled": false}, "g910_g6_m1": {"id": "g910_g6_m1", "attribute": "MACRO_PLAYBACK", "disabled": false}, "g910_g2_m1_shifted": {"id": "g910_g2_m1_shifted", "attribute": "MACRO_PLAYBACK", "disabled": false}, "g910_g7_m2": {"id": "g910_g7_m2", "attribute": "MACRO_PLAYBACK", "disabled": false}, "g910_g1_m3_shifted": {"id": "g910_g1_m3_shifted", "attribute": "MACRO_PLAYBACK", "disabled": false}, "g910_g4_m2_shifted": {"id": "g910_g4_m2_shifted", "attribute": "MACRO_PLAYBACK", "disabled": false}, "g910_g5_m3_shifted": {"id": "g910_g5_m3_shifted", "attribute": "MACRO_PLAYBACK", "disabled": false}, "g910_g9_m1_shifted": {"id": "g910_g9_m1_shifted", "attribute": "MACRO_PLAYBACK", "disabled": false}, "g910_g1_m3": {"id": "g910_g1_m3", "attribute": "MACRO_PLAYBACK", "disabled": false}, "g910_g9_m3_shifted": {"id": "g910_g9_m3_shifted", "attribute": "MACRO_PLAYBACK", "disabled": false}, "g910_g5_m3": {"id": "g910_g5_m3", "attribute": "MACRO_PLAYBACK", "disabled": false}, "g910_g5_m2": {"id": "g910_g5_m2", "attribute": "MACRO_PLAYBACK", "disabled": false}, "g910_g9_m2_shifted": {"id": "g910_g9_m2_shifted", "attribute": "MACRO_PLAYBACK", "disabled": false}, "g910_g4_m1": {"id": "g910_g4_m1", "attribute": "MACRO_PLAYBACK", "disabled": false}, "g910_g1_m2": {"id": "g910_g1_m2", "attribute": "MACRO_PLAYBACK", "disabled": false}, "g910_disable_keys": {"id": "g910_disable_keys", "attribute": "DISABLE_KEY_SETTINGS", "disabled": false}, "g910_g6_m2_shifted": {"id": "g910_g6_m2_shifted", "attribute": "MACRO_PLAYBACK", "disabled": false}, "g910_g8_m2": {"id": "g910_g8_m2", "attribute": "MACRO_PLAYBACK", "disabled": false}, "g910_g7_m3": {"id": "g910_g7_m3", "attribute": "MACRO_PLAYBACK", "disabled": false}, "g910_g6_m3": {"id": "g910_g6_m3", "attribute": "MACRO_PLAYBACK", "disabled": false}, "g910_g4_m3": {"id": "g910_g4_m3", "attribute": "MACRO_PLAYBACK", "disabled": false}, "g910_g2_m3_shifted": {"id": "g910_g2_m3_shifted", "attribute": "MACRO_PLAYBACK", "disabled": false}, "g910_lighting_setting_firmware": {"id": "g910_lighting_setting_firmware", "attribute": "FIRMWARE_LIGHTING_SETTINGS", "disabled": false}, "g910_g6_m3_shifted": {"id": "g910_g6_m3_shifted", "attribute": "MACRO_PLAYBACK", "disabled": false}, "g910_g8_m1_shifted": {"id": "g910_g8_m1_shifted", "attribute": "MACRO_PLAYBACK", "disabled": false}, "g910_g9_m2": {"id": "g910_g9_m2", "attribute": "MACRO_PLAYBACK", "disabled": false}, "g910_g3_m2_shifted": {"id": "g910_g3_m2_shifted", "attribute": "MACRO_PLAYBACK", "disabled": false}, "g910_g7_m2_shifted": {"id": "g910_g7_m2_shifted", "attribute": "MACRO_PLAYBACK", "disabled": false}, "g910_g6_m1_shifted": {"id": "g910_g6_m1_shifted", "attribute": "MACRO_PLAYBACK", "disabled": false}, "g910_g2_m3": {"id": "g910_g2_m3", "attribute": "MACRO_PLAYBACK", "disabled": false}, "g910_g3_m3": {"id": "g910_g3_m3", "attribute": "MACRO_PLAYBACK", "disabled": false}, "g910_g6_m2": {"id": "g910_g6_m2", "attribute": "MACRO_PLAYBACK", "disabled": false}, "g910_g3_m2": {"id": "g910_g3_m2", "attribute": "MACRO_PLAYBACK", "disabled": false}}}, {"id": "dev00000001", "pid": 2697, "firmwareName": "U130", "isSubdevice": false, "state": "ACTIVE", "onboardMode": false, "individualMode": false, "resourcesAvailable": true, "connectionType": "USB", "hasWirelessInterface": false, "displayConnectionType": "USB", "deviceType": "HEADSET", "deviceFamily": "", "deviceModel": "g635", "deviceBaseModel": "g635", "displayName": "G635", "extendedDisplayName": "G635 Wired 7.1 LIGHTSYNC Gaming Headset", "slotPrefix": "g635", "thumbnail": "pipeline://core/thumbnails/g635.png", "stringPackage": "", "deviceExt": 0, "deviceUnitId": "4294967295", "deviceSignature": "HEADSET.g635.0.4294967295", "givenName": "", "capabilities": {"audio": {"dtsSupported": false, "dolbySupported": false, "denoiserSupported": true, "onboardEqSupported": false, "onboardProEqSupported": false, "dtsHx2eSupported": true, "proEqSupported": false, "blueVoiceSupported": false, "hardwareNoiseReductionSupported": false, "blueVoice2Supported": false, "hidMic": true, "devioVolumeFeatures": false, "centurionEqSupported": false, "lightspeedAuxSupported": false}, "lightingSupport": {"deviceCategory": "HEADSET_RGB_ZONAL", "typeMap": {"ZONE_BRANDING": "LOGO", "ZONE_PRIMARY": "PRIMARY"}, "zones": [{"zoneType": "ZONE_PRIMARY", "supportedEffects": [{"id": "OFF", "syncable": true, "fixedIntensity": false, "signature": false, "inactivityOnly": false}, {"id": "FIXED", "syncable": true, "fixedIntensity": false, "signature": false, "inactivityOnly": false}, {"id": "CYCLE", "syncable": true, "fixedIntensity": false, "signature": false, "inactivityOnly": false}, {"id": "BREATHING", "syncable": true, "fixedIntensity": false, "signature": false, "inactivityOnly": false}], "onboardCluster": "CLUSTER_DEFAULT"}, {"zoneType": "ZONE_BRANDING", "supportedEffects": [{"id": "OFF", "syncable": true, "fixedIntensity": false, "signature": false, "inactivityOnly": false}, {"id": "FIXED", "syncable": true, "fixedIntensity": false, "signature": false, "inactivityOnly": false}, {"id": "CYCLE", "syncable": true, "fixedIntensity": false, "signature": false, "inactivityOnly": false}, {"id": "BREATHING", "syncable": true, "fixedIntensity": false, "signature": false, "inactivityOnly": false}], "onboardCluster": "CLUSTER_DEFAULT"}], "isMonochrome": false, "isPerKey": false, "persistence": {"zoneEffects": true, "perKeyFixed": false}, "hideStartupEffect": false, "shutdownEffect": false, "brightnessLevels": [], "powerSavingEffect": false, "lowBatteryEffect": false, "brightnessPercentage": false, "gamma": true, "firmwareOnly": false, "offRamp": false, "activeDimming": false, "hasPositionalEffect": false, "hasPastelPalette": false, "hasRingLeds": false, "hasMasterSwitch": false, "needKeepAliveSignal": false}, "sleepTimer": false, "mstateSupport": {"count": 1, "timeOut": 0}, "fnInversion": false, "presentSplashScreen": false, "customizableColor": false, "wirelessReportRate": false, "hybridEngine": false, "advancedSleepTimer": false, "angleSnapping": false, "excludeGShift": true, "hostRemovalSupport": false, "headphoneJack": false, "hostInfos": false, "gkeyLayout": "INVALID_GKEY_LAYOUT", "hasBatteryStatus": true, "powerOffTimer": false, "requiresBackupForDfu": false, "notificationSupport": {}, "unifiedBattery": false, "dpiLighting": false, "nonInteractive": false, "chargepadCompatible": false, "individuality": false, "defaultSlotFormat": "INVALID_FORMAT", "fnToggle": false}, "activeInterfaces": [{"type": "DEVIO", "id": "046d_0a89", "pid": 2697, "modelId": 0, "extendedModel": 0, "serialNumber": "4294967295", "path": "IOService:/AppleACPIPlatformExpert/PCI0@0/AppleACPIPCI/XHC1@14/XHC1@14000000/HS01@14100000/USBHub3p-2[A]@14100000/AppleUSB20Hub@14100000/AppleUSB20HubPort@14140000/USBHub3p-2[0-3]@14140000/AppleUSB20Hub@14140000/AppleUSB20HubPort@14141000/G635 Gaming Headset@14141000/IOUSBHostInterface@3/AppleUserUSBHostHIDDevice", "containerId": "0x14141000", "deviceType": "HEADSET", "deviceName": "G635 Gaming Headset", "keyboardLayout": "INVALID_LAYOUT", "firmwareVersion": "130.0.7", "firmwareName": "U130", "firmwareRevision": 0, "hardwareRevision": 0, "unitId": "4294967295", "connectionType": "USB", "hasOnboardMode": false}, {"type": "HIDIO", "id": "HID_046d_0a89_000b0001", "pid": 2697, "modelId": 0, "extendedModel": 0, "serialNumber": "", "path": "IOService:/AppleACPIPlatformExpert/PCI0@0/AppleACPIPCI/XHC1@14/XHC1@14000000/HS01@14100000/USBHub3p-2[A]@14100000/AppleUSB20Hub@14100000/AppleUSB20HubPort@14140000/USBHub3p-2[0-3]@14140000/AppleUSB20Hub@14140000/AppleUSB20HubPort@14141000/G635 Gaming Headset@14141000/IOUSBHostInterface@3/AppleUserUSBHostHIDDevice", "containerId": "0x14141000", "deviceType": "INVALID_TYPE", "deviceName": "", "keyboardLayout": "INVALID_LAYOUT", "firmwareVersion": "", "firmwareName": "", "firmwareRevision": 0, "hardwareRevision": 0, "unitId": "", "connectionType": "USB", "hasOnboardMode": false}, {"type": "AUDIO", "id": "", "pid": 0, "modelId": 0, "extendedModel": 0, "serialNumber": "", "path": "", "containerId": "0x14141000", "deviceType": "INVALID_TYPE", "deviceName": "", "keyboardLayout": "INVALID_LAYOUT", "firmwareVersion": "", "firmwareName": "", "firmwareRevision": 0, "hardwareRevision": 0, "unitId": "", "connectionType": "VIRTUAL", "hasOnboardMode": false}], "slots": {"g635_g2_m1_shifted": {"id": "g635_g2_m1_shifted", "attribute": "MACRO_PLAYBACK", "disabled": false}, "g635_lighting_setting_firmware": {"id": "g635_lighting_setting_firmware", "attribute": "FIRMWARE_LIGHTING_SETTINGS", "disabled": false}, "g635_acoustics": {"id": "g635_acoustics", "attribute": "ACOUSTICS", "disabled": false}, "g635_g1_m1": {"id": "g635_g1_m1", "attribute": "MACRO_PLAYBACK", "disabled": false}, "g635_g3_m1": {"id": "g635_g3_m1", "attribute": "MACRO_PLAYBACK", "disabled": false}, "g635_g1_m1_shifted": {"id": "g635_g1_m1_shifted", "attribute": "MACRO_PLAYBACK", "disabled": false}, "g635_g2_m1": {"id": "g635_g2_m1", "attribute": "MACRO_PLAYBACK", "disabled": false}, "g635_g3_m1_shifted": {"id": "g635_g3_m1_shifted", "attribute": "MACRO_PLAYBACK", "disabled": false}}}, {"id": "dev00000002", "pid": 2680, "firmwareName": "U122", "isSubdevice": false, "state": "ACTIVE", "onboardMode": false, "individualMode": false, "resourcesAvailable": true, "connectionType": "USB", "hasWirelessInterface": false, "displayConnectionType": "USB", "deviceType": "SPEAKER", "deviceFamily": "", "deviceModel": "g560", "deviceBaseModel": "g560", "displayName": "G560", "extendedDisplayName": "G560 Gaming Speaker", "slotPrefix": "g560", "thumbnail": "pipeline://core/thumbnails/g560.png", "stringPackage": "", "deviceExt": 0, "deviceUnitId": "4294967295", "deviceSignature": "SPEAKER.g560.0.4294967295", "givenName": "", "capabilities": {"audio": {"dtsSupported": true, "dolbySupported": false, "denoiserSupported": false, "onboardEqSupported": false, "onboardProEqSupported": false, "dtsHx2eSupported": false, "proEqSupported": false, "blueVoiceSupported": false, "hardwareNoiseReductionSupported": false, "blueVoice2Supported": false, "hidMic": false, "devioVolumeFeatures": false, "centurionEqSupported": false, "lightspeedAuxSupported": false}, "lightingSupport": {"deviceCategory": "SPEAKER_RGB_ZONAL", "typeMap": {"ZONE_THREE": "LOGO", "ZONE_TWO": "LEFT_SIDE", "ZONE_FOUR": "RIGHT_SIDE", "ZONE_ONE": "PRIMARY"}, "zones": [{"zoneType": "ZONE_ONE", "supportedEffects": [{"id": "OFF", "syncable": true, "fixedIntensity": false, "signature": false, "inactivityOnly": false}, {"id": "FIXED", "syncable": true, "fixedIntensity": false, "signature": false, "inactivityOnly": false}, {"id": "CYCLE", "syncable": true, "fixedIntensity": false, "signature": false, "inactivityOnly": false}, {"id": "BREATHING", "syncable": true, "fixedIntensity": false, "signature": false, "inactivityOnly": false}], "onboardCluster": "CLUSTER_DEFAULT"}, {"zoneType": "ZONE_TWO", "supportedEffects": [{"id": "OFF", "syncable": true, "fixedIntensity": false, "signature": false, "inactivityOnly": false}, {"id": "FIXED", "syncable": true, "fixedIntensity": false, "signature": false, "inactivityOnly": false}, {"id": "CYCLE", "syncable": true, "fixedIntensity": false, "signature": false, "inactivityOnly": false}, {"id": "BREATHING", "syncable": true, "fixedIntensity": false, "signature": false, "inactivityOnly": false}], "onboardCluster": "CLUSTER_DEFAULT"}, {"zoneType": "ZONE_THREE", "supportedEffects": [{"id": "OFF", "syncable": true, "fixedIntensity": false, "signature": false, "inactivityOnly": false}, {"id": "FIXED", "syncable": true, "fixedIntensity": false, "signature": false, "inactivityOnly": false}, {"id": "CYCLE", "syncable": true, "fixedIntensity": false, "signature": false, "inactivityOnly": false}, {"id": "BREATHING", "syncable": true, "fixedIntensity": false, "signature": false, "inactivityOnly": false}], "onboardCluster": "CLUSTER_DEFAULT"}, {"zoneType": "ZONE_FOUR", "supportedEffects": [{"id": "OFF", "syncable": true, "fixedIntensity": false, "signature": false, "inactivityOnly": false}, {"id": "FIXED", "syncable": true, "fixedIntensity": false, "signature": false, "inactivityOnly": false}, {"id": "CYCLE", "syncable": true, "fixedIntensity": false, "signature": false, "inactivityOnly": false}, {"id": "BREATHING", "syncable": true, "fixedIntensity": false, "signature": false, "inactivityOnly": false}], "onboardCluster": "CLUSTER_DEFAULT"}], "isMonochrome": false, "isPerKey": false, "hideStartupEffect": false, "shutdownEffect": false, "brightnessLevels": [100, 50, 25, 0], "powerSavingEffect": false, "lowBatteryEffect": false, "brightnessPercentage": false, "gamma": false, "firmwareOnly": false, "offRamp": false, "activeDimming": false, "hasPositionalEffect": false, "hasPastelPalette": false, "hasRingLeds": false, "hasMasterSwitch": false, "needKeepAliveSignal": false}, "sleepTimer": false, "mstateSupport": {"count": 1, "timeOut": 0}, "fnInversion": false, "presentSplashScreen": false, "customizableColor": false, "wirelessReportRate": false, "hybridEngine": false, "advancedSleepTimer": false, "angleSnapping": false, "excludeGShift": false, "hostRemovalSupport": false, "headphoneJack": false, "hostInfos": false, "gkeyLayout": "INVALID_GKEY_LAYOUT", "hasBatteryStatus": false, "powerOffTimer": false, "requiresBackupForDfu": false, "notificationSupport": {}, "unifiedBattery": false, "dpiLighting": false, "nonInteractive": false, "chargepadCompatible": false, "individuality": false, "defaultSlotFormat": "INVALID_FORMAT", "fnToggle": false}, "activeInterfaces": [{"type": "DEVIO", "id": "046d_0a78", "pid": 2680, "modelId": 0, "extendedModel": 0, "serialNumber": "4294967295", "path": "IOService:/AppleACPIPlatformExpert/PCI0@0/AppleACPIPCI/XHC1@14/XHC1@14000000/HS01@14100000/USBHub3p-2[A]@14100000/AppleUSB20Hub@14100000/AppleUSB20HubPort@14140000/USBHub3p-2[0-3]@14140000/AppleUSB20Hub@14140000/AppleUSB20HubPort@14142000/G560 Gaming Speaker@14142000/IOUSBHostInterface@2/AppleUserUSBHostHIDDevice", "containerId": "0x14142000", "deviceType": "SPEAKER", "deviceName": "G560 Gaming Speaker", "keyboardLayout": "INVALID_LAYOUT", "firmwareVersion": "122.3.23", "firmwareName": "U122", "firmwareRevision": 3, "hardwareRevision": 0, "unitId": "4294967295", "connectionType": "USB", "hasOnboardMode": false}, {"type": "AUDIO", "id": "", "pid": 0, "modelId": 0, "extendedModel": 0, "serialNumber": "", "path": "", "containerId": "0x14142000", "deviceType": "INVALID_TYPE", "deviceName": "", "keyboardLayout": "INVALID_LAYOUT", "firmwareVersion": "", "firmwareName": "", "firmwareRevision": 0, "hardwareRevision": 0, "unitId": "", "connectionType": "VIRTUAL", "hasOnboardMode": false}], "slots": {"g560_acoustics": {"id": "g560_acoustics", "attribute": "ACOUSTICS", "disabled": false}, "g560_g1_m1_shifted": {"id": "g560_g1_m1_shifted", "attribute": "MACRO_PLAYBACK", "disabled": false}, "g560_lighting_setting_firmware": {"id": "g560_lighting_setting_firmware", "attribute": "FIRMWARE_LIGHTING_SETTINGS", "disabled": false}, "g560_g1_m1": {"id": "g560_g1_m1", "attribute": "MACRO_PLAYBACK", "disabled": false}}}, {"id": "dev00000003", "pid": 49978, "firmwareName": "U114", "isSubdevice": false, "state": "ACTIVE", "onboardMode": false, "individualMode": false, "resourcesAvailable": true, "connectionType": "USB", "hasWirelessInterface": false, "displayConnectionType": "USB", "deviceType": "KEYBOARD", "deviceFamily": "", "deviceModel": "g413", "deviceBaseModel": "g413", "displayName": "G413", "extendedDisplayName": "G413 Carbon", "slotPrefix": "g413", "thumbnail": "pipeline://core/thumbnails/g413.png", "stringPackage": "", "deviceExt": 0, "deviceUnitId": "858801924", "deviceSignature": "KEYBOARD.g413.0.858801924", "givenName": "", "capabilities": {"lightingSupport": {"deviceCategory": "KEYBOARD_MONO_ZONAL", "typeMap": {"ZONE_PRIMARY": "PRIMARY"}, "zones": [{"zoneType": "ZONE_PRIMARY", "supportedEffects": [{"id": "OFF", "syncable": true, "fixedIntensity": false, "signature": false, "inactivityOnly": false}, {"id": "FIXED", "syncable": true, "fixedIntensity": false, "signature": false, "inactivityOnly": false}, {"id": "BREATHING", "syncable": true, "fixedIntensity": true, "signature": false, "inactivityOnly": false}], "onboardCluster": "CLUSTER_DEFAULT"}], "isMonochrome": true, "color": {"tag": "", "hex": "#ff0000"}, "isPerKey": false, "hideStartupEffect": true, "shutdownEffect": false, "brightnessLevels": [], "powerSavingEffect": false, "lowBatteryEffect": false, "brightnessPercentage": false, "gamma": false, "firmwareOnly": false, "offRamp": false, "activeDimming": false, "hasPositionalEffect": false, "hasPastelPalette": false, "hasRingLeds": false, "hasMasterSwitch": false, "needKeepAliveSignal": false}, "sleepTimer": false, "mstateSupport": {"count": 1, "timeOut": 0}, "reportHidControls": {"pages": [{"page": 7, "usages": [{"usage": 58, "button": 1}, {"usage": 59, "button": 2}, {"usage": 60, "button": 3}, {"usage": 61, "button": 4}, {"usage": 62, "button": 5}, {"usage": 63, "button": 6}, {"usage": 64, "button": 7}, {"usage": 65, "button": 8}, {"usage": 66, "button": 9}, {"usage": 67, "button": 10}, {"usage": 68, "button": 11}, {"usage": 69, "button": 12}]}]}, "fnInversion": true, "presentSplashScreen": false, "customizableColor": false, "wirelessReportRate": false, "hybridEngine": false, "advancedSleepTimer": false, "angleSnapping": false, "excludeGShift": false, "hostRemovalSupport": false, "headphoneJack": false, "hostInfos": false, "gkeyLayout": "INVALID_GKEY_LAYOUT", "hasBatteryStatus": false, "powerOffTimer": false, "requiresBackupForDfu": false, "unifiedBattery": false, "dpiLighting": false, "nonInteractive": false, "chargepadCompatible": false, "individuality": false, "defaultSlotFormat": "INVALID_FORMAT", "fnToggle": false}, "activeInterfaces": [{"type": "DEVIO", "id": "046d_c33a", "pid": 49978, "modelId": 0, "extendedModel": 0, "serialNumber": "858801924", "path": "IOService:/AppleACPIPlatformExpert/PCI0@0/AppleACPIPCI/XHC1@14/XHC1@14000000/HS01@14100000/USBHub3p-2[A]@14100000/AppleUSB20Hub@14100000/AppleUSB20HubPort@14130000/USBHub3p-2[4-7]@14130000/AppleUSB20Hub@14130000/AppleUSB20HubPort@14133000/G413 Carbon Mechanical Gaming Keyboard@14133000/IOUSBHostInterface@1/AppleUserUSBHostHIDDevice", "containerId": "0x14133000", "deviceType": "KEYBOARD", "deviceName": "G413 Carbon Mechanical Gaming Keyboard", "keyboardLayout": "US", "firmwareVersion": "114.0.8", "firmwareName": "U114", "firmwareRevision": 0, "hardwareRevision": 0, "unitId": "858801924", "connectionType": "USB", "hasOnboardMode": false}], "slots": {"g413_g6_m1_shifted": {"id": "g413_g6_m1_shifted", "attribute": "MACRO_PLAYBACK", "disabled": false}, "g413_g4_m1": {"id": "g413_g4_m1", "attribute": "MACRO_PLAYBACK", "disabled": false}, "g413_g3_m1": {"id": "g413_g3_m1", "attribute": "MACRO_PLAYBACK", "disabled": false}, "g413_g2_m1_shifted": {"id": "g413_g2_m1_shifted", "attribute": "MACRO_PLAYBACK", "disabled": false}, "g413_g10_m1": {"id": "g413_g10_m1", "attribute": "MACRO_PLAYBACK", "disabled": false}, "g413_g11_m1_shifted": {"id": "g413_g11_m1_shifted", "attribute": "MACRO_PLAYBACK", "disabled": false}, "g413_g7_m1": {"id": "g413_g7_m1", "attribute": "MACRO_PLAYBACK", "disabled": false}, "g413_g10_m1_shifted": {"id": "g413_g10_m1_shifted", "attribute": "MACRO_PLAYBACK", "disabled": false}, "g413_g3_m1_shifted": {"id": "g413_g3_m1_shifted", "attribute": "MACRO_PLAYBACK", "disabled": false}, "g413_g8_m1_shifted": {"id": "g413_g8_m1_shifted", "attribute": "MACRO_PLAYBACK", "disabled": false}, "g413_g7_m1_shifted": {"id": "g413_g7_m1_shifted", "attribute": "MACRO_PLAYBACK", "disabled": false}, "g413_g1_m1": {"id": "g413_g1_m1", "attribute": "MACRO_PLAYBACK", "disabled": false}, "g413_g9_m1_shifted": {"id": "g413_g9_m1_shifted", "attribute": "MACRO_PLAYBACK", "disabled": false}, "g413_g4_m1_shifted": {"id": "g413_g4_m1_shifted", "attribute": "MACRO_PLAYBACK", "disabled": false}, "g413_g5_m1_shifted": {"id": "g413_g5_m1_shifted", "attribute": "MACRO_PLAYBACK", "disabled": false}, "g413_g8_m1": {"id": "g413_g8_m1", "attribute": "MACRO_PLAYBACK", "disabled": false}, "g413_g5_m1": {"id": "g413_g5_m1", "attribute": "MACRO_PLAYBACK", "disabled": false}, "g413_g11_m1": {"id": "g413_g11_m1", "attribute": "MACRO_PLAYBACK", "disabled": false}, "g413_lighting_setting_firmware": {"id": "g413_lighting_setting_firmware", "attribute": "FIRMWARE_LIGHTING_SETTINGS", "disabled": false}, "g413_g2_m1": {"id": "g413_g2_m1", "attribute": "MACRO_PLAYBACK", "disabled": false}, "g413_g12_m1": {"id": "g413_g12_m1", "attribute": "MACRO_PLAYBACK", "disabled": false}, "g413_g9_m1": {"id": "g413_g9_m1", "attribute": "MACRO_PLAYBACK", "disabled": false}, "g413_g12_m1_shifted": {"id": "g413_g12_m1_shifted", "attribute": "MACRO_PLAYBACK", "disabled": false}, "g413_g1_m1_shifted": {"id": "g413_g1_m1_shifted", "attribute": "MACRO_PLAYBACK", "disabled": false}, "g413_disable_keys": {"id": "g413_disable_keys", "attribute": "DISABLE_KEY_SETTINGS", "disabled": false}, "g413_g6_m1": {"id": "g413_g6_m1", "attribute": "MACRO_PLAYBACK", "disabled": false}}}]}}