 {"msgId": "4c4ad9ad-96ca-4fa7-87d4-7cf6ee2a43dc", "verb": "GET", "path": "/devices/list", "origin": "backend", "result": {"code": "SUCCESS", "what": ""}, "payload": {"@type": "type.googleapis.com/logi.protocol.devices.Device.Info.List", "deviceInfos": [{"id": "dev00000000", "pid": 2669, "firmwareName": "U116", "isSubdevice": false, "parentId": "", "state": "ACTIVE", "onboardMode": false, "individualMode": false, "resourcesAvailable": true, "connectionType": "USB", "hasWirelessInterface": false, "displayConnectionType": "USB", "deviceType": "HEADSET", "deviceFamily": "", "deviceModel": "g433", "deviceBaseModel": "g433", "displayName": "G433", "extendedDisplayName": "G433 Gaming Headset", "slotPrefix": "g433", "thumbnail": "pipeline://core/thumbnails/g433.png", "stringPackage": "", "deviceExt": 0, "deviceUnitId": "4294967295", "deviceSignature": "HEADSET.g433.0.4294967295", "givenName": "", "capabilities": {"audio": {"dtsSupported": true, "dolbySupported": false, "denoiserSupported": true, "onboardEqSupported": false, "onboardProEqSupported": false, "dtsHx2eSupported": false, "proEqSupported": false, "blueVoiceSupported": false, "hardwareNoiseReductionSupported": false, "blueVoice2Supported": false, "hidMic": false, "devioVolumeFeatures": false, "centurionEqSupported": false, "lightspeedAuxSupported": false, "audioMixingSupported": false, "rtxDenoiserSupported": false}, "sleepTimer": false, "mstateSupport": {"count": 1, "timeOut": 0}, "fnInversion": false, "presentSplashScreen": true, "customizableColor": true, "wirelessReportRate": false, "platformDisabled": {"windows": false, "osx": true}, "hybridEngine": false, "advancedSleepTimer": false, "angleSnapping": false, "excludeGShift": false, "hostRemovalSupport": false, "headphoneJack": false, "hostInfos": false, "gkeyLayout": "INVALID_GKEY_LAYOUT", "hasBatteryStatus": false, "powerOffTimer": false, "requiresBackupForDfu": false, "unifiedBattery": false, "dpiLighting": false, "hasGlobalDamping": false, "nonInteractive": false, "chargepadCompatible": false, "individuality": false, "defaultSlotFormat": "INVALID_FORMAT", "fnToggle": false, "hasPaddles": false, "isFullHidppWheel": false, "hasConfigurationProfiles": false, "disableCenterSpring": false, "renameDeviceDisplayName": false}, "activeInterfaces": [{"type": "DEVIO", "id": "046d_0a6d", "pid": 2669, "modelId": 0, "extendedModel": 255, "serialNumber": "4294967295", "path": "\\\\?\\hid#vid_046d&pid_0a6d&mi_03&col04#a&20728b08&0&0003#{4d1e55b2-f16f-11cf-88cb-001111000030}", "containerId": "76783c38-6c95-5ba7-85c4-ec2b7066de9e", "deviceType": "HEADSET", "deviceName": "G433 Gaming Headset", "keyboardLayout": "INVALID_LAYOUT", "firmwareVersion": "116.1.5", "firmwareName": "U116", "firmwareRevision": 1, "hardwareRevision": 0, "unitId": "4294967295", "fwEntities": {}, "connectionType": "USB", "hasOnboardMode": false, "parentPath": ""}, {"type": "AUDIO", "id": "", "pid": 0, "modelId": 0, "extendedModel": 0, "serialNumber": "", "path": "", "containerId": "76783c38-6c95-5ba7-85c4-ec2b7066de9e", "deviceType": "INVALID_TYPE", "deviceName": "", "keyboardLayout": "INVALID_LAYOUT", "firmwareVersion": "", "firmwareName": "", "firmwareRevision": 0, "hardwareRevision": 0, "unitId": "", "fwEntities": {}, "connectionType": "VIRTUAL", "hasOnboardMode": false, "parentPath": ""}], "slots": {"g433_equalizer": {"id": "g433_equalizer", "attribute": "EQUALIZER", "disabled": false, "defaultCard": "05525ad1-71a4-45c4-aafa-d56ad1429f32"}, "g433_acoustics": {"id": "g433_acoustics", "attribute": "ACOUSTICS", "disabled": false, "defaultCard": "9b85425b-8c71-4b15-808c-12020a6d0000"}}, "path": "\\\\?\\hid#vid_046d&pid_0a6d&mi_03&col04#a&20728b08&0&0003#{4d1e55b2-f16f-11cf-88cb-001111000030}", "parentPath": ""}, {"id": "dev00000001", "pid": 2767, "firmwareName": "BOT00", "isSubdevice": false, "parentId": "", "state": "ACTIVE", "onboardMode": false, "individualMode": false, "resourcesAvailable": true, "connectionType": "USB", "hasWirelessInterface": false, "displayConnectionType": "USB", "deviceType": "MICROPHONE", "deviceFamily": "", "deviceModel": "yeti_nano", "deviceBaseModel": "yeti_nano", "displayName": "Yeti Nano", "extendedDisplayName": "Yeti Nano", "slotPrefix": "yeti-nano", "thumbnail": "pipeline://core/thumbnails/yeti_nano.png", "stringPackage": "", "deviceExt": 0, "deviceUnitId": "973099776", "deviceSignature": "MICROPHONE.yeti_nano.0.973099776", "givenName": "", "capabilities": {"audio": {"dtsSupported": false, "dolbySupported": false, "denoiserSupported": false, "onboardEqSupported": false, "onboardProEqSupported": false, "dtsHx2eSupported": true, "proEqSupported": false, "blueVoiceSupported": false, "hardwareNoiseReductionSupported": false, "blueVoice2Supported": true, "hidMic": false, "devioVolumeFeatures": false, "centurionEqSupported": false, "lightspeedAuxSupported": false, "audioMixingSupported": false, "rtxDenoiserSupported": true}, "sleepTimer": false, "mstateSupport": {"count": 1, "timeOut": 0}, "fnInversion": false, "presentSplashScreen": false, "customizableColor": false, "wirelessReportRate": false, "hybridEngine": false, "advancedSleepTimer": false, "angleSnapping": false, "excludeGShift": false, "hostRemovalSupport": false, "microphoneSupport": {"supportedPolarPatterns": [{"id": "POLAR_PATTERN_OMNI"}, {"id": "POLAR_PATTERN_CARDIOID"}], "supportedMicrophoneModes": [{"id": "MICROPHONE_GAIN"}, {"id": "HEADPHONE_LEVEL"}]}, "headphoneJack": true, "hostInfos": false, "gkeyLayout": "INVALID_GKEY_LAYOUT", "hasBatteryStatus": false, "powerOffTimer": false, "requiresBackupForDfu": false, "unifiedBattery": false, "dpiLighting": false, "hasGlobalDamping": false, "nonInteractive": false, "chargepadCompatible": false, "individuality": false, "defaultSlotFormat": "INVALID_FORMAT", "fnToggle": false, "hasPaddles": false, "isFullHidppWheel": false, "hasConfigurationProfiles": false, "disableCenterSpring": false, "renameDeviceDisplayName": false}, "activeInterfaces": [{"type": "DEVIO", "id": "046d_0acf", "pid": 2767, "modelId": 0, "extendedModel": 0, "serialNumber": "973099776", "path": "usb\\vid_046d&pid_0acf&mi_03\\8&15096630&0&0003", "containerId": "63969b10-8505-5916-91ea-b734ceafc55e", "deviceType": "MICROPHONE", "deviceName": "Yeti Nano", "keyboardLayout": "INVALID_LAYOUT", "firmwareVersion": "12.16.1216", "firmwareName": "BOT00", "firmwareRevision": 1, "hardwareRevision": 0, "unitId": "973099776", "fwEntities": {}, "connectionType": "USB", "hasOnboardMode": false, "parentPath": ""}, {"type": "HIDIO", "id": "HID_046d_0acf_ffff0001", "pid": 2767, "modelId": 0, "extendedModel": 0, "serialNumber": "", "path": "\\\\?\\HID#VID_046D&PID_0ACF&MI_03&COL05#9&236D9FEF&0&0004#{4D1E55B2-F16F-11CF-88CB-001111000030}", "containerId": "63969b10-8505-5916-91ea-b734ceafc55e", "deviceType": "MICROPHONE", "deviceName": "Yeti Nano", "keyboardLayout": "INVALID_LAYOUT", "firmwareVersion": "", "firmwareName": "", "firmwareRevision": 0, "hardwareRevision": 0, "unitId": "", "fwEntities": {}, "connectionType": "USB", "hasOnboardMode": false, "parentPath": ""}, {"type": "AUDIO", "id": "", "pid": 0, "modelId": 0, "extendedModel": 0, "serialNumber": "", "path": "", "containerId": "63969b10-8505-5916-91ea-b734ceafc55e", "deviceType": "INVALID_TYPE", "deviceName": "", "keyboardLayout": "INVALID_LAYOUT", "firmwareVersion": "", "firmwareName": "", "firmwareRevision": 0, "hardwareRevision": 0, "unitId": "", "fwEntities": {}, "connectionType": "VIRTUAL", "hasOnboardMode": false, "parentPath": ""}], "slots": {"yeti-nano_acoustics": {"id": "yeti-nano_acoustics", "attribute": "ACOUSTICS", "disabled": false, "defaultCard": "799d82b7-2fe0-443e-8e62-2a4dd4c5b0ec"}, "yeti-nano_audio_effects_settings": {"id": "yeti-nano_audio_effects_settings", "attribute": "AUDIO_EFFECTS_SETTINGS", "disabled": false, "defaultCard": "5689cedd-0fbf-4db4-8493-83321918d9b8"}, "yeti-nano_equalizer": {"id": "yeti-nano_equalizer", "attribute": "EQUALIZER", "disabled": false, "defaultCard": "05525ad1-71a4-45c4-aafa-d56ad1429f32"}, "yeti-nano_microphone_settings": {"id": "yeti-nano_microphone_settings", "attribute": "MICROPHONE_SETTINGS", "disabled": false, "defaultCard": "50ce8cce-9d79-4bab-be94-c0a05cdb5987"}, "yeti-nano_blue_voice_2_settings": {"id": "yeti-nano_blue_voice_2_settings", "attribute": "BLUE_VOICE_2_SETTINGS", "disabled": false, "defaultCard": "8e4b47ee-f30a-4edb-8b95-27e0328ea67a"}}, "path": "\\\\?\\HID#VID_046D&PID_0ACF&MI_03&COL05#9&236D9FEF&0&0004#{4D1E55B2-F16F-11CF-88CB-001111000030}", "parentPath": ""}]}}