{
  "drivers": [],
  "extensions": {},
  "files": [
    {
      "path": "/Applications/lghub.app/Contents/CodeResources",
      "registerLibrary": false,
      "sha256": "0ea3fede8535f55ea775ebeac3402d42109c703f23e4e9f2243811c244921c34"
    },
    {
      "path": "/Applications/lghub.app/Contents/_CodeSignature/CodeResources",
      "registerLibrary": false,
      "sha256": "86dcc7f1a8edc65ba31051ff264fc13de756f12d5f53930b2ffd8e3e6f7b2688"
    },
    {
      "path": "/Applications/lghub.app/Contents/MacOS/lghub",
      "registerLibrary": false,
      "sha256": "13db0a99051b6940d2169a77268eb79f081db3183f2346a93b9c496693f33a6c"
    },
    {
      "path": "/Applications/lghub.app/Contents/Resources/zh-TW.lproj/Localizable.strings",
      "registerLibrary": false,
      "sha256": "e7c3f2760f5438ba75bb2890d86745939a236110179078c80a644802dd73678d"
    },
    {
      "path": "/Applications/lghub.app/Contents/Resources/zh-TW.lproj/InfoPlist.strings",
      "registerLibrary": false,
      "sha256": "2055441d8c6edd093d26e0feab09a08fd4bb968a8bb549a5925781bf7df72d6e"
    },
    {
      "path": "/Applications/lghub.app/Contents/Resources/icon.png",
      "registerLibrary": false,
      "sha256": "67d0957daca9717fe862746dd968097c7ac30fc718cc580c2563a5a85c6d23be"
    },
    {
      "path": "/Applications/lghub.app/Contents/Resources/it-IT.lproj/Localizable.strings",
      "registerLibrary": false,
      "sha256": "d5d45bf98083e8da30c38137aaa5a8802b1a38dd57f17a61d41a1c5e9606d09a"
    },
    {
      "path": "/Applications/lghub.app/Contents/Resources/it-IT.lproj/InfoPlist.strings",
      "registerLibrary": false,
      "sha256": "3b961627dfb8b84a4afa2a6fcb1e138f0d83faa327eb0ba5a3f8e893f889ea71"
    },
    {
      "path": "/Applications/lghub.app/Contents/Resources/nb-NO.lproj/Localizable.strings",
      "registerLibrary": false,
      "sha256": "c80f93bde877fd28d53bed74c154dfaf8988768f6046c8deb3a7235fbb0b4fdd"
    },
    {
      "path": "/Applications/lghub.app/Contents/Resources/nb-NO.lproj/InfoPlist.strings",
      "registerLibrary": false,
      "sha256": "e0f511f34d2618c24700fb40f5de6a53ce30be0fa7f9ace56e446e97ebdb4905"
    },
    {
      "path": "/Applications/lghub.app/Contents/Resources/electron.icns",
      "registerLibrary": false,
      "sha256": "62839cbe0078f298211ceb84d4edb5745f3be487d47917e7831cb49cfbb045e5"
    },
    {
      "path": "/Applications/lghub.app/Contents/Resources/app.asar",
      "registerLibrary": false,
      "sha256": "014d8a1b07071e84ec6dac85a914fcdf97d514936b3a1d11c20135140fa4422c"
    },
    {
      "path": "/Applications/lghub.app/Contents/Resources/ru-RU.lproj/Localizable.strings",
      "registerLibrary": false,
      "sha256": "128a5e1d85080e000904a219de1a237e4a95fecc39d6d63d94add4b0ef56d4e1"
    },
    {
      "path": "/Applications/lghub.app/Contents/Resources/ru-RU.lproj/InfoPlist.strings",
      "registerLibrary": false,
      "sha256": "97ce0055aeef69bc0de0f0c6172f39cf8aa71effeb6514a3d63be2e0784b7cb3"
    },
    {
      "path": "/Applications/lghub.app/Contents/Resources/tr-TR.lproj/Localizable.strings",
      "registerLibrary": false,
      "sha256": "61cd351567e27fcdc5aa21e56cd1f8706a2438eda9b670372d81f51cd74a20f1"
    },
    {
      "path": "/Applications/lghub.app/Contents/Resources/tr-TR.lproj/InfoPlist.strings",
      "registerLibrary": false,
      "sha256": "5cb36f2d6bb5f9d03f82e1c05f315a37fb1b147dc700821a722a781017ebb32f"
    },
    {
      "path": "/Applications/lghub.app/Contents/Resources/es-ES.lproj/Localizable.strings",
      "registerLibrary": false,
      "sha256": "c0f0358f2877216fba54e0dc903882f5bfb320756bb52566f7c589a043e0ca16"
    },
    {
      "path": "/Applications/lghub.app/Contents/Resources/es-ES.lproj/InfoPlist.strings",
      "registerLibrary": false,
      "sha256": "964bd8a99bb46331a8b9f1f07168bd5ec79fba3d1afc8b440e4642a4ac81cb5f"
    },
    {
      "path": "/Applications/lghub.app/Contents/Resources/fr-FR.lproj/Localizable.strings",
      "registerLibrary": false,
      "sha256": "7d69d4a40bf61d70d4b6b05605fee9fa7dba207f02c6d6bd0ec0b8f183aa1151"
    },
    {
      "path": "/Applications/lghub.app/Contents/Resources/fr-FR.lproj/InfoPlist.strings",
      "registerLibrary": false,
      "sha256": "03f464bcc4a49b60c99dfd70aa87fda0bfb1adaec7f465b2a4c7b173bb24a49e"
    },
    {
      "path": "/Applications/lghub.app/Contents/Resources/ja-JP.lproj/Localizable.strings",
      "registerLibrary": false,
      "sha256": "e930f4cde37db03d21669d14e17d5bf988cc9e4785e96e6715598e165506cd9a"
    },
    {
      "path": "/Applications/lghub.app/Contents/Resources/ja-JP.lproj/InfoPlist.strings",
      "registerLibrary": false,
      "sha256": "abc019344d017c6ebcbba0f77f91aa8605dfb7961d88a2927b0b2552c9713d0f"
    },
    {
      "path": "/Applications/lghub.app/Contents/Resources/ko-KR.lproj/Localizable.strings",
      "registerLibrary": false,
      "sha256": "0099689c32861110a2268f0e58f4095f5cec8a6b2133901f37cdb3de4920f3f8"
    },
    {
      "path": "/Applications/lghub.app/Contents/Resources/ko-KR.lproj/InfoPlist.strings",
      "registerLibrary": false,
      "sha256": "58c17df7ca759f863ade97b2a578cef65484077e6171da1b261673b2bc74c994"
    },
    {
      "path": "/Applications/lghub.app/Contents/Resources/Base.lproj/Localizable.strings",
      "registerLibrary": false,
      "sha256": "a9c4d33131eb1e29c02f3a955ba60a1613be1fc4a515ceb35dd2f5042ec1b90d"
    },
    {
      "path": "/Applications/lghub.app/Contents/Resources/Base.lproj/InfoPlist.strings",
      "registerLibrary": false,
      "sha256": "8f9b42c1de21c906cfcc425b3ef6dc01f1c8f84150fdbe7bf083e7bafabdb5dd"
    },
    {
      "path": "/Applications/lghub.app/Contents/Resources/fi-FI.lproj/Localizable.strings",
      "registerLibrary": false,
      "sha256": "b77c0715a187bc8aeafaf7af206523e7b2a846d33baaeb9ec821a499f61e589c"
    },
    {
      "path": "/Applications/lghub.app/Contents/Resources/fi-FI.lproj/InfoPlist.strings",
      "registerLibrary": false,
      "sha256": "bed896b384cc3165a1b8c9afe6f92b602794328cb320d672f651dfefff3702dc"
    },
    {
      "path": "/Applications/lghub.app/Contents/Resources/da-DK.lproj/Localizable.strings",
      "registerLibrary": false,
      "sha256": "58062d19516f69b0be0039632733d5be96dadde29fa158166cf27c9507d7dd1c"
    },
    {
      "path": "/Applications/lghub.app/Contents/Resources/da-DK.lproj/InfoPlist.strings",
      "registerLibrary": false,
      "sha256": "a6f0753a16d6ad9b7a4b9f390c12c38e968c5ca6b60af9be41cced786fabf575"
    },
    {
      "path": "/Applications/lghub.app/Contents/Resources/hu-HU.lproj/Localizable.strings",
      "registerLibrary": false,
      "sha256": "f433388df2bc1e67ec100d526be907d51de02a9c66c04c8476b6636e36e21ff0"
    },
    {
      "path": "/Applications/lghub.app/Contents/Resources/hu-HU.lproj/InfoPlist.strings",
      "registerLibrary": false,
      "sha256": "2953520068abb128b5ac29582299800618bc36e468a4a0c4a426fa1bb15b30fe"
    },
    {
      "path": "/Applications/lghub.app/Contents/Resources/app.asar.unpacked/node_modules/keytar/build/Release/keytar.node",
      "registerLibrary": false,
      "sha256": "49c55e5573804ff4f1af4b0ca5672e54c4ea33055d906e012799c989d780901b"
    },
    {
      "path": "/Applications/lghub.app/Contents/Resources/pt-BR.lproj/Localizable.strings",
      "registerLibrary": false,
      "sha256": "5e8c16e9e4f25b5214a29f6e9dc622227b859ea1e1d438e46fbe561aa8d09fca"
    },
    {
      "path": "/Applications/lghub.app/Contents/Resources/pt-BR.lproj/InfoPlist.strings",
      "registerLibrary": false,
      "sha256": "ae152f121e024f81832cdccf6ed7f124b9cd816b3f316c1a172f8c78bc9e6cb5"
    },
    {
      "path": "/Applications/lghub.app/Contents/Resources/nl-NL.lproj/Localizable.strings",
      "registerLibrary": false,
      "sha256": "3dd52cb7d2d963812608ec5b42215109003a030fc1716e30861da5f0f0567f83"
    },
    {
      "path": "/Applications/lghub.app/Contents/Resources/nl-NL.lproj/InfoPlist.strings",
      "registerLibrary": false,
      "sha256": "46426d99b17b03ef4d42422a887e1f0931dde80ac36394db991a442f6a8f9f87"
    },
    {
      "path": "/Applications/lghub.app/Contents/Resources/cs-CZ.lproj/Localizable.strings",
      "registerLibrary": false,
      "sha256": "9e7040b3913598e29503c41f91c938660fa3131275945aed245f4252de5fb80d"
    },
    {
      "path": "/Applications/lghub.app/Contents/Resources/cs-CZ.lproj/InfoPlist.strings",
      "registerLibrary": false,
      "sha256": "caca3f34e7c41287eb13c519f17a1abaf0e23d18249eadd03ec02d04bcc1b165"
    },
    {
      "path": "/Applications/lghub.app/Contents/Resources/zh-CN.lproj/Localizable.strings",
      "registerLibrary": false,
      "sha256": "7dded5c99846fa3197221eae2cb2eb31fdee5702eb71179d1f01f7a1efb7d8a4"
    },
    {
      "path": "/Applications/lghub.app/Contents/Resources/zh-CN.lproj/InfoPlist.strings",
      "registerLibrary": false,
      "sha256": "c09f676ee16d887f6640b9cfa1033391637e22490badca03d2311d7bdae347a5"
    },
    {
      "path": "/Applications/lghub.app/Contents/Resources/de-DE.lproj/Localizable.strings",
      "registerLibrary": false,
      "sha256": "84e743b069b13f68ec9d11ba0c1ee3191ee31287e88cef0e5d865af991a5bab1"
    },
    {
      "path": "/Applications/lghub.app/Contents/Resources/de-DE.lproj/InfoPlist.strings",
      "registerLibrary": false,
      "sha256": "4236a828cf31c58ce413323bbca072c598c9d7d3de6cda4e69c84c820e0047b7"
    },
    {
      "path": "/Applications/lghub.app/Contents/Resources/pl-PL.lproj/Localizable.strings",
      "registerLibrary": false,
      "sha256": "08058a5fe2b71a97dd20dd9b1e2f8ef6e4fa598a13e23c83855516f5236d97f6"
    },
    {
      "path": "/Applications/lghub.app/Contents/Resources/pl-PL.lproj/InfoPlist.strings",
      "registerLibrary": false,
      "sha256": "af6879a0ac7df849b4393408407cfa27bb87215c5372f3cc21956b0ed4c02fd9"
    },
    {
      "path": "/Applications/lghub.app/Contents/Resources/sv-SE.lproj/Localizable.strings",
      "registerLibrary": false,
      "sha256": "9d631dda4c790763964929a685b3d5d23e89fbe6f6c5683da1c9c61534c94f81"
    },
    {
      "path": "/Applications/lghub.app/Contents/Resources/sv-SE.lproj/InfoPlist.strings",
      "registerLibrary": false,
      "sha256": "5fcd48068dbf80d35d0754f337f48b59874572bb4e85ccbd8edd9e72abf8f134"
    },
    {
      "path": "/Applications/lghub.app/Contents/embedded.provisionprofile",
      "registerLibrary": false,
      "sha256": "bed18d764732f406e49fe6723d7d5f677d36e42920efeb528079607fd242036b"
    },
    {
      "path": "/Applications/lghub.app/Contents/Frameworks/lghub Helper.app/Contents/_CodeSignature/CodeResources",
      "registerLibrary": false,
      "sha256": "6686de10a28a2fe11b36cbb86dcbacc827cfc4ea116b4dabf1845e5aee629e9b"
    },
    {
      "path": "/Applications/lghub.app/Contents/Frameworks/lghub Helper.app/Contents/MacOS/lghub Helper",
      "registerLibrary": false,
      "sha256": "9e3aa6faed756f0bd1e63c1beb0d6b2933c4f78db93db04d1108bbabf967dc0b"
    },
    {
      "path": "/Applications/lghub.app/Contents/Frameworks/lghub Helper.app/Contents/Info.plist",
      "registerLibrary": false,
      "sha256": "5f2ca1e4f965629c77f2e343f8c311a223528d3ca4bbf832f3302515be2e9a56"
    },
    {
      "path": "/Applications/lghub.app/Contents/Frameworks/lghub Helper.app/Contents/PkgInfo",
      "registerLibrary": false,
      "sha256": "82502191c9484b04d685374f9879a0066069c49b8acae7a04b01d38d07e8eca0"
    },
    {
      "path": "/Applications/lghub.app/Contents/Frameworks/lghub_agent.app/Contents/CodeResources",
      "registerLibrary": false,
      "sha256": "4264a5cfea5a3b08d6ac81fccde957630848b9d0dda64aa381a484112fbd073b"
    },
    {
      "path": "/Applications/lghub.app/Contents/Frameworks/lghub_agent.app/Contents/_CodeSignature/CodeResources",
      "registerLibrary": false,
      "sha256": "bd01104bd3b951f98d1458da8fe83e62257cd48573b9f7962806344166bf7093"
    },
    {
      "path": "/Applications/lghub.app/Contents/Frameworks/lghub_agent.app/Contents/MacOS/lghub_agent.dSYM/Contents/Resources/DWARF/lghub_agent",
      "registerLibrary": false,
      "sha256": "bfaa01a3f26fa5ac93c5b1fbe5aba25b37b63923f0f189c139b2a66547c5d231"
    },
    {
      "path": "/Applications/lghub.app/Contents/Frameworks/lghub_agent.app/Contents/MacOS/lghub_agent.dSYM/Contents/Info.plist",
      "registerLibrary": false,
      "sha256": "6d81bf310b4c134526aaf25a3cc56367615afdb2df716b119a77dfb9ef36e5b6"
    },
    {
      "path": "/Applications/lghub.app/Contents/Frameworks/lghub_agent.app/Contents/MacOS/logi_crashpad_handler",
      "registerLibrary": false,
      "sha256": "461f0ea56098a1b9737f64ba406af3b38ac75462031b9667c4a1530fa8dd935e"
    },
    {
      "path": "/Applications/lghub.app/Contents/Frameworks/lghub_agent.app/Contents/MacOS/lghub_agent",
      "registerLibrary": false,
      "sha256": "692ed641eff3356713e668b075557012ef5b49c90a2d264fe4c70d3d8753a26f"
    },
    {
      "path": "/Applications/lghub.app/Contents/Frameworks/lghub_agent.app/Contents/PlugIns/platforms/libqcocoa.dylib",
      "registerLibrary": false,
      "sha256": "6dde35c1de8ed40e50918de17c1a96cd54270395b66c556a08faa9f567f65b04"
    },
    {
      "path": "/Applications/lghub.app/Contents/Frameworks/lghub_agent.app/Contents/PlugIns/printsupport/libcocoaprintersupport.dylib",
      "registerLibrary": false,
      "sha256": "bf9db193cda693bec8e7dc6fdbba0f83354887cf6341fa3b55cd0847c1cee408"
    },
    {
      "path": "/Applications/lghub.app/Contents/Frameworks/lghub_agent.app/Contents/PlugIns/styles/libqmacstyle.dylib",
      "registerLibrary": false,
      "sha256": "b9d5ceb75b2b70f5333d4ae0b43cb4de61267a443d6441bf81df0823b8bcf97a"
    },
    {
      "path": "/Applications/lghub.app/Contents/Frameworks/lghub_agent.app/Contents/PlugIns/bearer/libqgenericbearer.dylib",
      "registerLibrary": false,
      "sha256": "7dd8bc3918780ec1e9d900865f8d20f9ba682a142155bf544ec3b1de02892297"
    },
    {
      "path": "/Applications/lghub.app/Contents/Frameworks/lghub_agent.app/Contents/PlugIns/iconengines/libqsvgicon.dylib",
      "registerLibrary": false,
      "sha256": "aac5906bcf5843a1451cfd2757efef49f752c68a7b5b12301db3697a1bbac3f4"
    },
    {
      "path": "/Applications/lghub.app/Contents/Frameworks/lghub_agent.app/Contents/PlugIns/imageformats/libqgif.dylib",
      "registerLibrary": false,
      "sha256": "3ae629f9c78aef1b381ae2ccd6dd86eb7432a9518b6a454fdc8f005df0385a62"
    },
    {
      "path": "/Applications/lghub.app/Contents/Frameworks/lghub_agent.app/Contents/PlugIns/imageformats/libqico.dylib",
      "registerLibrary": false,
      "sha256": "fd2f09e9ad1f1a3d9952c88a7dad98a1053e24e897424155da7a5e6c30323c3f"
    },
    {
      "path": "/Applications/lghub.app/Contents/Frameworks/lghub_agent.app/Contents/PlugIns/imageformats/libqjpeg.dylib",
      "registerLibrary": false,
      "sha256": "c81c9aed86f46b0f7deba93368d3c2e385c1ae92c4f083c80491e4845ee2adbc"
    },
    {
      "path": "/Applications/lghub.app/Contents/Frameworks/lghub_agent.app/Contents/PlugIns/imageformats/libqsvg.dylib",
      "registerLibrary": false,
      "sha256": "1e921aebc4b0c50d50bdfcc9328a52596bc7ac42792be662ebd75525580f4d2b"
    },
    {
      "path": "/Applications/lghub.app/Contents/Frameworks/lghub_agent.app/Contents/Resources/qt.conf",
      "registerLibrary": false,
      "sha256": "aa97375f75685d268b1db060f26bc955931c1688312300b61d998115f8001fb0"
    },
    {
      "path": "/Applications/lghub.app/Contents/Frameworks/lghub_agent.app/Contents/Resources/data/card_presets.json",
      "registerLibrary": false,
      "sha256": "5ff52438277efa5463de0c9f5df244e2e13f62560a5d1e141c9e31c092f93a3e"
    },
    {
      "path": "/Applications/lghub.app/Contents/Frameworks/lghub_agent.app/Contents/Resources/data/eq_presets.json",
      "registerLibrary": false,
      "sha256": "52dbedb1d1b51605d060d6cf107f4b92b11d7c65ea8bd45b986ac5ce91c71e3d"
    },
    {
      "path": "/Applications/lghub.app/Contents/Frameworks/lghub_agent.app/Contents/Resources/data/centurion_eq_presets.json",
      "registerLibrary": false,
      "sha256": "f3fafb73ed66f461323d0d64d0e0544b23d181839239f0eef302aea764d8799e"
    },
    {
      "path": "/Applications/lghub.app/Contents/Frameworks/lghub_agent.app/Contents/Resources/data/sounds/71ChannelCheckSound.wma",
      "registerLibrary": false,
      "sha256": "3a25eb44361ddcc39ea78443ef4a5f94e3a3025d569ff9af1043ce37a4376e11"
    },
    {
      "path": "/Applications/lghub.app/Contents/Frameworks/lghub_agent.app/Contents/Resources/data/video_filters.json",
      "registerLibrary": false,
      "sha256": "ed585cc87111cc77308ebd3609484ba867e33711bd1672afd0c8f955e56fa795"
    },
    {
      "path": "/Applications/lghub.app/Contents/Frameworks/lghub_agent.app/Contents/Resources/data/lighting/effect_prefabs.json",
      "registerLibrary": false,
      "sha256": "cb03b8da8b04b2ecf47513346aa0bb3fa6d3f18b7df55f112f0966b54eef9c34"
    },
    {
      "path": "/Applications/lghub.app/Contents/Frameworks/lghub_agent.app/Contents/Resources/data/lighting/effect_presets.json",
      "registerLibrary": false,
      "sha256": "ca9275ddec7a37afccb50506ecd5c2dde3edfac85572c588976a7443e6c3804b"
    },
    {
      "path": "/Applications/lghub.app/Contents/Frameworks/lghub_agent.app/Contents/Resources/data/lighting/effects/mono-verticool.json",
      "registerLibrary": false,
      "sha256": "a80e2cb59c978f67e1f8bdeb9da0bb599e866886984b495c692db149b1027853"
    },
    {
      "path": "/Applications/lghub.app/Contents/Frameworks/lghub_agent.app/Contents/Resources/data/lighting/effects/verticool.json",
      "registerLibrary": false,
      "sha256": "f48f4518e6b72121f7278f24c33d6c8c5fc3c16709b4b60902a7de11c2f4a5e3"
    },
    {
      "path": "/Applications/lghub.app/Contents/Frameworks/lghub_agent.app/Contents/Resources/data/lighting/effects/audio-visualizer-mouse-rgb-per-key.json",
      "registerLibrary": false,
      "sha256": "239b27c32972b7bcccfee5a2530c602b6dabad0fd54865eab643ba1a67432397"
    },
    {
      "path": "/Applications/lghub.app/Contents/Frameworks/lghub_agent.app/Contents/Resources/data/lighting/effects/oceanwave.json",
      "registerLibrary": false,
      "sha256": "60e6a3c2ffc48b0c5dbeddaa2d155628198243ae3d3252db535148cdc5b80417"
    },
    {
      "path": "/Applications/lghub.app/Contents/Frameworks/lghub_agent.app/Contents/Resources/data/lighting/effects/screen_sampler-kb.json",
      "registerLibrary": false,
      "sha256": "1439abfae3fcff6071e4b8e9c649ad59f23c244e99f59fbeae7711aed5a34355"
    },
    {
      "path": "/Applications/lghub.app/Contents/Frameworks/lghub_agent.app/Contents/Resources/data/lighting/effects/audio-visualizer-generic.json",
      "registerLibrary": false,
      "sha256": "b41a715e74aa2d4805faa2caa11c0a825cc83aba3b6249d0d166d3ec7669e64d"
    },
    {
      "path": "/Applications/lghub.app/Contents/Frameworks/lghub_agent.app/Contents/Resources/data/lighting/effects/mouse-redwhiteblue.json",
      "registerLibrary": false,
      "sha256": "77ceb8052f363e6237a0e5099b73c708722004fb24e1ec7848f03bd0f354217c"
    },
    {
      "path": "/Applications/lghub.app/Contents/Frameworks/lghub_agent.app/Contents/Resources/data/lighting/effects/screen_sampler.json",
      "registerLibrary": false,
      "sha256": "d5ac503f38c2fefcc5be5577f194d4c721beee7f21ff7fe9d67112df86b3bd89"
    },
    {
      "path": "/Applications/lghub.app/Contents/Frameworks/lghub_agent.app/Contents/Resources/data/lighting/effects/redwhiteblue.json",
      "registerLibrary": false,
      "sha256": "02958c391fb55b0340c8dc6ef363d232e0aeca1bb39840912a7485c9946637d3"
    },
    {
      "path": "/Applications/lghub.app/Contents/Frameworks/lghub_agent.app/Contents/Resources/data/lighting/effects/audio-visualizer-kb-per-key.json",
      "registerLibrary": false,
      "sha256": "86d4913d6c2741f6d22775d30f8430f7aab9e32cb4b96e4e1f12ef2740592667"
    },
    {
      "path": "/Applications/lghub.app/Contents/Frameworks/lghub_agent.app/Contents/Resources/data/lighting/effects/mono-contrastic.json",
      "registerLibrary": false,
      "sha256": "bb57df227a93eab37042de0d9417c001b3bcc11d9f55bb1c02fd1324171dc774"
    },
    {
      "path": "/Applications/lghub.app/Contents/Frameworks/lghub_agent.app/Contents/Resources/data/lighting/effects/contrastic.json",
      "registerLibrary": false,
      "sha256": "59b1d893314d5f347ecb83ef572eecd86976d3a6f18360964c6c17ac5b4f57a6"
    },
    {
      "path": "/Applications/lghub.app/Contents/Frameworks/lghub_agent.app/Contents/Resources/data/lighting/effects/lightning.json",
      "registerLibrary": false,
      "sha256": "78f7d99c3c1ff99df7885cb81c4acecef0fcf79afb19ea25e0a6d79f228ead46"
    },
    {
      "path": "/Applications/lghub.app/Contents/Frameworks/lghub_agent.app/Contents/Resources/data/lighting/effects/audio-visualizer-kb-zonal.json",
      "registerLibrary": false,
      "sha256": "02aca6a33c7c68fe446b17d1d8ad5916f37f8cbf6f8e7f0a23f4a92af8022ab0"
    },
    {
      "path": "/Applications/lghub.app/Contents/Frameworks/lghub_agent.app/Contents/Resources/data/lighting/effects/mouse-oceanwave.json",
      "registerLibrary": false,
      "sha256": "8dab44446c12885ce9f7441619240f3c8b6b7f3b5ad9abf248f14b67413fd531"
    },
    {
      "path": "/Applications/lghub.app/Contents/Frameworks/lghub_agent.app/Contents/Resources/data/lighting/effects/screen_sampler-mrpk.json",
      "registerLibrary": false,
      "sha256": "97688d8ba4934b88c2df1bac3b98f429fb2105c3953a05d82346bdc3a9aa894a"
    },
    {
      "path": "/Applications/lghub.app/Contents/Frameworks/lghub_agent.app/Contents/Resources/data/lighting/effects/mouse-verticool.json",
      "registerLibrary": false,
      "sha256": "d390bc4038d6a04ffe38ee60f42dcfda0d0debbc4ac3c5d485553773bda449af"
    },
    {
      "path": "/Applications/lghub.app/Contents/Frameworks/lghub_agent.app/Contents/Resources/data/applications.json",
      "registerLibrary": false,
      "sha256": "08c3cbee42632da7c3b969e4881e629dbf27c469437e0d5685abb31c52a416e7"
    },
    {
      "path": "/Applications/lghub.app/Contents/Frameworks/lghub_agent.app/Contents/Resources/data/camera_presets.json",
      "registerLibrary": false,
      "sha256": "8bb8e44a057ad33601d60563712fd9d467945b120e958064390d41e5dbca19e0"
    },
    {
      "path": "/Applications/lghub.app/Contents/Frameworks/lghub_agent.app/Contents/Resources/data/tray_osx.png",
      "registerLibrary": false,
      "sha256": "9a927552ca455af375103c5aed55aed8a9a61dd555790715020f2c339bd0eecb"
    },
    {
      "path": "/Applications/lghub.app/Contents/Frameworks/lghub_agent.app/Contents/Resources/data/pro_eq_presets.json",
      "registerLibrary": false,
      "sha256": "4c51126b20550b830fb5d32a655bb60398dc62b2a6de915c0e15085473e75dbc"
    },
    {
      "path": "/Applications/lghub.app/Contents/Frameworks/lghub_agent.app/Contents/Library/SystemExtensions/com.logi.ghub.hidfilter.dext/_CodeSignature/CodeResources",
      "registerLibrary": false,
      "sha256": "ca570dca31780f567d0e311ec91749116afe1f5bc065646ae23cf8a10369f801"
    },
    {
      "path": "/Applications/lghub.app/Contents/Frameworks/lghub_agent.app/Contents/Library/SystemExtensions/com.logi.ghub.hidfilter.dext/com.logi.ghub.hidfilter",
      "registerLibrary": false,
      "sha256": "13a7aa0076a7e2a3dc3741abd7268afdf3d594ff44d12b223818daea30d08860"
    },
    {
      "path": "/Applications/lghub.app/Contents/Frameworks/lghub_agent.app/Contents/Library/SystemExtensions/com.logi.ghub.hidfilter.dext/embedded.provisionprofile",
      "registerLibrary": false,
      "sha256": "1209c8e658ec9f48c3ca7fb3e0258faeada8160ba426cdf9bb948bf95dd21cb5"
    },
    {
      "path": "/Applications/lghub.app/Contents/Frameworks/lghub_agent.app/Contents/Library/SystemExtensions/com.logi.ghub.hidfilter.dext/Info.plist",
      "registerLibrary": false,
      "sha256": "275094d299c62afa7460d1c4eedbbe4272b59db5492b43ce0c5004efa3c4112f"
    },
    {
      "path": "/Applications/lghub.app/Contents/Frameworks/lghub_agent.app/Contents/embedded.provisionprofile",
      "registerLibrary": false,
      "sha256": "538de421f343710602b29c642444db42e6ab1eb4030dbb24071bec6ca5676fe0"
    },
    {
      "path": "/Applications/lghub.app/Contents/Frameworks/lghub_agent.app/Contents/Frameworks/libQt5Network.5.dylib",
      "registerLibrary": false,
      "sha256": "e1757c42804dba3f205712ace566c5f1ee38f08ed2c9f785b7644acaabe53b56"
    },
    {
      "path": "/Applications/lghub.app/Contents/Frameworks/lghub_agent.app/Contents/Frameworks/libQt5DBus.5.dylib",
      "registerLibrary": false,
      "sha256": "a9f3276a20cb6ace2a4df93afa88243ae7f75ce8818c111ec007a482d1456cfb"
    },
    {
      "path": "/Applications/lghub.app/Contents/Frameworks/lghub_agent.app/Contents/Frameworks/libQt5Core.5.dylib",
      "registerLibrary": false,
      "sha256": "d2681be640de185d2d6843900796bc712ac43ec51845b61ef40745c3f1e4b8c1"
    },
    {
      "path": "/Applications/lghub.app/Contents/Frameworks/lghub_agent.app/Contents/Frameworks/libQt5PrintSupport.5.dylib",
      "registerLibrary": false,
      "sha256": "dd6d5eb585d93227b65992ddf8092c6bb7b9b434bc66983d53a9d13d1701ed1d"
    },
    {
      "path": "/Applications/lghub.app/Contents/Frameworks/lghub_agent.app/Contents/Frameworks/libQt5Concurrent.5.dylib",
      "registerLibrary": false,
      "sha256": "12b73ba7ec91cc1d26ba1e11f7a3e79035482e0f7248fa0236768fd7871f4afe"
    },
    {
      "path": "/Applications/lghub.app/Contents/Frameworks/lghub_agent.app/Contents/Frameworks/libQt5Svg.5.dylib",
      "registerLibrary": false,
      "sha256": "752f772347429175a44f7b07a10cc9e718ead6e74d04530a0be19104f4f5d40f"
    },
    {
      "path": "/Applications/lghub.app/Contents/Frameworks/lghub_agent.app/Contents/Frameworks/libQt5Widgets.5.dylib",
      "registerLibrary": false,
      "sha256": "9895cb468f84e1e0b61ebe2b9dd0aa625dcb0bbb6303faa12f1389a4c9c7633f"
    },
    {
      "path": "/Applications/lghub.app/Contents/Frameworks/lghub_agent.app/Contents/Frameworks/libQt5Gui.5.dylib",
      "registerLibrary": false,
      "sha256": "f7c8dd371abf872d35cc52a1c7c9f6de12f52dcb054fea82e23caddd75eba5eb"
    },
    {
      "path": "/Applications/lghub.app/Contents/Frameworks/lghub_agent.app/Contents/Info.plist",
      "registerLibrary": false,
      "sha256": "1fa2bdd903100e37ded804b4bf029e02f85de0c16ccb7c6918c2b49b1cd26f13"
    },
    {
      "path": "/Applications/lghub.app/Contents/Frameworks/lghub_agent.app/Contents/PkgInfo",
      "registerLibrary": false,
      "sha256": "e079b5c8da7c98ad0b93984550aa9cbe921d34d1a3d7e25d1410d9c74f5dad83"
    },
    {
      "path": "/Applications/lghub.app/Contents/Frameworks/Electron Framework.framework/Electron Framework",
      "registerLibrary": false,
      "sha256": ""
    },
    {
      "path": "/Applications/lghub.app/Contents/Frameworks/Electron Framework.framework/Versions/A/_CodeSignature/CodeResources",
      "registerLibrary": false,
      "sha256": "466fd3ab778f1efb69b86a9d131248c0ef7c34b39a095544c99eb1ea0eae5d6b"
    },
    {
      "path": "/Applications/lghub.app/Contents/Frameworks/Electron Framework.framework/Versions/A/Electron Framework",
      "registerLibrary": false,
      "sha256": "99a12ffe2a36a4b47cc48ac1e5cfc693e7e54f70e1aa9092e71330c8890b90f7"
    },
    {
      "path": "/Applications/lghub.app/Contents/Frameworks/Electron Framework.framework/Versions/A/Resources/de.lproj/locale.pak",
      "registerLibrary": false,
      "sha256": "df0e64e3a83d34f49c82f679b080023e6c35fea67631fed4383db6028809fd14"
    },
    {
      "path": "/Applications/lghub.app/Contents/Frameworks/Electron Framework.framework/Versions/A/Resources/he.lproj/locale.pak",
      "registerLibrary": false,
      "sha256": "58ffcb7501470b00b5f12eb64b8734eb016df8db6c7c01d7535d246e58d60757"
    },
    {
      "path": "/Applications/lghub.app/Contents/Frameworks/Electron Framework.framework/Versions/A/Resources/ar.lproj/locale.pak",
      "registerLibrary": false,
      "sha256": "c81c9bfe194d1019371f2f2f8734b0d732f2cf15932dbdfe813013339fd8cd78"
    },
    {
      "path": "/Applications/lghub.app/Contents/Frameworks/Electron Framework.framework/Versions/A/Resources/el.lproj/locale.pak",
      "registerLibrary": false,
      "sha256": "b594da0a39b998714fb05fdc89fb1fa92962f86ab7f5745e72f493a30034dc41"
    },
    {
      "path": "/Applications/lghub.app/Contents/Frameworks/Electron Framework.framework/Versions/A/Resources/ja.lproj/locale.pak",
      "registerLibrary": false,
      "sha256": "2bafb9b07d292da87aa622f3cbd92cb9ee96ea8739dd59825527a98f0eb4eac6"
    },
    {
      "path": "/Applications/lghub.app/Contents/Frameworks/Electron Framework.framework/Versions/A/Resources/fa.lproj/locale.pak",
      "registerLibrary": false,
      "sha256": "f901ce56a908c4c9bc6f3ae51372b5b478a9d4ffebd798b64b889d0fc2013732"
    },
    {
      "path": "/Applications/lghub.app/Contents/Frameworks/Electron Framework.framework/Versions/A/Resources/mr.lproj/locale.pak",
      "registerLibrary": false,
      "sha256": "bb7597a69088e2906af6ca3b0a51b63e23c8b425d9e5555d90ba6cb60c25d28f"
    },
    {
      "path": "/Applications/lghub.app/Contents/Frameworks/Electron Framework.framework/Versions/A/Resources/en.lproj/locale.pak",
      "registerLibrary": false,
      "sha256": "016cf7be6e905091339019d985910933551821229c1f0547b8e72ecfdc58321d"
    },
    {
      "path": "/Applications/lghub.app/Contents/Frameworks/Electron Framework.framework/Versions/A/Resources/chrome_200_percent.pak",
      "registerLibrary": false,
      "sha256": "9242682a384cd02a5a1204924701e00aa84362f99de947a065071a4104a526c7"
    },
    {
      "path": "/Applications/lghub.app/Contents/Frameworks/Electron Framework.framework/Versions/A/Resources/uk.lproj/locale.pak",
      "registerLibrary": false,
      "sha256": "78e324cc7258fdefca07c3385e756378cf70a17461cb80e9c220000e689269be"
    },
    {
      "path": "/Applications/lghub.app/Contents/Frameworks/Electron Framework.framework/Versions/A/Resources/es_419.lproj/locale.pak",
      "registerLibrary": false,
      "sha256": "0f5683b4345ee2f7ea815bc626cc8d5aee329c5e5bda8fa1c286708a9977a9c5"
    },
    {
      "path": "/Applications/lghub.app/Contents/Frameworks/Electron Framework.framework/Versions/A/Resources/gu.lproj/locale.pak",
      "registerLibrary": false,
      "sha256": "9060928611cca58b8b93f13b783501a930b5bbf2d509b38ee88142ebd272216c"
    },
    {
      "path": "/Applications/lghub.app/Contents/Frameworks/Electron Framework.framework/Versions/A/Resources/zh_CN.lproj/locale.pak",
      "registerLibrary": false,
      "sha256": "b740d447e2ba30617a85ff42ab154a47ec9936c76c5ac82f4ff41c80091e999f"
    },
    {
      "path": "/Applications/lghub.app/Contents/Frameworks/Electron Framework.framework/Versions/A/Resources/kn.lproj/locale.pak",
      "registerLibrary": false,
      "sha256": "82b1de5de763f1e8a3e2ee5e8f55355ba225461462da39142c90a5decc46e668"
    },
    {
      "path": "/Applications/lghub.app/Contents/Frameworks/Electron Framework.framework/Versions/A/Resources/nb.lproj/locale.pak",
      "registerLibrary": false,
      "sha256": "d003dde74c298b8f4690102cb5bc215ebd6377f5514b8749cfb87785c6e90ee3"
    },
    {
      "path": "/Applications/lghub.app/Contents/Frameworks/Electron Framework.framework/Versions/A/Resources/chrome_100_percent.pak",
      "registerLibrary": false,
      "sha256": "4634ca9e0c605cb3a3acf45458a4702282451ea65c5c7a8dd9ac14def8661146"
    },
    {
      "path": "/Applications/lghub.app/Contents/Frameworks/Electron Framework.framework/Versions/A/Resources/am.lproj/locale.pak",
      "registerLibrary": false,
      "sha256": "ba5ec3ee1d279a760b7ccb8b35f1865bc457d26903aeb0a9c4b0df1f6da14681"
    },
    {
      "path": "/Applications/lghub.app/Contents/Frameworks/Electron Framework.framework/Versions/A/Resources/es.lproj/locale.pak",
      "registerLibrary": false,
      "sha256": "c2027cf983855507d8bea790d569272463b9f3e1883f974de1a47c58adb7a376"
    },
    {
      "path": "/Applications/lghub.app/Contents/Frameworks/Electron Framework.framework/Versions/A/Resources/sw.lproj/locale.pak",
      "registerLibrary": false,
      "sha256": "64c4c13a952dafef54bf2a85a1c7f7df5a9eeaf0c0abb79cfc7b2759069eb569"
    },
    {
      "path": "/Applications/lghub.app/Contents/Frameworks/Electron Framework.framework/Versions/A/Resources/sl.lproj/locale.pak",
      "registerLibrary": false,
      "sha256": "725eb7b9066e7288916a976890e0552040e5e4c6adb71fc0099de51776b0a93e"
    },
    {
      "path": "/Applications/lghub.app/Contents/Frameworks/Electron Framework.framework/Versions/A/Resources/pt_BR.lproj/locale.pak",
      "registerLibrary": false,
      "sha256": "098073068a94d5571244518c9c8e943902ff879fbbebe76ac19f5b08e4475b6f"
    },
    {
      "path": "/Applications/lghub.app/Contents/Frameworks/Electron Framework.framework/Versions/A/Resources/da.lproj/locale.pak",
      "registerLibrary": false,
      "sha256": "26583e7ca521f55f7ff67c54692211b7fe6b8730ee1316a6cd9b066afff39551"
    },
    {
      "path": "/Applications/lghub.app/Contents/Frameworks/Electron Framework.framework/Versions/A/Resources/et.lproj/locale.pak",
      "registerLibrary": false,
      "sha256": "eaad0eeb9e2d9e315883ed55f88347582aaca84260f5c04d7e4941efe0436a18"
    },
    {
      "path": "/Applications/lghub.app/Contents/Frameworks/Electron Framework.framework/Versions/A/Resources/it.lproj/locale.pak",
      "registerLibrary": false,
      "sha256": "486d92bfb0093bb5f577bda7bcc852fcff9008741c9f279271167c0a0c12fd1e"
    },
    {
      "path": "/Applications/lghub.app/Contents/Frameworks/Electron Framework.framework/Versions/A/Resources/bg.lproj/locale.pak",
      "registerLibrary": false,
      "sha256": "aa6f604dc320fe73433b6683689c755a6b433254409c8580ea4baea26290fe54"
    },
    {
      "path": "/Applications/lghub.app/Contents/Frameworks/Electron Framework.framework/Versions/A/Resources/sk.lproj/locale.pak",
      "registerLibrary": false,
      "sha256": "1e857409ef790ccf9d03bcf5809d2ce0a6a9caa900735dba4797f876b66d2010"
    },
    {
      "path": "/Applications/lghub.app/Contents/Frameworks/Electron Framework.framework/Versions/A/Resources/pt_PT.lproj/locale.pak",
      "registerLibrary": false,
      "sha256": "4a386400b45f8598fa3d871418b5c29bc633b12acae597a865de012bb9531543"
    },
    {
      "path": "/Applications/lghub.app/Contents/Frameworks/Electron Framework.framework/Versions/A/Resources/icudtl.dat",
      "registerLibrary": false,
      "sha256": "c61704cc9cf5797bf32301a2b3312158af3fe86eadc913d937031cf594760c2d"
    },
    {
      "path": "/Applications/lghub.app/Contents/Frameworks/Electron Framework.framework/Versions/A/Resources/sr.lproj/locale.pak",
      "registerLibrary": false,
      "sha256": "685bb6536320f7de6e21266dce0fc927dfd7df3a53b59dd4474b8f4dce225cd6"
    },
    {
      "path": "/Applications/lghub.app/Contents/Frameworks/Electron Framework.framework/Versions/A/Resources/ms.lproj/locale.pak",
      "registerLibrary": false,
      "sha256": "29b51613e9d831c41ec46f20299dbbe24ea1ee3bbb78db82a17425b3f9f865ee"
    },
    {
      "path": "/Applications/lghub.app/Contents/Frameworks/Electron Framework.framework/Versions/A/Resources/ta.lproj/locale.pak",
      "registerLibrary": false,
      "sha256": "ac01b7a396129161ef9d25ab7b5aa19734bbec7351f91456901b496a88769301"
    },
    {
      "path": "/Applications/lghub.app/Contents/Frameworks/Electron Framework.framework/Versions/A/Resources/ml.lproj/locale.pak",
      "registerLibrary": false,
      "sha256": "8387c013235d597ef20a7ed11e3c159c17ab7f959752395830531965847dc8f4"
    },
    {
      "path": "/Applications/lghub.app/Contents/Frameworks/Electron Framework.framework/Versions/A/Resources/sv.lproj/locale.pak",
      "registerLibrary": false,
      "sha256": "453fd9cafba28ca13d0d4452adcd5b4eca8c8bfc757d22416aadc57223152487"
    },
    {
      "path": "/Applications/lghub.app/Contents/Frameworks/Electron Framework.framework/Versions/A/Resources/te.lproj/locale.pak",
      "registerLibrary": false,
      "sha256": "888be7c741ab53229b8b694b50f8c721459b8803a3e31482eeb51323fc4a9d34"
    },
    {
      "path": "/Applications/lghub.app/Contents/Frameworks/Electron Framework.framework/Versions/A/Resources/cs.lproj/locale.pak",
      "registerLibrary": false,
      "sha256": "dcc7d08bde5badc67c8092f348aff3f93211cefb5deffcff631098292f838599"
    },
    {
      "path": "/Applications/lghub.app/Contents/Frameworks/Electron Framework.framework/Versions/A/Resources/ko.lproj/locale.pak",
      "registerLibrary": false,
      "sha256": "0cda04ee71768378baf7b90162aa923a69396880c42a604ad03ca296b53ebc12"
    },
    {
      "path": "/Applications/lghub.app/Contents/Frameworks/Electron Framework.framework/Versions/A/Resources/fil.lproj/locale.pak",
      "registerLibrary": false,
      "sha256": "8ac2536bba13549b1564e7c11440b75632c175b602971df56b0463a327e31d29"
    },
    {
      "path": "/Applications/lghub.app/Contents/Frameworks/Electron Framework.framework/Versions/A/Resources/MainMenu.nib/keyedobjects-101300.nib",
      "registerLibrary": false,
      "sha256": "13babb75242c97bafa04d38d5280cd284640b5e4de678d82f6f666f107926995"
    },
    {
      "path": "/Applications/lghub.app/Contents/Frameworks/Electron Framework.framework/Versions/A/Resources/MainMenu.nib/keyedobjects.nib",
      "registerLibrary": false,
      "sha256": "9e2410a85ef72b9171d1d3e0aca845bef0c90d46a40eb55b9342e43a3273dcb7"
    },
    {
      "path": "/Applications/lghub.app/Contents/Frameworks/Electron Framework.framework/Versions/A/Resources/hu.lproj/locale.pak",
      "registerLibrary": false,
      "sha256": "dd5b714830242fbf7f8a7512f0f821869699872b059a1c49fe3e32d5b8133588"
    },
    {
      "path": "/Applications/lghub.app/Contents/Frameworks/Electron Framework.framework/Versions/A/Resources/tr.lproj/locale.pak",
      "registerLibrary": false,
      "sha256": "daf543cd945404301771a6bbf2d89a1a12eed282724aa24c143943918eb7d309"
    },
    {
      "path": "/Applications/lghub.app/Contents/Frameworks/Electron Framework.framework/Versions/A/Resources/pl.lproj/locale.pak",
      "registerLibrary": false,
      "sha256": "5c8fddd2f12e98ba063912f618a7498163718801ad78ed0d67f516eadf2aeb0b"
    },
    {
      "path": "/Applications/lghub.app/Contents/Frameworks/Electron Framework.framework/Versions/A/Resources/zh_TW.lproj/locale.pak",
      "registerLibrary": false,
      "sha256": "536811d4895afbff7a962486a4e93d41416317910a437c294d3b0d70b4b07149"
    },
    {
      "path": "/Applications/lghub.app/Contents/Frameworks/Electron Framework.framework/Versions/A/Resources/en_GB.lproj/locale.pak",
      "registerLibrary": false,
      "sha256": "abda51787eefbdb1098957324aaa242385e465e0e9ab8d785fd6385da123e53c"
    },
    {
      "path": "/Applications/lghub.app/Contents/Frameworks/Electron Framework.framework/Versions/A/Resources/resources.pak",
      "registerLibrary": false,
      "sha256": "5bc7c2e935b92e341ee1035fbb14a4195e70aed3a62615ce4e6c3e0535b4f871"
    },
    {
      "path": "/Applications/lghub.app/Contents/Frameworks/Electron Framework.framework/Versions/A/Resources/vi.lproj/locale.pak",
      "registerLibrary": false,
      "sha256": "6d265db7e506801691d98674f8c1edefee9cdc2738de5c8a374cf4d0b712b2d4"
    },
    {
      "path": "/Applications/lghub.app/Contents/Frameworks/Electron Framework.framework/Versions/A/Resources/lv.lproj/locale.pak",
      "registerLibrary": false,
      "sha256": "3f8a4ff575de08564506e10f7e943e7e8b94fdfd4f621fce8ab5c0bdb4d250bb"
    },
    {
      "path": "/Applications/lghub.app/Contents/Frameworks/Electron Framework.framework/Versions/A/Resources/lt.lproj/locale.pak",
      "registerLibrary": false,
      "sha256": "dfe25c598725c599b9a2c0eac9a6a91d17c31254719fd15a2ebc810d3bd5faa4"
    },
    {
      "path": "/Applications/lghub.app/Contents/Frameworks/Electron Framework.framework/Versions/A/Resources/ru.lproj/locale.pak",
      "registerLibrary": false,
      "sha256": "b5b7d6d129df3196727fbdee64e0485db442fa2c2264faec5bf63856571cca32"
    },
    {
      "path": "/Applications/lghub.app/Contents/Frameworks/Electron Framework.framework/Versions/A/Resources/v8_context_snapshot.x86_64.bin",
      "registerLibrary": false,
      "sha256": "382a346a34947ff8841aac2ff8278f36c26324aa006fe572fe536338b8039173"
    },
    {
      "path": "/Applications/lghub.app/Contents/Frameworks/Electron Framework.framework/Versions/A/Resources/fr.lproj/locale.pak",
      "registerLibrary": false,
      "sha256": "16aa3d63648bcd5d9258873dd20bd0eb30cc2cdd78493ef4ec7c2a90a728bc25"
    },
    {
      "path": "/Applications/lghub.app/Contents/Frameworks/Electron Framework.framework/Versions/A/Resources/fi.lproj/locale.pak",
      "registerLibrary": false,
      "sha256": "a5042d72051dc2ce8ea2d1627fffd2c6973683774f463ba554ec3a374a4e5c14"
    },
    {
      "path": "/Applications/lghub.app/Contents/Frameworks/Electron Framework.framework/Versions/A/Resources/id.lproj/locale.pak",
      "registerLibrary": false,
      "sha256": "1a1d2bec9758eeecb5a36743037193c2ee18c0b2771d10a7fbe14319b1f480ab"
    },
    {
      "path": "/Applications/lghub.app/Contents/Frameworks/Electron Framework.framework/Versions/A/Resources/nl.lproj/locale.pak",
      "registerLibrary": false,
      "sha256": "157dc692a16c06bbec8845a4fd2cff7dde5cfbce319850b236f9301edf656da1"
    },
    {
      "path": "/Applications/lghub.app/Contents/Frameworks/Electron Framework.framework/Versions/A/Resources/th.lproj/locale.pak",
      "registerLibrary": false,
      "sha256": "bf4379d46d8b3af5282b937c5e18bd30bfc92cae5087944ac9380db20da588b7"
    },
    {
      "path": "/Applications/lghub.app/Contents/Frameworks/Electron Framework.framework/Versions/A/Resources/bn.lproj/locale.pak",
      "registerLibrary": false,
      "sha256": "9e7319a640ef5b68b6dddbb5f7ded46d2d7b9ec0cde420780e1d7179d1155957"
    },
    {
      "path": "/Applications/lghub.app/Contents/Frameworks/Electron Framework.framework/Versions/A/Resources/ro.lproj/locale.pak",
      "registerLibrary": false,
      "sha256": "b6c400fbefbb207bbf19f549ca864d03aacb1eee01eb13156a3a80e71744ccd9"
    },
    {
      "path": "/Applications/lghub.app/Contents/Frameworks/Electron Framework.framework/Versions/A/Resources/Info.plist",
      "registerLibrary": false,
      "sha256": "71db282735afaba521bac9dc26a8cfebea75e1eea56f308e8349b2a2296b9edc"
    },
    {
      "path": "/Applications/lghub.app/Contents/Frameworks/Electron Framework.framework/Versions/A/Resources/hr.lproj/locale.pak",
      "registerLibrary": false,
      "sha256": "18ca9e1005156f18cf7171111c0f265d10642f004471695fe1b6c32baa5db238"
    },
    {
      "path": "/Applications/lghub.app/Contents/Frameworks/Electron Framework.framework/Versions/A/Resources/hi.lproj/locale.pak",
      "registerLibrary": false,
      "sha256": "2cbfd8d9d4a16e4f940d6552afa28d6e90ac9c2d98cd948f14a85f771bdc5c0d"
    },
    {
      "path": "/Applications/lghub.app/Contents/Frameworks/Electron Framework.framework/Versions/A/Resources/ca.lproj/locale.pak",
      "registerLibrary": false,
      "sha256": "ee59d896226075eb2cbf27485829b4978fdf7438e9d7555f42a5749f70f90ea8"
    },
    {
      "path": "/Applications/lghub.app/Contents/Frameworks/Electron Framework.framework/Versions/A/Libraries/libEGL.dylib",
      "registerLibrary": false,
      "sha256": "3c9e2da454ef78e1a63b0cad33a3506a6eea777b5ab3f6f96568f2a8f74744a3"
    },
    {
      "path": "/Applications/lghub.app/Contents/Frameworks/Electron Framework.framework/Versions/A/Libraries/vk_swiftshader_icd.json",
      "registerLibrary": false,
      "sha256": "d717d915e31e7c27948b80b36ab34e2d897888114c5c7d0af835f93eb53e58f5"
    },
    {
      "path": "/Applications/lghub.app/Contents/Frameworks/Electron Framework.framework/Versions/A/Libraries/libswiftshader_libEGL.dylib",
      "registerLibrary": false,
      "sha256": "10a400eb92ab48025cad5f921f2ef07e887af3bf2db5fd128e0c7078757e84ef"
    },
    {
      "path": "/Applications/lghub.app/Contents/Frameworks/Electron Framework.framework/Versions/A/Libraries/libvk_swiftshader.dylib",
      "registerLibrary": false,
      "sha256": "b7f38de7d7ebf6527e3940b65f980473049250172c821275f64e62212031267f"
    },
    {
      "path": "/Applications/lghub.app/Contents/Frameworks/Electron Framework.framework/Versions/A/Libraries/libGLESv2.dylib",
      "registerLibrary": false,
      "sha256": "277c49dcc75065021c11563539c2a989f58b0dd8ba666c18a985d49e7612f90a"
    },
    {
      "path": "/Applications/lghub.app/Contents/Frameworks/Electron Framework.framework/Versions/A/Libraries/libswiftshader_libGLESv2.dylib",
      "registerLibrary": false,
      "sha256": "ce1af8a06e949e522d06f4da23ec4ca8cb8372a126f6819a1c217a75b18498f8"
    },
    {
      "path": "/Applications/lghub.app/Contents/Frameworks/Electron Framework.framework/Versions/A/Libraries/libffmpeg.dylib",
      "registerLibrary": false,
      "sha256": "73f7cd355fe6e96926b95fcccb22d5457dc1a9d510a24bdb7ef3d4b32fd8ba88"
    },
    {
      "path": "/Applications/lghub.app/Contents/Frameworks/Electron Framework.framework/Versions/A/Helpers/chrome_crashpad_handler",
      "registerLibrary": false,
      "sha256": "0a94e758d4b0affdd55a5eb5cfb24086d8ed2531bda89f214c2370672acef194"
    },
    {
      "path": "/Applications/lghub.app/Contents/Frameworks/Electron Framework.framework/Versions/Current",
      "registerLibrary": false,
      "sha256": "e3b0c44298fc1c149afbf4c8996fb92427ae41e4649b934ca495991b7852b855"
    },
    {
      "path": "/Applications/lghub.app/Contents/Frameworks/ReactiveObjC.framework/Versions/A/_CodeSignature/CodeResources",
      "registerLibrary": false,
      "sha256": "9912287849c3c2dd9ce5d598cd65ac23eab05a478c96d67aef211c0a6df0e545"
    },
    {
      "path": "/Applications/lghub.app/Contents/Frameworks/ReactiveObjC.framework/Versions/A/Resources/Info.plist",
      "registerLibrary": false,
      "sha256": "8e1d1e6e0cac923c73c873a43b33154496f07ea2f81696facae921d36db0d031"
    },
    {
      "path": "/Applications/lghub.app/Contents/Frameworks/ReactiveObjC.framework/Versions/A/ReactiveObjC",
      "registerLibrary": false,
      "sha256": "c7ba85e138147184a8feee4d5f590829890debdefb09a0846c60148122217600"
    },
    {
      "path": "/Applications/lghub.app/Contents/Frameworks/lghub Helper (GPU).app/Contents/MacOS/lghub Helper (GPU)",
      "registerLibrary": false,
      "sha256": "73b60d19d8339c34cdaa2c46e6c59e997c44dc551dd4b64956a7b96fc82f1ae7"
    },
    {
      "path": "/Applications/lghub.app/Contents/Frameworks/lghub Helper (GPU).app/Contents/Info.plist",
      "registerLibrary": false,
      "sha256": "6f8fb631294a16be69affe29415a371387c1e409bd1136a75ed38264582fc1db"
    },
    {
      "path": "/Applications/lghub.app/Contents/Frameworks/libQt5Network.5.dylib",
      "registerLibrary": false,
      "sha256": "2103c416aa0dcd60ddd8671837aa70becf58a0c85193b065d6622dc2db775d9f"
    },
    {
      "path": "/Applications/lghub.app/Contents/Frameworks/libQt5DBus.5.dylib",
      "registerLibrary": false,
      "sha256": "3bc1706c3df36f8b9cefdc256e70d600cdff077c130c7620837622bd5698c6aa"
    },
    {
      "path": "/Applications/lghub.app/Contents/Frameworks/Squirrel.framework/Versions/A/_CodeSignature/CodeResources",
      "registerLibrary": false,
      "sha256": "365f9640c7e642ccc3301ce4ed6aa2b88e244e3cd0a6cab2f883573e1a6731d2"
    },
    {
      "path": "/Applications/lghub.app/Contents/Frameworks/Squirrel.framework/Versions/A/Resources/ShipIt",
      "registerLibrary": false,
      "sha256": "5fbf8fefd59e035212bcf6f5978def5e84ed285e282ae3f5a6286c830db65551"
    },
    {
      "path": "/Applications/lghub.app/Contents/Frameworks/Squirrel.framework/Versions/A/Resources/Info.plist",
      "registerLibrary": false,
      "sha256": "e2e605ba68286121bb14c6b30f9b997cde3bf9158b62f3285499f1bdddc20fcb"
    },
    {
      "path": "/Applications/lghub.app/Contents/Frameworks/Squirrel.framework/Versions/A/Squirrel",
      "registerLibrary": false,
      "sha256": "325a5d97414fa386120492d4b4081382b9b5f6f1313c406b8be6c3cc700e7fd6"
    },
    {
      "path": "/Applications/lghub.app/Contents/Frameworks/lghub Helper (Plugin).app/Contents/MacOS/lghub Helper (Plugin)",
      "registerLibrary": false,
      "sha256": "38e41304a6b58fd8c09d911d91b2beb1df2532c8dcfc077618937a342c94836f"
    },
    {
      "path": "/Applications/lghub.app/Contents/Frameworks/lghub Helper (Plugin).app/Contents/Info.plist",
      "registerLibrary": false,
      "sha256": "ec6859ef8f78b99dec50af718f77d5b8ab2187c66ddb493406f38048f5ed7a17"
    },
    {
      "path": "/Applications/lghub.app/Contents/Frameworks/libQt5Core.5.dylib",
      "registerLibrary": false,
      "sha256": "cf3c3184190e6e917028b161976d29cdf7db049767aaaab23a42b9702614b4ee"
    },
    {
      "path": "/Applications/lghub.app/Contents/Frameworks/Mantle.framework/Versions/A/_CodeSignature/CodeResources",
      "registerLibrary": false,
      "sha256": "3d9ee534bf6c1f9b623e918968e8d2a45ce47c5f221526405356b36e33f2349a"
    },
    {
      "path": "/Applications/lghub.app/Contents/Frameworks/Mantle.framework/Versions/A/Mantle",
      "registerLibrary": false,
      "sha256": "bf6accd4bdea3ce4875f748a6ecc9b054226c47cfa44a65e0b829dded55692b7"
    },
    {
      "path": "/Applications/lghub.app/Contents/Frameworks/Mantle.framework/Versions/A/Resources/Info.plist",
      "registerLibrary": false,
      "sha256": "4a56004cbbccdfc1a153daeeb49b024fd24782f5c0a97f55f359725215b2af46"
    },
    {
      "path": "/Applications/lghub.app/Contents/Frameworks/libQt5PrintSupport.5.dylib",
      "registerLibrary": false,
      "sha256": "98ef852e23b605ccf0e8049de0647b3249be9237597a19926138d06e7f96bfbc"
    },
    {
      "path": "/Applications/lghub.app/Contents/Frameworks/libQt5Concurrent.5.dylib",
      "registerLibrary": false,
      "sha256": "90a911df58447e4082a61f5254a97faefc63dcfbb15a3b29001210558d1ce95e"
    },
    {
      "path": "/Applications/lghub.app/Contents/Frameworks/libQt5Svg.5.dylib",
      "registerLibrary": false,
      "sha256": "6b9f5c5362e7c4d3448117039ba38886a86e03ed71e249a5e58982b8316fee23"
    },
    {
      "path": "/Applications/lghub.app/Contents/Frameworks/lghub_updater.app/Contents/CodeResources",
      "registerLibrary": false,
      "sha256": "35fa7ea5f4a161c22823328845f45767e34c553be090c2b48fa0c48cb8d43810"
    },
    {
      "path": "/Applications/lghub.app/Contents/Frameworks/lghub_updater.app/Contents/_CodeSignature/CodeResources",
      "registerLibrary": false,
      "sha256": "351839b5c46a69274d68fc36c88ef963e593ab93a1ddf886bcdbac84ff5b6bd0"
    },
    {
      "path": "/Applications/lghub.app/Contents/Frameworks/lghub_updater.app/Contents/MacOS/logi_crashpad_handler",
      "registerLibrary": false,
      "sha256": "e4d3dfddc9dcf3995b44d9fc8cb93692aa8fd266b45fdbfd630dac5000b905b2"
    },
    {
      "path": "/Applications/lghub.app/Contents/Frameworks/lghub_updater.app/Contents/MacOS/lghub_updater",
      "registerLibrary": false,
      "sha256": "940077597bff2c96cf577967c90083d86f5f28a4f75d297385c34f47db7183a2"
    },
    {
      "path": "/Applications/lghub.app/Contents/Frameworks/lghub_updater.app/Contents/Info.plist",
      "registerLibrary": false,
      "sha256": "fbd1acbfe568b8e64257087d470d634e9d760043b32142fced290eaa60b17a62"
    },
    {
      "path": "/Applications/lghub.app/Contents/Frameworks/lghub Helper (Renderer).app/Contents/_CodeSignature/CodeResources",
      "registerLibrary": false,
      "sha256": "4cf3782d18b5d25095be71ad616c55203ef6d0a6b3781b911c4f7df0eb209301"
    },
    {
      "path": "/Applications/lghub.app/Contents/Frameworks/lghub Helper (Renderer).app/Contents/MacOS/lghub Helper (Renderer)",
      "registerLibrary": false,
      "sha256": "424cbddeebc18b94a7f18be6c0312979ada43195d53e196ef33f43a194542fe3"
    },
    {
      "path": "/Applications/lghub.app/Contents/Frameworks/lghub Helper (Renderer).app/Contents/Info.plist",
      "registerLibrary": false,
      "sha256": "196cee81128af95e87755b6511ea11405496729312d259ecf68c6827fd878561"
    },
    {
      "path": "/Applications/lghub.app/Contents/Frameworks/libQt5Widgets.5.dylib",
      "registerLibrary": false,
      "sha256": "d02c69bb2f2f941d5a55165f6cf7235ca4df28f3f0784f35321439a4e59e1f56"
    },
    {
      "path": "/Applications/lghub.app/Contents/Frameworks/libQt5Gui.5.dylib",
      "registerLibrary": false,
      "sha256": "5e37aa84a7451e60e894471c0831b38140e1569d7c7a5d955cb94a88bcb40d52"
    },
    {
      "path": "/Applications/lghub.app/Contents/Info.plist",
      "registerLibrary": false,
      "sha256": "1ea352cf556677fcacaf65204bfeb015af4fe51be977b8329653a42e68b85068"
    },
    {
      "path": "/Library/LaunchAgents/com.logi.ghub.plist",
      "registerLibrary": false,
      "sha256": "6d35b4c02f67f455434115468ac469cdc94da45bacf53e3d7f98b82d21420733"
    },
    {
      "path": "/Library/LaunchDaemons/com.logi.ghub.updater.plist",
      "registerLibrary": false,
      "sha256": "182c3b364a5a886c64cc1695ecc5b5ad034cbc26793106716c998e33fa81d763"
    },
    {
      "path": "/Users/logiqa/Library/Application Support/LGHUB/integrations/applet_discord/config.json",
      "registerLibrary": false,
      "sha256": "df818820b31755a470ff3c6199942d48385818a11096616c7e734d79f74796a8"
    },
    {
      "path": "/Users/logiqa/Library/Application Support/LGHUB/integrations/applet_obs/config.json",
      "registerLibrary": false,
      "sha256": "f399794f7d8137ab1b8dedba0452ab0fb87e7aeb566e3237094c62480ee33cc8"
    },
    {
      "path": "/Library/Application Support/obs-studio/plugins/logi_obs_plugin/bin/logi_obs_plugin.so",
      "registerLibrary": false,
      "sha256": "1baa79bdc1eed0d8abdaa2358f562972ec54e1669e19a78f54972574d0ce6cce"
    }
  ],
  "folders": [
    {
      "path": "/Applications/lghub.app"
    },
    {
      "path": "/Applications/lghub.app/Contents"
    },
    {
      "path": "/Applications/lghub.app/Contents/_CodeSignature"
    },
    {
      "path": "/Applications/lghub.app/Contents/MacOS"
    },
    {
      "path": "/Applications/lghub.app/Contents/Resources"
    },
    {
      "path": "/Applications/lghub.app/Contents/Resources/zh-TW.lproj"
    },
    {
      "path": "/Applications/lghub.app/Contents/Resources/it-IT.lproj"
    },
    {
      "path": "/Applications/lghub.app/Contents/Resources/nb-NO.lproj"
    },
    {
      "path": "/Applications/lghub.app/Contents/Resources/ru-RU.lproj"
    },
    {
      "path": "/Applications/lghub.app/Contents/Resources/tr-TR.lproj"
    },
    {
      "path": "/Applications/lghub.app/Contents/Resources/es-ES.lproj"
    },
    {
      "path": "/Applications/lghub.app/Contents/Resources/fr-FR.lproj"
    },
    {
      "path": "/Applications/lghub.app/Contents/Resources/ja-JP.lproj"
    },
    {
      "path": "/Applications/lghub.app/Contents/Resources/ko-KR.lproj"
    },
    {
      "path": "/Applications/lghub.app/Contents/Resources/Base.lproj"
    },
    {
      "path": "/Applications/lghub.app/Contents/Resources/fi-FI.lproj"
    },
    {
      "path": "/Applications/lghub.app/Contents/Resources/da-DK.lproj"
    },
    {
      "path": "/Applications/lghub.app/Contents/Resources/hu-HU.lproj"
    },
    {
      "path": "/Applications/lghub.app/Contents/Resources/app.asar.unpacked"
    },
    {
      "path": "/Applications/lghub.app/Contents/Resources/app.asar.unpacked/node_modules"
    },
    {
      "path": "/Applications/lghub.app/Contents/Resources/app.asar.unpacked/node_modules/keytar"
    },
    {
      "path": "/Applications/lghub.app/Contents/Resources/app.asar.unpacked/node_modules/keytar/build"
    },
    {
      "path": "/Applications/lghub.app/Contents/Resources/app.asar.unpacked/node_modules/keytar/build/Release"
    },
    {
      "path": "/Applications/lghub.app/Contents/Resources/pt-BR.lproj"
    },
    {
      "path": "/Applications/lghub.app/Contents/Resources/nl-NL.lproj"
    },
    {
      "path": "/Applications/lghub.app/Contents/Resources/cs-CZ.lproj"
    },
    {
      "path": "/Applications/lghub.app/Contents/Resources/zh-CN.lproj"
    },
    {
      "path": "/Applications/lghub.app/Contents/Resources/en-US.lproj"
    },
    {
      "path": "/Applications/lghub.app/Contents/Resources/de-DE.lproj"
    },
    {
      "path": "/Applications/lghub.app/Contents/Resources/pl-PL.lproj"
    },
    {
      "path": "/Applications/lghub.app/Contents/Resources/sv-SE.lproj"
    },
    {
      "path": "/Applications/lghub.app/Contents/Frameworks"
    },
    {
      "path": "/Applications/lghub.app/Contents/Frameworks/lghub Helper.app"
    },
    {
      "path": "/Applications/lghub.app/Contents/Frameworks/lghub Helper.app/Contents"
    },
    {
      "path": "/Applications/lghub.app/Contents/Frameworks/lghub Helper.app/Contents/_CodeSignature"
    },
    {
      "path": "/Applications/lghub.app/Contents/Frameworks/lghub Helper.app/Contents/MacOS"
    },
    {
      "path": "/Applications/lghub.app/Contents/Frameworks/lghub_agent.app"
    },
    {
      "path": "/Applications/lghub.app/Contents/Frameworks/lghub_agent.app/Contents"
    },
    {
      "path": "/Applications/lghub.app/Contents/Frameworks/lghub_agent.app/Contents/_CodeSignature"
    },
    {
      "path": "/Applications/lghub.app/Contents/Frameworks/lghub_agent.app/Contents/MacOS"
    },
    {
      "path": "/Applications/lghub.app/Contents/Frameworks/lghub_agent.app/Contents/MacOS/lghub_agent.dSYM"
    },
    {
      "path": "/Applications/lghub.app/Contents/Frameworks/lghub_agent.app/Contents/MacOS/lghub_agent.dSYM/Contents"
    },
    {
      "path": "/Applications/lghub.app/Contents/Frameworks/lghub_agent.app/Contents/MacOS/lghub_agent.dSYM/Contents/Resources"
    },
    {
      "path": "/Applications/lghub.app/Contents/Frameworks/lghub_agent.app/Contents/MacOS/lghub_agent.dSYM/Contents/Resources/DWARF"
    },
    {
      "path": "/Applications/lghub.app/Contents/Frameworks/lghub_agent.app/Contents/PlugIns"
    },
    {
      "path": "/Applications/lghub.app/Contents/Frameworks/lghub_agent.app/Contents/PlugIns/platforms"
    },
    {
      "path": "/Applications/lghub.app/Contents/Frameworks/lghub_agent.app/Contents/PlugIns/printsupport"
    },
    {
      "path": "/Applications/lghub.app/Contents/Frameworks/lghub_agent.app/Contents/PlugIns/styles"
    },
    {
      "path": "/Applications/lghub.app/Contents/Frameworks/lghub_agent.app/Contents/PlugIns/bearer"
    },
    {
      "path": "/Applications/lghub.app/Contents/Frameworks/lghub_agent.app/Contents/PlugIns/iconengines"
    },
    {
      "path": "/Applications/lghub.app/Contents/Frameworks/lghub_agent.app/Contents/PlugIns/imageformats"
    },
    {
      "path": "/Applications/lghub.app/Contents/Frameworks/lghub_agent.app/Contents/Resources"
    },
    {
      "path": "/Applications/lghub.app/Contents/Frameworks/lghub_agent.app/Contents/Resources/data"
    },
    {
      "path": "/Applications/lghub.app/Contents/Frameworks/lghub_agent.app/Contents/Resources/data/sounds"
    },
    {
      "path": "/Applications/lghub.app/Contents/Frameworks/lghub_agent.app/Contents/Resources/data/lighting"
    },
    {
      "path": "/Applications/lghub.app/Contents/Frameworks/lghub_agent.app/Contents/Resources/data/lighting/effects"
    },
    {
      "path": "/Applications/lghub.app/Contents/Frameworks/lghub_agent.app/Contents/Library"
    },
    {
      "path": "/Applications/lghub.app/Contents/Frameworks/lghub_agent.app/Contents/Library/SystemExtensions"
    },
    {
      "path": "/Applications/lghub.app/Contents/Frameworks/lghub_agent.app/Contents/Library/SystemExtensions/com.logi.ghub.hidfilter.dext"
    },
    {
      "path": "/Applications/lghub.app/Contents/Frameworks/lghub_agent.app/Contents/Library/SystemExtensions/com.logi.ghub.hidfilter.dext/_CodeSignature"
    },
    {
      "path": "/Applications/lghub.app/Contents/Frameworks/lghub_agent.app/Contents/Frameworks"
    },
    {
      "path": "/Applications/lghub.app/Contents/Frameworks/Electron Framework.framework"
    },
    {
      "path": "/Applications/lghub.app/Contents/Frameworks/Electron Framework.framework/Versions"
    },
    {
      "path": "/Applications/lghub.app/Contents/Frameworks/Electron Framework.framework/Versions/A"
    },
    {
      "path": "/Applications/lghub.app/Contents/Frameworks/Electron Framework.framework/Versions/A/_CodeSignature"
    },
    {
      "path": "/Applications/lghub.app/Contents/Frameworks/Electron Framework.framework/Versions/A/Resources"
    },
    {
      "path": "/Applications/lghub.app/Contents/Frameworks/Electron Framework.framework/Versions/A/Resources/de.lproj"
    },
    {
      "path": "/Applications/lghub.app/Contents/Frameworks/Electron Framework.framework/Versions/A/Resources/he.lproj"
    },
    {
      "path": "/Applications/lghub.app/Contents/Frameworks/Electron Framework.framework/Versions/A/Resources/ar.lproj"
    },
    {
      "path": "/Applications/lghub.app/Contents/Frameworks/Electron Framework.framework/Versions/A/Resources/el.lproj"
    },
    {
      "path": "/Applications/lghub.app/Contents/Frameworks/Electron Framework.framework/Versions/A/Resources/ja.lproj"
    },
    {
      "path": "/Applications/lghub.app/Contents/Frameworks/Electron Framework.framework/Versions/A/Resources/fa.lproj"
    },
    {
      "path": "/Applications/lghub.app/Contents/Frameworks/Electron Framework.framework/Versions/A/Resources/mr.lproj"
    },
    {
      "path": "/Applications/lghub.app/Contents/Frameworks/Electron Framework.framework/Versions/A/Resources/en.lproj"
    },
    {
      "path": "/Applications/lghub.app/Contents/Frameworks/Electron Framework.framework/Versions/A/Resources/uk.lproj"
    },
    {
      "path": "/Applications/lghub.app/Contents/Frameworks/Electron Framework.framework/Versions/A/Resources/es_419.lproj"
    },
    {
      "path": "/Applications/lghub.app/Contents/Frameworks/Electron Framework.framework/Versions/A/Resources/gu.lproj"
    },
    {
      "path": "/Applications/lghub.app/Contents/Frameworks/Electron Framework.framework/Versions/A/Resources/zh_CN.lproj"
    },
    {
      "path": "/Applications/lghub.app/Contents/Frameworks/Electron Framework.framework/Versions/A/Resources/kn.lproj"
    },
    {
      "path": "/Applications/lghub.app/Contents/Frameworks/Electron Framework.framework/Versions/A/Resources/nb.lproj"
    },
    {
      "path": "/Applications/lghub.app/Contents/Frameworks/Electron Framework.framework/Versions/A/Resources/am.lproj"
    },
    {
      "path": "/Applications/lghub.app/Contents/Frameworks/Electron Framework.framework/Versions/A/Resources/es.lproj"
    },
    {
      "path": "/Applications/lghub.app/Contents/Frameworks/Electron Framework.framework/Versions/A/Resources/sw.lproj"
    },
    {
      "path": "/Applications/lghub.app/Contents/Frameworks/Electron Framework.framework/Versions/A/Resources/sl.lproj"
    },
    {
      "path": "/Applications/lghub.app/Contents/Frameworks/Electron Framework.framework/Versions/A/Resources/pt_BR.lproj"
    },
    {
      "path": "/Applications/lghub.app/Contents/Frameworks/Electron Framework.framework/Versions/A/Resources/da.lproj"
    },
    {
      "path": "/Applications/lghub.app/Contents/Frameworks/Electron Framework.framework/Versions/A/Resources/et.lproj"
    },
    {
      "path": "/Applications/lghub.app/Contents/Frameworks/Electron Framework.framework/Versions/A/Resources/it.lproj"
    },
    {
      "path": "/Applications/lghub.app/Contents/Frameworks/Electron Framework.framework/Versions/A/Resources/bg.lproj"
    },
    {
      "path": "/Applications/lghub.app/Contents/Frameworks/Electron Framework.framework/Versions/A/Resources/sk.lproj"
    },
    {
      "path": "/Applications/lghub.app/Contents/Frameworks/Electron Framework.framework/Versions/A/Resources/pt_PT.lproj"
    },
    {
      "path": "/Applications/lghub.app/Contents/Frameworks/Electron Framework.framework/Versions/A/Resources/sr.lproj"
    },
    {
      "path": "/Applications/lghub.app/Contents/Frameworks/Electron Framework.framework/Versions/A/Resources/ms.lproj"
    },
    {
      "path": "/Applications/lghub.app/Contents/Frameworks/Electron Framework.framework/Versions/A/Resources/ta.lproj"
    },
    {
      "path": "/Applications/lghub.app/Contents/Frameworks/Electron Framework.framework/Versions/A/Resources/ml.lproj"
    },
    {
      "path": "/Applications/lghub.app/Contents/Frameworks/Electron Framework.framework/Versions/A/Resources/sv.lproj"
    },
    {
      "path": "/Applications/lghub.app/Contents/Frameworks/Electron Framework.framework/Versions/A/Resources/te.lproj"
    },
    {
      "path": "/Applications/lghub.app/Contents/Frameworks/Electron Framework.framework/Versions/A/Resources/cs.lproj"
    },
    {
      "path": "/Applications/lghub.app/Contents/Frameworks/Electron Framework.framework/Versions/A/Resources/ko.lproj"
    },
    {
      "path": "/Applications/lghub.app/Contents/Frameworks/Electron Framework.framework/Versions/A/Resources/fil.lproj"
    },
    {
      "path": "/Applications/lghub.app/Contents/Frameworks/Electron Framework.framework/Versions/A/Resources/MainMenu.nib"
    },
    {
      "path": "/Applications/lghub.app/Contents/Frameworks/Electron Framework.framework/Versions/A/Resources/hu.lproj"
    },
    {
      "path": "/Applications/lghub.app/Contents/Frameworks/Electron Framework.framework/Versions/A/Resources/tr.lproj"
    },
    {
      "path": "/Applications/lghub.app/Contents/Frameworks/Electron Framework.framework/Versions/A/Resources/pl.lproj"
    },
    {
      "path": "/Applications/lghub.app/Contents/Frameworks/Electron Framework.framework/Versions/A/Resources/zh_TW.lproj"
    },
    {
      "path": "/Applications/lghub.app/Contents/Frameworks/Electron Framework.framework/Versions/A/Resources/en_GB.lproj"
    },
    {
      "path": "/Applications/lghub.app/Contents/Frameworks/Electron Framework.framework/Versions/A/Resources/vi.lproj"
    },
    {
      "path": "/Applications/lghub.app/Contents/Frameworks/Electron Framework.framework/Versions/A/Resources/lv.lproj"
    },
    {
      "path": "/Applications/lghub.app/Contents/Frameworks/Electron Framework.framework/Versions/A/Resources/lt.lproj"
    },
    {
      "path": "/Applications/lghub.app/Contents/Frameworks/Electron Framework.framework/Versions/A/Resources/ru.lproj"
    },
    {
      "path": "/Applications/lghub.app/Contents/Frameworks/Electron Framework.framework/Versions/A/Resources/fr.lproj"
    },
    {
      "path": "/Applications/lghub.app/Contents/Frameworks/Electron Framework.framework/Versions/A/Resources/fi.lproj"
    },
    {
      "path": "/Applications/lghub.app/Contents/Frameworks/Electron Framework.framework/Versions/A/Resources/id.lproj"
    },
    {
      "path": "/Applications/lghub.app/Contents/Frameworks/Electron Framework.framework/Versions/A/Resources/nl.lproj"
    },
    {
      "path": "/Applications/lghub.app/Contents/Frameworks/Electron Framework.framework/Versions/A/Resources/th.lproj"
    },
    {
      "path": "/Applications/lghub.app/Contents/Frameworks/Electron Framework.framework/Versions/A/Resources/bn.lproj"
    },
    {
      "path": "/Applications/lghub.app/Contents/Frameworks/Electron Framework.framework/Versions/A/Resources/ro.lproj"
    },
    {
      "path": "/Applications/lghub.app/Contents/Frameworks/Electron Framework.framework/Versions/A/Resources/hr.lproj"
    },
    {
      "path": "/Applications/lghub.app/Contents/Frameworks/Electron Framework.framework/Versions/A/Resources/hi.lproj"
    },
    {
      "path": "/Applications/lghub.app/Contents/Frameworks/Electron Framework.framework/Versions/A/Resources/ca.lproj"
    },
    {
      "path": "/Applications/lghub.app/Contents/Frameworks/Electron Framework.framework/Versions/A/Libraries"
    },
    {
      "path": "/Applications/lghub.app/Contents/Frameworks/Electron Framework.framework/Versions/A/Helpers"
    },
    {
      "path": "/Applications/lghub.app/Contents/Frameworks/ReactiveObjC.framework"
    },
    {
      "path": "/Applications/lghub.app/Contents/Frameworks/ReactiveObjC.framework/Versions"
    },
    {
      "path": "/Applications/lghub.app/Contents/Frameworks/ReactiveObjC.framework/Versions/A"
    },
    {
      "path": "/Applications/lghub.app/Contents/Frameworks/ReactiveObjC.framework/Versions/A/_CodeSignature"
    },
    {
      "path": "/Applications/lghub.app/Contents/Frameworks/ReactiveObjC.framework/Versions/A/Resources"
    },
    {
      "path": "/Applications/lghub.app/Contents/Frameworks/lghub Helper (GPU).app"
    },
    {
      "path": "/Applications/lghub.app/Contents/Frameworks/lghub Helper (GPU).app/Contents"
    },
    {
      "path": "/Applications/lghub.app/Contents/Frameworks/lghub Helper (GPU).app/Contents/_CodeSignature"
    },
    {
      "path": "/Applications/lghub.app/Contents/Frameworks/lghub Helper (GPU).app/Contents/MacOS"
    },
    {
      "path": "/Applications/lghub.app/Contents/Frameworks/Squirrel.framework"
    },
    {
      "path": "/Applications/lghub.app/Contents/Frameworks/Squirrel.framework/Versions"
    },
    {
      "path": "/Applications/lghub.app/Contents/Frameworks/Squirrel.framework/Versions/A"
    },
    {
      "path": "/Applications/lghub.app/Contents/Frameworks/Squirrel.framework/Versions/A/_CodeSignature"
    },
    {
      "path": "/Applications/lghub.app/Contents/Frameworks/Squirrel.framework/Versions/A/Resources"
    },
    {
      "path": "/Applications/lghub.app/Contents/Frameworks/lghub Helper (Plugin).app"
    },
    {
      "path": "/Applications/lghub.app/Contents/Frameworks/lghub Helper (Plugin).app/Contents"
    },
    {
      "path": "/Applications/lghub.app/Contents/Frameworks/lghub Helper (Plugin).app/Contents/_CodeSignature"
    },
    {
      "path": "/Applications/lghub.app/Contents/Frameworks/lghub Helper (Plugin).app/Contents/MacOS"
    },
    {
      "path": "/Applications/lghub.app/Contents/Frameworks/Mantle.framework"
    },
    {
      "path": "/Applications/lghub.app/Contents/Frameworks/Mantle.framework/Versions"
    },
    {
      "path": "/Applications/lghub.app/Contents/Frameworks/Mantle.framework/Versions/A"
    },
    {
      "path": "/Applications/lghub.app/Contents/Frameworks/Mantle.framework/Versions/A/_CodeSignature"
    },
    {
      "path": "/Applications/lghub.app/Contents/Frameworks/Mantle.framework/Versions/A/Resources"
    },
    {
      "path": "/Applications/lghub.app/Contents/Frameworks/lghub_updater.app"
    },
    {
      "path": "/Applications/lghub.app/Contents/Frameworks/lghub_updater.app/Contents"
    },
    {
      "path": "/Applications/lghub.app/Contents/Frameworks/lghub_updater.app/Contents/_CodeSignature"
    },
    {
      "path": "/Applications/lghub.app/Contents/Frameworks/lghub_updater.app/Contents/MacOS"
    },
    {
      "path": "/Applications/lghub.app/Contents/Frameworks/lghub Helper (Renderer).app"
    },
    {
      "path": "/Applications/lghub.app/Contents/Frameworks/lghub Helper (Renderer).app/Contents"
    },
    {
      "path": "/Applications/lghub.app/Contents/Frameworks/lghub Helper (Renderer).app/Contents/_CodeSignature"
    },
    {
      "path": "/Applications/lghub.app/Contents/Frameworks/lghub Helper (Renderer).app/Contents/MacOS"
    }
  ],
  "processControl": {
    "identifiers": [
      "lghub_installer",
      "lghub",
      "lghub_agent"
    ]
  },
  "product": {
    "guid": "",
    "icon": "",
    "linkAbout": "",
    "linkHelp": "",
    "name": "",
    "publisher": "",
    "version": "2022.8.300503"
  },
  "renamedItems": [],
  "services": [
    {
      "asConsoleUser": false,
      "command": {
        "arguments": [],
        "executable": ""
      },
      "service": "/Library/LaunchDaemons/com.logi.ghub.updater.plist"
    },
    {
      "asConsoleUser": true,
      "command": {
        "arguments": [],
        "executable": ""
      },
      "service": "/Library/LaunchAgents/com.logi.ghub.plist"
    }
  ],
  "shortcuts": [],
  "uninstaller": {
    "arguments": [
      "--uninstall"
    ],
    "executable": "/Applications/lghub.app/Contents/Frameworks/lghub_updater.app/Contents/MacOS/lghub_updater"
  }
}