 {"msgId": "27e0ccf4-1a72-4472-8c5b-9a55858c5aca", "verb": "GET", "path": "/devices/list", "origin": "backend", "result": {"code": "SUCCESS", "what": ""}, "payload": {"@type": "type.googleapis.com/logi.protocol.devices.Device.Info.List", "deviceInfos": [{"id": "dev00000003", "pid": 2769, "firmwareName": "BOT00", "isSubdevice": false, "parentId": "", "state": "ACTIVE", "onboardMode": false, "individualMode": false, "resourcesAvailable": true, "connectionType": "USB", "hasWirelessInterface": false, "displayConnectionType": "USB", "deviceType": "MICROPHONE", "deviceFamily": "", "deviceModel": "yeti_x", "deviceBaseModel": "yeti_x", "displayName": "Yeti X", "extendedDisplayName": "Yeti X", "slotPrefix": "yetix", "thumbnail": "pipeline://core/thumbnails/yetix.png", "stringPackage": "", "deviceExt": 0, "deviceUnitId": "1191204096", "deviceSignature": "MICROPHONE.yeti_x.0.1191204096", "givenName": "", "capabilities": {"audio": {"dtsSupported": false, "dolbySupported": false, "denoiserSupported": false, "onboardEqSupported": false, "onboardProEqSupported": false, "dtsHx2eSupported": true, "proEqSupported": false, "blueVoiceSupported": false, "hardwareNoiseReductionSupported": false, "blueVoice2Supported": true, "hidMic": false, "devioVolumeFeatures": true, "centurionEqSupported": false, "lightspeedAuxSupported": false, "audioMixingSupported": false, "rtxDenoiserSupported": true}, "lightingSupport": {"deviceCategory": "MICROPHONE_RGB_ZONAL", "typeMap": {"ZONE_RIGHT_SIDE": "RIGHT_SIDE", "ZONE_PRIMARY": "PRIMARY", "ZONE_SEVEN": "ZONAL_SEVEN", "ZONE_THREE": "ZONAL_THREE", "ZONE_SIX": "ZONAL_SIX", "ZONE_TWO": "ZONAL_TWO", "ZONE_COMBINED": "COMBINED", "ZONE_BRANDING": "LOGO", "ZONE_FIVE": "ZONAL_FIVE", "ZONE_LEFT_SIDE": "LEFT_SIDE", "ZONE_FOUR": "ZONAL_FOUR", "ZONE_ONE": "ZONAL_ONE"}, "zones": [{"zoneType": "ZONE_PRIMARY", "supportedEffects": [{"id": "FIXED", "syncable": false, "fixedIntensity": false, "signature": false, "inactivityOnly": false}, {"id": "BREATHING", "syncable": false, "fixedIntensity": false, "signature": false, "inactivityOnly": false}], "defaultColor": {"rgba": {"red": 0, "green": 1, "blue": 0, "alpha": 1}, "tag": ""}, "onboardCluster": "CLUSTER_DEFAULT"}, {"zoneType": "ZONE_BRANDING", "supportedEffects": [{"id": "FIXED", "syncable": false, "fixedIntensity": false, "signature": false, "inactivityOnly": false}, {"id": "BREATHING", "syncable": false, "fixedIntensity": false, "signature": false, "inactivityOnly": false}], "defaultColor": {"rgba": {"red": 1, "green": 0, "blue": 0, "alpha": 1}, "tag": ""}, "onboardCluster": "CLUSTER_DEFAULT"}, {"zoneType": "ZONE_LEFT_SIDE", "supportedEffects": [{"id": "FIXED", "syncable": false, "fixedIntensity": false, "signature": false, "inactivityOnly": false}], "defaultColor": {"rgba": {"red": 0, "green": 0, "blue": 1, "alpha": 1}, "tag": ""}, "onboardCluster": "CLUSTER_DEFAULT"}, {"zoneType": "ZONE_RIGHT_SIDE", "supportedEffects": [{"id": "FIXED", "syncable": false, "fixedIntensity": false, "signature": false, "inactivityOnly": false}, {"id": "BREATHING", "syncable": false, "fixedIntensity": false, "signature": false, "inactivityOnly": false}], "defaultColor": {"rgba": {"red": 1, "green": 1, "blue": 1, "alpha": 1}, "tag": ""}, "onboardCluster": "CLUSTER_DEFAULT"}, {"zoneType": "ZONE_COMBINED", "supportedEffects": [{"id": "FIXED", "syncable": false, "fixedIntensity": false, "signature": false, "inactivityOnly": false}, {"id": "BREATHING", "syncable": false, "fixedIntensity": false, "signature": false, "inactivityOnly": false}], "defaultColor": {"rgba": {"red": 1, "green": 0, "blue": 1, "alpha": 1}, "tag": ""}, "onboardCluster": "CLUSTER_DEFAULT"}, {"zoneType": "ZONE_ONE", "supportedEffects": [{"id": "FIXED", "syncable": false, "fixedIntensity": false, "signature": false, "inactivityOnly": false}, {"id": "BREATHING", "syncable": false, "fixedIntensity": false, "signature": false, "inactivityOnly": false}], "defaultColor": {"rgba": {"red": 1, "green": 1, "blue": 1, "alpha": 1}, "tag": ""}, "onboardCluster": "CLUSTER_DEFAULT"}, {"zoneType": "ZONE_TWO", "supportedEffects": [{"id": "FIXED", "syncable": false, "fixedIntensity": false, "signature": false, "inactivityOnly": false}, {"id": "BREATHING", "syncable": false, "fixedIntensity": false, "signature": false, "inactivityOnly": false}], "defaultColor": {"rgba": {"red": 1, "green": 1, "blue": 1, "alpha": 1}, "tag": ""}, "onboardCluster": "CLUSTER_DEFAULT"}, {"zoneType": "ZONE_THREE", "supportedEffects": [{"id": "FIXED", "syncable": false, "fixedIntensity": false, "signature": false, "inactivityOnly": false}, {"id": "BREATHING", "syncable": false, "fixedIntensity": false, "signature": false, "inactivityOnly": false}], "defaultColor": {"rgba": {"red": 1, "green": 1, "blue": 1, "alpha": 1}, "tag": ""}, "onboardCluster": "CLUSTER_DEFAULT"}, {"zoneType": "ZONE_FOUR", "supportedEffects": [{"id": "FIXED", "syncable": false, "fixedIntensity": false, "signature": false, "inactivityOnly": false}, {"id": "BREATHING", "syncable": false, "fixedIntensity": false, "signature": false, "inactivityOnly": false}], "defaultColor": {"rgba": {"red": 1, "green": 1, "blue": 1, "alpha": 1}, "tag": ""}, "onboardCluster": "CLUSTER_DEFAULT"}, {"zoneType": "ZONE_FIVE", "supportedEffects": [{"id": "FIXED", "syncable": false, "fixedIntensity": false, "signature": false, "inactivityOnly": false}], "defaultColor": {"rgba": {"red": 0, "green": 1, "blue": 0, "alpha": 1}, "tag": ""}, "onboardCluster": "CLUSTER_DEFAULT"}, {"zoneType": "ZONE_SIX", "supportedEffects": [{"id": "FIXED", "syncable": false, "fixedIntensity": false, "signature": false, "inactivityOnly": false}], "defaultColor": {"rgba": {"red": 1, "green": 1, "blue": 0, "alpha": 1}, "tag": ""}, "onboardCluster": "CLUSTER_DEFAULT"}, {"zoneType": "ZONE_SEVEN", "supportedEffects": [{"id": "FIXED", "syncable": false, "fixedIntensity": false, "signature": false, "inactivityOnly": false}], "defaultColor": {"rgba": {"red": 1, "green": 0, "blue": 0, "alpha": 1}, "tag": ""}, "onboardCluster": "CLUSTER_DEFAULT"}], "isMonochrome": false, "isPerKey": false, "hideStartupEffect": true, "shutdownEffect": false, "brightnessLevels": [], "powerSavingEffect": false, "lowBatteryEffect": false, "brightnessPercentage": false, "gamma": false, "firmwareOnly": true, "offRamp": false, "activeDimming": false, "hasPositionalEffect": false, "hasPastelPalette": false, "hasRingLeds": false, "hasMasterSwitch": false, "needKeepAliveSignal": false}, "sleepTimer": false, "mstateSupport": {"count": 1, "timeOut": 0}, "fnInversion": false, "presentSplashScreen": false, "customizableColor": false, "wirelessReportRate": false, "hybridEngine": false, "advancedSleepTimer": false, "angleSnapping": false, "excludeGShift": false, "hostRemovalSupport": false, "microphoneSupport": {"supportedPolarPatterns": [{"id": "POLAR_PATTERN_STEREO"}, {"id": "POLAR_PATTERN_OMNI"}, {"id": "POLAR_PATTERN_CARDIOID"}, {"id": "POLAR_PATTERN_BIDIRECTIONAL"}], "supportedMicrophoneModes": [{"id": "MICROPHONE_GAIN"}, {"id": "HEADPHONE_LEVEL"}, {"id": "BLEND"}]}, "headphoneJack": true, "hostInfos": false, "gkeyLayout": "INVALID_GKEY_LAYOUT", "hasBatteryStatus": false, "powerOffTimer": false, "requiresBackupForDfu": false, "unifiedBattery": false, "dpiLighting": false, "hasGlobalDamping": false, "nonInteractive": false, "chargepadCompatible": false, "individuality": false, "defaultSlotFormat": "INVALID_FORMAT", "fnToggle": false, "isFullHidppWheel": false, "hasConfigurationProfiles": false, "disableCenterSpring": false, "renameDeviceDisplayName": false, "systemTraySupport": false}, "activeInterfaces": [{"type": "DEVIO", "id": "046d_0ad1", "pid": 2769, "modelId": 0, "extendedModel": 0, "serialNumber": "1191204096", "path": "usb\\vid_046d&pid_0ad1&mi_03\\9&1b5b88cf&0&0003", "containerId": "32ffc2db-bb57-5c2b-80fe-e958a45b4fce", "deviceType": "MICROPHONE", "deviceName": "Yeti X", "keyboardLayout": "INVALID_LAYOUT", "firmwareVersion": "12.16.1216", "firmwareName": "BOT00", "firmwareRevision": 1, "hardwareRevision": 0, "unitId": "1191204096", "fwEntities": {}, "connectionType": "USB", "hasOnboardMode": false, "parentPath": ""}, {"type": "HIDIO", "id": "HID_046d_0ad1_ffff0001", "pid": 2769, "modelId": 0, "extendedModel": 0, "serialNumber": "", "path": "", "containerId": "32ffc2db-bb57-5c2b-80fe-e958a45b4fce", "deviceType": "MICROPHONE", "deviceName": "Yeti X", "keyboardLayout": "INVALID_LAYOUT", "firmwareVersion": "", "firmwareName": "", "firmwareRevision": 0, "hardwareRevision": 0, "unitId": "", "fwEntities": {}, "connectionType": "USB", "hasOnboardMode": false, "parentPath": ""}, {"type": "AUDIO", "id": "", "pid": 0, "modelId": 0, "extendedModel": 0, "serialNumber": "", "path": "", "containerId": "32ffc2db-bb57-5c2b-80fe-e958a45b4fce", "deviceType": "INVALID_TYPE", "deviceName": "", "keyboardLayout": "INVALID_LAYOUT", "firmwareVersion": "", "firmwareName": "", "firmwareRevision": 0, "hardwareRevision": 0, "unitId": "", "fwEntities": {}, "connectionType": "VIRTUAL", "hasOnboardMode": false, "parentPath": ""}], "slots": {"yetix_acoustics": {"id": "yetix_acoustics", "attribute": "ACOUSTICS", "disabled": false, "defaultCard": "1e854d67-6ccc-4734-b191-c851e356b0e9"}, "yetix_blue_voice_2_settings": {"id": "yetix_blue_voice_2_settings", "attribute": "BLUE_VOICE_2_SETTINGS", "disabled": false, "defaultCard": "fd213892-8bab-4964-b4d7-4330fa8cb19d"}, "yetix_lighting_setting_firmware": {"id": "yetix_lighting_setting_firmware", "attribute": "FIRMWARE_LIGHTING_SETTINGS", "disabled": false, "defaultCard": "7336db1c-650b-43b8-82dd-9af4b3d0f390"}, "yetix_equalizer": {"id": "yetix_equalizer", "attribute": "EQUALIZER", "disabled": false, "defaultCard": "05525ad1-71a4-45c4-aafa-d56ad1429f32"}, "yetix_microphone_settings": {"id": "yetix_microphone_settings", "attribute": "MICROPHONE_SETTINGS", "disabled": false, "defaultCard": "453a8cb9-a3b9-46ca-95ee-01cbc7999dae"}, "yetix_audio_effects_settings": {"id": "yetix_audio_effects_settings", "attribute": "AUDIO_EFFECTS_SETTINGS", "disabled": false, "defaultCard": "473253d7-d06b-44a0-81ea-2cd9e781412f"}}, "path": "usb\\vid_046d&pid_0ad1&mi_03\\9&1b5b88cf&0&0003", "parentPath": ""}, {"id": "dev00000004", "pid": 49288, "firmwareName": "MPM15", "isSubdevice": false, "parentId": "", "state": "ACTIVE", "onboardMode": false, "individualMode": false, "resourcesAvailable": true, "connectionType": "USB", "hasWirelessInterface": false, "displayConnectionType": "USB", "deviceType": "MOUSE", "deviceFamily": "", "deviceModel": "pro_wireless_mouse_ext16", "deviceBaseModel": "pro_wireless_mouse", "displayName": "PRO WIRELESS LOL", "extendedDisplayName": "Pro Wireless Mouse", "slotPrefix": "prowirelessmouse", "thumbnail": "pipeline://core/thumbnails/pro_wireless_mouse_lol.png", "stringPackage": "", "deviceExt": 16, "deviceUnitId": "4137936573", "deviceSignature": "MOUSE.pro_wireless_mouse.16.4137936573", "givenName": "", "capabilities": {"lightingSupport": {"deviceCategory": "MOUSE_RGB_ZONAL", "typeMap": {"ZONE_BRANDING": "LOGO", "ZONE_PRIMARY": "PRIMARY"}, "zones": [{"zoneType": "ZONE_PRIMARY", "supportedEffects": [{"id": "OFF", "syncable": true, "fixedIntensity": false, "signature": false, "inactivityOnly": false}, {"id": "FIXED", "syncable": true, "fixedIntensity": false, "signature": false, "inactivityOnly": false}, {"id": "CYCLE", "syncable": true, "fixedIntensity": false, "signature": false, "inactivityOnly": false}, {"id": "BREATHING", "syncable": true, "fixedIntensity": false, "signature": false, "inactivityOnly": false}], "onboardCluster": "CLUSTER_DEFAULT"}, {"zoneType": "ZONE_BRANDING", "supportedEffects": [{"id": "OFF", "syncable": true, "fixedIntensity": false, "signature": false, "inactivityOnly": false}, {"id": "FIXED", "syncable": true, "fixedIntensity": false, "signature": false, "inactivityOnly": false}, {"id": "CYCLE", "syncable": true, "fixedIntensity": false, "signature": false, "inactivityOnly": false}, {"id": "BREATHING", "syncable": true, "fixedIntensity": false, "signature": false, "inactivityOnly": false}], "onboardCluster": "CLUSTER_DEFAULT"}], "isMonochrome": false, "isPerKey": false, "hideStartupEffect": false, "shutdownEffect": false, "brightnessLevels": [], "powerSavingEffect": false, "lowBatteryEffect": true, "brightnessPercentage": false, "gamma": false, "firmwareOnly": false, "offRamp": false, "activeDimming": false, "hasPositionalEffect": false, "hasPastelPalette": false, "hasRingLeds": false, "hasMasterSwitch": false, "needKeepAliveSignal": false}, "sleepTimer": false, "mstateSupport": {"count": 1, "timeOut": 0}, "maskableZones": {"zones": [{"id": "bottom_left", "slotIds": ["prowirelessmouse_g4_m1", "prowirelessmouse_g4_m1_shifted"], "displayIconKey": "mouse_4_buttons_bottom_left_icon", "renderIconKey": "cover_bottom_left", "enabled": false}, {"id": "top_left", "slotIds": ["prowirelessmouse_g5_m1", "prowirelessmouse_g5_m1_shifted"], "displayIconKey": "mouse_4_buttons_top_left_icon", "renderIconKey": "cover_top_left", "enabled": false}, {"id": "bottom_right", "slotIds": ["prowirelessmouse_g7_m1", "prowirelessmouse_g7_m1_shifted"], "displayIconKey": "mouse_4_buttons_bottom_right_icon", "renderIconKey": "cover_bottom_right", "enabled": false}, {"id": "top_right", "slotIds": ["prowirelessmouse_g8_m1", "prowirelessmouse_g8_m1_shifted"], "displayIconKey": "mouse_4_buttons_top_right_icon", "renderIconKey": "cover_top_right", "enabled": false}]}, "fnInversion": false, "presentSplashScreen": false, "customizableColor": false, "wirelessReportRate": false, "hybridEngine": false, "advancedSleepTimer": false, "onboardProfiles": {"disableProfileNaming": false, "profilesAlwaysActive": false, "supportsOnboardMode": true}, "angleSnapping": false, "excludeGShift": false, "hostRemovalSupport": false, "headphoneJack": false, "hostInfos": false, "gkeyLayout": "INVALID_GKEY_LAYOUT", "hasBatteryStatus": true, "powerOffTimer": false, "requiresBackupForDfu": false, "unifiedBattery": false, "dpiLighting": true, "hasGlobalDamping": false, "nonInteractive": false, "receiverPairing": {"receiverType": "LS1", "receiverPid": 0, "pairingAction": "ACTION_POWER_CYCLE", "hasForcePairing": false}, "chargepadCompatible": true, "individuality": false, "defaultSlotFormat": "INVALID_FORMAT", "fnToggle": false, "isFullHidppWheel": false, "hasConfigurationProfiles": false, "disableCenterSpring": false, "renameDeviceDisplayName": false, "systemTraySupport": false}, "activeInterfaces": [{"type": "DEVIO", "id": "046d_c088", "pid": 49288, "modelId": 0, "extendedModel": 16, "serialNumber": "4137936573", "path": "usb\\vid_046d&pid_c088&mi_02\\9&2322ef8c&0&0002", "containerId": "14e3dda3-a530-5108-9a63-3235f96356e5", "deviceType": "MOUSE", "deviceName": "G Pro Wireless Gaming Mouse", "keyboardLayout": "INVALID_LAYOUT", "firmwareVersion": "15.2.26", "firmwareName": "MPM15", "firmwareRevision": 2, "hardwareRevision": 0, "unitId": "4137936573", "fwEntities": {}, "connectionType": "USB", "hasOnboardMode": true, "parentPath": ""}], "slots": {"prowirelessmouse_g8_m1_shifted": {"id": "prowirelessmouse_g8_m1_shifted", "attribute": "MACRO_PLAYBACK", "disabled": false, "defaultCard": "0f82f693-5b78-4cf5-867e-090700000000"}, "prowirelessmouse_g3_m1_shifted": {"id": "prowirelessmouse_g3_m1_shifted", "attribute": "MACRO_PLAYBACK", "disabled": false, "defaultCard": "0f82f693-5b78-4cf5-867e-090700000000"}, "prowirelessmouse_g1_m1_shifted": {"id": "prowirelessmouse_g1_m1_shifted", "attribute": "MACRO_PLAYBACK", "disabled": false, "defaultCard": "0f82f693-5b78-4cf5-867e-090700000000"}, "prowirelessmouse_g1_m1": {"id": "prowirelessmouse_g1_m1", "attribute": "MACRO_PLAYBACK", "disabled": false, "defaultCard": "0f82f693-5b78-4cf5-867e-020100000000"}, "prowirelessmouse_g3_m1": {"id": "prowirelessmouse_g3_m1", "attribute": "MACRO_PLAYBACK", "disabled": false, "defaultCard": "0f82f693-5b78-4cf5-867e-020300000000"}, "prowirelessmouse_g5_m1_shifted": {"id": "prowirelessmouse_g5_m1_shifted", "attribute": "MACRO_PLAYBACK", "disabled": false, "defaultCard": "0f82f693-5b78-4cf5-867e-090700000000"}, "prowirelessmouse_g7_m1": {"id": "prowirelessmouse_g7_m1", "attribute": "MACRO_PLAYBACK", "disabled": false, "defaultCard": "0f82f693-5b78-4cf5-867e-020400000000"}, "prowirelessmouse_g6_m1": {"id": "prowirelessmouse_g6_m1", "attribute": "MACRO_PLAYBACK", "disabled": false, "defaultCard": "0f82f693-5b78-4cf5-867e-040400000000"}, "prowirelessmouse_g8_m1": {"id": "prowirelessmouse_g8_m1", "attribute": "MACRO_PLAYBACK", "disabled": false, "defaultCard": "0f82f693-5b78-4cf5-867e-020500000000"}, "prowirelessmouse_lighting_setting_firmware": {"id": "prowirelessmouse_lighting_setting_firmware", "attribute": "FIRMWARE_LIGHTING_SETTINGS", "disabled": false, "defaultCard": "9b85425b-8c71-4b15-808c-1206c0880000"}, "prowirelessmouse_g5_m1": {"id": "prowirelessmouse_g5_m1", "attribute": "MACRO_PLAYBACK", "disabled": false, "defaultCard": "0f82f693-5b78-4cf5-867e-020500000000"}, "prowirelessmouse_g7_m1_shifted": {"id": "prowirelessmouse_g7_m1_shifted", "attribute": "MACRO_PLAYBACK", "disabled": false, "defaultCard": "0f82f693-5b78-4cf5-867e-090700000000"}, "prowirelessmouse_g2_m1_shifted": {"id": "prowirelessmouse_g2_m1_shifted", "attribute": "MACRO_PLAYBACK", "disabled": false, "defaultCard": "0f82f693-5b78-4cf5-867e-090700000000"}, "prowirelessmouse_g6_m1_shifted": {"id": "prowirelessmouse_g6_m1_shifted", "attribute": "MACRO_PLAYBACK", "disabled": false, "defaultCard": "0f82f693-5b78-4cf5-867e-090700000000"}, "prowirelessmouse_g4_m1": {"id": "prowirelessmouse_g4_m1", "attribute": "MACRO_PLAYBACK", "disabled": false, "defaultCard": "0f82f693-5b78-4cf5-867e-020400000000"}, "prowirelessmouse_g2_m1": {"id": "prowirelessmouse_g2_m1", "attribute": "MACRO_PLAYBACK", "disabled": false, "defaultCard": "0f82f693-5b78-4cf5-867e-020200000000"}, "prowirelessmouse_g4_m1_shifted": {"id": "prowirelessmouse_g4_m1_shifted", "attribute": "MACRO_PLAYBACK", "disabled": false, "defaultCard": "0f82f693-5b78-4cf5-867e-090700000000"}, "prowirelessmouse_mouse_settings": {"id": "prowirelessmouse_mouse_settings", "attribute": "MOUSE_SETTINGS", "disabled": false, "defaultCard": "9b85425b-8c71-4b15-808c-1204c0880000"}}, "path": "usb\\vid_046d&pid_c088&mi_02\\9&2322ef8c&0&0002", "parentPath": ""}]}}