 {"msgId": "f047afaf-fb40-4da5-ac13-c7b696f41859", "verb": "GET", "path": "/devices/list", "origin": "backend", "result": {"code": "SUCCESS", "what": ""}, "payload": {"@type": "type.googleapis.com/logi.protocol.devices.Device.Info.List", "deviceInfos": [{"id": "dev00000000", "pid": 2730, "state": "ACTIVE", "onboardMode": false, "resourcesAvailable": true, "connectionType": "USB", "hasWirelessInterface": false, "deviceType": "HEADSET", "deviceModel": "pro_71_gaming_headset", "displayName": "PRO X", "extendedDisplayName": "PRO X Gaming Headset", "slotPrefix": "pro71headset", "thumbnail": "pipeline://core/thumbnails/pro_headset.png", "capabilities": {"audio": {"dtsSupported": false, "dolbySupported": false, "denoiserSupported": true, "onboardEqSupported": false, "onboardProEqSupported": true, "dtsHx2eSupported": true, "proEqSupported": true, "blueVoiceSupported": true, "hardwareNoiseReductionSupported": true, "blueVoice2Supported": false, "hidMic": false, "devioVolumeFeatures": false}, "sleepTimer": false, "mstateSupport": {"count": 1, "timeOut": 0}, "fnInversion": false, "presentSplashScreen": false, "customizableColor": false, "wirelessReportRate": false, "hybridEngine": false, "advancedSleepTimer": false, "angleSnapping": false, "excludeGShift": false, "hostRemovalSupport": false, "headphoneJack": false, "hostInfos": false, "gkeyLayout": "INVALID_GKEY_LAYOUT", "hasBatteryStatus": false, "powerOffTimer": false, "requiresBackupForDfu": false, "unifiedBattery": false, "dpiLighting": false, "nonInteractive": false, "chargepadCompatible": false}, "activeInterfaces": [{"type": "DEVIO", "id": "046d_0aaa", "pid": 2730, "modelId": 0, "extendedModel": 255, "serialNumber": "4294967295", "path": "IOService:/AppleACPIPlatformExpert/PCI0@0/AppleACPIPCI/XHC1@14/XHC1@14000000/HS08@14300000/USBHub3p-2[A]@14300000/AppleUSB20Hub@14300000/AppleUSB20HubPort@14330000/USBHub3p-2[4-7]@14330000/AppleUSB20Hub@14330000/AppleUSB20HubPort@14331000/PRO X@14331000/IOUSBHostInterface@3/AppleUserUSBHostHIDDevice", "containerId": "0x14331000", "deviceType": "HEADSET", "deviceName": "PRO X", "keyboardLayout": "INVALID_LAYOUT", "firmwareVersion": "171.0.1", "connectionType": "USB", "hasOnboardMode": false}, {"type": "AUDIO", "id": "", "pid": 0, "modelId": 0, "extendedModel": 0, "serialNumber": "", "path": "", "containerId": "", "deviceType": "INVALID_TYPE", "deviceName": "PRO X", "keyboardLayout": "INVALID_LAYOUT", "firmwareVersion": "", "connectionType": "VIRTUAL", "hasOnboardMode": false}], "slots": {"pro71headset_blue_voice_settings": {"id": "pro71headset_blue_voice_settings", "attribute": "BLUE_VOICE_SETTINGS", "disabled": false}, "pro71headset_microphone_settings": {"id": "pro71headset_microphone_settings", "attribute": "MICROPHONE_SETTINGS", "disabled": false}, "pro71headset_acoustics": {"id": "pro71headset_acoustics", "attribute": "ACOUSTICS", "disabled": false}}}, {"id": "dev00000001", "pid": 2727, "state": "ACTIVE", "onboardMode": false, "resourcesAvailable": true, "connectionType": "USB", "hasWirelessInterface": false, "deviceType": "HEADSET", "deviceModel": "pro_gaming_headset", "displayName": "PRO", "extendedDisplayName": "Pro Gaming Headset", "slotPrefix": "proheadset", "thumbnail": "pipeline://core/thumbnails/pro_headset.png", "capabilities": {"audio": {"dtsSupported": false, "dolbySupported": false, "denoiserSupported": true, "onboardEqSupported": false, "onboardProEqSupported": true, "dtsHx2eSupported": false, "proEqSupported": true, "blueVoiceSupported": false, "hardwareNoiseReductionSupported": true, "blueVoice2Supported": false, "hidMic": false, "devioVolumeFeatures": false}, "sleepTimer": false, "mstateSupport": {"count": 1, "timeOut": 0}, "fnInversion": false, "presentSplashScreen": false, "customizableColor": false, "wirelessReportRate": false, "hybridEngine": false, "advancedSleepTimer": false, "angleSnapping": false, "excludeGShift": false, "hostRemovalSupport": false, "headphoneJack": false, "hostInfos": false, "gkeyLayout": "INVALID_GKEY_LAYOUT", "hasBatteryStatus": false, "powerOffTimer": false, "requiresBackupForDfu": false, "unifiedBattery": false, "dpiLighting": false, "nonInteractive": false, "chargepadCompatible": false}, "activeInterfaces": [{"type": "DEVIO", "id": "046d_0aa7", "pid": 2727, "modelId": 0, "extendedModel": 255, "serialNumber": "4294967295", "path": "IOService:/AppleACPIPlatformExpert/PCI0@0/AppleACPIPCI/XHC1@14/XHC1@14000000/HS08@14300000/USBHub3p-2[A]@14300000/AppleUSB20Hub@14300000/AppleUSB20HubPort@14330000/USBHub3p-2[4-7]@14330000/AppleUSB20Hub@14330000/AppleUSB20HubPort@14332000/PRO@14332000/IOUSBHostInterface@3/AppleUserUSBHostHIDDevice", "containerId": "0x14332000", "deviceType": "HEADSET", "deviceName": "PRO", "keyboardLayout": "INVALID_LAYOUT", "firmwareVersion": "171.0.1", "connectionType": "USB", "hasOnboardMode": false}, {"type": "AUDIO", "id": "", "pid": 0, "modelId": 0, "extendedModel": 0, "serialNumber": "", "path": "", "containerId": "", "deviceType": "INVALID_TYPE", "deviceName": "PRO", "keyboardLayout": "INVALID_LAYOUT", "firmwareVersion": "", "connectionType": "VIRTUAL", "hasOnboardMode": false}], "slots": {"proheadset_acoustics": {"id": "proheadset_acoustics", "attribute": "ACOUSTICS", "disabled": false}}}, {"id": "dev00000002", "pid": 2737, "state": "ACTIVE", "onboardMode": false, "resourcesAvailable": true, "connectionType": "USB", "hasWirelessInterface": false, "deviceType": "MICROPHONE", "deviceModel": "yeti_original_nano", "displayName": "Yeti Nano", "extendedDisplayName": "Yeti Nano", "slotPrefix": "yeti-original-nano", "thumbnail": "pipeline://core/thumbnails/yeti_nano.png", "capabilities": {"audio": {"dtsSupported": false, "dolbySupported": false, "denoiserSupported": false, "onboardEqSupported": false, "onboardProEqSupported": false, "dtsHx2eSupported": true, "proEqSupported": false, "blueVoiceSupported": false, "hardwareNoiseReductionSupported": false, "blueVoice2Supported": true, "hidMic": false, "devioVolumeFeatures": false}, "sleepTimer": false, "mstateSupport": {"count": 1, "timeOut": 0}, "fnInversion": false, "presentSplashScreen": false, "customizableColor": false, "wirelessReportRate": false, "hybridEngine": false, "advancedSleepTimer": false, "angleSnapping": false, "excludeGShift": false, "hostRemovalSupport": false, "microphoneSupport": {"supportedPolarPatterns": [{"id": "POLAR_PATTERN_OMNI"}, {"id": "POLAR_PATTERN_CARDIOID"}], "supportedMicrophoneModes": [{"id": "MICROPHONE_GAIN"}, {"id": "HEADPHONE_LEVEL"}]}, "headphoneJack": true, "hostInfos": false, "gkeyLayout": "INVALID_GKEY_LAYOUT", "hasBatteryStatus": false, "powerOffTimer": false, "requiresBackupForDfu": false, "unifiedBattery": false, "dpiLighting": false, "nonInteractive": false, "chargepadCompatible": false}, "activeInterfaces": [{"type": "DEVIO", "id": "046d_0ab1", "pid": 2737, "modelId": 0, "extendedModel": 0, "serialNumber": "1191191552", "path": "IOService:/AppleACPIPlatformExpert/PCI0@0/AppleACPIPCI/XHC1@14/XHC1@14000000/HS08@14300000/USBHub3p-2[A]@14300000/AppleUSB20Hub@14300000/AppleUSB20HubPort@14330000/USBHub3p-2[4-7]@14330000/AppleUSB20Hub@14330000/AppleUSB20HubPort@14333000/Yeti Nano@14333000/IOUSBHostInterface@3/AppleUserUSBHostHIDDevice", "containerId": "0x14333000", "deviceType": "MICROPHONE", "deviceName": "Yeti Nano", "keyboardLayout": "INVALID_LAYOUT", "firmwareVersion": "4.10.410", "connectionType": "USB", "hasOnboardMode": false}, {"type": "HIDIO", "id": "HID_046d_0ab1_ffff0001", "pid": 2737, "modelId": 0, "extendedModel": 0, "serialNumber": "", "path": "IOService:/AppleACPIPlatformExpert/PCI0@0/AppleACPIPCI/XHC1@14/XHC1@14000000/HS08@14300000/USBHub3p-2[A]@14300000/AppleUSB20Hub@14300000/AppleUSB20HubPort@14330000/USBHub3p-2[4-7]@14330000/AppleUSB20Hub@14330000/AppleUSB20HubPort@14333000/Yeti Nano@14333000/IOUSBHostInterface@3/AppleUserUSBHostHIDDevice", "containerId": "0x14333000", "deviceType": "MICROPHONE", "deviceName": "Yeti Nano", "keyboardLayout": "INVALID_LAYOUT", "firmwareVersion": "", "connectionType": "USB", "hasOnboardMode": false}, {"type": "AUDIO", "id": "", "pid": 0, "modelId": 0, "extendedModel": 0, "serialNumber": "", "path": "", "containerId": "", "deviceType": "INVALID_TYPE", "deviceName": "Yeti Nano", "keyboardLayout": "INVALID_LAYOUT", "firmwareVersion": "", "connectionType": "VIRTUAL", "hasOnboardMode": false}], "slots": {"yeti-original-nano_blue_voice_2_settings": {"id": "yeti-original-nano_blue_voice_2_settings", "attribute": "BLUE_VOICE_2_SETTINGS", "disabled": false}, "yeti-original-nano_microphone_settings": {"id": "yeti-original-nano_microphone_settings", "attribute": "MICROPHONE_SETTINGS", "disabled": false}, "yeti-original-nano_acoustics": {"id": "yeti-original-nano_acoustics", "attribute": "ACOUSTICS", "disabled": false}}}, {"id": "dev00000003", "pid": 2716, "state": "ACTIVE", "onboardMode": false, "resourcesAvailable": true, "connectionType": "USB", "hasWirelessInterface": false, "deviceType": "HEADSET", "deviceModel": "g432", "displayName": "G432", "extendedDisplayName": "G432 Gaming Headset", "slotPrefix": "g432", "thumbnail": "pipeline://core/thumbnails/g432.png", "capabilities": {"audio": {"dtsSupported": false, "dolbySupported": false, "denoiserSupported": true, "onboardEqSupported": false, "onboardProEqSupported": false, "dtsHx2eSupported": true, "proEqSupported": false, "blueVoiceSupported": false, "hardwareNoiseReductionSupported": false, "blueVoice2Supported": false, "hidMic": true, "devioVolumeFeatures": false}, "sleepTimer": false, "mstateSupport": {"count": 1, "timeOut": 0}, "fnInversion": false, "presentSplashScreen": false, "customizableColor": false, "wirelessReportRate": false, "hybridEngine": false, "advancedSleepTimer": false, "angleSnapping": false, "excludeGShift": false, "hostRemovalSupport": false, "headphoneJack": false, "hostInfos": false, "gkeyLayout": "INVALID_GKEY_LAYOUT", "hasBatteryStatus": false, "powerOffTimer": false, "requiresBackupForDfu": false, "unifiedBattery": false, "dpiLighting": false, "nonInteractive": false, "chargepadCompatible": false}, "activeInterfaces": [{"type": "DEVIO", "id": "046d_0a9c", "pid": 2716, "modelId": 0, "extendedModel": 255, "serialNumber": "4294967295", "path": "IOService:/AppleACPIPlatformExpert/PCI0@0/AppleACPIPCI/XHC1@14/XHC1@14000000/HS08@14300000/USBHub3p-2[A]@14300000/AppleUSB20Hub@14300000/AppleUSB20HubPort@14330000/USBHub3p-2[4-7]@14330000/AppleUSB20Hub@14330000/AppleUSB20HubPort@14334000/G432 Gaming Headset@14334000/IOUSBHostInterface@3/AppleUserUSBHostHIDDevice", "containerId": "0x14334000", "deviceType": "HEADSET", "deviceName": "G432 Gaming Headset", "keyboardLayout": "INVALID_LAYOUT", "firmwareVersion": "142.0.1", "connectionType": "USB", "hasOnboardMode": false}, {"type": "HIDIO", "id": "HID_046d_0a9c_000b0005", "pid": 2716, "modelId": 0, "extendedModel": 0, "serialNumber": "", "path": "IOService:/AppleACPIPlatformExpert/PCI0@0/AppleACPIPCI/XHC1@14/XHC1@14000000/HS08@14300000/USBHub3p-2[A]@14300000/AppleUSB20Hub@14300000/AppleUSB20HubPort@14330000/USBHub3p-2[4-7]@14330000/AppleUSB20Hub@14330000/AppleUSB20HubPort@14334000/G432 Gaming Headset@14334000/IOUSBHostInterface@3/AppleUserUSBHostHIDDevice", "containerId": "0x14334000", "deviceType": "INVALID_TYPE", "deviceName": "", "keyboardLayout": "INVALID_LAYOUT", "firmwareVersion": "", "connectionType": "USB", "hasOnboardMode": false}, {"type": "AUDIO", "id": "", "pid": 0, "modelId": 0, "extendedModel": 0, "serialNumber": "", "path": "", "containerId": "", "deviceType": "INVALID_TYPE", "deviceName": "G432 Gaming Headset", "keyboardLayout": "INVALID_LAYOUT", "firmwareVersion": "", "connectionType": "VIRTUAL", "hasOnboardMode": false}], "slots": {"g432_acoustics": {"id": "g432_acoustics", "attribute": "ACOUSTICS", "disabled": false}}}, {"id": "dev00000004", "pid": 49977, "state": "ACTIVE", "onboardMode": false, "resourcesAvailable": true, "connectionType": "USB", "hasWirelessInterface": false, "deviceType": "KEYBOARD", "deviceModel": "pro_keyboard_ext8", "displayName": "PRO LOL", "extendedDisplayName": "PRO Mechanical gaming keyboard", "slotPrefix": "prokeyboard", "thumbnail": "pipeline://core/thumbnails/pro_keyboard_lol.png", "capabilities": {"lightingSupport": {"deviceCategory": "KEYBOARD_RGB_PER_KEY", "typeMap": {"PERKEY_BRANDING": "LOGO", "PERKEY_INDICATOR": "KEYBOARD_OTHER", "ZONE_BRANDING": "LOGO", "ZONE_PRIMARY": "PRIMARY", "PERKEY_KEYBOARD": "HID_KEYBOARD"}, "zones": [{"zoneType": "ZONE_PRIMARY", "supportedEffects": [{"id": "OFF", "syncable": true, "fixedIntensity": false, "signature": false, "inactivityOnly": false}, {"id": "FIXED", "syncable": true, "fixedIntensity": false, "signature": false, "inactivityOnly": false}, {"id": "CYCLE", "syncable": true, "fixedIntensity": true, "signature": false, "inactivityOnly": false}, {"id": "COLORWAVE", "syncable": false, "fixedIntensity": true, "signature": false, "inactivityOnly": false}, {"id": "BREATHING", "syncable": true, "fixedIntensity": true, "signature": false, "inactivityOnly": false}], "onboardCluster": "CLUSTER_DEFAULT"}, {"zoneType": "ZONE_BRANDING", "supportedEffects": [{"id": "OFF", "syncable": true, "fixedIntensity": false, "signature": false, "inactivityOnly": false}, {"id": "FIXED", "syncable": true, "fixedIntensity": false, "signature": false, "inactivityOnly": false}, {"id": "CYCLE", "syncable": true, "fixedIntensity": true, "signature": false, "inactivityOnly": false}, {"id": "BREATHING", "syncable": true, "fixedIntensity": true, "signature": false, "inactivityOnly": false}], "onboardCluster": "CLUSTER_DEFAULT"}], "isMonochrome": false, "isPerKey": true, "persistence": {"zoneEffects": false, "perKeyFixed": true}, "hideStartupEffect": false, "shutdownEffect": false, "brightnessLevels": [], "powerSavingEffect": false, "lowBatteryEffect": false, "brightnessPercentage": false, "gamma": false, "firmwareOnly": false, "offRamp": false, "activeDimming": false}, "sleepTimer": false, "mstateSupport": {"count": 1, "timeOut": 0}, "reportHidControls": {"pages": [{"page": 7, "usages": [{"usage": 58, "button": 1}, {"usage": 59, "button": 2}, {"usage": 60, "button": 3}, {"usage": 61, "button": 4}, {"usage": 62, "button": 5}, {"usage": 63, "button": 6}, {"usage": 64, "button": 7}, {"usage": 65, "button": 8}, {"usage": 66, "button": 9}, {"usage": 67, "button": 10}, {"usage": 68, "button": 11}, {"usage": 69, "button": 12}]}]}, "fnInversion": true, "presentSplashScreen": false, "customizableColor": false, "wirelessReportRate": false, "hybridEngine": false, "advancedSleepTimer": false, "angleSnapping": false, "excludeGShift": false, "hostRemovalSupport": false, "headphoneJack": false, "hostInfos": false, "gkeyLayout": "INVALID_GKEY_LAYOUT", "hasBatteryStatus": false, "powerOffTimer": false, "requiresBackupForDfu": false, "unifiedBattery": false, "dpiLighting": false, "nonInteractive": false, "chargepadCompatible": false}, "activeInterfaces": [{"type": "DEVIO", "id": "046d_c339", "pid": 49977, "modelId": 0, "extendedModel": 8, "serialNumber": "808535829", "path": "IOService:/AppleACPIPlatformExpert/PCI0@0/AppleACPIPCI/XHC1@14/XHC1@14000000/HS08@14300000/USBHub3p-2[A]@14300000/AppleUSB20Hub@14300000/AppleUSB20HubPort@14340000/USBHub3p-2[0-3]@14340000/AppleUSB20Hub@14340000/AppleUSB20HubPort@14343000/PRO K/DA@14343000/IOUSBHostInterface@1/AppleUserUSBHostHIDDevice", "containerId": "0x14343000", "deviceType": "KEYBOARD", "deviceName": "PRO K/DA", "keyboardLayout": "US", "firmwareVersion": "113.4.19", "connectionType": "USB", "hasOnboardMode": false}], "slots": {"prokeyboard_g3_m1_shifted": {"id": "prokeyboard_g3_m1_shifted", "attribute": "MACRO_PLAYBACK", "disabled": false}, "prokeyboard_g1_m1_shifted": {"id": "prokeyboard_g1_m1_shifted", "attribute": "MACRO_PLAYBACK", "disabled": false}, "prokeyboard_g9_m1_shifted": {"id": "prokeyboard_g9_m1_shifted", "attribute": "MACRO_PLAYBACK", "disabled": false}, "prokeyboard_g8_m1_shifted": {"id": "prokeyboard_g8_m1_shifted", "attribute": "MACRO_PLAYBACK", "disabled": false}, "prokeyboard_g2_m1": {"id": "prokeyboard_g2_m1", "attribute": "MACRO_PLAYBACK", "disabled": false}, "prokeyboard_g8_m1": {"id": "prokeyboard_g8_m1", "attribute": "MACRO_PLAYBACK", "disabled": false}, "prokeyboard_g7_m1_shifted": {"id": "prokeyboard_g7_m1_shifted", "attribute": "MACRO_PLAYBACK", "disabled": false}, "prokeyboard_g4_m1_shifted": {"id": "prokeyboard_g4_m1_shifted", "attribute": "MACRO_PLAYBACK", "disabled": false}, "prokeyboard_g10_m1": {"id": "prokeyboard_g10_m1", "attribute": "MACRO_PLAYBACK", "disabled": false}, "prokeyboard_g11_m1_shifted": {"id": "prokeyboard_g11_m1_shifted", "attribute": "MACRO_PLAYBACK", "disabled": false}, "prokeyboard_g12_m1_shifted": {"id": "prokeyboard_g12_m1_shifted", "attribute": "MACRO_PLAYBACK", "disabled": false}, "prokeyboard_g7_m1": {"id": "prokeyboard_g7_m1", "attribute": "MACRO_PLAYBACK", "disabled": false}, "prokeyboard_g2_m1_shifted": {"id": "prokeyboard_g2_m1_shifted", "attribute": "MACRO_PLAYBACK", "disabled": false}, "prokeyboard_g3_m1": {"id": "prokeyboard_g3_m1", "attribute": "MACRO_PLAYBACK", "disabled": false}, "prokeyboard_g12_m1": {"id": "prokeyboard_g12_m1", "attribute": "MACRO_PLAYBACK", "disabled": false}, "prokeyboard_g11_m1": {"id": "prokeyboard_g11_m1", "attribute": "MACRO_PLAYBACK", "disabled": false}, "prokeyboard_lighting_setting_firmware": {"id": "prokeyboard_lighting_setting_firmware", "attribute": "FIRMWARE_LIGHTING_SETTINGS", "disabled": false}, "prokeyboard_g6_m1_shifted": {"id": "prokeyboard_g6_m1_shifted", "attribute": "MACRO_PLAYBACK", "disabled": false}, "prokeyboard_g5_m1_shifted": {"id": "prokeyboard_g5_m1_shifted", "attribute": "MACRO_PLAYBACK", "disabled": false}, "prokeyboard_g10_m1_shifted": {"id": "prokeyboard_g10_m1_shifted", "attribute": "MACRO_PLAYBACK", "disabled": false}, "prokeyboard_g1_m1": {"id": "prokeyboard_g1_m1", "attribute": "MACRO_PLAYBACK", "disabled": false}, "prokeyboard_g4_m1": {"id": "prokeyboard_g4_m1", "attribute": "MACRO_PLAYBACK", "disabled": false}, "prokeyboard_disable_keys": {"id": "prokeyboard_disable_keys", "attribute": "DISABLE_KEY_SETTINGS", "disabled": false}, "prokeyboard_g9_m1": {"id": "prokeyboard_g9_m1", "attribute": "MACRO_PLAYBACK", "disabled": false}, "prokeyboard_g6_m1": {"id": "prokeyboard_g6_m1", "attribute": "MACRO_PLAYBACK", "disabled": false}, "prokeyboard_g5_m1": {"id": "prokeyboard_g5_m1", "attribute": "MACRO_PLAYBACK", "disabled": false}}}, {"id": "dev00000005", "pid": 2743, "state": "ACTIVE", "onboardMode": false, "resourcesAvailable": true, "connectionType": "USB", "hasWirelessInterface": false, "deviceType": "MICROPHONE", "deviceModel": "yeti_classic", "displayName": "Yeti", "extendedDisplayName": "Yeti", "slotPrefix": "yeti-classic", "thumbnail": "pipeline://core/thumbnails/yeti_classic.png", "capabilities": {"audio": {"dtsSupported": false, "dolbySupported": false, "denoiserSupported": false, "onboardEqSupported": false, "onboardProEqSupported": false, "dtsHx2eSupported": true, "proEqSupported": false, "blueVoiceSupported": false, "hardwareNoiseReductionSupported": false, "blueVoice2Supported": true, "hidMic": false, "devioVolumeFeatures": false}, "sleepTimer": false, "mstateSupport": {"count": 1, "timeOut": 0}, "fnInversion": false, "presentSplashScreen": false, "customizableColor": false, "wirelessReportRate": false, "hybridEngine": false, "advancedSleepTimer": false, "angleSnapping": false, "excludeGShift": false, "hostRemovalSupport": false, "headphoneJack": false, "hostInfos": false, "gkeyLayout": "INVALID_GKEY_LAYOUT", "hasBatteryStatus": false, "powerOffTimer": false, "requiresBackupForDfu": false, "unifiedBattery": false, "dpiLighting": false, "nonInteractive": false, "chargepadCompatible": false}, "activeInterfaces": [{"type": "HIDIO", "id": "HID_046d_0ab7_000c0001", "pid": 2743, "modelId": 0, "extendedModel": 0, "serialNumber": "", "path": "IOService:/AppleACPIPlatformExpert/PCI0@0/AppleACPIPCI/XHC1@14/XHC1@14000000/HS08@14300000/USBHub3p-2[A]@14300000/AppleUSB20Hub@14300000/AppleUSB20HubPort@14340000/USBHub3p-2[0-3]@14340000/AppleUSB20Hub@14340000/AppleUSB20HubPort@14341000/Blue Microphones@14341000/IOUSBHostInterface@3/AppleUserUSBHostHIDDevice", "containerId": "0x14341000", "deviceType": "MICROPHONE", "deviceName": "Blue Microphones", "keyboardLayout": "INVALID_LAYOUT", "firmwareVersion": "", "connectionType": "USB", "hasOnboardMode": false}, {"type": "AUDIO", "id": "", "pid": 0, "modelId": 0, "extendedModel": 0, "serialNumber": "", "path": "", "containerId": "", "deviceType": "INVALID_TYPE", "deviceName": "Blue Microphones", "keyboardLayout": "INVALID_LAYOUT", "firmwareVersion": "", "connectionType": "VIRTUAL", "hasOnboardMode": false}], "slots": {"yeti-classic_acoustics": {"id": "yeti-classic_acoustics", "attribute": "ACOUSTICS", "disabled": false}, "yeti-classic_blue_voice_2_settings": {"id": "yeti-classic_blue_voice_2_settings", "attribute": "BLUE_VOICE_2_SETTINGS", "disabled": false}, "yeti-classic_microphone_settings": {"id": "yeti-classic_microphone_settings", "attribute": "MICROPHONE_SETTINGS", "disabled": false}}}]}}