 {"msgId": "55541842-145a-4aad-b9c1-a8040e648e10", "verb": "GET", "path": "/devices/list", "origin": "backend", "result": {"code": "SUCCESS", "what": ""}, "payload": {"@type": "type.googleapis.com/logi.protocol.devices.Device.Info.List", "deviceInfos": [{"id": "dev00000000", "pid": 49766, "state": "ACTIVE", "onboardMode": false, "individualMode": false, "resourcesAvailable": true, "connectionType": "USB", "hasWirelessInterface": false, "deviceType": "STEERING_WHEEL", "deviceFamily": "", "deviceModel": "g923_ps4", "deviceBaseModel": "g923_ps4", "displayName": "G923", "extendedDisplayName": "G923 Racing Wheel for PlayStation 4 and PC", "slotPrefix": "g923-ps4", "thumbnail": "pipeline://core/thumbnails/g923_ps4.png", "deviceExt": 0, "deviceUnitId": "1007636278", "deviceSignature": "STEERING_WHEEL.g923_ps4.0.1007636278", "givenName": "", "capabilities": {"sleepTimer": false, "mstateSupport": {"count": 1, "timeOut": 0}, "reportHidControls": {"pages": [{"page": 9, "usages": [{"usage": 1, "button": 1}, {"usage": 2, "button": 2}, {"usage": 3, "button": 3}, {"usage": 4, "button": 4}, {"usage": 5, "button": 5}, {"usage": 6, "button": 6}, {"usage": 7, "button": 7}, {"usage": 8, "button": 8}, {"usage": 9, "button": 9}, {"usage": 10, "button": 10}, {"usage": 11, "button": 11}, {"usage": 12, "button": 12}, {"usage": 13, "button": 13}, {"usage": 14, "button": 14}, {"usage": 15, "button": 15}, {"usage": 16, "button": 16}, {"usage": 17, "button": 17}, {"usage": 18, "button": 18}, {"usage": 19, "button": 19}, {"usage": 20, "button": 20}, {"usage": 21, "button": 21}, {"usage": 22, "button": 22}, {"usage": 23, "button": 23}, {"usage": 24, "button": 24}, {"usage": 25, "button": 25}]}, {"page": 65280, "usages": [{"usage": 1, "button": 26}, {"usage": 2, "button": 27}, {"usage": 3, "button": 28}, {"usage": 4, "button": 29}, {"usage": 5, "button": 30}, {"usage": 6, "button": 31}, {"usage": 7, "button": 32}, {"usage": 8, "button": 33}]}]}, "fnInversion": false, "presentSplashScreen": false, "customizableColor": false, "wirelessReportRate": false, "hybridEngine": false, "advancedSleepTimer": false, "angleSnapping": false, "excludeGShift": false, "hostRemovalSupport": false, "headphoneJack": false, "gamingAttachments": {"attachments": [{"id": "DAYLIGHT_STARLIGHT_SHIFTER", "slotIds": ["g923-ps4_g13_m1", "g923-ps4_g14_m1", "g923-ps4_g15_m1", "g923-ps4_g16_m1", "g923-ps4_g17_m1", "g923-ps4_g18_m1", "g923-ps4_g19_m1", "g923-ps4_g13_m1_shifted", "g923-ps4_g14_m1_shifted", "g923-ps4_g15_m1_shifted", "g923-ps4_g16_m1_shifted", "g923-ps4_g17_m1_shifted", "g923-ps4_g18_m1_shifted", "g923-ps4_g19_m1_shifted"]}, {"id": "DAYLIGHT_STARLIGHT_PEDALS", "slotIds": ["g923-ps4_pedal_settings"]}]}, "operatingRange": {"minimum": 180, "maximum": 900}, "pedalHidControls": {"pages": [{"page": 1, "usages": [{"usage": 49, "button": 1}, {"usage": 50, "button": 2}, {"usage": 53, "button": 3}]}]}, "hostInfos": false, "gkeyLayout": "INVALID_GKEY_LAYOUT", "hasBatteryStatus": false, "powerOffTimer": false, "trueforce": {"deviceId": "", "tfGain": {"value": 100}, "kfGain": {"value": 100}, "gameControl": {"enabled": true}}, "axisMonitor": {"axes": [{"axisId": "WHEEL", "interfaceId": "HID_046d_c266_00010004", "controlPage": 1, "controlUsage": 48}, {"axisId": "ACCELERATOR", "interfaceId": "HID_046d_c266_00010004", "controlPage": 1, "controlUsage": 50}, {"axisId": "BRAKE", "interfaceId": "HID_046d_c266_00010004", "controlPage": 1, "controlUsage": 53}, {"axisId": "CLUTCH", "interfaceId": "HID_046d_c266_00010004", "controlPage": 1, "controlUsage": 49}]}, "requiresBackupForDfu": false, "unifiedBattery": false, "dpiLighting": false, "nonInteractive": false, "chargepadCompatible": false, "individuality": false, "defaultSlotFormat": "INVALID_FORMAT"}, "activeInterfaces": [{"type": "DEVIO", "id": "046d_c266", "pid": 49766, "modelId": 0, "extendedModel": 0, "serialNumber": "1007636278", "path": "IOService:/AppleACPIPlatformExpert/PCI0@0/AppleACPIPCI/XHC1@14/XHC1@14000000/HS08@14300000/USBHub3p-2[A]@14300000/AppleUSB20Hub@14300000/AppleUSB20HubPort@14330000/USBHub3p-2[4-7]@14330000/AppleUSB20Hub@14330000/AppleUSB20HubPort@14333000/G923 Racing Wheel for PlayStation 4 and PC@14333000/IOUSBHostInterface@1/AppleUserUSBHostHIDDevice", "containerId": "0x14333000", "deviceType": "STEERING_WHEEL", "deviceName": "G923 Racing Wheel for PlayStation 4 and PC", "keyboardLayout": "INVALID_LAYOUT", "firmwareVersion": "138.0.34", "unitId": "1007636278", "firmwareName": "U13800", "connectionType": "USB", "hasOnboardMode": false}, {"type": "HIDIO", "id": "HID_046d_c266_00010004", "pid": 49766, "modelId": 0, "extendedModel": 0, "serialNumber": "", "path": "IOService:/AppleACPIPlatformExpert/PCI0@0/AppleACPIPCI/XHC1@14/XHC1@14000000/HS08@14300000/USBHub3p-2[A]@14300000/AppleUSB20Hub@14300000/AppleUSB20HubPort@14330000/USBHub3p-2[4-7]@14330000/AppleUSB20Hub@14330000/AppleUSB20HubPort@14333000/G923 Racing Wheel for PlayStation 4 and PC@14333000/IOUSBHostInterface@0/AppleUserUSBHostHIDDevice", "containerId": "0x14333000", "deviceType": "STEERING_WHEEL", "deviceName": "", "keyboardLayout": "INVALID_LAYOUT", "firmwareVersion": "", "unitId": "", "firmwareName": "", "connectionType": "USB", "hasOnboardMode": false}], "slots": {"g923-ps4_g1_m1": {"id": "g923-ps4_g1_m1", "attribute": "MACRO_PLAYBACK", "disabled": false}, "g923-ps4_g22_m1": {"id": "g923-ps4_g22_m1", "attribute": "MACRO_PLAYBACK", "disabled": false}, "g923-ps4_g10_m1": {"id": "g923-ps4_g10_m1", "attribute": "MACRO_PLAYBACK", "disabled": false}, "g923-ps4_g13_m1": {"id": "g923-ps4_g13_m1", "attribute": "MACRO_PLAYBACK", "disabled": true}, "g923-ps4_g5_m1": {"id": "g923-ps4_g5_m1", "attribute": "MACRO_PLAYBACK", "disabled": false}, "g923-ps4_g20_m1": {"id": "g923-ps4_g20_m1", "attribute": "MACRO_PLAYBACK", "disabled": false}, "g923-ps4_g12_m1_shifted": {"id": "g923-ps4_g12_m1_shifted", "attribute": "MACRO_PLAYBACK", "disabled": false}, "g923-ps4_g3_m1": {"id": "g923-ps4_g3_m1", "attribute": "MACRO_PLAYBACK", "disabled": false}, "g923-ps4_g28_m1": {"id": "g923-ps4_g28_m1", "attribute": "MACRO_PLAYBACK", "disabled": false}, "g923-ps4_g18_m1": {"id": "g923-ps4_g18_m1", "attribute": "MACRO_PLAYBACK", "disabled": true}, "g923-ps4_g14_m1": {"id": "g923-ps4_g14_m1", "attribute": "MACRO_PLAYBACK", "disabled": true}, "g923-ps4_g30_m1_shifted": {"id": "g923-ps4_g30_m1_shifted", "attribute": "MACRO_PLAYBACK", "disabled": false}, "g923-ps4_g29_m1": {"id": "g923-ps4_g29_m1", "attribute": "MACRO_PLAYBACK", "disabled": false}, "g923-ps4_g21_m1_shifted": {"id": "g923-ps4_g21_m1_shifted", "attribute": "MACRO_PLAYBACK", "disabled": false}, "g923-ps4_g32_m1": {"id": "g923-ps4_g32_m1", "attribute": "MACRO_PLAYBACK", "disabled": false}, "g923-ps4_g6_m1": {"id": "g923-ps4_g6_m1", "attribute": "MACRO_PLAYBACK", "disabled": false}, "g923-ps4_g27_m1_shifted": {"id": "g923-ps4_g27_m1_shifted", "attribute": "MACRO_PLAYBACK", "disabled": false}, "g923-ps4_g11_m1_shifted": {"id": "g923-ps4_g11_m1_shifted", "attribute": "MACRO_PLAYBACK", "disabled": false}, "g923-ps4_g31_m1": {"id": "g923-ps4_g31_m1", "attribute": "MACRO_PLAYBACK", "disabled": false}, "g923-ps4_g2_m1_shifted": {"id": "g923-ps4_g2_m1_shifted", "attribute": "MACRO_PLAYBACK", "disabled": false}, "g923-ps4_g23_m1": {"id": "g923-ps4_g23_m1", "attribute": "MACRO_PLAYBACK", "disabled": false}, "g923-ps4_g7_m1_shifted": {"id": "g923-ps4_g7_m1_shifted", "attribute": "MACRO_PLAYBACK", "disabled": false}, "g923-ps4_g22_m1_shifted": {"id": "g923-ps4_g22_m1_shifted", "attribute": "MACRO_PLAYBACK", "disabled": false}, "g923-ps4_g4_m1_shifted": {"id": "g923-ps4_g4_m1_shifted", "attribute": "MACRO_PLAYBACK", "disabled": false}, "g923-ps4_g9_m1_shifted": {"id": "g923-ps4_g9_m1_shifted", "attribute": "MACRO_PLAYBACK", "disabled": false}, "g923-ps4_g28_m1_shifted": {"id": "g923-ps4_g28_m1_shifted", "attribute": "MACRO_PLAYBACK", "disabled": false}, "g923-ps4_g7_m1": {"id": "g923-ps4_g7_m1", "attribute": "MACRO_PLAYBACK", "disabled": false}, "g923-ps4_g19_m1": {"id": "g923-ps4_g19_m1", "attribute": "MACRO_PLAYBACK", "disabled": true}, "g923-ps4_g6_m1_shifted": {"id": "g923-ps4_g6_m1_shifted", "attribute": "MACRO_PLAYBACK", "disabled": false}, "g923-ps4_g31_m1_shifted": {"id": "g923-ps4_g31_m1_shifted", "attribute": "MACRO_PLAYBACK", "disabled": false}, "g923-ps4_g25_m1_shifted": {"id": "g923-ps4_g25_m1_shifted", "attribute": "MACRO_PLAYBACK", "disabled": false}, "g923-ps4_g13_m1_shifted": {"id": "g923-ps4_g13_m1_shifted", "attribute": "MACRO_PLAYBACK", "disabled": true}, "g923-ps4_g23_m1_shifted": {"id": "g923-ps4_g23_m1_shifted", "attribute": "MACRO_PLAYBACK", "disabled": false}, "g923-ps4_g26_m1_shifted": {"id": "g923-ps4_g26_m1_shifted", "attribute": "MACRO_PLAYBACK", "disabled": false}, "g923-ps4_g8_m1_shifted": {"id": "g923-ps4_g8_m1_shifted", "attribute": "MACRO_PLAYBACK", "disabled": false}, "g923-ps4_g15_m1": {"id": "g923-ps4_g15_m1", "attribute": "MACRO_PLAYBACK", "disabled": true}, "g923-ps4_g17_m1": {"id": "g923-ps4_g17_m1", "attribute": "MACRO_PLAYBACK", "disabled": true}, "g923-ps4_g4_m1": {"id": "g923-ps4_g4_m1", "attribute": "MACRO_PLAYBACK", "disabled": false}, "g923-ps4_g11_m1": {"id": "g923-ps4_g11_m1", "attribute": "MACRO_PLAYBACK", "disabled": false}, "g923-ps4_g14_m1_shifted": {"id": "g923-ps4_g14_m1_shifted", "attribute": "MACRO_PLAYBACK", "disabled": true}, "g923-ps4_wheel_settings": {"id": "g923-ps4_wheel_settings", "attribute": "WHEEL_SETTINGS", "disabled": false}, "g923-ps4_g3_m1_shifted": {"id": "g923-ps4_g3_m1_shifted", "attribute": "MACRO_PLAYBACK", "disabled": false}, "g923-ps4_g33_m1": {"id": "g923-ps4_g33_m1", "attribute": "MACRO_PLAYBACK", "disabled": false}, "g923-ps4_g15_m1_shifted": {"id": "g923-ps4_g15_m1_shifted", "attribute": "MACRO_PLAYBACK", "disabled": true}, "g923-ps4_g9_m1": {"id": "g923-ps4_g9_m1", "attribute": "MACRO_PLAYBACK", "disabled": false}, "g923-ps4_g16_m1_shifted": {"id": "g923-ps4_g16_m1_shifted", "attribute": "MACRO_PLAYBACK", "disabled": true}, "g923-ps4_g12_m1": {"id": "g923-ps4_g12_m1", "attribute": "MACRO_PLAYBACK", "disabled": false}, "g923-ps4_g10_m1_shifted": {"id": "g923-ps4_g10_m1_shifted", "attribute": "MACRO_PLAYBACK", "disabled": false}, "g923-ps4_g18_m1_shifted": {"id": "g923-ps4_g18_m1_shifted", "attribute": "MACRO_PLAYBACK", "disabled": true}, "g923-ps4_trueforce_settings": {"id": "g923-ps4_trueforce_settings", "attribute": "TRUEFORCE_SETTINGS", "disabled": false}, "g923-ps4_g5_m1_shifted": {"id": "g923-ps4_g5_m1_shifted", "attribute": "MACRO_PLAYBACK", "disabled": false}, "g923-ps4_g24_m1_shifted": {"id": "g923-ps4_g24_m1_shifted", "attribute": "MACRO_PLAYBACK", "disabled": false}, "g923-ps4_g25_m1": {"id": "g923-ps4_g25_m1", "attribute": "MACRO_PLAYBACK", "disabled": false}, "g923-ps4_g8_m1": {"id": "g923-ps4_g8_m1", "attribute": "MACRO_PLAYBACK", "disabled": false}, "g923-ps4_g27_m1": {"id": "g923-ps4_g27_m1", "attribute": "MACRO_PLAYBACK", "disabled": false}, "g923-ps4_g20_m1_shifted": {"id": "g923-ps4_g20_m1_shifted", "attribute": "MACRO_PLAYBACK", "disabled": false}, "g923-ps4_g1_m1_shifted": {"id": "g923-ps4_g1_m1_shifted", "attribute": "MACRO_PLAYBACK", "disabled": false}, "g923-ps4_g24_m1": {"id": "g923-ps4_g24_m1", "attribute": "MACRO_PLAYBACK", "disabled": false}, "g923-ps4_g26_m1": {"id": "g923-ps4_g26_m1", "attribute": "MACRO_PLAYBACK", "disabled": false}, "g923-ps4_g17_m1_shifted": {"id": "g923-ps4_g17_m1_shifted", "attribute": "MACRO_PLAYBACK", "disabled": true}, "g923-ps4_g32_m1_shifted": {"id": "g923-ps4_g32_m1_shifted", "attribute": "MACRO_PLAYBACK", "disabled": false}, "g923-ps4_g2_m1": {"id": "g923-ps4_g2_m1", "attribute": "MACRO_PLAYBACK", "disabled": false}, "g923-ps4_g30_m1": {"id": "g923-ps4_g30_m1", "attribute": "MACRO_PLAYBACK", "disabled": false}, "g923-ps4_g19_m1_shifted": {"id": "g923-ps4_g19_m1_shifted", "attribute": "MACRO_PLAYBACK", "disabled": true}, "g923-ps4_g29_m1_shifted": {"id": "g923-ps4_g29_m1_shifted", "attribute": "MACRO_PLAYBACK", "disabled": false}, "g923-ps4_g33_m1_shifted": {"id": "g923-ps4_g33_m1_shifted", "attribute": "MACRO_PLAYBACK", "disabled": false}, "g923-ps4_pedal_settings": {"id": "g923-ps4_pedal_settings", "attribute": "PEDAL_SETTINGS", "disabled": false}, "g923-ps4_g16_m1": {"id": "g923-ps4_g16_m1", "attribute": "MACRO_PLAYBACK", "disabled": true}, "g923-ps4_g21_m1": {"id": "g923-ps4_g21_m1", "attribute": "MACRO_PLAYBACK", "disabled": false}}}]}}