 {"msgId": "b22b68d3-3e0d-405c-b3e5-6571afa43be6", "verb": "GET", "path": "/devices/list", "origin": "backend", "result": {"code": "SUCCESS", "what": ""}, "payload": {"@type": "type.googleapis.com/logi.protocol.devices.Device.Info.List", "deviceInfos": [{"id": "dev00000000", "pid": 49980, "state": "ACTIVE", "onboardMode": false, "resourcesAvailable": true, "connectionType": "USB", "hasWirelessInterface": false, "deviceType": "KEYBOARD", "deviceModel": "g512_ext4", "displayName": "G512", "extendedDisplayName": "G512 Carbon Linear", "slotPrefix": "g513", "thumbnail": "pipeline://core/thumbnails/g513_ext3.png", "capabilities": {"lightingSupport": {"deviceCategory": "KEYBOARD_RGB_PER_KEY", "typeMap": {"PERKEY_KEYBOARD": "HID_KEYBOARD", "PERKEY_INDICATOR": "KEYBOARD_OTHER", "ZONE_PRIMARY": "PRIMARY"}, "zones": [{"zoneType": "ZONE_PRIMARY", "supportedEffects": [{"id": "OFF", "syncable": true, "fixedIntensity": false, "signature": false, "inactivityOnly": false}, {"id": "FIXED", "syncable": true, "fixedIntensity": false, "signature": false, "inactivityOnly": false}, {"id": "CYCLE", "syncable": true, "fixedIntensity": true, "signature": false, "inactivityOnly": false}, {"id": "COLORWAVE", "syncable": false, "fixedIntensity": true, "signature": false, "inactivityOnly": false}, {"id": "BREATHING", "syncable": true, "fixedIntensity": true, "signature": false, "inactivityOnly": false}, {"id": "RIPPLE", "syncable": false, "fixedIntensity": false, "signature": false, "inactivityOnly": false}], "onboardCluster": "CLUSTER_DEFAULT"}], "isMonochrome": false, "isPerKey": true, "persistence": {"zoneEffects": false, "perKeyFixed": true}, "hideStartupEffect": false, "shudownEffect": false, "brightnessLevels": [], "powerSavingEffect": false, "lowBatteryEffect": false, "brightnessPercentage": false, "gamma": false, "firmwareOnly": false, "offRamp": false, "activeDimming": false}, "sleepTimer": false, "mstateSupport": {"count": 1, "timeOut": 0}, "reportHidControls": {"pages": [{"page": 7, "usages": [{"usage": 58, "button": 1}, {"usage": 59, "button": 2}, {"usage": 60, "button": 3}, {"usage": 61, "button": 4}, {"usage": 62, "button": 5}, {"usage": 63, "button": 6}, {"usage": 64, "button": 7}, {"usage": 65, "button": 8}, {"usage": 66, "button": 9}, {"usage": 67, "button": 10}, {"usage": 68, "button": 11}, {"usage": 69, "button": 12}]}]}, "fnInversion": true, "presentSplashScreen": false, "customizableColor": false, "wirelessReportRate": false, "hybridEngine": false, "advancedSleepTimer": false, "angleSnapping": false, "excludeGShift": false, "hostRemovalSupport": false, "headphoneJack": false, "hostInfos": false, "gkeyLayout": "INVALID_GKEY_LAYOUT", "hasBatteryStatus": false, "powerOffTimer": false, "requiresBackupForDfu": false, "unifiedBattery": false, "dpiLighting": false, "nonInteractive": false, "chargepadCompatible": false}, "activeInterfaces": [{"type": "DEVIO", "id": "046d_c33c", "pid": 49980, "modelId": 0, "extendedModel": 4, "serialNumber": "876103433", "path": "IOService:/AppleACPIPlatformExpert/PCI0@0/AppleACPIPCI/XHC1@14/XHC1@14000000/HS08@14500000/USB2.0 Hub@14500000/AppleUSB20Hub@14500000/AppleUSB20HubPort@14510000/USB2.0 Hub@14510000/AppleUSB20Hub@14510000/AppleUSB20HubPort@14513000/USBHub3p-2[A]@14513000/AppleUSB20Hub@14513000/AppleUSB20HubPort@14513300/USBHub3p-2[4-7]@14513300/AppleUSB20Hub@14513300/AppleUSB20HubPort@14513340/G512 Carbon Linear@14513340/IOUSBHostInterface@1/AppleUserUSBHostHIDDevice", "containerId": "0x14513340", "deviceType": "KEYBOARD", "deviceName": "G512 Carbon Linear", "keyboardLayout": "US", "firmwareVersion": "119.1.14", "connectionType": "USB", "hasOnboardMode": false}], "slots": {"g513_g2_m1": {"id": "g513_g2_m1", "attribute": "MACRO_PLAYBACK", "disabled": false}, "g513_g1_m1": {"id": "g513_g1_m1", "attribute": "MACRO_PLAYBACK", "disabled": false}, "g513_g8_m1_shifted": {"id": "g513_g8_m1_shifted", "attribute": "MACRO_PLAYBACK", "disabled": false}, "g513_g3_m1_shifted": {"id": "g513_g3_m1_shifted", "attribute": "MACRO_PLAYBACK", "disabled": false}, "g513_g11_m1_shifted": {"id": "g513_g11_m1_shifted", "attribute": "MACRO_PLAYBACK", "disabled": false}, "g513_g6_m1_shifted": {"id": "g513_g6_m1_shifted", "attribute": "MACRO_PLAYBACK", "disabled": false}, "g513_g2_m1_shifted": {"id": "g513_g2_m1_shifted", "attribute": "MACRO_PLAYBACK", "disabled": false}, "g513_g5_m1_shifted": {"id": "g513_g5_m1_shifted", "attribute": "MACRO_PLAYBACK", "disabled": false}, "g513_g7_m1_shifted": {"id": "g513_g7_m1_shifted", "attribute": "MACRO_PLAYBACK", "disabled": false}, "g513_g10_m1": {"id": "g513_g10_m1", "attribute": "MACRO_PLAYBACK", "disabled": false}, "g513_g11_m1": {"id": "g513_g11_m1", "attribute": "MACRO_PLAYBACK", "disabled": false}, "g513_g6_m1": {"id": "g513_g6_m1", "attribute": "MACRO_PLAYBACK", "disabled": false}, "g513_g3_m1": {"id": "g513_g3_m1", "attribute": "MACRO_PLAYBACK", "disabled": false}, "g513_g4_m1": {"id": "g513_g4_m1", "attribute": "MACRO_PLAYBACK", "disabled": false}, "g513_g12_m1": {"id": "g513_g12_m1", "attribute": "MACRO_PLAYBACK", "disabled": false}, "g513_g9_m1_shifted": {"id": "g513_g9_m1_shifted", "attribute": "MACRO_PLAYBACK", "disabled": false}, "g513_g10_m1_shifted": {"id": "g513_g10_m1_shifted", "attribute": "MACRO_PLAYBACK", "disabled": false}, "g513_g9_m1": {"id": "g513_g9_m1", "attribute": "MACRO_PLAYBACK", "disabled": false}, "g513_g5_m1": {"id": "g513_g5_m1", "attribute": "MACRO_PLAYBACK", "disabled": false}, "g513_g7_m1": {"id": "g513_g7_m1", "attribute": "MACRO_PLAYBACK", "disabled": false}, "g513_lighting_setting_firmware": {"id": "g513_lighting_setting_firmware", "attribute": "FIRMWARE_LIGHTING_SETTINGS", "disabled": false}, "g513_g1_m1_shifted": {"id": "g513_g1_m1_shifted", "attribute": "MACRO_PLAYBACK", "disabled": false}, "g513_g12_m1_shifted": {"id": "g513_g12_m1_shifted", "attribute": "MACRO_PLAYBACK", "disabled": false}, "g513_disable_keys": {"id": "g513_disable_keys", "attribute": "DISABLE_KEY_SETTINGS", "disabled": false}, "g513_g4_m1_shifted": {"id": "g513_g4_m1_shifted", "attribute": "MACRO_PLAYBACK", "disabled": false}, "g513_g8_m1": {"id": "g513_g8_m1", "attribute": "MACRO_PLAYBACK", "disabled": false}}}, {"id": "dev00000001", "pid": 49970, "state": "ACTIVE", "onboardMode": false, "resourcesAvailable": true, "connectionType": "USB", "hasWirelessInterface": false, "deviceType": "MOUSE", "deviceModel": "g502_spectrum", "displayName": "G502", "extendedDisplayName": "G502 Proteus Spectrum", "slotPrefix": "g502spectrum", "thumbnail": "pipeline://core/thumbnails/g502_spectrum.png", "capabilities": {"lightingSupport": {"deviceCategory": "MOUSE_RGB_ZONAL", "typeMap": {"ZONE_PRIMARY": "PRIMARY", "ZONE_BRANDING": "LOGO"}, "zones": [{"zoneType": "ZONE_PRIMARY", "supportedEffects": [{"id": "OFF", "syncable": true, "fixedIntensity": false, "signature": false, "inactivityOnly": false}, {"id": "FIXED", "syncable": true, "fixedIntensity": false, "signature": false, "inactivityOnly": false}, {"id": "CYCLE", "syncable": true, "fixedIntensity": false, "signature": false, "inactivityOnly": false}, {"id": "BREATHING", "syncable": true, "fixedIntensity": false, "signature": false, "inactivityOnly": false}], "onboardCluster": "CLUSTER_DEFAULT"}, {"zoneType": "ZONE_BRANDING", "supportedEffects": [{"id": "OFF", "syncable": true, "fixedIntensity": false, "signature": false, "inactivityOnly": false}, {"id": "FIXED", "syncable": true, "fixedIntensity": false, "signature": false, "inactivityOnly": false}, {"id": "CYCLE", "syncable": true, "fixedIntensity": false, "signature": false, "inactivityOnly": false}, {"id": "BREATHING", "syncable": true, "fixedIntensity": false, "signature": false, "inactivityOnly": false}], "onboardCluster": "CLUSTER_DEFAULT"}], "isMonochrome": false, "isPerKey": false, "hideStartupEffect": false, "shudownEffect": false, "brightnessLevels": [], "powerSavingEffect": false, "lowBatteryEffect": false, "brightnessPercentage": false, "gamma": false, "firmwareOnly": false, "offRamp": false, "activeDimming": false}, "sleepTimer": false, "mstateSupport": {"count": 1, "timeOut": 0}, "fnInversion": false, "presentSplashScreen": false, "customizableColor": false, "wirelessReportRate": false, "hybridEngine": false, "advancedSleepTimer": false, "angleSnapping": true, "excludeGShift": false, "hostRemovalSupport": false, "headphoneJack": false, "hostInfos": false, "gkeyLayout": "INVALID_GKEY_LAYOUT", "hasBatteryStatus": false, "powerOffTimer": false, "requiresBackupForDfu": false, "unifiedBattery": false, "dpiLighting": true, "nonInteractive": false, "chargepadCompatible": false}, "activeInterfaces": [{"type": "DEVIO", "id": "046d_c332", "pid": 49970, "modelId": 0, "extendedModel": 0, "serialNumber": "892618514", "path": "IOService:/AppleACPIPlatformExpert/PCI0@0/AppleACPIPCI/XHC1@14/XHC1@14000000/HS08@14500000/USB2.0 Hub@14500000/AppleUSB20Hub@14500000/AppleUSB20HubPort@14510000/USB2.0 Hub@14510000/AppleUSB20Hub@14510000/AppleUSB20HubPort@14513000/USBHub3p-2[A]@14513000/AppleUSB20Hub@14513000/AppleUSB20HubPort@14513400/USBHub3p-2[0-3]@14513400/AppleUSB20Hub@14513400/AppleUSB20HubPort@14513440/Gaming Mouse G502@14513440/IOUSBHostInterface@1/AppleUserUSBHostHIDDevice", "containerId": "0x14513440", "deviceType": "MOUSE", "deviceName": "Tunable RGB Gaming Mouse G502", "keyboardLayout": "INVALID_LAYOUT", "firmwareVersion": "103.0.9", "connectionType": "USB", "hasOnboardMode": true}], "slots": {"g502spectrum_g8_m1_shifted": {"id": "g502spectrum_g8_m1_shifted", "attribute": "MACRO_PLAYBACK", "disabled": false}, "g502spectrum_g7_m1": {"id": "g502spectrum_g7_m1", "attribute": "MACRO_PLAYBACK", "disabled": false}, "g502spectrum_g3_m1_shifted": {"id": "g502spectrum_g3_m1_shifted", "attribute": "MACRO_PLAYBACK", "disabled": false}, "g502spectrum_g10_m1": {"id": "g502spectrum_g10_m1", "attribute": "MACRO_PLAYBACK", "disabled": false}, "g502spectrum_g1_m1_shifted": {"id": "g502spectrum_g1_m1_shifted", "attribute": "MACRO_PLAYBACK", "disabled": false}, "g502spectrum_g4_m1": {"id": "g502spectrum_g4_m1", "attribute": "MACRO_PLAYBACK", "disabled": false}, "g502spectrum_g4_m1_shifted": {"id": "g502spectrum_g4_m1_shifted", "attribute": "MACRO_PLAYBACK", "disabled": false}, "g502spectrum_g9_m1_shifted": {"id": "g502spectrum_g9_m1_shifted", "attribute": "MACRO_PLAYBACK", "disabled": false}, "g502spectrum_g2_m1": {"id": "g502spectrum_g2_m1", "attribute": "MACRO_PLAYBACK", "disabled": false}, "g502spectrum_g6_m1": {"id": "g502spectrum_g6_m1", "attribute": "MACRO_PLAYBACK", "disabled": false}, "g502spectrum_g8_m1": {"id": "g502spectrum_g8_m1", "attribute": "MACRO_PLAYBACK", "disabled": false}, "g502spectrum_g11_m1_shifted": {"id": "g502spectrum_g11_m1_shifted", "attribute": "MACRO_PLAYBACK", "disabled": false}, "g502spectrum_g5_m1_shifted": {"id": "g502spectrum_g5_m1_shifted", "attribute": "MACRO_PLAYBACK", "disabled": false}, "g502spectrum_mouse_settings": {"id": "g502spectrum_mouse_settings", "attribute": "MOUSE_SETTINGS", "disabled": false}, "g502spectrum_g9_m1": {"id": "g502spectrum_g9_m1", "attribute": "MACRO_PLAYBACK", "disabled": false}, "g502spectrum_g6_m1_shifted": {"id": "g502spectrum_g6_m1_shifted", "attribute": "MACRO_PLAYBACK", "disabled": false}, "g502spectrum_lighting_setting_firmware": {"id": "g502spectrum_lighting_setting_firmware", "attribute": "FIRMWARE_LIGHTING_SETTINGS", "disabled": false}, "g502spectrum_g1_m1": {"id": "g502spectrum_g1_m1", "attribute": "MACRO_PLAYBACK", "disabled": false}, "g502spectrum_g10_m1_shifted": {"id": "g502spectrum_g10_m1_shifted", "attribute": "MACRO_PLAYBACK", "disabled": false}, "g502spectrum_g2_m1_shifted": {"id": "g502spectrum_g2_m1_shifted", "attribute": "MACRO_PLAYBACK", "disabled": false}, "g502spectrum_g5_m1": {"id": "g502spectrum_g5_m1", "attribute": "MACRO_PLAYBACK", "disabled": false}, "g502spectrum_g3_m1": {"id": "g502spectrum_g3_m1", "attribute": "MACRO_PLAYBACK", "disabled": false}, "g502spectrum_g11_m1": {"id": "g502spectrum_g11_m1", "attribute": "MACRO_PLAYBACK", "disabled": false}, "g502spectrum_g7_m1_shifted": {"id": "g502spectrum_g7_m1_shifted", "attribute": "MACRO_PLAYBACK", "disabled": false}}}, {"id": "dev00000002", "pid": 2741, "state": "ACTIVE", "onboardMode": false, "resourcesAvailable": true, "connectionType": "USB", "hasWirelessInterface": false, "deviceType": "HEADSET", "deviceModel": "g733", "displayName": "G733", "extendedDisplayName": "G733 Wireless LIGHTSYNC Gaming Headset", "slotPrefix": "g733", "thumbnail": "pipeline://core/thumbnails/g733.png", "capabilities": {"audio": {"dtsSupported": false, "dolbySupported": false, "denoiserSupported": false, "onboardEqSupported": false, "onboardProEqSupported": false, "dtsHx2eSupported": true, "proEqSupported": false, "blueVoiceSupported": true, "hardwareNoiseReductionSupported": false, "blueVoice2Supported": false, "hidMic": false, "devioVolumeFeatures": false}, "lightingSupport": {"deviceCategory": "HEADSET_RGB_ZONAL", "typeMap": {"ZONE_TOP": "PRIMARY", "ZONE_BOTTOM": "LOGO"}, "zones": [{"zoneType": "ZONE_TOP", "supportedEffects": [{"id": "OFF", "syncable": true, "fixedIntensity": false, "signature": false, "inactivityOnly": false}, {"id": "FIXED", "syncable": true, "fixedIntensity": false, "signature": false, "inactivityOnly": false}, {"id": "CYCLE", "syncable": true, "fixedIntensity": false, "signature": false, "inactivityOnly": false}, {"id": "BREATHING", "syncable": true, "fixedIntensity": false, "signature": false, "inactivityOnly": false}], "onboardCluster": "CLUSTER_DEFAULT"}, {"zoneType": "ZONE_BOTTOM", "supportedEffects": [{"id": "OFF", "syncable": true, "fixedIntensity": false, "signature": false, "inactivityOnly": false}, {"id": "FIXED", "syncable": true, "fixedIntensity": false, "signature": false, "inactivityOnly": false}, {"id": "CYCLE", "syncable": true, "fixedIntensity": false, "signature": false, "inactivityOnly": false}, {"id": "BREATHING", "syncable": true, "fixedIntensity": false, "signature": false, "inactivityOnly": false}], "onboardCluster": "CLUSTER_DEFAULT"}], "isMonochrome": false, "isPerKey": false, "hideStartupEffect": false, "shudownEffect": false, "brightnessLevels": [], "powerSavingEffect": false, "lowBatteryEffect": true, "brightnessPercentage": false, "gamma": true, "firmwareOnly": false, "offRamp": false, "activeDimming": false}, "sleepTimer": false, "mstateSupport": {"count": 1, "timeOut": 0}, "fnInversion": false, "presentSplashScreen": true, "customizableColor": false, "wirelessReportRate": false, "hybridEngine": false, "advancedSleepTimer": false, "angleSnapping": false, "excludeGShift": false, "hostRemovalSupport": false, "headphoneJack": false, "hostInfos": false, "gkeyLayout": "INVALID_GKEY_LAYOUT", "hasBatteryStatus": true, "powerOffTimer": true, "requiresBackupForDfu": false, "notificationSupport": {"audioPrompts": {"playOnDevice": true, "battery": {"automaticWarning": true, "warningTimeout": {"milliseconds": 0, "seconds": 0, "minutes": 15, "hours": 0, "days": 0, "dateTime": "0"}, "warningThreshold": 5, "onUserCheck": true}}}, "unifiedBattery": false, "dpiLighting": false, "nonInteractive": false, "chargepadCompatible": false}, "activeInterfaces": [{"type": "DEVIO", "id": "046d_0ab5", "pid": 2741, "modelId": 0, "extendedModel": 0, "serialNumber": "4294967295", "path": "IOService:/AppleACPIPlatformExpert/PCI0@0/AppleACPIPCI/XHC1@14/XHC1@14000000/HS08@14500000/USB2.0 Hub@14500000/AppleUSB20Hub@14500000/AppleUSB20HubPort@14510000/USB2.0 Hub@14510000/AppleUSB20Hub@14510000/AppleUSB20HubPort@14514000/G733 Gaming Headset@14514000/G733 Gaming Headset@3/AppleUserUSBHostHIDDevice", "containerId": "0x14514000", "deviceType": "HEADSET", "deviceName": "G733 Gaming Headset", "keyboardLayout": "INVALID_LAYOUT", "firmwareVersion": "137.0.131", "connectionType": "USB", "hasOnboardMode": false}, {"type": "AUDIO", "id": "", "pid": 0, "modelId": 0, "extendedModel": 0, "serialNumber": "", "path": "", "containerId": "", "deviceType": "INVALID_TYPE", "deviceName": "G733 Gaming Headset", "keyboardLayout": "INVALID_LAYOUT", "firmwareVersion": "", "connectionType": "VIRTUAL", "hasOnboardMode": false}], "slots": {"g733_acoustics": {"id": "g733_acoustics", "attribute": "ACOUSTICS", "disabled": false}, "g733_g1_m1": {"id": "g733_g1_m1", "attribute": "MACRO_PLAYBACK", "disabled": false}, "g733_microphone_settings": {"id": "g733_microphone_settings", "attribute": "MICROPHONE_SETTINGS", "disabled": false}, "g733_g2_m1_shifted": {"id": "g733_g2_m1_shifted", "attribute": "MACRO_PLAYBACK", "disabled": false}, "g733_blue_voice_settings": {"id": "g733_blue_voice_settings", "attribute": "BLUE_VOICE_SETTINGS", "disabled": false}, "g733_lighting_setting_firmware": {"id": "g733_lighting_setting_firmware", "attribute": "FIRMWARE_LIGHTING_SETTINGS", "disabled": false}, "g733_g1_m1_shifted": {"id": "g733_g1_m1_shifted", "attribute": "MACRO_PLAYBACK", "disabled": false}, "g733_g2_m1": {"id": "g733_g2_m1", "attribute": "MACRO_PLAYBACK", "disabled": false}}}]}}