 {"msgId": "c4939e64-cb3d-4ae7-9dc5-e851a46ba85f", "verb": "GET", "path": "/devices/list", "origin": "backend", "result": {"code": "SUCCESS", "what": ""}, "payload": {"@type": "type.googleapis.com/logi.protocol.devices.Device.Info.List", "deviceInfos": [{"id": "dev00000000", "pid": 2769, "firmwareName": "BOT00", "isSubdevice": false, "parentId": "", "state": "ACTIVE", "onboardMode": false, "individualMode": false, "resourcesAvailable": true, "connectionType": "USB", "hasWirelessInterface": false, "displayConnectionType": "USB", "deviceType": "MICROPHONE", "deviceFamily": "", "deviceModel": "yeti_x", "deviceBaseModel": "yeti_x", "displayName": "Yeti X", "extendedDisplayName": "Yeti X", "slotPrefix": "yetix", "thumbnail": "pipeline://core/thumbnails/yetix.png", "stringPackage": "", "deviceExt": 0, "deviceUnitId": "1191204096", "deviceSignature": "MICROPHONE.yeti_x.0.1191204096", "givenName": "", "capabilities": {"audio": {"dtsSupported": false, "dolbySupported": false, "denoiserSupported": false, "onboardEqSupported": false, "onboardProEqSupported": false, "dtsHx2eSupported": true, "proEqSupported": false, "blueVoiceSupported": false, "hardwareNoiseReductionSupported": false, "blueVoice2Supported": true, "hidMic": false, "devioVolumeFeatures": true, "centurionEqSupported": false, "lightspeedAuxSupported": false, "audioMixingSupported": false, "rtxDenoiserSupported": true}, "lightingSupport": {"deviceCategory": "MICROPHONE_RGB_ZONAL", "typeMap": {"ZONE_PRIMARY": "PRIMARY", "ZONE_FIVE": "ZONAL_FIVE", "ZONE_ONE": "ZONAL_ONE", "ZONE_RIGHT_SIDE": "RIGHT_SIDE", "ZONE_BRANDING": "LOGO", "ZONE_LEFT_SIDE": "LEFT_SIDE", "ZONE_TWO": "ZONAL_TWO", "ZONE_THREE": "ZONAL_THREE", "ZONE_FOUR": "ZONAL_FOUR", "ZONE_COMBINED": "COMBINED", "ZONE_SIX": "ZONAL_SIX", "ZONE_SEVEN": "ZONAL_SEVEN"}, "zones": [{"zoneType": "ZONE_PRIMARY", "supportedEffects": [{"id": "FIXED", "syncable": false, "fixedIntensity": false, "signature": false, "inactivityOnly": false}, {"id": "BREATHING", "syncable": false, "fixedIntensity": false, "signature": false, "inactivityOnly": false}], "defaultColor": {"rgba": {"red": 0, "green": 1, "blue": 0, "alpha": 1}, "tag": ""}, "onboardCluster": "CLUSTER_DEFAULT"}, {"zoneType": "ZONE_BRANDING", "supportedEffects": [{"id": "FIXED", "syncable": false, "fixedIntensity": false, "signature": false, "inactivityOnly": false}, {"id": "BREATHING", "syncable": false, "fixedIntensity": false, "signature": false, "inactivityOnly": false}], "defaultColor": {"rgba": {"red": 1, "green": 0, "blue": 0, "alpha": 1}, "tag": ""}, "onboardCluster": "CLUSTER_DEFAULT"}, {"zoneType": "ZONE_LEFT_SIDE", "supportedEffects": [{"id": "FIXED", "syncable": false, "fixedIntensity": false, "signature": false, "inactivityOnly": false}], "defaultColor": {"rgba": {"red": 0, "green": 0, "blue": 1, "alpha": 1}, "tag": ""}, "onboardCluster": "CLUSTER_DEFAULT"}, {"zoneType": "ZONE_RIGHT_SIDE", "supportedEffects": [{"id": "FIXED", "syncable": false, "fixedIntensity": false, "signature": false, "inactivityOnly": false}, {"id": "BREATHING", "syncable": false, "fixedIntensity": false, "signature": false, "inactivityOnly": false}], "defaultColor": {"rgba": {"red": 1, "green": 1, "blue": 1, "alpha": 1}, "tag": ""}, "onboardCluster": "CLUSTER_DEFAULT"}, {"zoneType": "ZONE_COMBINED", "supportedEffects": [{"id": "FIXED", "syncable": false, "fixedIntensity": false, "signature": false, "inactivityOnly": false}, {"id": "BREATHING", "syncable": false, "fixedIntensity": false, "signature": false, "inactivityOnly": false}], "defaultColor": {"rgba": {"red": 1, "green": 0, "blue": 1, "alpha": 1}, "tag": ""}, "onboardCluster": "CLUSTER_DEFAULT"}, {"zoneType": "ZONE_ONE", "supportedEffects": [{"id": "FIXED", "syncable": false, "fixedIntensity": false, "signature": false, "inactivityOnly": false}, {"id": "BREATHING", "syncable": false, "fixedIntensity": false, "signature": false, "inactivityOnly": false}], "defaultColor": {"rgba": {"red": 1, "green": 1, "blue": 1, "alpha": 1}, "tag": ""}, "onboardCluster": "CLUSTER_DEFAULT"}, {"zoneType": "ZONE_TWO", "supportedEffects": [{"id": "FIXED", "syncable": false, "fixedIntensity": false, "signature": false, "inactivityOnly": false}, {"id": "BREATHING", "syncable": false, "fixedIntensity": false, "signature": false, "inactivityOnly": false}], "defaultColor": {"rgba": {"red": 1, "green": 1, "blue": 1, "alpha": 1}, "tag": ""}, "onboardCluster": "CLUSTER_DEFAULT"}, {"zoneType": "ZONE_THREE", "supportedEffects": [{"id": "FIXED", "syncable": false, "fixedIntensity": false, "signature": false, "inactivityOnly": false}, {"id": "BREATHING", "syncable": false, "fixedIntensity": false, "signature": false, "inactivityOnly": false}], "defaultColor": {"rgba": {"red": 1, "green": 1, "blue": 1, "alpha": 1}, "tag": ""}, "onboardCluster": "CLUSTER_DEFAULT"}, {"zoneType": "ZONE_FOUR", "supportedEffects": [{"id": "FIXED", "syncable": false, "fixedIntensity": false, "signature": false, "inactivityOnly": false}, {"id": "BREATHING", "syncable": false, "fixedIntensity": false, "signature": false, "inactivityOnly": false}], "defaultColor": {"rgba": {"red": 1, "green": 1, "blue": 1, "alpha": 1}, "tag": ""}, "onboardCluster": "CLUSTER_DEFAULT"}, {"zoneType": "ZONE_FIVE", "supportedEffects": [{"id": "FIXED", "syncable": false, "fixedIntensity": false, "signature": false, "inactivityOnly": false}], "defaultColor": {"rgba": {"red": 0, "green": 1, "blue": 0, "alpha": 1}, "tag": ""}, "onboardCluster": "CLUSTER_DEFAULT"}, {"zoneType": "ZONE_SIX", "supportedEffects": [{"id": "FIXED", "syncable": false, "fixedIntensity": false, "signature": false, "inactivityOnly": false}], "defaultColor": {"rgba": {"red": 1, "green": 1, "blue": 0, "alpha": 1}, "tag": ""}, "onboardCluster": "CLUSTER_DEFAULT"}, {"zoneType": "ZONE_SEVEN", "supportedEffects": [{"id": "FIXED", "syncable": false, "fixedIntensity": false, "signature": false, "inactivityOnly": false}], "defaultColor": {"rgba": {"red": 1, "green": 0, "blue": 0, "alpha": 1}, "tag": ""}, "onboardCluster": "CLUSTER_DEFAULT"}], "isMonochrome": false, "isPerKey": false, "hideStartupEffect": true, "shutdownEffect": false, "brightnessLevels": [], "powerSavingEffect": false, "lowBatteryEffect": false, "brightnessPercentage": false, "gamma": false, "firmwareOnly": true, "offRamp": false, "activeDimming": false, "hasPositionalEffect": false, "hasPastelPalette": false, "hasRingLeds": false, "hasMasterSwitch": false, "needKeepAliveSignal": false}, "sleepTimer": false, "mstateSupport": {"count": 1, "timeOut": 0}, "fnInversion": false, "presentSplashScreen": false, "customizableColor": false, "wirelessReportRate": false, "hybridEngine": false, "advancedSleepTimer": false, "angleSnapping": false, "excludeGShift": false, "hostRemovalSupport": false, "microphoneSupport": {"supportedPolarPatterns": [{"id": "POLAR_PATTERN_STEREO"}, {"id": "POLAR_PATTERN_OMNI"}, {"id": "POLAR_PATTERN_CARDIOID"}, {"id": "POLAR_PATTERN_BIDIRECTIONAL"}], "supportedMicrophoneModes": [{"id": "MICROPHONE_GAIN"}, {"id": "HEADPHONE_LEVEL"}, {"id": "BLEND"}]}, "headphoneJack": true, "hostInfos": false, "gkeyLayout": "INVALID_GKEY_LAYOUT", "hasBatteryStatus": false, "powerOffTimer": false, "requiresBackupForDfu": false, "unifiedBattery": false, "dpiLighting": false, "hasGlobalDamping": false, "nonInteractive": false, "chargepadCompatible": false, "individuality": false, "defaultSlotFormat": "INVALID_FORMAT", "fnToggle": false, "isFullHidppWheel": false, "hasConfigurationProfiles": false, "disableCenterSpring": false, "renameDeviceDisplayName": false, "systemTraySupport": false}, "activeInterfaces": [{"type": "DEVIO", "id": "046d_0ad1", "pid": 2769, "modelId": 0, "extendedModel": 0, "serialNumber": "1191204096", "path": "usb\\vid_046d&pid_0ad1&mi_03\\9&1b5b88cf&0&0003", "containerId": "32ffc2db-bb57-5c2b-80fe-e958a45b4fce", "deviceType": "MICROPHONE", "deviceName": "Yeti X", "keyboardLayout": "INVALID_LAYOUT", "firmwareVersion": "12.16.1216", "firmwareName": "BOT00", "firmwareRevision": 1, "hardwareRevision": 0, "unitId": "1191204096", "fwEntities": {}, "connectionType": "USB", "hasOnboardMode": false, "parentPath": ""}, {"type": "HIDIO", "id": "HID_046d_0ad1_ffff0001", "pid": 2769, "modelId": 0, "extendedModel": 0, "serialNumber": "", "path": "", "containerId": "32ffc2db-bb57-5c2b-80fe-e958a45b4fce", "deviceType": "MICROPHONE", "deviceName": "Yeti X", "keyboardLayout": "INVALID_LAYOUT", "firmwareVersion": "", "firmwareName": "", "firmwareRevision": 0, "hardwareRevision": 0, "unitId": "", "fwEntities": {}, "connectionType": "USB", "hasOnboardMode": false, "parentPath": ""}, {"type": "AUDIO", "id": "", "pid": 0, "modelId": 0, "extendedModel": 0, "serialNumber": "", "path": "", "containerId": "32ffc2db-bb57-5c2b-80fe-e958a45b4fce", "deviceType": "INVALID_TYPE", "deviceName": "", "keyboardLayout": "INVALID_LAYOUT", "firmwareVersion": "", "firmwareName": "", "firmwareRevision": 0, "hardwareRevision": 0, "unitId": "", "fwEntities": {}, "connectionType": "VIRTUAL", "hasOnboardMode": false, "parentPath": ""}], "slots": {"yetix_blue_voice_2_settings": {"id": "yetix_blue_voice_2_settings", "attribute": "BLUE_VOICE_2_SETTINGS", "disabled": false, "defaultCard": "fd213892-8bab-4964-b4d7-4330fa8cb19d"}, "yetix_lighting_setting_firmware": {"id": "yetix_lighting_setting_firmware", "attribute": "FIRMWARE_LIGHTING_SETTINGS", "disabled": false, "defaultCard": "7336db1c-650b-43b8-82dd-9af4b3d0f390"}, "yetix_audio_effects_settings": {"id": "yetix_audio_effects_settings", "attribute": "AUDIO_EFFECTS_SETTINGS", "disabled": false, "defaultCard": "473253d7-d06b-44a0-81ea-2cd9e781412f"}, "yetix_acoustics": {"id": "yetix_acoustics", "attribute": "ACOUSTICS", "disabled": false, "defaultCard": "1e854d67-6ccc-4734-b191-c851e356b0e9"}, "yetix_equalizer": {"id": "yetix_equalizer", "attribute": "EQUALIZER", "disabled": false, "defaultCard": "05525ad1-71a4-45c4-aafa-d56ad1429f32"}, "yetix_microphone_settings": {"id": "yetix_microphone_settings", "attribute": "MICROPHONE_SETTINGS", "disabled": false, "defaultCard": "453a8cb9-a3b9-46ca-95ee-01cbc7999dae"}}, "path": "usb\\vid_046d&pid_0ad1&mi_03\\9&1b5b88cf&0&0003", "parentPath": ""}, {"id": "dev00000001", "pid": 0, "firmwareName": "MPM15", "isSubdevice": false, "parentId": "", "state": "ABSENT", "onboardMode": false, "individualMode": false, "resourcesAvailable": true, "connectionType": "INVALID_CONNECTION", "hasWirelessInterface": false, "displayConnectionType": "INVALID_DISPLAY_CONNECTION", "deviceType": "MOUSE", "deviceFamily": "", "deviceModel": "pro_wireless_mouse_ext16", "deviceBaseModel": "pro_wireless_mouse", "displayName": "PRO WIRELESS LOL", "extendedDisplayName": "Pro Wireless Mouse", "slotPrefix": "prowirelessmouse", "thumbnail": "pipeline://core/thumbnails/pro_wireless_mouse_lol.png", "stringPackage": "", "deviceExt": 16, "deviceUnitId": "4137936573", "deviceSignature": "MOUSE.pro_wireless_mouse.16.4137936573", "givenName": "", "capabilities": {"lightingSupport": {"deviceCategory": "MOUSE_RGB_ZONAL", "typeMap": {"ZONE_BRANDING": "LOGO", "ZONE_PRIMARY": "PRIMARY"}, "zones": [{"zoneType": "ZONE_PRIMARY", "supportedEffects": [{"id": "OFF", "syncable": true, "fixedIntensity": false, "signature": false, "inactivityOnly": false}, {"id": "FIXED", "syncable": true, "fixedIntensity": false, "signature": false, "inactivityOnly": false}, {"id": "CYCLE", "syncable": true, "fixedIntensity": false, "signature": false, "inactivityOnly": false}, {"id": "BREATHING", "syncable": true, "fixedIntensity": false, "signature": false, "inactivityOnly": false}], "onboardCluster": "CLUSTER_DEFAULT"}, {"zoneType": "ZONE_BRANDING", "supportedEffects": [{"id": "OFF", "syncable": true, "fixedIntensity": false, "signature": false, "inactivityOnly": false}, {"id": "FIXED", "syncable": true, "fixedIntensity": false, "signature": false, "inactivityOnly": false}, {"id": "CYCLE", "syncable": true, "fixedIntensity": false, "signature": false, "inactivityOnly": false}, {"id": "BREATHING", "syncable": true, "fixedIntensity": false, "signature": false, "inactivityOnly": false}], "onboardCluster": "CLUSTER_DEFAULT"}], "isMonochrome": false, "isPerKey": false, "hideStartupEffect": false, "shutdownEffect": false, "brightnessLevels": [], "powerSavingEffect": false, "lowBatteryEffect": true, "brightnessPercentage": false, "gamma": false, "firmwareOnly": false, "offRamp": false, "activeDimming": false, "hasPositionalEffect": false, "hasPastelPalette": false, "hasRingLeds": false, "hasMasterSwitch": false, "needKeepAliveSignal": false}, "sleepTimer": false, "mstateSupport": {"count": 1, "timeOut": 0}, "maskableZones": {"zones": [{"id": "bottom_left", "slotIds": ["prowirelessmouse_g4_m1", "prowirelessmouse_g4_m1_shifted"], "displayIconKey": "mouse_4_buttons_bottom_left_icon", "renderIconKey": "cover_bottom_left", "enabled": false}, {"id": "top_left", "slotIds": ["prowirelessmouse_g5_m1", "prowirelessmouse_g5_m1_shifted"], "displayIconKey": "mouse_4_buttons_top_left_icon", "renderIconKey": "cover_top_left", "enabled": false}, {"id": "bottom_right", "slotIds": ["prowirelessmouse_g7_m1", "prowirelessmouse_g7_m1_shifted"], "displayIconKey": "mouse_4_buttons_bottom_right_icon", "renderIconKey": "cover_bottom_right", "enabled": false}, {"id": "top_right", "slotIds": ["prowirelessmouse_g8_m1", "prowirelessmouse_g8_m1_shifted"], "displayIconKey": "mouse_4_buttons_top_right_icon", "renderIconKey": "cover_top_right", "enabled": false}]}, "fnInversion": false, "presentSplashScreen": false, "customizableColor": false, "wirelessReportRate": false, "hybridEngine": false, "advancedSleepTimer": false, "onboardProfiles": {"disableProfileNaming": false, "profilesAlwaysActive": false, "supportsOnboardMode": true}, "angleSnapping": false, "excludeGShift": false, "hostRemovalSupport": false, "headphoneJack": false, "hostInfos": false, "gkeyLayout": "INVALID_GKEY_LAYOUT", "hasBatteryStatus": true, "powerOffTimer": false, "requiresBackupForDfu": false, "unifiedBattery": false, "dpiLighting": true, "hasGlobalDamping": false, "nonInteractive": false, "receiverPairing": {"receiverType": "LS1", "receiverPid": 0, "pairingAction": "ACTION_POWER_CYCLE", "hasForcePairing": false}, "chargepadCompatible": true, "individuality": false, "defaultSlotFormat": "INVALID_FORMAT", "fnToggle": false, "isFullHidppWheel": false, "hasConfigurationProfiles": false, "disableCenterSpring": false, "renameDeviceDisplayName": false, "systemTraySupport": false}, "activeInterfaces": [], "slots": {}, "path": "usb\\vid_046d&pid_c088&mi_02\\9&2322ef8c&0&0002", "parentPath": ""}, {"id": "dev00000002", "pid": 49774, "firmwareName": "U139", "isSubdevice": false, "parentId": "", "state": "ACTIVE", "onboardMode": false, "individualMode": false, "resourcesAvailable": true, "connectionType": "USB", "hasWirelessInterface": false, "displayConnectionType": "USB", "deviceType": "STEERING_WHEEL", "deviceFamily": "", "deviceModel": "g923_xbox", "deviceBaseModel": "g923_xbox", "displayName": "G923", "extendedDisplayName": "G923 Racing Wheel for XBox One and PC", "slotPrefix": "g923-xbox", "thumbnail": "pipeline://core/thumbnails/g923_xbox.png", "stringPackage": "", "deviceExt": 0, "deviceUnitId": "1350144186", "deviceSignature": "STEERING_WHEEL.g923_xbox.0.1350144186", "givenName": "", "capabilities": {"sleepTimer": false, "mstateSupport": {"count": 1, "timeOut": 0}, "reportHidControls": {"pages": [{"page": 9, "usages": [{"usage": 1, "button": 1}, {"usage": 2, "button": 2}, {"usage": 3, "button": 3}, {"usage": 4, "button": 4}, {"usage": 5, "button": 5}, {"usage": 6, "button": 6}, {"usage": 7, "button": 7}, {"usage": 8, "button": 8}, {"usage": 9, "button": 9}, {"usage": 10, "button": 10}, {"usage": 11, "button": 11}, {"usage": 12, "button": 12}, {"usage": 13, "button": 13}, {"usage": 14, "button": 14}, {"usage": 15, "button": 15}, {"usage": 16, "button": 16}, {"usage": 17, "button": 17}, {"usage": 18, "button": 18}, {"usage": 19, "button": 19}, {"usage": 20, "button": 20}, {"usage": 21, "button": 21}, {"usage": 22, "button": 22}, {"usage": 23, "button": 23}]}, {"page": 65280, "usages": [{"usage": 1, "button": 24}, {"usage": 2, "button": 25}, {"usage": 3, "button": 26}, {"usage": 4, "button": 27}, {"usage": 5, "button": 28}, {"usage": 6, "button": 29}, {"usage": 7, "button": 30}, {"usage": 8, "button": 31}]}]}, "fnInversion": false, "presentSplashScreen": false, "customizableColor": false, "wirelessReportRate": false, "hybridEngine": false, "advancedSleepTimer": false, "angleSnapping": false, "excludeGShift": false, "hostRemovalSupport": false, "headphoneJack": false, "gamingAttachments": {"attachments": [{"id": "DAYLIGHT_STARLIGHT_SHIFTER", "slotIds": ["g923-xbox_g12_m1", "g923-xbox_g13_m1", "g923-xbox_g14_m1", "g923-xbox_g15_m1", "g923-xbox_g16_m1", "g923-xbox_g17_m1", "g923-xbox_g18_m1", "g923-xbox_g12_m1_shifted", "g923-xbox_g13_m1_shifted", "g923-xbox_g14_m1_shifted", "g923-xbox_g15_m1_shifted", "g923-xbox_g16_m1_shifted", "g923-xbox_g17_m1_shifted", "g923-xbox_g18_m1_shifted"]}, {"id": "DAYLIGHT_STARLIGHT_PEDALS", "slotIds": ["g923-xbox_pedal_settings"]}, {"id": "SCHUMACHER_PEDALS", "slotIds": ["g923-xbox_pedal_settings"]}]}, "operatingRange": {"minimum": 180, "maximum": 900, "value": 0, "step": 0}, "hostInfos": false, "gkeyLayout": "INVALID_GKEY_LAYOUT", "hasBatteryStatus": false, "powerOffTimer": false, "trueforce": {"deviceId": "", "tfGain": {"value": 100}, "kfGain": {"value": 100}, "gameControl": {"enabled": true}}, "requiresBackupForDfu": false, "unifiedBattery": false, "dpiLighting": false, "hasGlobalDamping": false, "nonInteractive": false, "chargepadCompatible": false, "individuality": false, "defaultSlotFormat": "INVALID_FORMAT", "fnToggle": false, "isFullHidppWheel": false, "hasConfigurationProfiles": false, "disableCenterSpring": false, "axes": {"info": [{"axisId": "WHEEL", "interfaceId": "HID_046d_c26e_00010004", "page": 1, "usage": 48, "reversed": false}, {"axisId": "ACCELERATOR", "interfaceId": "HID_046d_c26e_00010004", "page": 1, "usage": 49, "reversed": true}, {"axisId": "BRAKE", "interfaceId": "HID_046d_c26e_00010004", "page": 1, "usage": 50, "reversed": true}, {"axisId": "CLUTCH", "interfaceId": "HID_046d_c26e_00010004", "page": 1, "usage": 53, "reversed": true}], "paddlesDefaults": []}, "renameDeviceDisplayName": false, "systemTraySupport": false}, "activeInterfaces": [{"type": "DEVIO", "id": "046d_c26e", "pid": 49774, "modelId": 0, "extendedModel": 0, "serialNumber": "1350144186", "path": "usb\\vid_046d&pid_c26e&mi_00\\9&1c093627&3&0000", "containerId": "4b10125f-eb84-52fe-9c02-6900e5024534", "deviceType": "STEERING_WHEEL", "deviceName": "G923 Racing Wheel for Xbox One and PC", "keyboardLayout": "INVALID_LAYOUT", "firmwareVersion": "139.1.49", "firmwareName": "U139", "firmwareRevision": 1, "hardwareRevision": 2, "unitId": "1350144186", "fwEntities": {}, "connectionType": "USB", "hasOnboardMode": false, "parentPath": ""}, {"type": "HIDIO", "id": "HID_046d_c26e_00010004", "pid": 49774, "modelId": 0, "extendedModel": 0, "serialNumber": "00002296ba905bc6", "path": "", "containerId": "4b10125f-eb84-52fe-9c02-6900e5024534", "deviceType": "STEERING_WHEEL", "deviceName": "", "keyboardLayout": "INVALID_LAYOUT", "firmwareVersion": "3901", "firmwareName": "", "firmwareRevision": 0, "hardwareRevision": 0, "unitId": "", "fwEntities": {}, "connectionType": "USB", "hasOnboardMode": false, "parentPath": ""}], "slots": {"g923-xbox_g31_m1_shifted": {"id": "g923-xbox_g31_m1_shifted", "attribute": "MACRO_PLAYBACK", "disabled": false, "defaultCard": "0f82f693-5b78-4cf5-867e-090700000000"}, "g923-xbox_pedal_settings": {"id": "g923-xbox_pedal_settings", "attribute": "PEDAL_SETTINGS", "disabled": false, "defaultCard": "9b85425b-8c71-4b15-808c-120cc26e0000"}, "g923-xbox_g15_m1": {"id": "g923-xbox_g15_m1", "attribute": "MACRO_PLAYBACK", "disabled": true, "defaultCard": "0f82f693-5b78-4cf5-867e-090800000000"}, "g923-xbox_g19_m1_shifted": {"id": "g923-xbox_g19_m1_shifted", "attribute": "MACRO_PLAYBACK", "disabled": false, "defaultCard": "0f82f693-5b78-4cf5-867e-090700000000"}, "g923-xbox_g16_m1": {"id": "g923-xbox_g16_m1", "attribute": "MACRO_PLAYBACK", "disabled": true, "defaultCard": "0f82f693-5b78-4cf5-867e-090800000000"}, "g923-xbox_g12_m1": {"id": "g923-xbox_g12_m1", "attribute": "MACRO_PLAYBACK", "disabled": true, "defaultCard": "0f82f693-5b78-4cf5-867e-090800000000"}, "g923-xbox_g16_m1_shifted": {"id": "g923-xbox_g16_m1_shifted", "attribute": "MACRO_PLAYBACK", "disabled": true, "defaultCard": "0f82f693-5b78-4cf5-867e-090700000000"}, "g923-xbox_g1_m1": {"id": "g923-xbox_g1_m1", "attribute": "MACRO_PLAYBACK", "disabled": false, "defaultCard": "0f82f693-5b78-4cf5-867e-090800000000"}, "g923-xbox_g17_m1": {"id": "g923-xbox_g17_m1", "attribute": "MACRO_PLAYBACK", "disabled": true, "defaultCard": "0f82f693-5b78-4cf5-867e-090800000000"}, "g923-xbox_g4_m1_shifted": {"id": "g923-xbox_g4_m1_shifted", "attribute": "MACRO_PLAYBACK", "disabled": false, "defaultCard": "0f82f693-5b78-4cf5-867e-090700000000"}, "g923-xbox_g6_m1_shifted": {"id": "g923-xbox_g6_m1_shifted", "attribute": "MACRO_PLAYBACK", "disabled": false, "defaultCard": "0f82f693-5b78-4cf5-867e-090700000000"}, "g923-xbox_wheel_settings": {"id": "g923-xbox_wheel_settings", "attribute": "WHEEL_SETTINGS", "disabled": false, "defaultCard": "9b85425b-8c71-4b15-808c-120bc26e0000"}, "g923-xbox_g3_m1_shifted": {"id": "g923-xbox_g3_m1_shifted", "attribute": "MACRO_PLAYBACK", "disabled": false, "defaultCard": "0f82f693-5b78-4cf5-867e-090700000000"}, "g923-xbox_g14_m1": {"id": "g923-xbox_g14_m1", "attribute": "MACRO_PLAYBACK", "disabled": true, "defaultCard": "0f82f693-5b78-4cf5-867e-090800000000"}, "g923-xbox_g21_m1": {"id": "g923-xbox_g21_m1", "attribute": "MACRO_PLAYBACK", "disabled": false, "defaultCard": "0f82f693-5b78-4cf5-867e-090800000000"}, "g923-xbox_g18_m1": {"id": "g923-xbox_g18_m1", "attribute": "MACRO_PLAYBACK", "disabled": true, "defaultCard": "0f82f693-5b78-4cf5-867e-090800000000"}, "g923-xbox_g9_m1_shifted": {"id": "g923-xbox_g9_m1_shifted", "attribute": "MACRO_PLAYBACK", "disabled": false, "defaultCard": "0f82f693-5b78-4cf5-867e-090700000000"}, "g923-xbox_g27_m1_shifted": {"id": "g923-xbox_g27_m1_shifted", "attribute": "MACRO_PLAYBACK", "disabled": false, "defaultCard": "0f82f693-5b78-4cf5-867e-090700000000"}, "g923-xbox_g30_m1": {"id": "g923-xbox_g30_m1", "attribute": "MACRO_PLAYBACK", "disabled": false, "defaultCard": "0f82f693-5b78-4cf5-867e-090800000000"}, "g923-xbox_g11_m1_shifted": {"id": "g923-xbox_g11_m1_shifted", "attribute": "MACRO_PLAYBACK", "disabled": false, "defaultCard": "0f82f693-5b78-4cf5-867e-090700000000"}, "g923-xbox_g17_m1_shifted": {"id": "g923-xbox_g17_m1_shifted", "attribute": "MACRO_PLAYBACK", "disabled": true, "defaultCard": "0f82f693-5b78-4cf5-867e-090700000000"}, "g923-xbox_g30_m1_shifted": {"id": "g923-xbox_g30_m1_shifted", "attribute": "MACRO_PLAYBACK", "disabled": false, "defaultCard": "0f82f693-5b78-4cf5-867e-090700000000"}, "g923-xbox_g22_m1_shifted": {"id": "g923-xbox_g22_m1_shifted", "attribute": "MACRO_PLAYBACK", "disabled": false, "defaultCard": "0f82f693-5b78-4cf5-867e-090700000000"}, "g923-xbox_g12_m1_shifted": {"id": "g923-xbox_g12_m1_shifted", "attribute": "MACRO_PLAYBACK", "disabled": true, "defaultCard": "0f82f693-5b78-4cf5-867e-090700000000"}, "g923-xbox_g27_m1": {"id": "g923-xbox_g27_m1", "attribute": "MACRO_PLAYBACK", "disabled": false, "defaultCard": "0f82f693-5b78-4cf5-867e-090800000000"}, "g923-xbox_g5_m1": {"id": "g923-xbox_g5_m1", "attribute": "MACRO_PLAYBACK", "disabled": false, "defaultCard": "0f82f693-5b78-4cf5-867e-090800000000"}, "g923-xbox_g31_m1": {"id": "g923-xbox_g31_m1", "attribute": "MACRO_PLAYBACK", "disabled": false, "defaultCard": "0f82f693-5b78-4cf5-867e-090800000000"}, "g923-xbox_g3_m1": {"id": "g923-xbox_g3_m1", "attribute": "MACRO_PLAYBACK", "disabled": false, "defaultCard": "0f82f693-5b78-4cf5-867e-090800000000"}, "g923-xbox_g26_m1_shifted": {"id": "g923-xbox_g26_m1_shifted", "attribute": "MACRO_PLAYBACK", "disabled": false, "defaultCard": "0f82f693-5b78-4cf5-867e-090700000000"}, "g923-xbox_g5_m1_shifted": {"id": "g923-xbox_g5_m1_shifted", "attribute": "MACRO_PLAYBACK", "disabled": false, "defaultCard": "0f82f693-5b78-4cf5-867e-090700000000"}, "g923-xbox_g14_m1_shifted": {"id": "g923-xbox_g14_m1_shifted", "attribute": "MACRO_PLAYBACK", "disabled": true, "defaultCard": "0f82f693-5b78-4cf5-867e-090700000000"}, "g923-xbox_g19_m1": {"id": "g923-xbox_g19_m1", "attribute": "MACRO_PLAYBACK", "disabled": false, "defaultCard": "0f82f693-5b78-4cf5-867e-090800000000"}, "g923-xbox_g26_m1": {"id": "g923-xbox_g26_m1", "attribute": "MACRO_PLAYBACK", "disabled": false, "defaultCard": "0f82f693-5b78-4cf5-867e-090800000000"}, "g923-xbox_g24_m1": {"id": "g923-xbox_g24_m1", "attribute": "MACRO_PLAYBACK", "disabled": false, "defaultCard": "0f82f693-5b78-4cf5-867e-090800000000"}, "g923-xbox_g29_m1": {"id": "g923-xbox_g29_m1", "attribute": "MACRO_PLAYBACK", "disabled": false, "defaultCard": "0f82f693-5b78-4cf5-867e-090800000000"}, "g923-xbox_g13_m1_shifted": {"id": "g923-xbox_g13_m1_shifted", "attribute": "MACRO_PLAYBACK", "disabled": true, "defaultCard": "0f82f693-5b78-4cf5-867e-090700000000"}, "g923-xbox_g11_m1": {"id": "g923-xbox_g11_m1", "attribute": "MACRO_PLAYBACK", "disabled": false, "defaultCard": "0f82f693-5b78-4cf5-867e-090800000000"}, "g923-xbox_g8_m1": {"id": "g923-xbox_g8_m1", "attribute": "MACRO_PLAYBACK", "disabled": false, "defaultCard": "0f82f693-5b78-4cf5-867e-090800000000"}, "g923-xbox_g1_m1_shifted": {"id": "g923-xbox_g1_m1_shifted", "attribute": "MACRO_PLAYBACK", "disabled": false, "defaultCard": "0f82f693-5b78-4cf5-867e-090700000000"}, "g923-xbox_g9_m1": {"id": "g923-xbox_g9_m1", "attribute": "MACRO_PLAYBACK", "disabled": false, "defaultCard": "0f82f693-5b78-4cf5-867e-090800000000"}, "g923-xbox_g2_m1": {"id": "g923-xbox_g2_m1", "attribute": "MACRO_PLAYBACK", "disabled": false, "defaultCard": "0f82f693-5b78-4cf5-867e-090800000000"}, "g923-xbox_g6_m1": {"id": "g923-xbox_g6_m1", "attribute": "MACRO_PLAYBACK", "disabled": false, "defaultCard": "0f82f693-5b78-4cf5-867e-090800000000"}, "g923-xbox_g8_m1_shifted": {"id": "g923-xbox_g8_m1_shifted", "attribute": "MACRO_PLAYBACK", "disabled": false, "defaultCard": "0f82f693-5b78-4cf5-867e-090700000000"}, "g923-xbox_g15_m1_shifted": {"id": "g923-xbox_g15_m1_shifted", "attribute": "MACRO_PLAYBACK", "disabled": true, "defaultCard": "0f82f693-5b78-4cf5-867e-090700000000"}, "g923-xbox_g20_m1_shifted": {"id": "g923-xbox_g20_m1_shifted", "attribute": "MACRO_PLAYBACK", "disabled": false, "defaultCard": "0f82f693-5b78-4cf5-867e-090700000000"}, "g923-xbox_g23_m1_shifted": {"id": "g923-xbox_g23_m1_shifted", "attribute": "MACRO_PLAYBACK", "disabled": false, "defaultCard": "0f82f693-5b78-4cf5-867e-090700000000"}, "g923-xbox_g25_m1_shifted": {"id": "g923-xbox_g25_m1_shifted", "attribute": "MACRO_PLAYBACK", "disabled": false, "defaultCard": "0f82f693-5b78-4cf5-867e-090700000000"}, "g923-xbox_g21_m1_shifted": {"id": "g923-xbox_g21_m1_shifted", "attribute": "MACRO_PLAYBACK", "disabled": false, "defaultCard": "0f82f693-5b78-4cf5-867e-090700000000"}, "g923-xbox_g4_m1": {"id": "g923-xbox_g4_m1", "attribute": "MACRO_PLAYBACK", "disabled": false, "defaultCard": "0f82f693-5b78-4cf5-867e-090800000000"}, "g923-xbox_g24_m1_shifted": {"id": "g923-xbox_g24_m1_shifted", "attribute": "MACRO_PLAYBACK", "disabled": false, "defaultCard": "0f82f693-5b78-4cf5-867e-090700000000"}, "g923-xbox_g20_m1": {"id": "g923-xbox_g20_m1", "attribute": "MACRO_PLAYBACK", "disabled": false, "defaultCard": "0f82f693-5b78-4cf5-867e-090800000000"}, "g923-xbox_trueforce_settings": {"id": "g923-xbox_trueforce_settings", "attribute": "TRUEFORCE_SETTINGS", "disabled": false, "defaultCard": "9b85425b-8c71-4b15-808c-1210c26e0000"}, "g923-xbox_g25_m1": {"id": "g923-xbox_g25_m1", "attribute": "MACRO_PLAYBACK", "disabled": false, "defaultCard": "0f82f693-5b78-4cf5-867e-090800000000"}, "g923-xbox_g10_m1": {"id": "g923-xbox_g10_m1", "attribute": "MACRO_PLAYBACK", "disabled": false, "defaultCard": "0f82f693-5b78-4cf5-867e-090800000000"}, "g923-xbox_g28_m1": {"id": "g923-xbox_g28_m1", "attribute": "MACRO_PLAYBACK", "disabled": false, "defaultCard": "0f82f693-5b78-4cf5-867e-090800000000"}, "g923-xbox_g7_m1_shifted": {"id": "g923-xbox_g7_m1_shifted", "attribute": "MACRO_PLAYBACK", "disabled": false, "defaultCard": "0f82f693-5b78-4cf5-867e-090700000000"}, "g923-xbox_g2_m1_shifted": {"id": "g923-xbox_g2_m1_shifted", "attribute": "MACRO_PLAYBACK", "disabled": false, "defaultCard": "0f82f693-5b78-4cf5-867e-090700000000"}, "g923-xbox_g7_m1": {"id": "g923-xbox_g7_m1", "attribute": "MACRO_PLAYBACK", "disabled": false, "defaultCard": "0f82f693-5b78-4cf5-867e-090800000000"}, "g923-xbox_g29_m1_shifted": {"id": "g923-xbox_g29_m1_shifted", "attribute": "MACRO_PLAYBACK", "disabled": false, "defaultCard": "0f82f693-5b78-4cf5-867e-090700000000"}, "g923-xbox_g13_m1": {"id": "g923-xbox_g13_m1", "attribute": "MACRO_PLAYBACK", "disabled": true, "defaultCard": "0f82f693-5b78-4cf5-867e-090800000000"}, "g923-xbox_g10_m1_shifted": {"id": "g923-xbox_g10_m1_shifted", "attribute": "MACRO_PLAYBACK", "disabled": false, "defaultCard": "0f82f693-5b78-4cf5-867e-090700000000"}, "g923-xbox_g18_m1_shifted": {"id": "g923-xbox_g18_m1_shifted", "attribute": "MACRO_PLAYBACK", "disabled": true, "defaultCard": "0f82f693-5b78-4cf5-867e-090700000000"}, "g923-xbox_g22_m1": {"id": "g923-xbox_g22_m1", "attribute": "MACRO_PLAYBACK", "disabled": false, "defaultCard": "0f82f693-5b78-4cf5-867e-090800000000"}, "g923-xbox_g23_m1": {"id": "g923-xbox_g23_m1", "attribute": "MACRO_PLAYBACK", "disabled": false, "defaultCard": "0f82f693-5b78-4cf5-867e-090800000000"}, "g923-xbox_g28_m1_shifted": {"id": "g923-xbox_g28_m1_shifted", "attribute": "MACRO_PLAYBACK", "disabled": false, "defaultCard": "0f82f693-5b78-4cf5-867e-090700000000"}}, "path": "usb\\vid_046d&pid_c26e&mi_00\\9&1c093627&3&0000", "parentPath": ""}]}}