 {"msgId": "f3718ca5-8173-4651-bd15-5584ae2661b6", "verb": "GET", "path": "/devices/list", "origin": "backend", "result": {"code": "SUCCESS", "what": ""}, "payload": {"@type": "type.googleapis.com/logi.protocol.devices.Device.Info.List", "deviceInfos": [{"id": "dev00000000", "pid": 2195, "state": "ACTIVE", "onboardMode": false, "resourcesAvailable": true, "connectionType": "USB", "hasWirelessInterface": false, "deviceType": "CAMERA", "deviceModel": "streamcam", "displayName": "StreamCam", "extendedDisplayName": "StreamCam", "slotPrefix": "streamcam", "thumbnail": "pipeline://core/thumbnails/streamcam.png", "capabilities": {"sleepTimer": false, "mstateSupport": {"count": 1, "timeOut": 0}, "fnInversion": false, "presentSplashScreen": false, "customizableColor": false, "wirelessReportRate": false, "webcam": {"camera": {"fov": [], "hdr": false, "audioMode": true, "stabilization": true, "orientation": true}}, "hybridEngine": false, "advancedSleepTimer": false, "angleSnapping": false, "excludeGShift": false, "hostRemovalSupport": false, "headphoneJack": false, "hostInfos": false, "gkeyLayout": "INVALID_GKEY_LAYOUT", "hasBatteryStatus": false, "powerOffTimer": false, "requiresBackupForDfu": false, "unifiedBattery": false, "dpiLighting": false, "nonInteractive": false, "chargepadCompatible": false}, "activeInterfaces": [{"type": "UVC", "id": "046d_0893", "pid": 2195, "modelId": 0, "extendedModel": 2, "serialNumber": "", "path": "\\\\?\\usb#vid_046d&pid_0893&mi_00#6&1c7fc66f&0&0000#{65e8773d-8f56-11d0-a3b9-00a0c9223196}\\global", "containerId": "9b56be8e-9fca-5954-a234-b44294ca411d", "deviceType": "INVALID_TYPE", "deviceName": "", "keyboardLayout": "INVALID_LAYOUT", "firmwareVersion": "1.0.211", "connectionType": "USB", "hasOnboardMode": false}], "slots": {"streamcam_video": {"id": "streamcam_video", "attribute": "VIDEO_SETTINGS", "disabled": false}, "streamcam_camera": {"id": "streamcam_camera", "attribute": "CAMERA_SETTINGS", "disabled": false}}}, {"id": "dev00000001", "pid": 0, "state": "ABSENT", "onboardMode": false, "resourcesAvailable": true, "connectionType": "INVALID_CONNECTION", "hasWirelessInterface": false, "deviceType": "CAMERA", "deviceModel": "c922", "displayName": "C922", "extendedDisplayName": "C922 HD Pro Webcam", "slotPrefix": "c922", "thumbnail": "pipeline://core/thumbnails/c922.png", "capabilities": {"sleepTimer": false, "mstateSupport": {"count": 1, "timeOut": 0}, "fnInversion": false, "presentSplashScreen": false, "customizableColor": false, "wirelessReportRate": false, "hybridEngine": false, "advancedSleepTimer": false, "angleSnapping": false, "excludeGShift": false, "hostRemovalSupport": false, "headphoneJack": false, "hostInfos": false, "gkeyLayout": "INVALID_GKEY_LAYOUT", "hasBatteryStatus": false, "powerOffTimer": false, "requiresBackupForDfu": false, "unifiedBattery": false, "dpiLighting": false, "nonInteractive": false, "chargepadCompatible": false}, "activeInterfaces": [], "slots": {}}, {"id": "dev00000002", "pid": 2194, "state": "ACTIVE", "onboardMode": false, "resourcesAvailable": true, "connectionType": "USB", "hasWirelessInterface": false, "deviceType": "CAMERA", "deviceModel": "c920", "displayName": "C920", "extendedDisplayName": "HD Pro Webcam C920", "slotPrefix": "c920", "thumbnail": "pipeline://core/thumbnails/c920.png", "capabilities": {"sleepTimer": false, "mstateSupport": {"count": 1, "timeOut": 0}, "fnInversion": false, "presentSplashScreen": false, "customizableColor": false, "wirelessReportRate": false, "hybridEngine": false, "advancedSleepTimer": false, "angleSnapping": false, "excludeGShift": false, "hostRemovalSupport": false, "headphoneJack": false, "hostInfos": false, "gkeyLayout": "INVALID_GKEY_LAYOUT", "hasBatteryStatus": false, "powerOffTimer": false, "requiresBackupForDfu": false, "unifiedBattery": false, "dpiLighting": false, "nonInteractive": false, "chargepadCompatible": false}, "activeInterfaces": [{"type": "UVC", "id": "046d_0892", "pid": 2194, "modelId": 0, "extendedModel": 0, "serialNumber": "", "path": "\\\\?\\usb#vid_046d&pid_0892&mi_00#6&3c638ce&0&0000#{65e8773d-8f56-11d0-a3b9-00a0c9223196}\\global", "containerId": "0599a8bb-47a4-543a-8657-4f303ba13354", "deviceType": "INVALID_TYPE", "deviceName": "", "keyboardLayout": "INVALID_LAYOUT", "firmwareVersion": "7.59.1035", "connectionType": "USB", "hasOnboardMode": false}], "slots": {"c920_camera": {"id": "c920_camera", "attribute": "CAMERA_SETTINGS", "disabled": false}, "c920_video": {"id": "c920_video", "attribute": "VIDEO_SETTINGS", "disabled": false}}}]}}