 {"msgId": "29eb570e-ba6b-4bc8-8cb4-d45d721aa85c", "verb": "GET", "path": "/devices/list", "origin": "backend", "result": {"code": "SUCCESS", "what": ""}, "payload": {"@type": "type.googleapis.com/logi.protocol.devices.Device.Info.List", "deviceInfos": [{"id": "dev00000000", "pid": 0, "firmwareName": "U104", "isSubdevice": false, "state": "ABSENT", "onboardMode": false, "individualMode": false, "resourcesAvailable": true, "connectionType": "INVALID_CONNECTION", "hasWirelessInterface": false, "displayConnectionType": "INVALID_DISPLAY_CONNECTION", "deviceType": "KEYBOARD", "deviceFamily": "", "deviceModel": "g610", "deviceBaseModel": "g610", "displayName": "G610", "extendedDisplayName": "G610 Orion", "slotPrefix": "g610", "thumbnail": "pipeline://core/thumbnails/g610.png", "stringPackage": "", "deviceExt": 0, "deviceUnitId": "859391750", "deviceSignature": "KEYBOARD.g610.0.859391750", "givenName": "", "capabilities": {"lightingSupport": {"deviceCategory": "KEYBOARD_MONO_PER_KEY", "typeMap": {"PERKEY_INDICATOR": "KEYBOARD_OTHER", "PERKEY_BRANDING": "LOGO", "PERKEY_CONSUMER": "HID_CONSUMER", "ZONE_BRANDING": "LOGO", "ZONE_PRIMARY": "PRIMARY", "PERKEY_KEYBOARD": "HID_KEYBOARD"}, "zones": [{"zoneType": "ZONE_PRIMARY", "supportedEffects": [{"id": "OFF", "syncable": true, "fixedIntensity": false, "signature": false, "inactivityOnly": false}, {"id": "FIXED", "syncable": true, "fixedIntensity": false, "signature": false, "inactivityOnly": false}, {"id": "COLORWAVE", "syncable": false, "fixedIntensity": true, "signature": false, "inactivityOnly": false}, {"id": "BREATHING", "syncable": true, "fixedIntensity": true, "signature": false, "inactivityOnly": false}], "onboardCluster": "CLUSTER_DEFAULT"}, {"zoneType": "ZONE_BRANDING", "supportedEffects": [{"id": "OFF", "syncable": true, "fixedIntensity": false, "signature": false, "inactivityOnly": false}, {"id": "FIXED", "syncable": true, "fixedIntensity": false, "signature": false, "inactivityOnly": false}, {"id": "BREATHING", "syncable": true, "fixedIntensity": true, "signature": false, "inactivityOnly": false}], "onboardCluster": "CLUSTER_DEFAULT"}], "isMonochrome": true, "color": {"tag": "", "hex": "#ffffff"}, "isPerKey": true, "hideStartupEffect": false, "shutdownEffect": false, "brightnessLevels": [], "powerSavingEffect": false, "lowBatteryEffect": false, "brightnessPercentage": false, "gamma": false, "firmwareOnly": false, "offRamp": false, "activeDimming": false, "hasPositionalEffect": false, "hasPastelPalette": false, "hasRingLeds": false, "hasMasterSwitch": false, "needKeepAliveSignal": false}, "sleepTimer": false, "mstateSupport": {"count": 1, "timeOut": 0}, "reportHidControls": {"pages": [{"page": 7, "usages": [{"usage": 58, "button": 1}, {"usage": 59, "button": 2}, {"usage": 60, "button": 3}, {"usage": 61, "button": 4}, {"usage": 62, "button": 5}, {"usage": 63, "button": 6}, {"usage": 64, "button": 7}, {"usage": 65, "button": 8}, {"usage": 66, "button": 9}, {"usage": 67, "button": 10}, {"usage": 68, "button": 11}, {"usage": 69, "button": 12}]}]}, "fnInversion": false, "presentSplashScreen": false, "customizableColor": false, "wirelessReportRate": false, "hybridEngine": false, "advancedSleepTimer": false, "angleSnapping": false, "excludeGShift": false, "hostRemovalSupport": false, "headphoneJack": false, "hostInfos": false, "gkeyLayout": "INVALID_GKEY_LAYOUT", "hasBatteryStatus": false, "powerOffTimer": false, "requiresBackupForDfu": false, "unifiedBattery": false, "dpiLighting": false, "nonInteractive": false, "chargepadCompatible": false, "individuality": false, "defaultSlotFormat": "INVALID_FORMAT", "fnToggle": false}, "activeInterfaces": [], "slots": {}}, {"id": "dev00000001", "pid": 2195, "firmwareName": "", "isSubdevice": false, "state": "ACTIVE", "onboardMode": false, "individualMode": false, "resourcesAvailable": true, "connectionType": "USB", "hasWirelessInterface": false, "displayConnectionType": "USB", "deviceType": "CAMERA", "deviceFamily": "", "deviceModel": "streamcam", "deviceBaseModel": "streamcam", "displayName": "StreamCam", "extendedDisplayName": "StreamCam", "slotPrefix": "streamcam", "thumbnail": "pipeline://core/thumbnails/streamcam.png", "stringPackage": "", "deviceExt": 0, "deviceUnitId": "14251AE4", "deviceSignature": "CAMERA.streamcam.0.14251AE4", "givenName": "", "capabilities": {"sleepTimer": false, "mstateSupport": {"count": 1, "timeOut": 0}, "fnInversion": false, "presentSplashScreen": false, "customizableColor": false, "wirelessReportRate": false, "webcam": {"camera": {"fov": [], "hdr": false, "audioMode": true, "stabilization": true, "orientation": true}}, "hybridEngine": false, "advancedSleepTimer": false, "angleSnapping": false, "excludeGShift": false, "hostRemovalSupport": false, "headphoneJack": false, "hostInfos": false, "gkeyLayout": "INVALID_GKEY_LAYOUT", "hasBatteryStatus": false, "powerOffTimer": false, "requiresBackupForDfu": false, "unifiedBattery": false, "dpiLighting": false, "nonInteractive": false, "chargepadCompatible": false, "individuality": false, "defaultSlotFormat": "INVALID_FORMAT", "fnToggle": false}, "activeInterfaces": [{"type": "UVC", "id": "046d_0893", "pid": 2195, "modelId": 0, "extendedModel": 2, "serialNumber": "14251AE4", "path": "\\\\?\\usb#vid_046d&pid_0893&mi_00#6&1c7fc66f&0&0000#{65e8773d-8f56-11d0-a3b9-00a0c9223196}\\global", "containerId": "9b56be8e-9fca-5954-a234-b44294ca411d", "deviceType": "INVALID_TYPE", "deviceName": "", "keyboardLayout": "INVALID_LAYOUT", "firmwareVersion": "1.0.211", "firmwareName": "", "firmwareRevision": 0, "hardwareRevision": 0, "unitId": "14251AE4", "connectionType": "USB", "hasOnboardMode": false}], "slots": {"streamcam_camera": {"id": "streamcam_camera", "attribute": "CAMERA_SETTINGS", "disabled": false}, "streamcam_video": {"id": "streamcam_video", "attribute": "VIDEO_SETTINGS", "disabled": false}}}, {"id": "dev00000002", "pid": 49987, "firmwareName": "MPK14", "isSubdevice": false, "state": "ACTIVE", "onboardMode": false, "individualMode": false, "resourcesAvailable": true, "connectionType": "USB", "hasWirelessInterface": false, "displayConnectionType": "USB", "deviceType": "KEYBOARD", "deviceFamily": "", "deviceModel": "g915_tkl", "deviceBaseModel": "g915_tkl", "displayName": "G915 TKL", "extendedDisplayName": "G915 TKL Wireless RGB Mechanical Gaming Keyboard", "slotPrefix": "g915tkl", "thumbnail": "pipeline://core/thumbnails/g915_tkl.png", "stringPackage": "", "deviceExt": 0, "deviceUnitId": "2435429637", "deviceSignature": "KEYBOARD.g915_tkl.0.2435429637", "givenName": "", "capabilities": {"lightingSupport": {"deviceCategory": "KEYBOARD_RGB_PER_KEY", "typeMap": {"ZONE_PRIMARY": "PRIMARY", "ZONE_BRANDING": "LOGO", "PERKEY_CONSUMER": "HID_CONSUMER", "PERKEY_BRANDING": "LOGO", "PERKEY_KEYBOARD": "HID_KEYBOARD", "PERKEY_INDICATOR": "KEYBOARD_OTHER"}, "zones": [{"zoneType": "ZONE_PRIMARY", "supportedEffects": [{"id": "OFF", "syncable": true, "fixedIntensity": false, "signature": false, "inactivityOnly": false}, {"id": "FIXED", "syncable": true, "fixedIntensity": false, "signature": false, "inactivityOnly": false}, {"id": "CYCLE", "syncable": true, "fixedIntensity": false, "signature": false, "inactivityOnly": false}, {"id": "COLORWAVE", "syncable": false, "fixedIntensity": false, "signature": false, "inactivityOnly": false}, {"id": "BREATHING", "syncable": true, "fixedIntensity": false, "signature": false, "inactivityOnly": false}, {"id": "RIPPLE", "syncable": false, "fixedIntensity": false, "signature": false, "inactivityOnly": false}, {"id": "CUSTOM", "syncable": false, "fixedIntensity": false, "signature": false, "inactivityOnly": false}], "onboardCluster": "CLUSTER_DEFAULT"}, {"zoneType": "ZONE_BRANDING", "supportedEffects": [{"id": "OFF", "syncable": true, "fixedIntensity": false, "signature": false, "inactivityOnly": false}, {"id": "FIXED", "syncable": true, "fixedIntensity": false, "signature": false, "inactivityOnly": false}, {"id": "CYCLE", "syncable": true, "fixedIntensity": false, "signature": false, "inactivityOnly": false}, {"id": "BREATHING", "syncable": true, "fixedIntensity": false, "signature": false, "inactivityOnly": false}], "onboardCluster": "CLUSTER_DEFAULT"}], "isMonochrome": false, "isPerKey": true, "persistence": {"zoneEffects": false, "perKeyFixed": false, "customEffects": {"slots": 2, "entityOffset": 3}}, "hideStartupEffect": true, "shutdownEffect": false, "brightnessLevels": [], "powerSavingEffect": true, "lowBatteryEffect": true, "brightnessPercentage": true, "gamma": false, "firmwareOnly": false, "offRamp": false, "activeDimming": false, "hasPositionalEffect": false, "hasPastelPalette": false, "hasRingLeds": false, "hasMasterSwitch": false, "needKeepAliveSignal": false}, "sleepTimer": false, "mstateSupport": {"count": 3, "timeOut": 5}, "reportHidControls": {"pages": [{"page": 7, "usages": [{"usage": 58, "button": 1}, {"usage": 59, "button": 2}, {"usage": 60, "button": 3}, {"usage": 61, "button": 4}, {"usage": 62, "button": 5}, {"usage": 63, "button": 6}, {"usage": 64, "button": 7}, {"usage": 65, "button": 8}, {"usage": 66, "button": 9}, {"usage": 67, "button": 10}, {"usage": 68, "button": 11}, {"usage": 69, "button": 12}]}]}, "fnInversion": false, "presentSplashScreen": false, "customizableColor": false, "wirelessReportRate": false, "hybridEngine": false, "advancedSleepTimer": false, "angleSnapping": false, "excludeGShift": false, "hostRemovalSupport": false, "headphoneJack": false, "hostInfos": false, "gkeyLayout": "GKEY_FUNCTION_KEYS_ROW_12", "hasBatteryStatus": true, "powerOffTimer": false, "requiresBackupForDfu": false, "unifiedBattery": false, "dpiLighting": false, "nonInteractive": false, "receiverPairing": {"receiverType": "LS2", "receiverPid": 0, "pairingAction": "ACTION_LONG_PRESS_LIGHTSPEED", "hasForcePairing": false}, "chargepadCompatible": false, "individuality": false, "defaultSlotFormat": "INVALID_FORMAT", "fnToggle": false}, "activeInterfaces": [{"type": "DEVIO", "id": "046d_c343", "pid": 49987, "modelId": 0, "extendedModel": 2, "serialNumber": "2435429637", "path": "usb\\vid_046d&pid_c343&mi_02\\8&2a2117b6&0&0002", "containerId": "1571de34-fe8d-59b5-82ae-c135543669e5", "deviceType": "KEYBOARD", "deviceName": "G915 TKL LIGHTSPEED Wireless RGB Mechanical Gaming Keyboard", "keyboardLayout": "US", "firmwareVersion": "14.1.21", "firmwareName": "MPK14", "firmwareRevision": 1, "hardwareRevision": 0, "unitId": "2435429637", "connectionType": "USB", "hasOnboardMode": true}], "slots": {"g915tkl_g6_m2_shifted": {"id": "g915tkl_g6_m2_shifted", "attribute": "MACRO_PLAYBACK", "disabled": false}, "g915tkl_g8_m1": {"id": "g915tkl_g8_m1", "attribute": "MACRO_PLAYBACK", "disabled": false}, "g915tkl_g7_m3_shifted": {"id": "g915tkl_g7_m3_shifted", "attribute": "MACRO_PLAYBACK", "disabled": false}, "g915tkl_g3_m3_shifted": {"id": "g915tkl_g3_m3_shifted", "attribute": "MACRO_PLAYBACK", "disabled": false}, "g915tkl_g11_m2": {"id": "g915tkl_g11_m2", "attribute": "MACRO_PLAYBACK", "disabled": false}, "g915tkl_g10_m1": {"id": "g915tkl_g10_m1", "attribute": "MACRO_PLAYBACK", "disabled": false}, "g915tkl_g11_m3": {"id": "g915tkl_g11_m3", "attribute": "MACRO_PLAYBACK", "disabled": false}, "g915tkl_g7_m2_shifted": {"id": "g915tkl_g7_m2_shifted", "attribute": "MACRO_PLAYBACK", "disabled": false}, "g915tkl_g7_m1_shifted": {"id": "g915tkl_g7_m1_shifted", "attribute": "MACRO_PLAYBACK", "disabled": false}, "g915tkl_g11_m2_shifted": {"id": "g915tkl_g11_m2_shifted", "attribute": "MACRO_PLAYBACK", "disabled": false}, "g915tkl_g11_m1": {"id": "g915tkl_g11_m1", "attribute": "MACRO_PLAYBACK", "disabled": false}, "g915tkl_g4_m3_shifted": {"id": "g915tkl_g4_m3_shifted", "attribute": "MACRO_PLAYBACK", "disabled": false}, "g915tkl_g9_m2_shifted": {"id": "g915tkl_g9_m2_shifted", "attribute": "MACRO_PLAYBACK", "disabled": false}, "g915tkl_g5_m2_shifted": {"id": "g915tkl_g5_m2_shifted", "attribute": "MACRO_PLAYBACK", "disabled": false}, "g915tkl_g6_m3_shifted": {"id": "g915tkl_g6_m3_shifted", "attribute": "MACRO_PLAYBACK", "disabled": false}, "g915tkl_g5_m3_shifted": {"id": "g915tkl_g5_m3_shifted", "attribute": "MACRO_PLAYBACK", "disabled": false}, "g915tkl_g1_m3": {"id": "g915tkl_g1_m3", "attribute": "MACRO_PLAYBACK", "disabled": false}, "g915tkl_g2_m2_shifted": {"id": "g915tkl_g2_m2_shifted", "attribute": "MACRO_PLAYBACK", "disabled": false}, "g915tkl_g1_m3_shifted": {"id": "g915tkl_g1_m3_shifted", "attribute": "MACRO_PLAYBACK", "disabled": false}, "g915tkl_g3_m2_shifted": {"id": "g915tkl_g3_m2_shifted", "attribute": "MACRO_PLAYBACK", "disabled": false}, "g915tkl_g5_m3": {"id": "g915tkl_g5_m3", "attribute": "MACRO_PLAYBACK", "disabled": false}, "g915tkl_g12_m1": {"id": "g915tkl_g12_m1", "attribute": "MACRO_PLAYBACK", "disabled": false}, "g915tkl_g9_m3_shifted": {"id": "g915tkl_g9_m3_shifted", "attribute": "MACRO_PLAYBACK", "disabled": false}, "g915tkl_g5_m1": {"id": "g915tkl_g5_m1", "attribute": "MACRO_PLAYBACK", "disabled": false}, "g915tkl_g5_m2": {"id": "g915tkl_g5_m2", "attribute": "MACRO_PLAYBACK", "disabled": false}, "g915tkl_g2_m2": {"id": "g915tkl_g2_m2", "attribute": "MACRO_PLAYBACK", "disabled": false}, "g915tkl_g2_m1_shifted": {"id": "g915tkl_g2_m1_shifted", "attribute": "MACRO_PLAYBACK", "disabled": false}, "g915tkl_g9_m1": {"id": "g915tkl_g9_m1", "attribute": "MACRO_PLAYBACK", "disabled": false}, "g915tkl_g2_m3": {"id": "g915tkl_g2_m3", "attribute": "MACRO_PLAYBACK", "disabled": false}, "g915tkl_g4_m2_shifted": {"id": "g915tkl_g4_m2_shifted", "attribute": "MACRO_PLAYBACK", "disabled": false}, "g915tkl_g12_m1_shifted": {"id": "g915tkl_g12_m1_shifted", "attribute": "MACRO_PLAYBACK", "disabled": false}, "g915tkl_g9_m1_shifted": {"id": "g915tkl_g9_m1_shifted", "attribute": "MACRO_PLAYBACK", "disabled": false}, "g915tkl_g12_m2": {"id": "g915tkl_g12_m2", "attribute": "MACRO_PLAYBACK", "disabled": false}, "g915tkl_lighting_setting_firmware": {"id": "g915tkl_lighting_setting_firmware", "attribute": "FIRMWARE_LIGHTING_SETTINGS", "disabled": false}, "g915tkl_g4_m1": {"id": "g915tkl_g4_m1", "attribute": "MACRO_PLAYBACK", "disabled": false}, "g915tkl_g2_m1": {"id": "g915tkl_g2_m1", "attribute": "MACRO_PLAYBACK", "disabled": false}, "g915tkl_g4_m1_shifted": {"id": "g915tkl_g4_m1_shifted", "attribute": "MACRO_PLAYBACK", "disabled": false}, "g915tkl_g7_m1": {"id": "g915tkl_g7_m1", "attribute": "MACRO_PLAYBACK", "disabled": false}, "g915tkl_g1_m1": {"id": "g915tkl_g1_m1", "attribute": "MACRO_PLAYBACK", "disabled": false}, "g915tkl_g10_m3": {"id": "g915tkl_g10_m3", "attribute": "MACRO_PLAYBACK", "disabled": false}, "g915tkl_g10_m2": {"id": "g915tkl_g10_m2", "attribute": "MACRO_PLAYBACK", "disabled": false}, "g915tkl_g4_m2": {"id": "g915tkl_g4_m2", "attribute": "MACRO_PLAYBACK", "disabled": false}, "g915tkl_g9_m2": {"id": "g915tkl_g9_m2", "attribute": "MACRO_PLAYBACK", "disabled": false}, "g915tkl_g2_m3_shifted": {"id": "g915tkl_g2_m3_shifted", "attribute": "MACRO_PLAYBACK", "disabled": false}, "g915tkl_g9_m3": {"id": "g915tkl_g9_m3", "attribute": "MACRO_PLAYBACK", "disabled": false}, "g915tkl_g4_m3": {"id": "g915tkl_g4_m3", "attribute": "MACRO_PLAYBACK", "disabled": false}, "g915tkl_g5_m1_shifted": {"id": "g915tkl_g5_m1_shifted", "attribute": "MACRO_PLAYBACK", "disabled": false}, "g915tkl_g10_m2_shifted": {"id": "g915tkl_g10_m2_shifted", "attribute": "MACRO_PLAYBACK", "disabled": false}, "g915tkl_disable_keys": {"id": "g915tkl_disable_keys", "attribute": "DISABLE_KEY_SETTINGS", "disabled": false}, "g915tkl_g1_m2": {"id": "g915tkl_g1_m2", "attribute": "MACRO_PLAYBACK", "disabled": false}, "g915tkl_g10_m3_shifted": {"id": "g915tkl_g10_m3_shifted", "attribute": "MACRO_PLAYBACK", "disabled": false}, "g915tkl_g3_m1": {"id": "g915tkl_g3_m1", "attribute": "MACRO_PLAYBACK", "disabled": false}, "g915tkl_g8_m2_shifted": {"id": "g915tkl_g8_m2_shifted", "attribute": "MACRO_PLAYBACK", "disabled": false}, "g915tkl_g7_m3": {"id": "g915tkl_g7_m3", "attribute": "MACRO_PLAYBACK", "disabled": false}, "g915tkl_g1_m1_shifted": {"id": "g915tkl_g1_m1_shifted", "attribute": "MACRO_PLAYBACK", "disabled": false}, "g915tkl_g6_m1_shifted": {"id": "g915tkl_g6_m1_shifted", "attribute": "MACRO_PLAYBACK", "disabled": false}, "g915tkl_g6_m2": {"id": "g915tkl_g6_m2", "attribute": "MACRO_PLAYBACK", "disabled": false}, "g915tkl_g6_m3": {"id": "g915tkl_g6_m3", "attribute": "MACRO_PLAYBACK", "disabled": false}, "g915tkl_g8_m2": {"id": "g915tkl_g8_m2", "attribute": "MACRO_PLAYBACK", "disabled": false}, "g915tkl_g3_m3": {"id": "g915tkl_g3_m3", "attribute": "MACRO_PLAYBACK", "disabled": false}, "g915tkl_g11_m3_shifted": {"id": "g915tkl_g11_m3_shifted", "attribute": "MACRO_PLAYBACK", "disabled": false}, "g915tkl_g3_m2": {"id": "g915tkl_g3_m2", "attribute": "MACRO_PLAYBACK", "disabled": false}, "g915tkl_g12_m2_shifted": {"id": "g915tkl_g12_m2_shifted", "attribute": "MACRO_PLAYBACK", "disabled": false}, "g915tkl_g8_m3_shifted": {"id": "g915tkl_g8_m3_shifted", "attribute": "MACRO_PLAYBACK", "disabled": false}, "g915tkl_g12_m3_shifted": {"id": "g915tkl_g12_m3_shifted", "attribute": "MACRO_PLAYBACK", "disabled": false}, "g915tkl_g8_m1_shifted": {"id": "g915tkl_g8_m1_shifted", "attribute": "MACRO_PLAYBACK", "disabled": false}, "g915tkl_g6_m1": {"id": "g915tkl_g6_m1", "attribute": "MACRO_PLAYBACK", "disabled": false}, "g915tkl_g3_m1_shifted": {"id": "g915tkl_g3_m1_shifted", "attribute": "MACRO_PLAYBACK", "disabled": false}, "g915tkl_g11_m1_shifted": {"id": "g915tkl_g11_m1_shifted", "attribute": "MACRO_PLAYBACK", "disabled": false}, "g915tkl_g12_m3": {"id": "g915tkl_g12_m3", "attribute": "MACRO_PLAYBACK", "disabled": false}, "g915tkl_g7_m2": {"id": "g915tkl_g7_m2", "attribute": "MACRO_PLAYBACK", "disabled": false}, "g915tkl_g1_m2_shifted": {"id": "g915tkl_g1_m2_shifted", "attribute": "MACRO_PLAYBACK", "disabled": false}, "g915tkl_g10_m1_shifted": {"id": "g915tkl_g10_m1_shifted", "attribute": "MACRO_PLAYBACK", "disabled": false}, "g915tkl_g8_m3": {"id": "g915tkl_g8_m3", "attribute": "MACRO_PLAYBACK", "disabled": false}}}]}}