 {"msgId": "3a244c75-07e7-42ea-94bd-9ae5a3297dee", "verb": "GET", "path": "/devices/list", "origin": "backend", "result": {"code": "SUCCESS", "what": ""}, "payload": {"@type": "type.googleapis.com/logi.protocol.devices.Device.Info.List", "deviceInfos": [{"id": "dev00000000", "pid": 49298, "state": "ACTIVE", "onboardMode": false, "individualMode": false, "resourcesAvailable": true, "connectionType": "USB", "hasWirelessInterface": false, "deviceType": "MOUSE", "deviceFamily": "", "deviceModel": "g203", "deviceBaseModel": "g203", "displayName": "G203 LIGHTSYNC", "extendedDisplayName": "G203 LIGHTSYNC Gaming Mouse", "slotPrefix": "g102g203", "thumbnail": "pipeline://core/thumbnails/g203_black.png", "deviceExt": 0, "deviceUnitId": "1207970304", "deviceSignature": "MOUSE.g203.0.1207970304", "givenName": "", "capabilities": {"lightingSupport": {"deviceCategory": "MOUSE_RGB_PER_KEY", "typeMap": {"ZONE_BRANDING": "LOGO", "PERKEY_COSMETIC": ""}, "zones": [{"zoneType": "ZONE_BRANDING", "supportedEffects": [{"id": "OFF", "syncable": true, "fixedIntensity": false, "signature": false, "inactivityOnly": false}, {"id": "FIXED", "syncable": true, "fixedIntensity": false, "signature": false, "inactivityOnly": false}, {"id": "CYCLE", "syncable": true, "fixedIntensity": false, "signature": false, "inactivityOnly": false}, {"id": "BREATHING", "syncable": true, "fixedIntensity": false, "signature": false, "inactivityOnly": false}, {"id": "COLORWAVE", "syncable": false, "fixedIntensity": false, "signature": false, "inactivityOnly": false}, {"id": "DECOMPOSITION", "syncable": false, "fixedIntensity": false, "signature": false, "inactivityOnly": false}], "onboardCluster": "CLUSTER_DEFAULT"}], "isMonochrome": false, "isPerKey": true, "hideStartupEffect": false, "shutdownEffect": false, "brightnessLevels": [], "powerSavingEffect": false, "lowBatteryEffect": false, "brightnessPercentage": false, "gamma": false, "firmwareOnly": false, "offRamp": false, "activeDimming": false, "hasPositionalEffect": false}, "sleepTimer": false, "mstateSupport": {"count": 1, "timeOut": 0}, "fnInversion": false, "presentSplashScreen": false, "customizableColor": false, "wirelessReportRate": false, "dpiInfoOverride": {"range": {"min": 200, "max": 8000, "steps": 50, "maxLevels": 0}}, "hybridEngine": false, "advancedSleepTimer": false, "angleSnapping": false, "excludeGShift": false, "hostRemovalSupport": false, "headphoneJack": false, "hostInfos": false, "gkeyLayout": "INVALID_GKEY_LAYOUT", "hasBatteryStatus": false, "powerOffTimer": false, "requiresBackupForDfu": false, "unifiedBattery": false, "dpiLighting": false, "nonInteractive": false, "chargepadCompatible": false, "individuality": false, "defaultSlotFormat": "INVALID_FORMAT"}, "activeInterfaces": [{"type": "DEVIO", "id": "046d_c092", "pid": 49298, "modelId": 0, "extendedModel": 0, "serialNumber": "1207970304", "path": "usb\\vid_046d&pid_c092&mi_01\\8&28c4eaa2&0&0001", "containerId": "c3e3f3c9-268c-57be-8279-31865747e676", "deviceType": "MOUSE", "deviceName": "G203 LIGHTSYNC Gaming Mouse", "keyboardLayout": "INVALID_LAYOUT", "firmwareVersion": "152.0.10", "unitId": "1207970304", "firmwareName": "U15200", "connectionType": "USB", "hasOnboardMode": true}], "slots": {"g102g203_g5_m1": {"id": "g102g203_g5_m1", "attribute": "MACRO_PLAYBACK", "disabled": false}, "g102g203_g4_m1_shifted": {"id": "g102g203_g4_m1_shifted", "attribute": "MACRO_PLAYBACK", "disabled": false}, "g102g203_g5_m1_shifted": {"id": "g102g203_g5_m1_shifted", "attribute": "MACRO_PLAYBACK", "disabled": false}, "g102g203_g3_m1_shifted": {"id": "g102g203_g3_m1_shifted", "attribute": "MACRO_PLAYBACK", "disabled": false}, "g102g203_g2_m1": {"id": "g102g203_g2_m1", "attribute": "MACRO_PLAYBACK", "disabled": false}, "g102g203_g1_m1": {"id": "g102g203_g1_m1", "attribute": "MACRO_PLAYBACK", "disabled": false}, "g102g203_g4_m1": {"id": "g102g203_g4_m1", "attribute": "MACRO_PLAYBACK", "disabled": false}, "g102g203_g3_m1": {"id": "g102g203_g3_m1", "attribute": "MACRO_PLAYBACK", "disabled": false}, "g102g203_g1_m1_shifted": {"id": "g102g203_g1_m1_shifted", "attribute": "MACRO_PLAYBACK", "disabled": false}, "g102g203_lighting_setting_firmware": {"id": "g102g203_lighting_setting_firmware", "attribute": "FIRMWARE_LIGHTING_SETTINGS", "disabled": false}, "g102g203_mouse_settings": {"id": "g102g203_mouse_settings", "attribute": "MOUSE_SETTINGS", "disabled": false}, "g102g203_g6_m1_shifted": {"id": "g102g203_g6_m1_shifted", "attribute": "MACRO_PLAYBACK", "disabled": false}, "g102g203_g2_m1_shifted": {"id": "g102g203_g2_m1_shifted", "attribute": "MACRO_PLAYBACK", "disabled": false}, "g102g203_g6_m1": {"id": "g102g203_g6_m1", "attribute": "MACRO_PLAYBACK", "disabled": false}}}]}}