{
  "drivers": [],
  "extensions": {},
  "files": [
    {
      "path": "/Applications/lghub.app/Contents/CodeResources",
      "registerLibrary": false,
      "sha256": "7539887c6ca74a96032ba202cf5d9490227f383c4d3bcb976926b976445d17d0"
    },
    {
      "path": "/Applications/lghub.app/Contents/_CodeSignature/CodeResources",
      "registerLibrary": false,
      "sha256": "68912c8d092947cd1b5208058bfdcfbe17922dbb4ab0a822e4ec2bf4032340d0"
    },
    {
      "path": "/Applications/lghub.app/Contents/MacOS/lghub",
      "registerLibrary": false,
      "sha256": "67eec96f287143b2291c2043f699b3c9fbccee8d833aca3395d03dec228d552d"
    },
    {
      "path": "/Applications/lghub.app/Contents/Resources/zh-TW.lproj/Localizable.strings",
      "registerLibrary": false,
      "sha256": "e7c3f2760f5438ba75bb2890d86745939a236110179078c80a644802dd73678d"
    },
    {
      "path": "/Applications/lghub.app/Contents/Resources/zh-TW.lproj/InfoPlist.strings",
      "registerLibrary": false,
      "sha256": "2055441d8c6edd093d26e0feab09a08fd4bb968a8bb549a5925781bf7df72d6e"
    },
    {
      "path": "/Applications/lghub.app/Contents/Resources/icon.png",
      "registerLibrary": false,
      "sha256": "67d0957daca9717fe862746dd968097c7ac30fc718cc580c2563a5a85c6d23be"
    },
    {
      "path": "/Applications/lghub.app/Contents/Resources/it-IT.lproj/Localizable.strings",
      "registerLibrary": false,
      "sha256": "d5d45bf98083e8da30c38137aaa5a8802b1a38dd57f17a61d41a1c5e9606d09a"
    },
    {
      "path": "/Applications/lghub.app/Contents/Resources/it-IT.lproj/InfoPlist.strings",
      "registerLibrary": false,
      "sha256": "3b961627dfb8b84a4afa2a6fcb1e138f0d83faa327eb0ba5a3f8e893f889ea71"
    },
    {
      "path": "/Applications/lghub.app/Contents/Resources/nb-NO.lproj/Localizable.strings",
      "registerLibrary": false,
      "sha256": "c80f93bde877fd28d53bed74c154dfaf8988768f6046c8deb3a7235fbb0b4fdd"
    },
    {
      "path": "/Applications/lghub.app/Contents/Resources/nb-NO.lproj/InfoPlist.strings",
      "registerLibrary": false,
      "sha256": "e0f511f34d2618c24700fb40f5de6a53ce30be0fa7f9ace56e446e97ebdb4905"
    },
    {
      "path": "/Applications/lghub.app/Contents/Resources/electron.icns",
      "registerLibrary": false,
      "sha256": "62839cbe0078f298211ceb84d4edb5745f3be487d47917e7831cb49cfbb045e5"
    },
    {
      "path": "/Applications/lghub.app/Contents/Resources/app.asar",
      "registerLibrary": false,
      "sha256": "1e9ae902fdf0fed977cc1e3c937e970b7f67d70757de92a17caaa4da68f256e7"
    },
    {
      "path": "/Applications/lghub.app/Contents/Resources/ru-RU.lproj/Localizable.strings",
      "registerLibrary": false,
      "sha256": "128a5e1d85080e000904a219de1a237e4a95fecc39d6d63d94add4b0ef56d4e1"
    },
    {
      "path": "/Applications/lghub.app/Contents/Resources/ru-RU.lproj/InfoPlist.strings",
      "registerLibrary": false,
      "sha256": "97ce0055aeef69bc0de0f0c6172f39cf8aa71effeb6514a3d63be2e0784b7cb3"
    },
    {
      "path": "/Applications/lghub.app/Contents/Resources/tr-TR.lproj/Localizable.strings",
      "registerLibrary": false,
      "sha256": "61cd351567e27fcdc5aa21e56cd1f8706a2438eda9b670372d81f51cd74a20f1"
    },
    {
      "path": "/Applications/lghub.app/Contents/Resources/tr-TR.lproj/InfoPlist.strings",
      "registerLibrary": false,
      "sha256": "5cb36f2d6bb5f9d03f82e1c05f315a37fb1b147dc700821a722a781017ebb32f"
    },
    {
      "path": "/Applications/lghub.app/Contents/Resources/es-ES.lproj/Localizable.strings",
      "registerLibrary": false,
      "sha256": "c0f0358f2877216fba54e0dc903882f5bfb320756bb52566f7c589a043e0ca16"
    },
    {
      "path": "/Applications/lghub.app/Contents/Resources/es-ES.lproj/InfoPlist.strings",
      "registerLibrary": false,
      "sha256": "964bd8a99bb46331a8b9f1f07168bd5ec79fba3d1afc8b440e4642a4ac81cb5f"
    },
    {
      "path": "/Applications/lghub.app/Contents/Resources/fr-FR.lproj/Localizable.strings",
      "registerLibrary": false,
      "sha256": "7d69d4a40bf61d70d4b6b05605fee9fa7dba207f02c6d6bd0ec0b8f183aa1151"
    },
    {
      "path": "/Applications/lghub.app/Contents/Resources/fr-FR.lproj/InfoPlist.strings",
      "registerLibrary": false,
      "sha256": "03f464bcc4a49b60c99dfd70aa87fda0bfb1adaec7f465b2a4c7b173bb24a49e"
    },
    {
      "path": "/Applications/lghub.app/Contents/Resources/ja-JP.lproj/Localizable.strings",
      "registerLibrary": false,
      "sha256": "e930f4cde37db03d21669d14e17d5bf988cc9e4785e96e6715598e165506cd9a"
    },
    {
      "path": "/Applications/lghub.app/Contents/Resources/ja-JP.lproj/InfoPlist.strings",
      "registerLibrary": false,
      "sha256": "abc019344d017c6ebcbba0f77f91aa8605dfb7961d88a2927b0b2552c9713d0f"
    },
    {
      "path": "/Applications/lghub.app/Contents/Resources/ko-KR.lproj/Localizable.strings",
      "registerLibrary": false,
      "sha256": "0099689c32861110a2268f0e58f4095f5cec8a6b2133901f37cdb3de4920f3f8"
    },
    {
      "path": "/Applications/lghub.app/Contents/Resources/ko-KR.lproj/InfoPlist.strings",
      "registerLibrary": false,
      "sha256": "58c17df7ca759f863ade97b2a578cef65484077e6171da1b261673b2bc74c994"
    },
    {
      "path": "/Applications/lghub.app/Contents/Resources/Base.lproj/Localizable.strings",
      "registerLibrary": false,
      "sha256": "a9c4d33131eb1e29c02f3a955ba60a1613be1fc4a515ceb35dd2f5042ec1b90d"
    },
    {
      "path": "/Applications/lghub.app/Contents/Resources/Base.lproj/InfoPlist.strings",
      "registerLibrary": false,
      "sha256": "8f9b42c1de21c906cfcc425b3ef6dc01f1c8f84150fdbe7bf083e7bafabdb5dd"
    },
    {
      "path": "/Applications/lghub.app/Contents/Resources/fi-FI.lproj/Localizable.strings",
      "registerLibrary": false,
      "sha256": "b77c0715a187bc8aeafaf7af206523e7b2a846d33baaeb9ec821a499f61e589c"
    },
    {
      "path": "/Applications/lghub.app/Contents/Resources/fi-FI.lproj/InfoPlist.strings",
      "registerLibrary": false,
      "sha256": "bed896b384cc3165a1b8c9afe6f92b602794328cb320d672f651dfefff3702dc"
    },
    {
      "path": "/Applications/lghub.app/Contents/Resources/da-DK.lproj/Localizable.strings",
      "registerLibrary": false,
      "sha256": "58062d19516f69b0be0039632733d5be96dadde29fa158166cf27c9507d7dd1c"
    },
    {
      "path": "/Applications/lghub.app/Contents/Resources/da-DK.lproj/InfoPlist.strings",
      "registerLibrary": false,
      "sha256": "a6f0753a16d6ad9b7a4b9f390c12c38e968c5ca6b60af9be41cced786fabf575"
    },
    {
      "path": "/Applications/lghub.app/Contents/Resources/hu-HU.lproj/Localizable.strings",
      "registerLibrary": false,
      "sha256": "f433388df2bc1e67ec100d526be907d51de02a9c66c04c8476b6636e36e21ff0"
    },
    {
      "path": "/Applications/lghub.app/Contents/Resources/hu-HU.lproj/InfoPlist.strings",
      "registerLibrary": false,
      "sha256": "2953520068abb128b5ac29582299800618bc36e468a4a0c4a426fa1bb15b30fe"
    },
    {
      "path": "/Applications/lghub.app/Contents/Resources/app.asar.unpacked/node_modules/keytar/build/Release/keytar.node",
      "registerLibrary": false,
      "sha256": "aff4efd10c3a72f5d476b72646e1d336d5ce6398d3aec6ba825ed11f621ae2f5"
    },
    {
      "path": "/Applications/lghub.app/Contents/Resources/pt-BR.lproj/Localizable.strings",
      "registerLibrary": false,
      "sha256": "5e8c16e9e4f25b5214a29f6e9dc622227b859ea1e1d438e46fbe561aa8d09fca"
    },
    {
      "path": "/Applications/lghub.app/Contents/Resources/pt-BR.lproj/InfoPlist.strings",
      "registerLibrary": false,
      "sha256": "ae152f121e024f81832cdccf6ed7f124b9cd816b3f316c1a172f8c78bc9e6cb5"
    },
    {
      "path": "/Applications/lghub.app/Contents/Resources/nl-NL.lproj/Localizable.strings",
      "registerLibrary": false,
      "sha256": "3dd52cb7d2d963812608ec5b42215109003a030fc1716e30861da5f0f0567f83"
    },
    {
      "path": "/Applications/lghub.app/Contents/Resources/nl-NL.lproj/InfoPlist.strings",
      "registerLibrary": false,
      "sha256": "46426d99b17b03ef4d42422a887e1f0931dde80ac36394db991a442f6a8f9f87"
    },
    {
      "path": "/Applications/lghub.app/Contents/Resources/cs-CZ.lproj/Localizable.strings",
      "registerLibrary": false,
      "sha256": "9e7040b3913598e29503c41f91c938660fa3131275945aed245f4252de5fb80d"
    },
    {
      "path": "/Applications/lghub.app/Contents/Resources/cs-CZ.lproj/InfoPlist.strings",
      "registerLibrary": false,
      "sha256": "caca3f34e7c41287eb13c519f17a1abaf0e23d18249eadd03ec02d04bcc1b165"
    },
    {
      "path": "/Applications/lghub.app/Contents/Resources/zh-CN.lproj/Localizable.strings",
      "registerLibrary": false,
      "sha256": "7dded5c99846fa3197221eae2cb2eb31fdee5702eb71179d1f01f7a1efb7d8a4"
    },
    {
      "path": "/Applications/lghub.app/Contents/Resources/zh-CN.lproj/InfoPlist.strings",
      "registerLibrary": false,
      "sha256": "c09f676ee16d887f6640b9cfa1033391637e22490badca03d2311d7bdae347a5"
    },
    {
      "path": "/Applications/lghub.app/Contents/Resources/de-DE.lproj/Localizable.strings",
      "registerLibrary": false,
      "sha256": "84e743b069b13f68ec9d11ba0c1ee3191ee31287e88cef0e5d865af991a5bab1"
    },
    {
      "path": "/Applications/lghub.app/Contents/Resources/de-DE.lproj/InfoPlist.strings",
      "registerLibrary": false,
      "sha256": "4236a828cf31c58ce413323bbca072c598c9d7d3de6cda4e69c84c820e0047b7"
    },
    {
      "path": "/Applications/lghub.app/Contents/Resources/pl-PL.lproj/Localizable.strings",
      "registerLibrary": false,
      "sha256": "08058a5fe2b71a97dd20dd9b1e2f8ef6e4fa598a13e23c83855516f5236d97f6"
    },
    {
      "path": "/Applications/lghub.app/Contents/Resources/pl-PL.lproj/InfoPlist.strings",
      "registerLibrary": false,
      "sha256": "af6879a0ac7df849b4393408407cfa27bb87215c5372f3cc21956b0ed4c02fd9"
    },
    {
      "path": "/Applications/lghub.app/Contents/Resources/sv-SE.lproj/Localizable.strings",
      "registerLibrary": false,
      "sha256": "9d631dda4c790763964929a685b3d5d23e89fbe6f6c5683da1c9c61534c94f81"
    },
    {
      "path": "/Applications/lghub.app/Contents/Resources/sv-SE.lproj/InfoPlist.strings",
      "registerLibrary": false,
      "sha256": "5fcd48068dbf80d35d0754f337f48b59874572bb4e85ccbd8edd9e72abf8f134"
    },
    {
      "path": "/Applications/lghub.app/Contents/embedded.provisionprofile",
      "registerLibrary": false,
      "sha256": "bed18d764732f406e49fe6723d7d5f677d36e42920efeb528079607fd242036b"
    },
    {
      "path": "/Applications/lghub.app/Contents/Frameworks/lghub Helper.app/Contents/_CodeSignature/CodeResources",
      "registerLibrary": false,
      "sha256": "6686de10a28a2fe11b36cbb86dcbacc827cfc4ea116b4dabf1845e5aee629e9b"
    },
    {
      "path": "/Applications/lghub.app/Contents/Frameworks/lghub Helper.app/Contents/MacOS/lghub Helper",
      "registerLibrary": false,
      "sha256": "7fc79a273d27d773260b7a2c05a7820d60c0da2e96f1c32becf11935fc097563"
    },
    {
      "path": "/Applications/lghub.app/Contents/Frameworks/lghub Helper.app/Contents/Info.plist",
      "registerLibrary": false,
      "sha256": "4f730c04844a64f380444b2c46e2f4bf7cfb895a746da195c8315fc3a87f2813"
    },
    {
      "path": "/Applications/lghub.app/Contents/Frameworks/lghub Helper.app/Contents/PkgInfo",
      "registerLibrary": false,
      "sha256": "82502191c9484b04d685374f9879a0066069c49b8acae7a04b01d38d07e8eca0"
    },
    {
      "path": "/Applications/lghub.app/Contents/Frameworks/lghub_agent.app/Contents/CodeResources",
      "registerLibrary": false,
      "sha256": "20e8bccb635c9463f7a99957858ed33d0abdca87a54a4e3f911b2ceeadb50776"
    },
    {
      "path": "/Applications/lghub.app/Contents/Frameworks/lghub_agent.app/Contents/_CodeSignature/CodeResources",
      "registerLibrary": false,
      "sha256": "590e7c7ee06efac3d2547bb0acad0bd11a8ba27cf5e37d8dec4e3b8778525cae"
    },
    {
      "path": "/Applications/lghub.app/Contents/Frameworks/lghub_agent.app/Contents/MacOS/lghub_agent.dSYM/Contents/Resources/DWARF/lghub_agent",
      "registerLibrary": false,
      "sha256": "37267d1fb81826bcae7940493f90eb0852490880ba3ecebb6817c52c84329a90"
    },
    {
      "path": "/Applications/lghub.app/Contents/Frameworks/lghub_agent.app/Contents/MacOS/lghub_agent.dSYM/Contents/Info.plist",
      "registerLibrary": false,
      "sha256": "bfbd9d8185efd9b4834ddcf9950be78f3cdb8a4b4cbe290dbd78a1cdfe5817ec"
    },
    {
      "path": "/Applications/lghub.app/Contents/Frameworks/lghub_agent.app/Contents/MacOS/logi_crashpad_handler",
      "registerLibrary": false,
      "sha256": "4795fd2208853c088d77c4f461d9c16d0986ae591e7b9aa2e2ed7e75637ed12a"
    },
    {
      "path": "/Applications/lghub.app/Contents/Frameworks/lghub_agent.app/Contents/MacOS/lghub_agent",
      "registerLibrary": false,
      "sha256": "bbb26729d40844e9636c55030d0dc96fb4a19bdab4f70b697698d7dc632aeb84"
    },
    {
      "path": "/Applications/lghub.app/Contents/Frameworks/lghub_agent.app/Contents/PlugIns/platforms/libqcocoa.dylib",
      "registerLibrary": false,
      "sha256": "5362f658971c9e88bca6fbd5d97dd1fedd5442fdf6d876fe88d0b0c0af262002"
    },
    {
      "path": "/Applications/lghub.app/Contents/Frameworks/lghub_agent.app/Contents/PlugIns/printsupport/libcocoaprintersupport.dylib",
      "registerLibrary": false,
      "sha256": "b30752b551c5ca38bf7fc21c9ec45e18a1435140db0c69fa6a49dd506a5c2af7"
    },
    {
      "path": "/Applications/lghub.app/Contents/Frameworks/lghub_agent.app/Contents/PlugIns/styles/libqmacstyle.dylib",
      "registerLibrary": false,
      "sha256": "491660da725c7dc45bfda368b20c9a6636fa30437eec519df239d1c916ea7af0"
    },
    {
      "path": "/Applications/lghub.app/Contents/Frameworks/lghub_agent.app/Contents/PlugIns/bearer/libqgenericbearer.dylib",
      "registerLibrary": false,
      "sha256": "154435879c225cc76e25c1345408fab4009e5f03a36c259e4e5ffe3a8e372cf9"
    },
    {
      "path": "/Applications/lghub.app/Contents/Frameworks/lghub_agent.app/Contents/PlugIns/iconengines/libqsvgicon.dylib",
      "registerLibrary": false,
      "sha256": "38308cefa6963c0b0994ce32e55d1a6b5e95b056830dd87180631e139994c010"
    },
    {
      "path": "/Applications/lghub.app/Contents/Frameworks/lghub_agent.app/Contents/PlugIns/imageformats/libqgif.dylib",
      "registerLibrary": false,
      "sha256": "3e5ef3d86b8a80a4a08c6d93a8889121d3401d54c9ed1889589d2936d97491ad"
    },
    {
      "path": "/Applications/lghub.app/Contents/Frameworks/lghub_agent.app/Contents/PlugIns/imageformats/libqico.dylib",
      "registerLibrary": false,
      "sha256": "38b1765f6ac1de5d715077e897dc6d54dfefb1d7b3ffb1910b92d3c3ded9161f"
    },
    {
      "path": "/Applications/lghub.app/Contents/Frameworks/lghub_agent.app/Contents/PlugIns/imageformats/libqjpeg.dylib",
      "registerLibrary": false,
      "sha256": "8dd77a6f32c688ce5df72115c8feb9176a7b8675e1a3c504acf3ea3c1afbd585"
    },
    {
      "path": "/Applications/lghub.app/Contents/Frameworks/lghub_agent.app/Contents/PlugIns/imageformats/libqsvg.dylib",
      "registerLibrary": false,
      "sha256": "e5e70c79bdc25ddb5b5751e7897ecfc44ae68d40dab549626f6fba36e4cc160d"
    },
    {
      "path": "/Applications/lghub.app/Contents/Frameworks/lghub_agent.app/Contents/Resources/qt.conf",
      "registerLibrary": false,
      "sha256": "aa97375f75685d268b1db060f26bc955931c1688312300b61d998115f8001fb0"
    },
    {
      "path": "/Applications/lghub.app/Contents/Frameworks/lghub_agent.app/Contents/Resources/data/card_presets.json",
      "registerLibrary": false,
      "sha256": "cc4b3f112bed2ba639a8fe92def60d92e0a27046e4bf24351357d24dcbc1a958"
    },
    {
      "path": "/Applications/lghub.app/Contents/Frameworks/lghub_agent.app/Contents/Resources/data/eq_presets.json",
      "registerLibrary": false,
      "sha256": "52dbedb1d1b51605d060d6cf107f4b92b11d7c65ea8bd45b986ac5ce91c71e3d"
    },
    {
      "path": "/Applications/lghub.app/Contents/Frameworks/lghub_agent.app/Contents/Resources/data/strings/it-IT.yaml",
      "registerLibrary": false,
      "sha256": "638254fa211ea6e1763cf23256515b0a6b690e52ae83dab2d5dd5019149dce19"
    },
    {
      "path": "/Applications/lghub.app/Contents/Frameworks/lghub_agent.app/Contents/Resources/data/strings/hu-HU.yaml",
      "registerLibrary": false,
      "sha256": "5a03f48849ba880b0c6d22e98822a94a421df13915f5878c9ba9512b26e0a61b"
    },
    {
      "path": "/Applications/lghub.app/Contents/Frameworks/lghub_agent.app/Contents/Resources/data/strings/tr-TR.yaml",
      "registerLibrary": false,
      "sha256": "e11087e9e7fdad7d938e07210e5a4c5098e0e6c19697359d6fcd6866836d9a83"
    },
    {
      "path": "/Applications/lghub.app/Contents/Frameworks/lghub_agent.app/Contents/Resources/data/strings/sv-SE.yaml",
      "registerLibrary": false,
      "sha256": "4ae63f6385f8dae6e3a6e4157e2bffb84f8bf9f30874ea2c22596a8c0438c208"
    },
    {
      "path": "/Applications/lghub.app/Contents/Frameworks/lghub_agent.app/Contents/Resources/data/strings/es-ES.yaml",
      "registerLibrary": false,
      "sha256": "554475e082b9c938c7127ba06a1dc4a2774eee8bcfd763bb4660f5aa5a170597"
    },
    {
      "path": "/Applications/lghub.app/Contents/Frameworks/lghub_agent.app/Contents/Resources/data/strings/ko-KR.yaml",
      "registerLibrary": false,
      "sha256": "c32721ff25e61edb1104c9d6d1c4f652170043d7a35454b5dd8e2c3198e7dc1d"
    },
    {
      "path": "/Applications/lghub.app/Contents/Frameworks/lghub_agent.app/Contents/Resources/data/strings/zh-CN.yaml",
      "registerLibrary": false,
      "sha256": "54cda228a9f274d85b109b5f7e0142b5260310342bc815965349999c1797083c"
    },
    {
      "path": "/Applications/lghub.app/Contents/Frameworks/lghub_agent.app/Contents/Resources/data/strings/ja-JP.yaml",
      "registerLibrary": false,
      "sha256": "096b94cc5c70bdbc6d8f001bacd84e3eb504f99be36bcd784d3984f8da1b8378"
    },
    {
      "path": "/Applications/lghub.app/Contents/Frameworks/lghub_agent.app/Contents/Resources/data/strings/nb-NO.yaml",
      "registerLibrary": false,
      "sha256": "62fd6a106097b61b665922bcdc8dccae949d5bf4c3ef4f66019d0eb2bd0fae1c"
    },
    {
      "path": "/Applications/lghub.app/Contents/Frameworks/lghub_agent.app/Contents/Resources/data/strings/da-DK.yaml",
      "registerLibrary": false,
      "sha256": "b993d545c1ccd9cf2add9a0e32d892a9c40e04b63cea414ae6bbd860b4d19d41"
    },
    {
      "path": "/Applications/lghub.app/Contents/Frameworks/lghub_agent.app/Contents/Resources/data/strings/zh-TW.yaml",
      "registerLibrary": false,
      "sha256": "a8de49c8298d88e3b182e59e68e78e1db5733b8417f8f5c1d6fbacfc1fb34c14"
    },
    {
      "path": "/Applications/lghub.app/Contents/Frameworks/lghub_agent.app/Contents/Resources/data/strings/fr-FR.yaml",
      "registerLibrary": false,
      "sha256": "c3535f548ebb611ac2fca5909b92f42754f80de1617f8cee1bad3ba0d05e20be"
    },
    {
      "path": "/Applications/lghub.app/Contents/Frameworks/lghub_agent.app/Contents/Resources/data/strings/cs-CZ.yaml",
      "registerLibrary": false,
      "sha256": "5cdf9dca7672a009ed27a102b794efd456989d7bc2a639b077ebf21e59b9a73d"
    },
    {
      "path": "/Applications/lghub.app/Contents/Frameworks/lghub_agent.app/Contents/Resources/data/strings/de-DE.yaml",
      "registerLibrary": false,
      "sha256": "668480cc01cd9718c2db7a74f14267922b25de9bfc5959ec134ac8dc76ebd4c3"
    },
    {
      "path": "/Applications/lghub.app/Contents/Frameworks/lghub_agent.app/Contents/Resources/data/strings/pt-BR.yaml",
      "registerLibrary": false,
      "sha256": "cac6ba61ae8f3314ddb8dda9feeb8974e627c35e98a920ad74ac15a1aea7b46b"
    },
    {
      "path": "/Applications/lghub.app/Contents/Frameworks/lghub_agent.app/Contents/Resources/data/strings/pl-PL.yaml",
      "registerLibrary": false,
      "sha256": "5e1639c05265b2b4a655b19f50a6d21a473557ab8e4fbcbb598c9c1f4ca28423"
    },
    {
      "path": "/Applications/lghub.app/Contents/Frameworks/lghub_agent.app/Contents/Resources/data/strings/fi-FI.yaml",
      "registerLibrary": false,
      "sha256": "9a4cfb33b017741942bf8b3d96eba83745abc9e00e57c709dc2db66712e357ea"
    },
    {
      "path": "/Applications/lghub.app/Contents/Frameworks/lghub_agent.app/Contents/Resources/data/strings/en-US.yaml",
      "registerLibrary": false,
      "sha256": "1355d4e1853b2cf2812f6ab90dc72d193ccb5c74f84d95a955d0122e6d73a64c"
    },
    {
      "path": "/Applications/lghub.app/Contents/Frameworks/lghub_agent.app/Contents/Resources/data/strings/nl-NL.yaml",
      "registerLibrary": false,
      "sha256": "2e8f2cd01ce475ddf6ccd31776d6677e0a303938bb8d76b2b6faad731e505ad9"
    },
    {
      "path": "/Applications/lghub.app/Contents/Frameworks/lghub_agent.app/Contents/Resources/data/strings/ru-RU.yaml",
      "registerLibrary": false,
      "sha256": "cc905d1e721e20836d7622c017b6568877cd8d9e58ef84e1fe7f5142f91c1133"
    },
    {
      "path": "/Applications/lghub.app/Contents/Frameworks/lghub_agent.app/Contents/Resources/data/sounds/71ChannelCheckSound.wma",
      "registerLibrary": false,
      "sha256": "3a25eb44361ddcc39ea78443ef4a5f94e3a3025d569ff9af1043ce37a4376e11"
    },
    {
      "path": "/Applications/lghub.app/Contents/Frameworks/lghub_agent.app/Contents/Resources/data/video_filters.json",
      "registerLibrary": false,
      "sha256": "ed585cc87111cc77308ebd3609484ba867e33711bd1672afd0c8f955e56fa795"
    },
    {
      "path": "/Applications/lghub.app/Contents/Frameworks/lghub_agent.app/Contents/Resources/data/lighting/effect_prefabs.json",
      "registerLibrary": false,
      "sha256": "8cb9985c5aa3625fea74416d22bf48e63ec1f554cfbe93c464c87ed4bee4a081"
    },
    {
      "path": "/Applications/lghub.app/Contents/Frameworks/lghub_agent.app/Contents/Resources/data/lighting/effect_presets.json",
      "registerLibrary": false,
      "sha256": "ca9275ddec7a37afccb50506ecd5c2dde3edfac85572c588976a7443e6c3804b"
    },
    {
      "path": "/Applications/lghub.app/Contents/Frameworks/lghub_agent.app/Contents/Resources/data/lighting/effects/mono-verticool.json",
      "registerLibrary": false,
      "sha256": "a80e2cb59c978f67e1f8bdeb9da0bb599e866886984b495c692db149b1027853"
    },
    {
      "path": "/Applications/lghub.app/Contents/Frameworks/lghub_agent.app/Contents/Resources/data/lighting/effects/verticool.json",
      "registerLibrary": false,
      "sha256": "5707278f46ab60b690a685b99db8e7b352ee54c2764ffcb0344c4206e963e87e"
    },
    {
      "path": "/Applications/lghub.app/Contents/Frameworks/lghub_agent.app/Contents/Resources/data/lighting/effects/audio-visualizer-mouse-rgb-per-key.json",
      "registerLibrary": false,
      "sha256": "4d632d63a5e7f83e354b388c5350ee78e15b4070e4fa7978cbc3b4c3a0ab16ed"
    },
    {
      "path": "/Applications/lghub.app/Contents/Frameworks/lghub_agent.app/Contents/Resources/data/lighting/effects/oceanwave.json",
      "registerLibrary": false,
      "sha256": "44574d1c69970d72937a8431ce446f27b4616c8796515f391709f6e9d6344ee3"
    },
    {
      "path": "/Applications/lghub.app/Contents/Frameworks/lghub_agent.app/Contents/Resources/data/lighting/effects/screen_sampler-kb.json",
      "registerLibrary": false,
      "sha256": "1439abfae3fcff6071e4b8e9c649ad59f23c244e99f59fbeae7711aed5a34355"
    },
    {
      "path": "/Applications/lghub.app/Contents/Frameworks/lghub_agent.app/Contents/Resources/data/lighting/effects/audio-visualizer-generic.json",
      "registerLibrary": false,
      "sha256": "b41a715e74aa2d4805faa2caa11c0a825cc83aba3b6249d0d166d3ec7669e64d"
    },
    {
      "path": "/Applications/lghub.app/Contents/Frameworks/lghub_agent.app/Contents/Resources/data/lighting/effects/mouse-redwhiteblue.json",
      "registerLibrary": false,
      "sha256": "7eeaa85cd47e8fa35d1648be7fc0d09805e60494b785320605ea70488f49d168"
    },
    {
      "path": "/Applications/lghub.app/Contents/Frameworks/lghub_agent.app/Contents/Resources/data/lighting/effects/screen_sampler.json",
      "registerLibrary": false,
      "sha256": "d5ac503f38c2fefcc5be5577f194d4c721beee7f21ff7fe9d67112df86b3bd89"
    },
    {
      "path": "/Applications/lghub.app/Contents/Frameworks/lghub_agent.app/Contents/Resources/data/lighting/effects/redwhiteblue.json",
      "registerLibrary": false,
      "sha256": "d84658b5d4939025bc8e579500eb9bb5fa5710ce33b67866d1d3a3b6b982ec80"
    },
    {
      "path": "/Applications/lghub.app/Contents/Frameworks/lghub_agent.app/Contents/Resources/data/lighting/effects/audio-visualizer-kb-per-key.json",
      "registerLibrary": false,
      "sha256": "8ebf1b61d3e47807c8b4785d66d99ac7f70a9e059c9cac97453466e128ff9332"
    },
    {
      "path": "/Applications/lghub.app/Contents/Frameworks/lghub_agent.app/Contents/Resources/data/lighting/effects/mono-contrastic.json",
      "registerLibrary": false,
      "sha256": "bb57df227a93eab37042de0d9417c001b3bcc11d9f55bb1c02fd1324171dc774"
    },
    {
      "path": "/Applications/lghub.app/Contents/Frameworks/lghub_agent.app/Contents/Resources/data/lighting/effects/contrastic.json",
      "registerLibrary": false,
      "sha256": "e53cbb9c45b3fa9b063294acd3e15cb49b79cb35b649eda3990414c5708e8a2c"
    },
    {
      "path": "/Applications/lghub.app/Contents/Frameworks/lghub_agent.app/Contents/Resources/data/lighting/effects/lightning.json",
      "registerLibrary": false,
      "sha256": "62eea001519c72783bfbf2aaeb2981efe2c4b97265f48ce826ef226b7d41b075"
    },
    {
      "path": "/Applications/lghub.app/Contents/Frameworks/lghub_agent.app/Contents/Resources/data/lighting/effects/audio-visualizer-kb-zonal.json",
      "registerLibrary": false,
      "sha256": "02aca6a33c7c68fe446b17d1d8ad5916f37f8cbf6f8e7f0a23f4a92af8022ab0"
    },
    {
      "path": "/Applications/lghub.app/Contents/Frameworks/lghub_agent.app/Contents/Resources/data/lighting/effects/mouse-oceanwave.json",
      "registerLibrary": false,
      "sha256": "eaf30db6c25a7dc7ccbfccafd9a9079026c23f667c6859c1bc9985b93132fa73"
    },
    {
      "path": "/Applications/lghub.app/Contents/Frameworks/lghub_agent.app/Contents/Resources/data/lighting/effects/screen_sampler-mrpk.json",
      "registerLibrary": false,
      "sha256": "59f23dbf43a1addf45abe431dc104487b4a35823a2bb7c6a588cd66199e76e0a"
    },
    {
      "path": "/Applications/lghub.app/Contents/Frameworks/lghub_agent.app/Contents/Resources/data/lighting/effects/mouse-verticool.json",
      "registerLibrary": false,
      "sha256": "fe6a3ad7c0ba1b2f627406c24a390a634b5e70b1ddc38727d4f91418b957c154"
    },
    {
      "path": "/Applications/lghub.app/Contents/Frameworks/lghub_agent.app/Contents/Resources/data/applications.json",
      "registerLibrary": false,
      "sha256": "164604dbec1359332d65874c77013ca205e2e55ef569df7574c35f11e11e85a0"
    },
    {
      "path": "/Applications/lghub.app/Contents/Frameworks/lghub_agent.app/Contents/Resources/data/camera_presets.json",
      "registerLibrary": false,
      "sha256": "8bb8e44a057ad33601d60563712fd9d467945b120e958064390d41e5dbca19e0"
    },
    {
      "path": "/Applications/lghub.app/Contents/Frameworks/lghub_agent.app/Contents/Resources/data/tray_osx.png",
      "registerLibrary": false,
      "sha256": "9a927552ca455af375103c5aed55aed8a9a61dd555790715020f2c339bd0eecb"
    },
    {
      "path": "/Applications/lghub.app/Contents/Frameworks/lghub_agent.app/Contents/Resources/data/pro_eq_presets.json",
      "registerLibrary": false,
      "sha256": "4c51126b20550b830fb5d32a655bb60398dc62b2a6de915c0e15085473e75dbc"
    },
    {
      "path": "/Applications/lghub.app/Contents/Frameworks/lghub_agent.app/Contents/Library/SystemExtensions/com.logi.ghub.hidfilter.dext/_CodeSignature/CodeResources",
      "registerLibrary": false,
      "sha256": "ca570dca31780f567d0e311ec91749116afe1f5bc065646ae23cf8a10369f801"
    },
    {
      "path": "/Applications/lghub.app/Contents/Frameworks/lghub_agent.app/Contents/Library/SystemExtensions/com.logi.ghub.hidfilter.dext/com.logi.ghub.hidfilter",
      "registerLibrary": false,
      "sha256": "8472d2bc5d2f91be1dd74f0c92faa5b4e856516c0cdc6cf0580a9ffa898af166"
    },
    {
      "path": "/Applications/lghub.app/Contents/Frameworks/lghub_agent.app/Contents/Library/SystemExtensions/com.logi.ghub.hidfilter.dext/embedded.provisionprofile",
      "registerLibrary": false,
      "sha256": "1209c8e658ec9f48c3ca7fb3e0258faeada8160ba426cdf9bb948bf95dd21cb5"
    },
    {
      "path": "/Applications/lghub.app/Contents/Frameworks/lghub_agent.app/Contents/Library/SystemExtensions/com.logi.ghub.hidfilter.dext/Info.plist",
      "registerLibrary": false,
      "sha256": "275094d299c62afa7460d1c4eedbbe4272b59db5492b43ce0c5004efa3c4112f"
    },
    {
      "path": "/Applications/lghub.app/Contents/Frameworks/lghub_agent.app/Contents/embedded.provisionprofile",
      "registerLibrary": false,
      "sha256": "538de421f343710602b29c642444db42e6ab1eb4030dbb24071bec6ca5676fe0"
    },
    {
      "path": "/Applications/lghub.app/Contents/Frameworks/lghub_agent.app/Contents/Frameworks/libQt5Network.5.dylib",
      "registerLibrary": false,
      "sha256": "c8315480806a1ac77475df3b66f870b1afc4d5489875b1b0f6cb1815039f76d3"
    },
    {
      "path": "/Applications/lghub.app/Contents/Frameworks/lghub_agent.app/Contents/Frameworks/libQt5DBus.5.dylib",
      "registerLibrary": false,
      "sha256": "f95be0ee0dc8ef82542fcb8d251c595ddc8ef7b93a1bcf0bddfe967240fb418c"
    },
    {
      "path": "/Applications/lghub.app/Contents/Frameworks/lghub_agent.app/Contents/Frameworks/libQt5Core.5.dylib",
      "registerLibrary": false,
      "sha256": "914fa4172a24f4cd34fe890b4708ecc6410f437626436893acb6252d13607935"
    },
    {
      "path": "/Applications/lghub.app/Contents/Frameworks/lghub_agent.app/Contents/Frameworks/libQt5PrintSupport.5.dylib",
      "registerLibrary": false,
      "sha256": "4c14b7a8de42c28dfcf3ffd52b3decd354d1f00fed108ed24da192bba365da84"
    },
    {
      "path": "/Applications/lghub.app/Contents/Frameworks/lghub_agent.app/Contents/Frameworks/libQt5Concurrent.5.dylib",
      "registerLibrary": false,
      "sha256": "bb23989e002c4508704d8ebcc127e206f14fa2d2867651d8ed6440defc77e5b7"
    },
    {
      "path": "/Applications/lghub.app/Contents/Frameworks/lghub_agent.app/Contents/Frameworks/libQt5Svg.5.dylib",
      "registerLibrary": false,
      "sha256": "8760be073e72869daf77d04b3c1796369b08fd55ffed2670778bd934e4133a3c"
    },
    {
      "path": "/Applications/lghub.app/Contents/Frameworks/lghub_agent.app/Contents/Frameworks/libQt5Widgets.5.dylib",
      "registerLibrary": false,
      "sha256": "5d600bcd150ac16cde81c0bd8e1b6cb6c634e8789c70c9555edc4e25fbe1bcc8"
    },
    {
      "path": "/Applications/lghub.app/Contents/Frameworks/lghub_agent.app/Contents/Frameworks/libQt5Gui.5.dylib",
      "registerLibrary": false,
      "sha256": "eead268efa435223f8aac3cc65f2da5e7edc6206b7821ded1569ec13f736ce51"
    },
    {
      "path": "/Applications/lghub.app/Contents/Frameworks/lghub_agent.app/Contents/Info.plist",
      "registerLibrary": false,
      "sha256": "f8d5d349fd39a541ba8610c6b00ad8a8c45aa740688b2ec34ba9011df288f8b5"
    },
    {
      "path": "/Applications/lghub.app/Contents/Frameworks/lghub_agent.app/Contents/PkgInfo",
      "registerLibrary": false,
      "sha256": "e079b5c8da7c98ad0b93984550aa9cbe921d34d1a3d7e25d1410d9c74f5dad83"
    },
    {
      "path": "/Applications/lghub.app/Contents/Frameworks/Electron Framework.framework/Electron Framework",
      "registerLibrary": false,
      "sha256": "4daeae61273633bb238ad5af544f93c428040fb7df9be267d64606f925345022"
    },
    {
      "path": "/Applications/lghub.app/Contents/Frameworks/Electron Framework.framework/Resources",
      "registerLibrary": false,
      "sha256": "e3b0c44298fc1c149afbf4c8996fb92427ae41e4649b934ca495991b7852b855"
    },
    {
      "path": "/Applications/lghub.app/Contents/Frameworks/Electron Framework.framework/Versions/A/_CodeSignature/CodeResources",
      "registerLibrary": false,
      "sha256": "01532e4f040b3dd64a0f7c0fda29555e28dff81e1e690b8330d0a93a482ce6fe"
    },
    {
      "path": "/Applications/lghub.app/Contents/Frameworks/Electron Framework.framework/Versions/A/Resources/de.lproj/locale.pak",
      "registerLibrary": false,
      "sha256": "902011e2968feb162c12932763355f00a4e341fb8319448a8ff3f648d98b0191"
    },
    {
      "path": "/Applications/lghub.app/Contents/Frameworks/Electron Framework.framework/Versions/A/Resources/he.lproj/locale.pak",
      "registerLibrary": false,
      "sha256": "83c1c3d7b49570abd9a58650a785e3c2f622efc02417b4c5232b7e2031bb9c41"
    },
    {
      "path": "/Applications/lghub.app/Contents/Frameworks/Electron Framework.framework/Versions/A/Resources/ar.lproj/locale.pak",
      "registerLibrary": false,
      "sha256": "1659993b8e730a5adbe918fbf65ea78ca0677b6e862b99fb844f2b33a8bea8e4"
    },
    {
      "path": "/Applications/lghub.app/Contents/Frameworks/Electron Framework.framework/Versions/A/Resources/el.lproj/locale.pak",
      "registerLibrary": false,
      "sha256": "f8a8d5c28f1c51b94ee425379745ab8db3bf3c55723e03f7c22b6fcb6499f504"
    },
    {
      "path": "/Applications/lghub.app/Contents/Frameworks/Electron Framework.framework/Versions/A/Resources/ja.lproj/locale.pak",
      "registerLibrary": false,
      "sha256": "548bf28e851f7e865944888fa3b3acb023234b237f71590599b0a9e32b67690e"
    },
    {
      "path": "/Applications/lghub.app/Contents/Frameworks/Electron Framework.framework/Versions/A/Resources/fa.lproj/locale.pak",
      "registerLibrary": false,
      "sha256": "a9bd7646c0b105cf25a9bdb4c66cd4238421f677a072983ab52323292136174e"
    },
    {
      "path": "/Applications/lghub.app/Contents/Frameworks/Electron Framework.framework/Versions/A/Resources/mr.lproj/locale.pak",
      "registerLibrary": false,
      "sha256": "4d0f64648394c9c110011c4b7f7bec59467bcd83d99aa3199e72dfbf7e1844dd"
    },
    {
      "path": "/Applications/lghub.app/Contents/Frameworks/Electron Framework.framework/Versions/A/Resources/en.lproj/locale.pak",
      "registerLibrary": false,
      "sha256": "3670f6d17e8c5955b66e3f502b73c6edfb094c539802820038b4e49d4a334a42"
    },
    {
      "path": "/Applications/lghub.app/Contents/Frameworks/Electron Framework.framework/Versions/A/Resources/chrome_200_percent.pak",
      "registerLibrary": false,
      "sha256": "2b47580f12c4fd41902d42888e8668f74232c3d7db4cd8543c23f19a11e28405"
    },
    {
      "path": "/Applications/lghub.app/Contents/Frameworks/Electron Framework.framework/Versions/A/Resources/uk.lproj/locale.pak",
      "registerLibrary": false,
      "sha256": "64c6694d6cbdbc78e3a006844cb02a279c3450f6ca72bae27a8a9d4dd81be9a7"
    },
    {
      "path": "/Applications/lghub.app/Contents/Frameworks/Electron Framework.framework/Versions/A/Resources/es_419.lproj/locale.pak",
      "registerLibrary": false,
      "sha256": "3aeece9f480891cc9579f6ed6545c8615ec6e7f1c6f136199e7a759abd86fbb1"
    },
    {
      "path": "/Applications/lghub.app/Contents/Frameworks/Electron Framework.framework/Versions/A/Resources/gu.lproj/locale.pak",
      "registerLibrary": false,
      "sha256": "a7f46d99c6a3301633dbf3517bf7bc9c5ed35ad4b7482bf590364c18965c0240"
    },
    {
      "path": "/Applications/lghub.app/Contents/Frameworks/Electron Framework.framework/Versions/A/Resources/zh_CN.lproj/locale.pak",
      "registerLibrary": false,
      "sha256": "7b0e10a729d540c709042fba91e08bd1c870989c933c7973d3983ac8c8e312f4"
    },
    {
      "path": "/Applications/lghub.app/Contents/Frameworks/Electron Framework.framework/Versions/A/Resources/kn.lproj/locale.pak",
      "registerLibrary": false,
      "sha256": "63a21797efce3b6366f169285e42515e50c939861a2a9487ea016a9038fd1b77"
    },
    {
      "path": "/Applications/lghub.app/Contents/Frameworks/Electron Framework.framework/Versions/A/Resources/nb.lproj/locale.pak",
      "registerLibrary": false,
      "sha256": "a4b72698d4025c37844c51220740e2764a4c9459e92ce3b5cf233afa9d2a2883"
    },
    {
      "path": "/Applications/lghub.app/Contents/Frameworks/Electron Framework.framework/Versions/A/Resources/chrome_100_percent.pak",
      "registerLibrary": false,
      "sha256": "23d742bcd0cf51e284c46d9a8801f9d9d2597fb18183afecdfa2c3ae9e6418bf"
    },
    {
      "path": "/Applications/lghub.app/Contents/Frameworks/Electron Framework.framework/Versions/A/Resources/am.lproj/locale.pak",
      "registerLibrary": false,
      "sha256": "fda470ba5e938b209ca6b8868ad01206f974e962f27679c274058f8bd02769ba"
    },
    {
      "path": "/Applications/lghub.app/Contents/Frameworks/Electron Framework.framework/Versions/A/Resources/es.lproj/locale.pak",
      "registerLibrary": false,
      "sha256": "d4ca87082bebb3ba79efb410a2862e5d0fdb5dc1748e43260e88d182d1c9b88c"
    },
    {
      "path": "/Applications/lghub.app/Contents/Frameworks/Electron Framework.framework/Versions/A/Resources/sw.lproj/locale.pak",
      "registerLibrary": false,
      "sha256": "9522bbf10baab5a8b267d62ac6a146f54f26e6a538c6c59b16c98591e661a330"
    },
    {
      "path": "/Applications/lghub.app/Contents/Frameworks/Electron Framework.framework/Versions/A/Resources/sl.lproj/locale.pak",
      "registerLibrary": false,
      "sha256": "a2638369b2338fe6482b82b0460229f07ac9e3fe0f6d3d7d086c27e42f494481"
    },
    {
      "path": "/Applications/lghub.app/Contents/Frameworks/Electron Framework.framework/Versions/A/Resources/pt_BR.lproj/locale.pak",
      "registerLibrary": false,
      "sha256": "ee923058861022dd3b65e69a1c232ed7384227cdc8faaacc16dbd4e260d12861"
    },
    {
      "path": "/Applications/lghub.app/Contents/Frameworks/Electron Framework.framework/Versions/A/Resources/da.lproj/locale.pak",
      "registerLibrary": false,
      "sha256": "301cc07666267fb527866c7d5529fe7bfc492b65077dfaec87e667ff2fae2da3"
    },
    {
      "path": "/Applications/lghub.app/Contents/Frameworks/Electron Framework.framework/Versions/A/Resources/et.lproj/locale.pak",
      "registerLibrary": false,
      "sha256": "e50497b32ff4f249cc3bf481bb61499e2f79b57ce017fb0969ce4e8d274a735e"
    },
    {
      "path": "/Applications/lghub.app/Contents/Frameworks/Electron Framework.framework/Versions/A/Resources/it.lproj/locale.pak",
      "registerLibrary": false,
      "sha256": "85f7a4846fba3928a47a968583c0799aa12b804dc9f280e29361e5ad68fdc25c"
    },
    {
      "path": "/Applications/lghub.app/Contents/Frameworks/Electron Framework.framework/Versions/A/Resources/bg.lproj/locale.pak",
      "registerLibrary": false,
      "sha256": "be1e3ca66367a27f25009b7760180d895073c2058add62a1f080c5992854b83d"
    },
    {
      "path": "/Applications/lghub.app/Contents/Frameworks/Electron Framework.framework/Versions/A/Resources/sk.lproj/locale.pak",
      "registerLibrary": false,
      "sha256": "16bd57b5c98c7d3f2dbdbc912cb2504d8a076ae8b48d129cd7d71616f1d87d6a"
    },
    {
      "path": "/Applications/lghub.app/Contents/Frameworks/Electron Framework.framework/Versions/A/Resources/pt_PT.lproj/locale.pak",
      "registerLibrary": false,
      "sha256": "99901f9831fe8aa2fd378d5c41681dd13a201358dbd9d2f7048ef078a8f75383"
    },
    {
      "path": "/Applications/lghub.app/Contents/Frameworks/Electron Framework.framework/Versions/A/Resources/icudtl.dat",
      "registerLibrary": false,
      "sha256": "6e0b6b0d9e14c905f2278dbf25b7bb58cc0622b7680e3b6ff617a1d42348736b"
    },
    {
      "path": "/Applications/lghub.app/Contents/Frameworks/Electron Framework.framework/Versions/A/Resources/sr.lproj/locale.pak",
      "registerLibrary": false,
      "sha256": "0f1a439a9a320738833aaa1d8eef14cd415aae5410559db958fc0922530fe423"
    },
    {
      "path": "/Applications/lghub.app/Contents/Frameworks/Electron Framework.framework/Versions/A/Resources/ms.lproj/locale.pak",
      "registerLibrary": false,
      "sha256": "7c03508191c71c5d02d72c6828a8153ce16f988dc57439806023b69560aff2cf"
    },
    {
      "path": "/Applications/lghub.app/Contents/Frameworks/Electron Framework.framework/Versions/A/Resources/ta.lproj/locale.pak",
      "registerLibrary": false,
      "sha256": "6f7811c64636d71a208ad63e58d2a3b7ad2be51d2b104892dc3e1e7559ea8da2"
    },
    {
      "path": "/Applications/lghub.app/Contents/Frameworks/Electron Framework.framework/Versions/A/Resources/ml.lproj/locale.pak",
      "registerLibrary": false,
      "sha256": "6a851ef71b0c32db1d17cb2882362b5bf4f0ec8b3055a21cfbc43766fadd6bd8"
    },
    {
      "path": "/Applications/lghub.app/Contents/Frameworks/Electron Framework.framework/Versions/A/Resources/sv.lproj/locale.pak",
      "registerLibrary": false,
      "sha256": "6235da31f3067064046c62fa91f7432c01194cda431ebab6ae4454ea077f079e"
    },
    {
      "path": "/Applications/lghub.app/Contents/Frameworks/Electron Framework.framework/Versions/A/Resources/te.lproj/locale.pak",
      "registerLibrary": false,
      "sha256": "65f438aee45be3352698fd0fa2112e7fa3f4fd806f6b4d087dcc36afa2236162"
    },
    {
      "path": "/Applications/lghub.app/Contents/Frameworks/Electron Framework.framework/Versions/A/Resources/cs.lproj/locale.pak",
      "registerLibrary": false,
      "sha256": "c36b62c3af8991976134fbf5aee7e323aece82d0c63e26a371ceb110443f4691"
    },
    {
      "path": "/Applications/lghub.app/Contents/Frameworks/Electron Framework.framework/Versions/A/Resources/ko.lproj/locale.pak",
      "registerLibrary": false,
      "sha256": "a2e366c57a58b702bee4f53a6ccdf518214dd15e8c4f8d7f60b86c565dc7d324"
    },
    {
      "path": "/Applications/lghub.app/Contents/Frameworks/Electron Framework.framework/Versions/A/Resources/fil.lproj/locale.pak",
      "registerLibrary": false,
      "sha256": "d6f0313df9996447b3fb76585becf95522bf41be2ed2410f2e26fbbf9a575121"
    },
    {
      "path": "/Applications/lghub.app/Contents/Frameworks/Electron Framework.framework/Versions/A/Resources/MainMenu.nib",
      "registerLibrary": false,
      "sha256": "2df16bc942c0bb7e1b8bcd4878d40fe0f23879e2782d3b6e12a77a9ceefb4762"
    },
    {
      "path": "/Applications/lghub.app/Contents/Frameworks/Electron Framework.framework/Versions/A/Resources/hu.lproj/locale.pak",
      "registerLibrary": false,
      "sha256": "a62e4c03e027d66618aa007be907d3812ad46b88dc928a07f4f4a64966ec414a"
    },
    {
      "path": "/Applications/lghub.app/Contents/Frameworks/Electron Framework.framework/Versions/A/Resources/tr.lproj/locale.pak",
      "registerLibrary": false,
      "sha256": "5ff882e6ed02625822c5b67c05fa77c08780155429565e9e12e5ee41da0e0316"
    },
    {
      "path": "/Applications/lghub.app/Contents/Frameworks/Electron Framework.framework/Versions/A/Resources/pl.lproj/locale.pak",
      "registerLibrary": false,
      "sha256": "c456861793f0d4329ff8ccb87327df6db556e68e845066733329780df391a289"
    },
    {
      "path": "/Applications/lghub.app/Contents/Frameworks/Electron Framework.framework/Versions/A/Resources/zh_TW.lproj/locale.pak",
      "registerLibrary": false,
      "sha256": "bed22089b4ac1ea47a657401f8b49d5d346113c4824672ed4f41b1af9137cd38"
    },
    {
      "path": "/Applications/lghub.app/Contents/Frameworks/Electron Framework.framework/Versions/A/Resources/en_GB.lproj/locale.pak",
      "registerLibrary": false,
      "sha256": "49b7fa3e00d2b8c2a6c6fb5487ff1ae9b6c006d24c82573ea1c460fd888b6f28"
    },
    {
      "path": "/Applications/lghub.app/Contents/Frameworks/Electron Framework.framework/Versions/A/Resources/resources.pak",
      "registerLibrary": false,
      "sha256": "7139713f8e1796424de54b08ee75d700c9826b9a924333e47d9cd3d1e9003306"
    },
    {
      "path": "/Applications/lghub.app/Contents/Frameworks/Electron Framework.framework/Versions/A/Resources/vi.lproj/locale.pak",
      "registerLibrary": false,
      "sha256": "c514cc495bd902f67d55d3b12179275fb41f79bf46a669d5afa6a9778596bbcf"
    },
    {
      "path": "/Applications/lghub.app/Contents/Frameworks/Electron Framework.framework/Versions/A/Resources/lv.lproj/locale.pak",
      "registerLibrary": false,
      "sha256": "73ed2ffd5c0e2c639166ee6970f950fc346b87f348ae52cc6d934294ecf29403"
    },
    {
      "path": "/Applications/lghub.app/Contents/Frameworks/Electron Framework.framework/Versions/A/Resources/lt.lproj/locale.pak",
      "registerLibrary": false,
      "sha256": "8e65537efb59efe360f51df682bcf8b015b5aabce37bd5d893cab6d6833ec051"
    },
    {
      "path": "/Applications/lghub.app/Contents/Frameworks/Electron Framework.framework/Versions/A/Resources/ru.lproj/locale.pak",
      "registerLibrary": false,
      "sha256": "f7ae187c9b2cfb597692a4d80275d463db957b5cb229988f69318fbad10f6709"
    },
    {
      "path": "/Applications/lghub.app/Contents/Frameworks/Electron Framework.framework/Versions/A/Resources/v8_context_snapshot.x86_64.bin",
      "registerLibrary": false,
      "sha256": "fe5068326049fb97cc392058966f0265e5535634dcdcda56dd336f14c72c2fca"
    },
    {
      "path": "/Applications/lghub.app/Contents/Frameworks/Electron Framework.framework/Versions/A/Resources/fr.lproj/locale.pak",
      "registerLibrary": false,
      "sha256": "e5727ad2cf3a8aaf32725e6cea365b8906b09e0519f2a07541ae76aed1cf7572"
    },
    {
      "path": "/Applications/lghub.app/Contents/Frameworks/Electron Framework.framework/Versions/A/Resources/fi.lproj/locale.pak",
      "registerLibrary": false,
      "sha256": "c6a432f262c4e26ffb1df482b3c2188fad6eac1e512853b26c82291f60cb964f"
    },
    {
      "path": "/Applications/lghub.app/Contents/Frameworks/Electron Framework.framework/Versions/A/Resources/id.lproj/locale.pak",
      "registerLibrary": false,
      "sha256": "25f88e472e716bd15b72e96bbe8b0ae6587cddd256c209f748dcee8599a4a58d"
    },
    {
      "path": "/Applications/lghub.app/Contents/Frameworks/Electron Framework.framework/Versions/A/Resources/nl.lproj/locale.pak",
      "registerLibrary": false,
      "sha256": "83471daca3cd62650fe09c1e6084f11970c85d319395bac07c7deda3babe5b4c"
    },
    {
      "path": "/Applications/lghub.app/Contents/Frameworks/Electron Framework.framework/Versions/A/Resources/th.lproj/locale.pak",
      "registerLibrary": false,
      "sha256": "ce798b8972d991849deb836eba2afed7fb50ba0d99be6ba12742bb9490a8128a"
    },
    {
      "path": "/Applications/lghub.app/Contents/Frameworks/Electron Framework.framework/Versions/A/Resources/bn.lproj/locale.pak",
      "registerLibrary": false,
      "sha256": "0c5d874ef85e95494ca1de1383037c036f7f778f20a4e68228b6ea55076909f0"
    },
    {
      "path": "/Applications/lghub.app/Contents/Frameworks/Electron Framework.framework/Versions/A/Resources/ro.lproj/locale.pak",
      "registerLibrary": false,
      "sha256": "9f682c6d1831d3ac52d9f64f570d975036629e3ef739335a60b46c22df5ed6f8"
    },
    {
      "path": "/Applications/lghub.app/Contents/Frameworks/Electron Framework.framework/Versions/A/Resources/Info.plist",
      "registerLibrary": false,
      "sha256": "85b2823a5a540fbe6fae339acfd3ba2a55d6a2ba3169ebd4fb37ac81de1e5fa8"
    },
    {
      "path": "/Applications/lghub.app/Contents/Frameworks/Electron Framework.framework/Versions/A/Resources/hr.lproj/locale.pak",
      "registerLibrary": false,
      "sha256": "fe0a1ddc1e7c6a52f6574a618c1c204868a138686627da20fbf5b1cedb012310"
    },
    {
      "path": "/Applications/lghub.app/Contents/Frameworks/Electron Framework.framework/Versions/A/Resources/hi.lproj/locale.pak",
      "registerLibrary": false,
      "sha256": "890912b01763abb6b766520beb3f81ae8779b55121844e9ca8bc343c848392c6"
    },
    {
      "path": "/Applications/lghub.app/Contents/Frameworks/Electron Framework.framework/Versions/A/Resources/ca.lproj/locale.pak",
      "registerLibrary": false,
      "sha256": "a6b040efa76382e0cf01ce9a6b5316dcc2b10b5a474619cfec228e8fc3475252"
    },
    {
      "path": "/Applications/lghub.app/Contents/Frameworks/Electron Framework.framework/Versions/A/Libraries/libEGL.dylib",
      "registerLibrary": false,
      "sha256": "7502ba377a961a2d4dcb890a499b02a979875de9ac5974dac16c2b00653993b5"
    },
    {
      "path": "/Applications/lghub.app/Contents/Frameworks/Electron Framework.framework/Versions/A/Libraries/vk_swiftshader_icd.json",
      "registerLibrary": false,
      "sha256": "d717d915e31e7c27948b80b36ab34e2d897888114c5c7d0af835f93eb53e58f5"
    },
    {
      "path": "/Applications/lghub.app/Contents/Frameworks/Electron Framework.framework/Versions/A/Libraries/libswiftshader_libEGL.dylib",
      "registerLibrary": false,
      "sha256": "9327d1cb8c27ad9b91da1ddcb028e296f03954bbb1c06dd28a8247d829354a97"
    },
    {
      "path": "/Applications/lghub.app/Contents/Frameworks/Electron Framework.framework/Versions/A/Libraries/libvk_swiftshader.dylib",
      "registerLibrary": false,
      "sha256": "6b4ffd1dbd50148a9d6f1c2d0e0fcc34af5f74030d330445fc5e1236203f0733"
    },
    {
      "path": "/Applications/lghub.app/Contents/Frameworks/Electron Framework.framework/Versions/A/Libraries/libGLESv2.dylib",
      "registerLibrary": false,
      "sha256": "a3a228754dcd5da17a7c58b369b6f00659db3b8f7ed3adaf0daa0ba561361410"
    },
    {
      "path": "/Applications/lghub.app/Contents/Frameworks/Electron Framework.framework/Versions/A/Libraries/libswiftshader_libGLESv2.dylib",
      "registerLibrary": false,
      "sha256": "342268227bd6efe4c6991e99efa85fff3b75cfd7eb3f5b024a902ee82b45e68b"
    },
    {
      "path": "/Applications/lghub.app/Contents/Frameworks/Electron Framework.framework/Versions/A/Libraries/libffmpeg.dylib",
      "registerLibrary": false,
      "sha256": "536fdd46228cc6936e6ffc10e77632c6cb1a5274da77a3646b4344ea016b9a83"
    },
    {
      "path": "/Applications/lghub.app/Contents/Frameworks/Electron Framework.framework/Versions/A/Helpers/chrome_crashpad_handler",
      "registerLibrary": false,
      "sha256": "d6e805c6cebf5494704472fd4801fa728b1d3760df18127f2fee83c728587d57"
    },
    {
      "path": "/Applications/lghub.app/Contents/Frameworks/ReactiveObjC.framework/ReactiveObjC",
      "registerLibrary": false,
      "sha256": "04b541bcf3d45767fee90b7133101d9494aa7991b9acbcc513bf76569008b37d"
    },
    {
      "path": "/Applications/lghub.app/Contents/Frameworks/ReactiveObjC.framework/Versions/A/_CodeSignature/CodeResources",
      "registerLibrary": false,
      "sha256": "13462c420c65d35f2256c33399b360b22b2fbcd2e04cfb36f9b08c74f2ead154"
    },
    {
      "path": "/Applications/lghub.app/Contents/Frameworks/ReactiveObjC.framework/Versions/A/Resources/Info.plist",
      "registerLibrary": false,
      "sha256": "29fd7be23dd88592ed30176491355e9ac85286f3bb0caf016f12e53317af9eb9"
    },
    {
      "path": "/Applications/lghub.app/Contents/Frameworks/lghub Helper (GPU).app/Contents/MacOS/lghub Helper (GPU)",
      "registerLibrary": false,
      "sha256": "85f68deb5d99e376199f3fbcd0a3b0a2abdf7e79d9b166d85f90be2936e56946"
    },
    {
      "path": "/Applications/lghub.app/Contents/Frameworks/lghub Helper (GPU).app/Contents/Info.plist",
      "registerLibrary": false,
      "sha256": "2b07a5751ae2a7cbbfd3b78a1957a19ce13024de0eb636e858afc293eea44163"
    },
    {
      "path": "/Applications/lghub.app/Contents/Frameworks/libQt5Network.5.dylib",
      "registerLibrary": false,
      "sha256": "8031ae654c5f9b7445e539b2968d26621b81748c439d633983be05d24b2e3334"
    },
    {
      "path": "/Applications/lghub.app/Contents/Frameworks/libQt5DBus.5.dylib",
      "registerLibrary": false,
      "sha256": "ccfcdf029291a90085482fe39fe42d11ef6bc0ce0a3d8b397912b9896b2264b7"
    },
    {
      "path": "/Applications/lghub.app/Contents/Frameworks/Squirrel.framework/Versions/A/_CodeSignature/CodeResources",
      "registerLibrary": false,
      "sha256": "8c8eeb6822b4f98e2e95e03f027301680ea7c69b5fe65cf312016332eec482b9"
    },
    {
      "path": "/Applications/lghub.app/Contents/Frameworks/Squirrel.framework/Versions/A/Resources/ShipIt",
      "registerLibrary": false,
      "sha256": "024f603073e4e4231441eeaf4a7cb7a18a91b9fe3a6125cb79957c4950bc4cf4"
    },
    {
      "path": "/Applications/lghub.app/Contents/Frameworks/Squirrel.framework/Versions/A/Resources/Info.plist",
      "registerLibrary": false,
      "sha256": "80a3685a128266ac72138f9337da2f38d149610507608ccbf6a1b03ce6f13cc5"
    },
    {
      "path": "/Applications/lghub.app/Contents/Frameworks/Squirrel.framework/Versions/A/Squirrel",
      "registerLibrary": false,
      "sha256": "799ac47e4030ff5fe153b89f5aad8a09bd859fa81d728aa8cab78967e37e0fb2"
    },
    {
      "path": "/Applications/lghub.app/Contents/Frameworks/lghub Helper (Plugin).app/Contents/MacOS/lghub Helper (Plugin)",
      "registerLibrary": false,
      "sha256": "b2a4f1f4dc4734c02df44236afbc35b0bdf47f2655b52c6157a2b31fab53d691"
    },
    {
      "path": "/Applications/lghub.app/Contents/Frameworks/lghub Helper (Plugin).app/Contents/Info.plist",
      "registerLibrary": false,
      "sha256": "788515e803e44762b95a635074acd2f6863be2a2cf92c5806cf57b5bfb275a1a"
    },
    {
      "path": "/Applications/lghub.app/Contents/Frameworks/libQt5Core.5.dylib",
      "registerLibrary": false,
      "sha256": "8e6521c4c250c5ecb0d839ef239cea4f9d7200a6b57ae57c6ceb6ce080e8b8c4"
    },
    {
      "path": "/Applications/lghub.app/Contents/Frameworks/Mantle.framework/Mantle",
      "registerLibrary": false,
      "sha256": "169a383ebe09003959fcf0748ad5769bce75ee8ecdbcab0e48a3ed7aa8cb86d5"
    },
    {
      "path": "/Applications/lghub.app/Contents/Frameworks/Mantle.framework/Versions/A/_CodeSignature/CodeResources",
      "registerLibrary": false,
      "sha256": "650ca43d193f196d2e8ca1f48ccc7a53da84ddc97ad988b1400c2156a2a6c126"
    },
    {
      "path": "/Applications/lghub.app/Contents/Frameworks/Mantle.framework/Versions/A/Resources/Info.plist",
      "registerLibrary": false,
      "sha256": "63e7fc192c271a340e10c3cdf8cbf08d8e57bf195a6d922723cd7036d4bd79d3"
    },
    {
      "path": "/Applications/lghub.app/Contents/Frameworks/libQt5PrintSupport.5.dylib",
      "registerLibrary": false,
      "sha256": "b853d012f4698874956938dd2d840dbc8dad8ae159b8dca4d68110a73a1a80e3"
    },
    {
      "path": "/Applications/lghub.app/Contents/Frameworks/libQt5Concurrent.5.dylib",
      "registerLibrary": false,
      "sha256": "8e15319e62b65f1275c2a5c66e587d5fc22902eecdbceb27a1d98624acae2a9f"
    },
    {
      "path": "/Applications/lghub.app/Contents/Frameworks/libQt5Svg.5.dylib",
      "registerLibrary": false,
      "sha256": "585daa7cadec606676c6bc4248e09b33c6b25086174584e7728adc8e6f5bb03b"
    },
    {
      "path": "/Applications/lghub.app/Contents/Frameworks/lghub_updater.app/Contents/CodeResources",
      "registerLibrary": false,
      "sha256": "d6a227bc0bdb6aed8d2323c0eb992ec5c461ca25c8e9db5ef32333530f25b1ae"
    },
    {
      "path": "/Applications/lghub.app/Contents/Frameworks/lghub_updater.app/Contents/_CodeSignature/CodeResources",
      "registerLibrary": false,
      "sha256": "14d7592d96953904b51c133e7467b34a3874bba6ad2e8cbd2dc81de855d4733c"
    },
    {
      "path": "/Applications/lghub.app/Contents/Frameworks/lghub_updater.app/Contents/MacOS/logi_crashpad_handler",
      "registerLibrary": false,
      "sha256": "bc32b4fe5c0d5a4ba4a59197f23adbffb1b88f3d14e3a1486cf08a9eb3d67811"
    },
    {
      "path": "/Applications/lghub.app/Contents/Frameworks/lghub_updater.app/Contents/MacOS/lghub_updater",
      "registerLibrary": false,
      "sha256": "e01ff02821c4bdad294fa2f7f820a9679070665564132d2cf460ecec23dd6732"
    },
    {
      "path": "/Applications/lghub.app/Contents/Frameworks/lghub_updater.app/Contents/Info.plist",
      "registerLibrary": false,
      "sha256": "fbd1acbfe568b8e64257087d470d634e9d760043b32142fced290eaa60b17a62"
    },
    {
      "path": "/Applications/lghub.app/Contents/Frameworks/lghub Helper (Renderer).app/Contents/_CodeSignature/CodeResources",
      "registerLibrary": false,
      "sha256": "4cf3782d18b5d25095be71ad616c55203ef6d0a6b3781b911c4f7df0eb209301"
    },
    {
      "path": "/Applications/lghub.app/Contents/Frameworks/lghub Helper (Renderer).app/Contents/MacOS/lghub Helper (Renderer)",
      "registerLibrary": false,
      "sha256": "8c464d991f9f2b9c33360121937c6f8a4b0f7f623937191aa5473499a0fe95e1"
    },
    {
      "path": "/Applications/lghub.app/Contents/Frameworks/lghub Helper (Renderer).app/Contents/Info.plist",
      "registerLibrary": false,
      "sha256": "1fe69417a8c5c18d806232deeacb004de5c8ddeb9d319e262da6c6794ecd0703"
    },
    {
      "path": "/Applications/lghub.app/Contents/Frameworks/libQt5Widgets.5.dylib",
      "registerLibrary": false,
      "sha256": "b955b2d0701e039559da494c79ce22b22ed1664bff79cb0c380bc99353b200af"
    },
    {
      "path": "/Applications/lghub.app/Contents/Frameworks/libQt5Gui.5.dylib",
      "registerLibrary": false,
      "sha256": "e6225cc506a18169b36ba73aa40dfe2a0ec7e52c65cfd76a252b69a5b8b98dba"
    },
    {
      "path": "/Applications/lghub.app/Contents/Frameworks/logi_sdk_arx_control.framework/Versions/A/_CodeSignature/CodeResources",
      "registerLibrary": false,
      "sha256": "755ebcfaa025902564eb5e9f85950ed43db0957115896ead4613028fb0c9175d"
    },
    {
      "path": "/Applications/lghub.app/Contents/Frameworks/logi_sdk_arx_control.framework/Versions/A/Resources/Info.plist",
      "registerLibrary": false,
      "sha256": "6abe791754f6ae4cc4dbe86ab95ac673eb5d77771fb86c5c70c4ec56afd83878"
    },
    {
      "path": "/Applications/lghub.app/Contents/Frameworks/logi_sdk_arx_control.framework/Versions/A/Headers/LogitechGArxControlBase.h",
      "registerLibrary": false,
      "sha256": "9a7f273f7c5f8fbcf000d0a006c3ac0d2aac65827fe9766ea19190dcc06f5a5b"
    },
    {
      "path": "/Applications/lghub.app/Contents/Frameworks/logi_sdk_arx_control.framework/Versions/A/Headers/LogitechGArxControl.h",
      "registerLibrary": false,
      "sha256": "29f47bb187bd00b488c8817d19db97babd6b0b40ad8aa51ead8285dd906a30c2"
    },
    {
      "path": "/Applications/lghub.app/Contents/Frameworks/logi_sdk_arx_control.framework/Versions/A/logi_sdk_arx_control",
      "registerLibrary": false,
      "sha256": "710967f0dc8357960f6471ed086ad0fa1664059f445720c33858acf9df8d6c72"
    },
    {
      "path": "/Applications/lghub.app/Contents/Info.plist",
      "registerLibrary": false,
      "sha256": "196a4d1663691139e5a35cf51d5390b4de7d7c81699ab3881239bb802afb2a8b"
    },
    {
      "path": "/Library/LaunchAgents/com.logi.ghub.plist",
      "registerLibrary": false,
      "sha256": "6d35b4c02f67f455434115468ac469cdc94da45bacf53e3d7f98b82d21420733"
    },
    {
      "path": "/Library/LaunchDaemons/com.logi.ghub.updater.plist",
      "registerLibrary": false,
      "sha256": "182c3b364a5a886c64cc1695ecc5b5ad034cbc26793106716c998e33fa81d763"
    },
    {
      "path": "/Users/logiqa/Library/Application Support/LGHUB/integrations/applet_discord/config.json",
      "registerLibrary": false,
      "sha256": "df818820b31755a470ff3c6199942d48385818a11096616c7e734d79f74796a8"
    },
    {
      "path": "/Users/logiqa/Library/Application Support/LGHUB/integrations/applet_obs/config.json",
      "registerLibrary": false,
      "sha256": "f399794f7d8137ab1b8dedba0452ab0fb87e7aeb566e3237094c62480ee33cc8"
    },
    {
      "path": "/Library/Application Support/obs-studio/plugins/logi_obs_plugin/bin/logi_obs_plugin.so",
      "registerLibrary": false,
      "sha256": "f6448fa1a9fff39c0eddd28c93d201751e75c353329cb9d9cbab5fb59bea451a"
    }
  ],
  "folders": [],
  "processControl": {
    "identifiers": [
      "lghub_installer",
      "lghub",
      "lghub_agent"
    ]
  },
  "product": {
    "guid": "",
    "icon": "",
    "linkAbout": "",
    "linkHelp": "",
    "name": "",
    "publisher": "",
    "version": "2022.1.3492"
  },
  "renamedItems": [],
  "services": [
    {
      "asConsoleUser": false,
      "command": {
        "arguments": [],
        "executable": ""
      },
      "service": "/Library/LaunchDaemons/com.logi.ghub.updater.plist"
    },
    {
      "asConsoleUser": true,
      "command": {
        "arguments": [],
        "executable": ""
      },
      "service": "/Library/LaunchAgents/com.logi.ghub.plist"
    }
  ],
  "shortcuts": [],
  "uninstaller": {
    "arguments": [
      "--uninstall"
    ],
    "executable": "/Applications/lghub.app/Contents/Frameworks/lghub_updater.app/Contents/MacOS/lghub_updater"
  }
}